disease_category,taxon,genus,meta_effect,meta_p,meta_q,k_projects,I2,pooled_effect,pooled_p,pooled_q,concordance_class,sign_agree,pooled_method
HIV,Archaea.Methanobacteriota.Methanobacteria.Methanobacteriales.Methanobacteriaceae.Methanobrevibacter,Methanobrevibacter,-0.07969779690949541,0.8339477146182845,0.9584983473210154,3.0,71.6705326135109,-0.38565019756211893,0.07388955065581417,0.18393028551730647,ns,True,combat_ols
HIV,Archaea.Methanobacteriota.Methanobacteria.Methanobacteriales.Methanobacteriaceae.Methanosphaera,,,,,,,-0.19641104242699522,0.2108434568706536,0.3983131965271713,ns,False,combat_ols
HIV,Bacteria.Actinomycetota.Actinobacteria.Actinomycetales.Actinomycetaceae.Schaalia,Schaalia,0.5057489455013963,0.08150141085559519,0.3508285440400437,2.0,21.703669765457416,0.2906044771783132,0.020384904088051874,0.07705493745283609,ns,True,combat_ols
HIV,Bacteria.Actinomycetota.Actinobacteria.Bifidobacteriales.Bifidobacteriaceae.Bifidobacterium,Bifidobacterium,0.07400825763852996,0.8042266650599141,0.9412604332207266,3.0,0.0,-0.026961352736237246,0.9302526485755162,0.9491523345285591,ns,False,combat_ols
HIV,Bacteria.Actinomycetota.Coriobacteriia.Coriobacteriales.Atopobiaceae.Incertae Sedis,Incertae Sedis,0.2721324570580484,0.5692810387225526,0.8126027730152566,2.0,67.9074226677503,0.15408521597240277,0.43066984458639346,0.598504416373738,ns,True,combat_ols
HIV,Bacteria.Actinomycetota.Coriobacteriia.Coriobacteriales.Atopobiaceae.Parolsenella,Parolsenella,0.4374374564374734,0.4510431866053851,0.7988389005546103,2.0,78.57369408794554,0.029518707278290198,0.8848005220463769,0.9205698283035384,ns,True,combat_ols
HIV,Bacteria.Actinomycetota.Coriobacteriia.Coriobacteriales.Atopobiaceae.Tractidigestivibacter,Tractidigestivibacter,-0.24079190539174758,0.6240219990529423,0.8507726981297069,3.0,88.0308704846894,-0.6898829361850732,0.0009335314846327658,0.011050228794075514,pooling_only,True,combat_ols
HIV,Bacteria.Actinomycetota.Coriobacteriia.Coriobacteriales.Coriobacteriaceae.Collinsella,Collinsella,-0.031436368761449555,0.9330317875342615,0.9728153676759603,3.0,61.70029764339142,-0.30965930400994274,0.22971273856233632,0.41532686810337316,ns,True,combat_ols
HIV,Bacteria.Actinomycetota.Coriobacteriia.Coriobacteriales.Coriobacteriales Incertae Sedis.Incertae Sedis,Incertae Sedis,-0.4318738031115933,0.29747849634711365,0.6838142058888197,2.0,74.83902518581753,0.12002199191218763,0.4840147683378855,0.6534199372561454,ns,False,combat_ols
HIV,Bacteria.Actinomycetota.Coriobacteriia.Coriobacteriales.Eggerthellaceae.Adlercreutzia,Adlercreutzia,-0.09601835766211118,0.8083140443477426,0.9412604332207266,3.0,76.99628562352866,-0.4737530277413101,0.012260829081608833,0.052744235858676373,ns,True,combat_ols
HIV,Bacteria.Actinomycetota.Coriobacteriia.Coriobacteriales.Eggerthellaceae.Asaccharobacter,Asaccharobacter,-0.34014450469080254,0.5617292171433569,0.8126027730152566,2.0,84.149194561417,0.03848480631987053,0.8286668025123667,0.8850986680279804,ns,False,combat_ols
HIV,Bacteria.Actinomycetota.Coriobacteriia.Coriobacteriales.Eggerthellaceae.Eggerthella,Eggerthella,0.4104666234198035,0.6947879730996591,0.8660385298495751,2.0,94.97465545005235,0.6093759901139539,0.00011347836627183955,0.0035745685375629457,pooling_only,True,combat_ols
HIV,Bacteria.Actinomycetota.Coriobacteriia.Coriobacteriales.Eggerthellaceae.Incertae Sedis,Incertae Sedis,-0.5403647212425783,0.02634130150879329,0.1864964146822565,3.0,35.7230797670407,-0.7356751173508116,0.0005179741096414166,0.007893590744389618,pooling_only,True,combat_ols
HIV,Bacteria.Actinomycetota.Coriobacteriia.Coriobacteriales.Eggerthellaceae.NA,,,,,,,0.10687971399549943,0.3911750756004593,0.5623373251511322,ns,False,combat_ols
HIV,Bacteria.Actinomycetota.Coriobacteriia.Coriobacteriales.Eggerthellaceae.Senegalimassilia,Senegalimassilia,-0.2956018493288947,0.5683492284736191,0.8126027730152566,3.0,84.94369705224565,-0.6220950290258935,0.0033757542923046877,0.02200060556019262,pooling_only,True,combat_ols
HIV,Bacteria.Actinomycetota.Coriobacteriia.Coriobacteriales.Eggerthellaceae.Slackia,Slackia,-0.6705669643888046,0.2430784077680923,0.6167697480388026,3.0,89.06854417526476,-0.9960329245390898,2.831267389973789e-06,0.0005351095367050462,pooling_only,True,combat_ols
HIV,Bacteria.Actinomycetota.Coriobacteriia.Coriobacteriales.Incertae Sedis.Incertae Sedis,,,,,,,-0.08829553856997414,0.5705035554807865,0.7385285752456756,ns,False,combat_ols
HIV,Bacteria.Bacillota.Bacilli.Acholeplasmatales.Acholeplasmataceae.Anaeroplasma,Anaeroplasma,-0.3157784927943352,0.04320281952679303,0.2525725501080082,2.0,0.0,-0.3207252638967012,0.11080161488631121,0.2482198492052732,ns,True,combat_ols
HIV,Bacteria.Bacillota.Bacilli.Erysipelotrichales.Erysipelatoclostridiaceae.Asteroleplasma,Asteroleplasma,0.027810985961715443,0.8505954430361311,0.9589515504292688,2.0,0.0,-0.0003689652483752789,0.9986544932520671,0.9986544932520671,ns,False,combat_ols
HIV,Bacteria.Bacillota.Bacilli.Erysipelotrichales.Erysipelatoclostridiaceae.Catenibacterium,Catenibacterium,0.8023777130905962,0.6392811799505707,0.8507726981297069,3.0,96.2950434614544,-1.1597332498717383,0.0003446567136583396,0.007237790986825132,pooling_only,False,combat_ols
HIV,Bacteria.Bacillota.Bacilli.Erysipelotrichales.Erysipelatoclostridiaceae.Erysipelotrichaceae UCG-003,Erysipelotrichaceae UCG-003,-0.5492171581612239,0.5506857079326901,0.8126027730152566,3.0,89.81377917994807,0.4529868217893982,0.11163326551559906,0.2482198492052732,ns,False,combat_ols
HIV,Bacteria.Bacillota.Bacilli.Erysipelotrichales.Erysipelatoclostridiaceae.Massiliomicrobiota,Massiliomicrobiota,0.1670200512536212,0.6808999534348616,0.8600057325197685,2.0,80.16291723589124,0.2809331970031207,0.031695821615542186,0.10153407263283853,ns,True,combat_ols
HIV,Bacteria.Bacillota.Bacilli.Erysipelotrichales.Erysipelatoclostridiaceae.Thomasclavelia,Thomasclavelia,-0.8010883786645827,0.605207686853205,0.8368887544766975,2.0,97.0426104875938,0.5385837179595865,0.002737199810778411,0.020556485772657295,pooling_only,False,combat_ols
HIV,Bacteria.Bacillota.Bacilli.Erysipelotrichales.Erysipelatoclostridiaceae.UCG-004,UCG-004,0.17408027455030847,0.8427702405782633,0.9589515504292688,2.0,86.40377167404066,-0.05760704874152489,0.7861199266024499,0.8850986680279804,ns,False,combat_ols
HIV,Bacteria.Bacillota.Bacilli.Erysipelotrichales.Erysipelotrichaceae.Catenisphaera,Catenisphaera,0.41696046368424244,0.1830494960494834,0.5509545417145041,3.0,55.21812887852605,0.11860452348230863,0.6136854992702278,0.7784332843092151,ns,True,combat_ols
HIV,Bacteria.Bacillota.Bacilli.Erysipelotrichales.Erysipelotrichaceae.Dielma,Dielma,0.11804912224500272,0.7284663287252492,0.8892313116163386,2.0,87.833785495632,,,,ns,False,combat_ols
HIV,Bacteria.Bacillota.Bacilli.Erysipelotrichales.Erysipelotrichaceae.Erysipelotrichaceae UCG-006,Erysipelotrichaceae UCG-006,0.15394716343620748,0.5185960441853287,0.8126027730152566,2.0,39.53173736328731,-0.03319352620151498,0.8017262137229265,0.8850986680279804,ns,False,combat_ols
HIV,Bacteria.Bacillota.Bacilli.Erysipelotrichales.Erysipelotrichaceae.Holdemanella,Holdemanella,0.10446782790430854,0.9262656076212528,0.9728153676759603,3.0,92.15716110120263,-1.121814597336998,0.0004934168058526366,0.007893590744389618,pooling_only,False,combat_ols
HIV,Bacteria.Bacillota.Bacilli.Erysipelotrichales.Erysipelotrichaceae.Holdemania,Holdemania,0.04989322971813556,0.9168519265477151,0.9728153676759603,2.0,80.79354420454263,0.3112589512040633,0.012558151394922945,0.052744235858676373,ns,True,combat_ols
HIV,Bacteria.Bacillota.Bacilli.Erysipelotrichales.Erysipelotrichaceae.Solobacterium,Solobacterium,0.35052981628790203,0.5562878398185558,0.8126027730152566,3.0,83.61834068509906,-0.23288670410261156,0.3397975445831376,0.5221279343594554,ns,False,combat_ols
HIV,Bacteria.Bacillota.Bacilli.Erysipelotrichales.Erysipelotrichaceae.Turicibacter,Turicibacter,-0.27941975618631737,0.1836515139048347,0.5509545417145041,3.0,0.0,-0.25068415994351456,0.23073714894631844,0.41532686810337316,ns,True,combat_ols
HIV,Bacteria.Bacillota.Bacilli.Erysipelotrichales.Erysipelotrichaceae.[Clostridium] innocuum group,[Clostridium] innocuum group,0.5029140274686669,0.03413770098352339,0.2237915953364311,2.0,0.0,0.39536807257610945,0.004817919989606686,0.028455839938614492,pooling_only,True,combat_ols
HIV,Bacteria.Bacillota.Bacilli.Izemoplasmatales.Incertae Sedis.Incertae Sedis,Incertae Sedis,-0.34330021671425354,0.34603127478616535,0.7316346344121112,2.0,67.3190200588793,-0.2579346903200609,0.213466515363085,0.3983131965271713,ns,True,combat_ols
HIV,Bacteria.Bacillota.Bacilli.Lactobacillales.Carnobacteriaceae.Granulicatella,Granulicatella,0.5507456115186219,0.21135378412156014,0.5755326121464023,2.0,60.31754380763709,0.02864542502414653,0.8230560241713678,0.8850986680279804,ns,True,combat_ols
HIV,Bacteria.Bacillota.Bacilli.Lactobacillales.Lactobacillaceae.Lactobacillus,Lactobacillus,0.13814012048437582,0.6389891156694569,0.8507726981297069,2.0,0.0,0.2791034756366757,0.16008918960613783,0.33618729817288945,ns,True,combat_ols
HIV,Bacteria.Bacillota.Bacilli.Lactobacillales.Lactobacillaceae.Ligilactobacillus,Ligilactobacillus,0.2187086937938934,0.4009350977074454,0.754952258449126,2.0,0.0,0.2161095146680938,0.3681467426217767,0.5478719240591795,ns,True,combat_ols
HIV,Bacteria.Bacillota.Bacilli.Lactobacillales.Streptococcaceae.Lactococcus,Lactococcus,0.132186089194423,0.6580850565821987,0.8576032040054947,2.0,61.646492938152356,0.28430878153105227,0.04238256671999024,0.1291984695173896,ns,True,combat_ols
HIV,Bacteria.Bacillota.Bacilli.Lactobacillales.Streptococcaceae.Streptococcus,Streptococcus,0.22245543131542994,0.2745862216160496,0.6497096617977507,3.0,0.0,0.1158668957723645,0.6734223935134095,0.8234925790619434,ns,True,combat_ols
HIV,Bacteria.Bacillota.Bacilli.RF39.Incertae Sedis.Incertae Sedis,Incertae Sedis,-0.6993603242885487,0.001909377590708897,0.042244979194434346,3.0,0.0,-0.7948749300972331,0.0007608686627837292,0.010271726947580344,replicated,True,combat_ols
HIV,Bacteria.Bacillota.Bacilli.Staphylococcales.Gemellaceae.Gemella,Gemella,0.10264592182628793,0.5466595447725024,0.8126027730152566,2.0,14.269900095992035,,,,ns,False,combat_ols
HIV,Bacteria.Bacillota.Clostridia.Christensenellales.Christensenellaceae.Christensenella,,,,,,,0.29905981996099285,0.0031757522436897654,0.02143632764490592,pooling_only,False,combat_ols
HIV,Bacteria.Bacillota.Clostridia.Christensenellales.Christensenellaceae.Christensenellaceae R-7 group,Christensenellaceae R-7 group,-0.9745177691871667,3.4117526308357016e-05,0.003019401078289596,3.0,0.0,-0.9797746579655113,0.00021451119947566867,0.005791802385843054,replicated,True,combat_ols
HIV,Bacteria.Bacillota.Clostridia.Christensenellales.Christensenellaceae.Incertae Sedis,Incertae Sedis,-0.4794071004672714,0.005927544106475198,0.09537957334964636,3.0,18.079092206104864,-0.32829962924249223,0.04639304161965894,0.13103154228986105,ns,True,combat_ols
HIV,Bacteria.Bacillota.Clostridia.Christensenellales.Christensenellaceae.NA,Christensenellaceae,-0.428600618183198,0.15425657964032635,0.5326100676901487,2.0,0.0,0.07079528524596541,0.665052073752781,0.8234925790619434,ns,False,combat_ols
HIV,Bacteria.Bacillota.Clostridia.Clostridia UCG-014.Incertae Sedis.Incertae Sedis,Incertae Sedis,-1.3250582991051145,0.00019953270268285243,0.011772429458288294,3.0,15.598307257924562,-1.1171766663556992,0.0017438049100836606,0.014329527304600517,replicated,True,combat_ols
HIV,Bacteria.Bacillota.Clostridia.Clostridia vadinBB60 group.Incertae Sedis.Incertae Sedis,Incertae Sedis,-0.49886932996193556,0.17089877457010827,0.5509545417145041,3.0,45.75340746866481,-0.6196580039041194,0.04972438117013851,0.13820453001700264,ns,True,combat_ols
HIV,Bacteria.Bacillota.Clostridia.Clostridiales.Clostridiaceae.Clostridium,Clostridium,-0.8513229445294825,0.0016997413768626273,0.042244979194434346,3.0,0.0,-0.9659517487882352,0.0011153393989945851,0.011094691916314557,replicated,True,combat_ols
HIV,Bacteria.Bacillota.Clostridia.Eubacteriales.Anaerofustaceae.Anaerofustis,,,,,,,0.10335990053656512,0.33531281303532945,0.5194600136366989,ns,False,combat_ols
HIV,Bacteria.Bacillota.Clostridia.Lachnospirales.Defluviitaleaceae.Defluviitaleaceae UCG-011,Defluviitaleaceae UCG-011,-0.32496382566278575,0.04600220306584542,0.2525725501080082,2.0,0.0,-0.32052169358057436,0.032299406437232156,0.1017431302772813,ns,True,combat_ols
HIV,Bacteria.Bacillota.Clostridia.Lachnospirales.Lachnospiraceae.Agathobacter,Agathobacter,0.01972537870478234,0.947739843405675,0.9728153676759603,3.0,33.216767066855134,-0.048983027224768196,0.8864746494774813,0.9205698283035384,ns,False,combat_ols
HIV,Bacteria.Bacillota.Clostridia.Lachnospirales.Lachnospiraceae.Anaerobutyricum,Anaerobutyricum,-0.31062084084331154,0.398809464466338,0.754952258449126,3.0,67.70488872620544,-0.08569865789443697,0.7525587932401073,0.8730493949432976,ns,True,combat_ols
HIV,Bacteria.Bacillota.Clostridia.Lachnospirales.Lachnospiraceae.Anaerostipes,Anaerostipes,-0.2604104057028509,0.6766702765830037,0.8600057325197685,3.0,90.65846181654042,0.2912408725831109,0.2950117390507964,0.4848453798313089,ns,False,combat_ols
HIV,Bacteria.Bacillota.Clostridia.Lachnospirales.Lachnospiraceae.Blautia,Blautia,0.020945457538175286,0.9202485144626623,0.9728153676759603,3.0,45.054463301401015,0.13288451351574682,0.6672587591366907,0.8234925790619434,ns,True,combat_ols
HIV,Bacteria.Bacillota.Clostridia.Lachnospirales.Lachnospiraceae.Butyribacter,Butyribacter,-0.30235308808358397,0.18966973850078295,0.5525906475180666,3.0,0.0,-0.33816683984558293,0.16372251925411477,0.3400390784508538,ns,True,combat_ols
HIV,Bacteria.Bacillota.Clostridia.Lachnospirales.Lachnospiraceae.CAG-56,CAG-56,-0.5327114181507161,0.19044084462487043,0.5525906475180666,3.0,62.03496926855837,-0.1741684178148053,0.47676683413203724,0.6482656953306117,ns,True,combat_ols
HIV,Bacteria.Bacillota.Clostridia.Lachnospirales.Lachnospiraceae.Coprococcus,Coprococcus,-0.5857218090473472,0.0030948272953626446,0.060864936808798675,3.0,0.0,-0.5936383666049818,0.04385485025880745,0.13103154228986105,ns,True,combat_ols
HIV,Bacteria.Bacillota.Clostridia.Lachnospirales.Lachnospiraceae.Dorea,Dorea,0.15566599115745616,0.3468299203935664,0.7316346344121112,3.0,0.0,-0.024303416398105595,0.931039627192296,0.9491523345285591,ns,False,combat_ols
HIV,Bacteria.Bacillota.Clostridia.Lachnospirales.Lachnospiraceae.Eisenbergiella,Eisenbergiella,0.28855373095859255,0.4374567168463178,0.7982457616680233,2.0,56.750945373982105,0.3410685079306767,0.01909423245968874,0.07364918234451372,ns,True,combat_ols
HIV,Bacteria.Bacillota.Clostridia.Lachnospirales.Lachnospiraceae.Enterocloster,Enterocloster,0.33999344593041114,0.1219631058847062,0.455312334326281,3.0,7.988373007662619,0.3689433337758321,0.11716734773438318,0.25749568281160956,ns,True,combat_ols
HIV,Bacteria.Bacillota.Clostridia.Lachnospirales.Lachnospiraceae.Extibacter,,,,,,,0.4050656727144451,0.02507770258260473,0.08777195903911655,ns,False,combat_ols
HIV,Bacteria.Bacillota.Clostridia.Lachnospirales.Lachnospiraceae.Faecalimonas,Faecalimonas,0.22585002428361173,0.24266943002404862,0.6167697480388026,3.0,0.0,0.2582663688763052,0.1868103320882085,0.37964680392119793,ns,True,combat_ols
HIV,Bacteria.Bacillota.Clostridia.Lachnospirales.Lachnospiraceae.Fusicatenibacter,Fusicatenibacter,-0.6256824038652092,0.05888279380051036,0.27426985533395615,3.0,43.630886228711695,-0.35237430393792446,0.23720109868337086,0.42293403444487826,ns,True,combat_ols
HIV,Bacteria.Bacillota.Clostridia.Lachnospirales.Lachnospiraceae.GCA-900066575,GCA-900066575,-0.42349305213812255,0.01283934576988402,0.12288450615927964,3.0,0.0,-0.4624207366506593,0.009162766154950458,0.04557270534962202,pooling_only,True,combat_ols
HIV,Bacteria.Bacillota.Clostridia.Lachnospirales.Lachnospiraceae.Howardella,Howardella,-0.21602421487731305,0.5305726625020284,0.8126027730152566,3.0,70.75390974271707,-0.49925460449598297,0.010026160851210452,0.04737361002196939,pooling_only,True,combat_ols
HIV,Bacteria.Bacillota.Clostridia.Lachnospirales.Lachnospiraceae.Hungatella,Hungatella,0.18228554001002562,0.3249621011704301,0.7189786488395766,2.0,0.0,,,,ns,False,combat_ols
HIV,Bacteria.Bacillota.Clostridia.Lachnospirales.Lachnospiraceae.Incertae Sedis,Incertae Sedis,-0.5919057851653702,0.02400099252790385,0.184703290323434,2.0,0.0,-0.13259532429239598,0.4427261379951657,0.6107681757743526,ns,True,combat_ols
HIV,Bacteria.Bacillota.Clostridia.Lachnospirales.Lachnospiraceae.Lachnoclostridium,Lachnoclostridium,0.04833421455690832,0.817890691622724,0.9461872707007983,3.0,0.0,0.05723992645072192,0.8199293638697631,0.8850986680279804,ns,True,combat_ols
HIV,Bacteria.Bacillota.Clostridia.Lachnospirales.Lachnospiraceae.Lachnospira,Lachnospira,-0.1805394401628638,0.5044046433336172,0.8126027730152566,3.0,0.0,-0.1651291854946318,0.5968619612894177,0.7622088559709457,ns,True,combat_ols
HIV,Bacteria.Bacillota.Clostridia.Lachnospirales.Lachnospiraceae.Lachnospiraceae AC2044 group,Lachnospiraceae AC2044 group,-0.3921259205717647,0.10121738364356107,0.40716992965705245,2.0,0.0,-0.030047023250779452,0.8326793052091277,0.8850986680279804,ns,True,combat_ols
HIV,Bacteria.Bacillota.Clostridia.Lachnospirales.Lachnospiraceae.Lachnospiraceae FCS020 group,Lachnospiraceae FCS020 group,-0.18764546056591988,0.3055960445553183,0.6934679472601454,3.0,0.0,-0.2189625097880763,0.2790074830800551,0.47082512769759294,ns,True,combat_ols
HIV,Bacteria.Bacillota.Clostridia.Lachnospirales.Lachnospiraceae.Lachnospiraceae ND3007 group,Lachnospiraceae ND3007 group,-0.5507990775457143,0.0136414111939892,0.12288450615927964,3.0,0.0,-0.47083873797336345,0.07124159669931003,0.18393028551730647,ns,True,combat_ols
HIV,Bacteria.Bacillota.Clostridia.Lachnospirales.Lachnospiraceae.Lachnospiraceae NK3A20 group,Lachnospiraceae NK3A20 group,0.03378091175468748,0.9486159877365717,0.9728153676759603,3.0,84.39923321443433,-0.41069839235201694,0.05697606465314381,0.1538353745634883,ns,False,combat_ols
HIV,Bacteria.Bacillota.Clostridia.Lachnospirales.Lachnospiraceae.Lachnospiraceae NK4A136 group,Lachnospiraceae NK4A136 group,-0.7273618788721675,0.06891096605774825,0.312749769031319,3.0,62.1654392379168,-0.43767944892804606,0.13590818349075612,0.2918937122699194,ns,True,combat_ols
HIV,Bacteria.Bacillota.Clostridia.Lachnospirales.Lachnospiraceae.Lachnospiraceae UCG-004,Lachnospiraceae UCG-004,-0.011195941710475063,0.961823103634424,0.9728153676759603,3.0,0.0,0.019430621533603785,0.9387254007842601,0.9491523345285591,ns,False,combat_ols
HIV,Bacteria.Bacillota.Clostridia.Lachnospirales.Lachnospiraceae.Lachnospiraceae UCG-010,Lachnospiraceae UCG-010,-0.24179215242016022,0.2712712488741357,0.6497096617977507,3.0,0.0,-0.24341577098969716,0.30040708580312026,0.4894563725585322,ns,True,combat_ols
HIV,Bacteria.Bacillota.Clostridia.Lachnospirales.Lachnospiraceae.Lachnotalea,,,,,,,-0.10268796323238548,0.44840671534594456,0.6141222405824893,ns,False,combat_ols
HIV,Bacteria.Bacillota.Clostridia.Lachnospirales.Lachnospiraceae.Marvinbryantia,Marvinbryantia,-0.318940861486752,0.2482283306361025,0.6167697480388026,3.0,47.9223277680671,-0.4233871314936612,0.033010021382225474,0.10227695149574778,ns,True,combat_ols
HIV,Bacteria.Bacillota.Clostridia.Lachnospirales.Lachnospiraceae.Mediterraneibacter,Mediterraneibacter,0.1374988456272922,0.4221964974220339,0.778424792121875,3.0,6.771471856268891,0.06972646508607055,0.7952737529997237,0.8850986680279804,ns,True,combat_ols
HIV,Bacteria.Bacillota.Clostridia.Lachnospirales.Lachnospiraceae.NA,Lachnospiraceae,-0.21980145243513866,0.3816830376285214,0.743650704702761,3.0,52.64257729383539,-0.05390565474666568,0.8256018106902809,0.8850986680279804,ns,True,combat_ols
HIV,Bacteria.Bacillota.Clostridia.Lachnospirales.Lachnospiraceae.Oribacterium,Oribacterium,-0.22616591710281472,0.7362157964151139,0.8893164539311472,3.0,88.20020594194217,-0.9019057769120383,0.00010622833134656066,0.0035745685375629457,pooling_only,True,combat_ols
HIV,Bacteria.Bacillota.Clostridia.Lachnospirales.Lachnospiraceae.Roseburia,Roseburia,-0.28788152749669565,0.17295616874693664,0.5509545417145041,3.0,0.0,-0.25922634160911273,0.39869418820239,0.5623373251511322,ns,True,combat_ols
HIV,Bacteria.Bacillota.Clostridia.Lachnospirales.Lachnospiraceae.Sellimonas,,,,,,,0.3706339259176121,0.024827297166566724,0.08777195903911655,ns,False,combat_ols
HIV,Bacteria.Bacillota.Clostridia.Lachnospirales.Lachnospiraceae.Shuttleworthia,Shuttleworthia,-0.03427259436473875,0.9299063784050974,0.9728153676759603,2.0,54.44950164787671,0.2503247286352269,0.09693642774268552,0.2261849980662662,ns,False,combat_ols
HIV,Bacteria.Bacillota.Clostridia.Lachnospirales.Lachnospiraceae.Syntrophococcus,,,,,,,0.11169610602717424,0.3193665029140574,0.5115277038199733,ns,False,combat_ols
HIV,Bacteria.Bacillota.Clostridia.Lachnospirales.Lachnospiraceae.[Eubacterium] eligens group,[Eubacterium] eligens group,-0.6783099145305183,0.014295336597442773,0.12288450615927964,3.0,0.0,-0.712911411232823,0.022943361043960712,0.08502539680997205,ns,True,combat_ols
HIV,Bacteria.Bacillota.Clostridia.Lachnospirales.Lachnospiraceae.[Eubacterium] ruminantium group,[Eubacterium] ruminantium group,-0.6395006648174287,0.04223078145930262,0.2525725501080082,3.0,7.998459243043296,-0.8598290534147763,0.0052905927164232005,0.029409471276587794,pooling_only,True,combat_ols
HIV,Bacteria.Bacillota.Clostridia.Lachnospirales.Lachnospiraceae.[Eubacterium] ventriosum group,[Eubacterium] ventriosum group,-0.5648672543666031,0.3865303097890057,0.743650704702761,3.0,86.52860674059201,0.09313995421834885,0.7058344554005412,0.8496988029981037,ns,False,combat_ols
HIV,Bacteria.Bacillota.Clostridia.Lachnospirales.Lachnospiraceae.[Eubacterium] xylanophilum group,[Eubacterium] xylanophilum group,-0.716720987723919,0.05337352024533894,0.2553273806331079,3.0,57.758258075826305,-0.3840832329926995,0.11915141938217509,0.2588461869336907,ns,True,combat_ols
HIV,Bacteria.Bacillota.Clostridia.Lachnospirales.Lachnospiraceae.[Ruminococcus] gauvreauii group,[Ruminococcus] gauvreauii group,-0.03396903377131201,0.8952818520095245,0.9728153676759603,3.0,0.0,-0.1117000194410454,0.675351056902652,0.8234925790619434,ns,True,combat_ols
HIV,Bacteria.Bacillota.Clostridia.Lachnospirales.Lachnospiraceae.[Ruminococcus] gnavus group,[Ruminococcus] gnavus group,0.4432084718046778,0.5302544474451822,0.8126027730152566,2.0,62.44461474227381,0.7794774519298232,0.0009634553623859525,0.011050228794075514,pooling_only,True,combat_ols
HIV,Bacteria.Bacillota.Clostridia.Monoglobales.Monoglobaceae.Monoglobus,Monoglobus,-0.6513632641744767,0.1733053574370197,0.5509545417145041,3.0,79.54149762919195,-0.20258155350898208,0.4032322530747473,0.5645251543046462,ns,True,combat_ols
HIV,Bacteria.Bacillota.Clostridia.NA.NA.NA,Clostridia,-0.19599873526718167,0.47180041056859134,0.8114641581230227,3.0,59.90757034176761,-0.053320658388125206,0.7188766299713686,0.8599220447125865,ns,True,combat_ols
HIV,Bacteria.Bacillota.Clostridia.Oscillospirales.Butyricicoccaceae.Agathobaculum,Agathobaculum,-0.03714421861271163,0.9001115368609645,0.9728153676759603,3.0,54.99807009502972,0.13464260013574142,0.5518137679588832,0.719260704442958,ns,False,combat_ols
HIV,Bacteria.Bacillota.Clostridia.Oscillospirales.Butyricicoccaceae.UCG-008,,,,,,,-0.4205127973538431,0.024443538265798405,0.08777195903911655,ns,False,combat_ols
HIV,Bacteria.Bacillota.Clostridia.Oscillospirales.Butyricicoccaceae.UCG-009,UCG-009,-0.535518715100143,0.005413605742320598,0.09537957334964636,3.0,15.372058358197199,-0.6949956313671113,0.0002871408696719282,0.006783703045999304,pooling_only,True,combat_ols
HIV,Bacteria.Bacillota.Clostridia.Oscillospirales.NA.NA,Oscillospirales,-0.04862656103436263,0.9322373335840699,0.9728153676759603,2.0,85.71429212125541,0.2188076523649588,0.04641237836316352,0.13103154228986105,ns,False,combat_ols
HIV,Bacteria.Bacillota.Clostridia.Oscillospirales.Oscillospiraceae.Colidextribacter,Colidextribacter,-0.2497960996670713,0.21051531602795026,0.5755326121464023,3.0,0.0,-0.23592570620615166,0.29213701249226803,0.48433241544770755,ns,True,combat_ols
HIV,Bacteria.Bacillota.Clostridia.Oscillospirales.Oscillospiraceae.Flavonifractor,Flavonifractor,0.26286866502904055,0.47628567438497893,0.8114641581230227,3.0,65.66757056035951,0.5610032361130499,0.004977394845318193,0.02850689775045874,pooling_only,True,combat_ols
HIV,Bacteria.Bacillota.Clostridia.Oscillospirales.Oscillospiraceae.Incertae Sedis,Incertae Sedis,0.06750171274602691,0.7385848515699358,0.8893164539311472,3.0,0.0,0.20435985279119998,0.32648947342783186,0.5121726498365299,ns,True,combat_ols
HIV,Bacteria.Bacillota.Clostridia.Oscillospirales.Oscillospiraceae.Intestinimonas,Intestinimonas,-0.2754225725551151,0.21814443076840218,0.5850237006970785,3.0,0.0,-0.4140208518045109,0.0766796358379836,0.18821365160232337,ns,True,combat_ols
HIV,Bacteria.Bacillota.Clostridia.Oscillospirales.Oscillospiraceae.NA,Oscillospiraceae,-0.43960722130343177,0.011491743327481383,0.12288450615927964,3.0,18.503633434671027,-0.502944870592936,0.0005261931305553085,0.007893590744389618,pooling_only,True,combat_ols
HIV,Bacteria.Bacillota.Clostridia.Oscillospirales.Oscillospiraceae.NK4A214 group,NK4A214 group,-0.5330014364807156,0.05017468029374408,0.2553273806331079,3.0,4.284234890860745,-0.7021965410881174,0.016503606269749786,0.06498294968713979,ns,True,combat_ols
HIV,Bacteria.Bacillota.Clostridia.Oscillospirales.Oscillospiraceae.Oscillibacter,Oscillibacter,-0.17419031632878149,0.5103980005653914,0.8126027730152566,3.0,31.851952057365697,0.01771300676880886,0.9391083944806378,0.9491523345285591,ns,False,combat_ols
HIV,Bacteria.Bacillota.Clostridia.Oscillospirales.Oscillospiraceae.Oscillospira,Oscillospira,-0.6513428484455457,0.05224410782200594,0.2553273806331079,3.0,73.5114263889309,-0.3191494644477697,0.0678565161772965,0.17812335496540332,ns,True,combat_ols
HIV,Bacteria.Bacillota.Clostridia.Oscillospirales.Oscillospiraceae.UCG-002,UCG-002,-0.6182085827650645,0.012816174985366986,0.12288450615927964,3.0,0.0,-0.8185676513244486,0.013795685247360199,0.05547626620746974,ns,True,combat_ols
HIV,Bacteria.Bacillota.Clostridia.Oscillospirales.Oscillospiraceae.UCG-003,UCG-003,-0.8069501544788836,0.008554049341832239,0.10814762382173615,3.0,40.08155190605272,-0.9934094661269754,6.986489785060614e-05,0.0033011164234411404,pooling_only,True,combat_ols
HIV,Bacteria.Bacillota.Clostridia.Oscillospirales.Oscillospiraceae.UCG-005,UCG-005,-0.8780973653225901,0.0005478840210163011,0.02063494871431292,3.0,0.0,-0.9200874655767736,0.0010235615973826805,0.011050228794075514,replicated,True,combat_ols
HIV,Bacteria.Bacillota.Clostridia.Oscillospirales.Ruminococcaceae.Acutalibacter,Acutalibacter,0.06654134489361879,0.8052361449641621,0.9412604332207266,3.0,51.99384749744043,0.20303228237433482,0.3084411730525325,0.49825112570024477,ns,True,combat_ols
HIV,Bacteria.Bacillota.Clostridia.Oscillospirales.Ruminococcaceae.Anaerotruncus,Anaerotruncus,-0.17167689474780823,0.8043498045141437,0.9412604332207266,2.0,93.28095818396041,0.3783835777074814,0.003071767177653938,0.02143632764490592,pooling_only,False,combat_ols
HIV,Bacteria.Bacillota.Clostridia.Oscillospirales.Ruminococcaceae.Angelakisella,Angelakisella,-0.47750902462362005,0.014579517679914533,0.12288450615927964,2.0,0.0,0.05123566818051068,0.697426661534057,0.8449592245508768,ns,False,combat_ols
HIV,Bacteria.Bacillota.Clostridia.Oscillospirales.Ruminococcaceae.CAG-352,CAG-352,-0.5933693232116592,0.04690780981303542,0.2525725501080082,2.0,0.0,-0.5476971600728593,0.04645033509746397,0.13103154228986105,ns,True,combat_ols
HIV,Bacteria.Bacillota.Clostridia.Oscillospirales.Ruminococcaceae.Candidatus Soleaferrea,Candidatus Soleaferrea,-0.09078750020112997,0.6589753477117745,0.8576032040054947,2.0,19.83813111632074,-0.10465920500768364,0.545562988016703,0.7160514217719227,ns,True,combat_ols
HIV,Bacteria.Bacillota.Clostridia.Oscillospirales.Ruminococcaceae.Caproiciproducens,Caproiciproducens,-0.06451571697985847,0.6051956257575553,0.8368887544766975,2.0,0.0,-0.033543099807010916,0.7871674212987902,0.8850986680279804,ns,True,combat_ols
HIV,Bacteria.Bacillota.Clostridia.Oscillospirales.Ruminococcaceae.DTU089,DTU089,0.27181054410955385,0.6782718535864152,0.8600057325197685,2.0,90.50367375477579,0.427804441469049,0.002827876349677723,0.020556485772657295,pooling_only,True,combat_ols
HIV,Bacteria.Bacillota.Clostridia.Oscillospirales.Ruminococcaceae.Faecalibacterium,Faecalibacterium,-0.246640043898603,0.15647301423665386,0.5326100676901487,3.0,0.0,-0.1442748475603603,0.6245262563984897,0.786903083062097,ns,True,combat_ols
HIV,Bacteria.Bacillota.Clostridia.Oscillospirales.Ruminococcaceae.Fournierella,Fournierella,-0.4964902451896555,0.17686467220271163,0.5509545417145041,3.0,74.35306985959622,-0.7889040385814253,2.779334494292295e-05,0.002626471097106219,pooling_only,True,combat_ols
HIV,Bacteria.Bacillota.Clostridia.Oscillospirales.Ruminococcaceae.Gemmiger,Gemmiger,-0.287357530652794,0.40688532989502957,0.7580916146465287,3.0,41.67185351849529,-0.551451336049023,0.07210425685028778,0.18393028551730647,ns,True,combat_ols
HIV,Bacteria.Bacillota.Clostridia.Oscillospirales.Ruminococcaceae.Incertae Sedis,Incertae Sedis,-0.5830303385866964,0.011447177820597822,0.12288450615927964,3.0,0.0,-0.6716707925438524,0.01335427743289836,0.054868661626473705,ns,True,combat_ols
HIV,Bacteria.Bacillota.Clostridia.Oscillospirales.Ruminococcaceae.NA,Ruminococcaceae,-0.5748217810931386,0.007584373084922705,0.10814762382173615,3.0,0.0,-0.5473297085540341,0.008912209077306827,0.04557270534962202,pooling_only,True,combat_ols
HIV,Bacteria.Bacillota.Clostridia.Oscillospirales.Ruminococcaceae.Negativibacillus,Negativibacillus,0.5322207806792891,0.02097025878513434,0.1687152638622172,3.0,6.768767126556248,0.5894179921258633,0.009851059617627899,0.04737361002196939,pooling_only,True,combat_ols
HIV,Bacteria.Bacillota.Clostridia.Oscillospirales.Ruminococcaceae.Paludicola,Paludicola,-0.2407282948198703,0.19996315526832964,0.5658152986702799,2.0,12.280288039071882,-0.20687886503803202,0.200339302418104,0.3983131965271713,ns,True,combat_ols
HIV,Bacteria.Bacillota.Clostridia.Oscillospirales.Ruminococcaceae.Ruminococcus,Ruminococcus,-0.4766615181718768,0.08324745112814597,0.3508285440400437,3.0,0.0,-0.41529070888810016,0.21447820855966263,0.3983131965271713,ns,True,combat_ols
HIV,Bacteria.Bacillota.Clostridia.Oscillospirales.Ruminococcaceae.Ruthenibacterium,Ruthenibacterium,0.3561633424770441,0.1781217803783638,0.5509545417145041,3.0,45.788878463241744,0.5104567610982554,0.0040061822537264076,0.02442478857917068,pooling_only,True,combat_ols
HIV,Bacteria.Bacillota.Clostridia.Oscillospirales.Ruminococcaceae.Subdoligranulum,,,,,,,-0.17090804250029237,0.290541874526394,0.48433241544770755,ns,False,combat_ols
HIV,Bacteria.Bacillota.Clostridia.Oscillospirales.Ruminococcaceae.[Clostridium] methylpentosum group,,,,,,,0.12838605033964123,0.2641174080762011,0.4497134245621802,ns,False,combat_ols
HIV,Bacteria.Bacillota.Clostridia.Oscillospirales.Ruminococcaceae.[Eubacterium] siraeum group,[Eubacterium] siraeum group,-0.9226173506589193,0.0006994897869258618,0.02063494871431292,3.0,0.0,-0.9448196377921507,0.001052402742292906,0.011050228794075514,replicated,True,combat_ols
HIV,Bacteria.Bacillota.Clostridia.Oscillospirales.UCG-010.Incertae Sedis,Incertae Sedis,-0.694719746070387,0.0252428634146329,0.18616611768291766,3.0,23.936722109260046,-0.8567926939773199,0.008973609158803061,0.04557270534962202,pooling_only,True,combat_ols
HIV,Bacteria.Bacillota.Clostridia.Oscillospirales.[Eubacterium] coprostanoligenes group.Incertae Sedis,Incertae Sedis,0.02468729248378539,0.9525807727509569,0.9728153676759603,3.0,67.02442801197702,-0.35747320147642936,0.25071863125640026,0.4347323055730243,ns,False,combat_ols
HIV,Bacteria.Bacillota.Clostridia.Peptococcales.Peptococcaceae.Incertae Sedis,Incertae Sedis,-0.32928894376628404,0.12347453134272027,0.455312334326281,3.0,64.75694170117688,-0.12712263159040743,0.3596738350254107,0.543826838558421,ns,True,combat_ols
HIV,Bacteria.Bacillota.Clostridia.Peptococcales.Peptococcaceae.Peptococcus,Peptococcus,0.02806439996753334,0.9587543505658105,0.9728153676759603,3.0,83.16012053170013,-0.4573556736431546,0.028975929521496115,0.09607808209759239,ns,False,combat_ols
HIV,Bacteria.Bacillota.Clostridia.Peptostreptococcales-Tissierellales.Anaerovoracaceae.Family XIII AD3011 group,Family XIII AD3011 group,-0.029707112832901353,0.9439199583544561,0.9728153676759603,3.0,76.82791581505522,-0.45529113464076537,0.028681571158470982,0.09607808209759239,ns,True,combat_ols
HIV,Bacteria.Bacillota.Clostridia.Peptostreptococcales-Tissierellales.Anaerovoracaceae.Family XIII UCG-001,Family XIII UCG-001,-0.46510005833965345,0.008527852404205609,0.10814762382173615,3.0,0.0,-0.6036347352691327,0.001360444967896284,0.012323987890157378,pooling_only,True,combat_ols
HIV,Bacteria.Bacillota.Clostridia.Peptostreptococcales-Tissierellales.Anaerovoracaceae.Mogibacterium,Mogibacterium,0.8783912802773494,0.4940395197620667,0.8126027730152566,2.0,92.83640377120032,0.03987083057829826,0.8324368457117249,0.8850986680279804,ns,True,combat_ols
HIV,Bacteria.Bacillota.Clostridia.Peptostreptococcales-Tissierellales.Anaerovoracaceae.NA,Anaerovoracaceae,0.13601070560554507,0.5852340026032988,0.828236495801478,2.0,37.83364195714955,0.09844154775737936,0.5276236155174405,0.6973486946349389,ns,True,combat_ols
HIV,Bacteria.Bacillota.Clostridia.Peptostreptococcales-Tissierellales.Anaerovoracaceae.[Eubacterium] brachy group,[Eubacterium] brachy group,0.28227569387336304,0.6287311425897307,0.8507726981297069,2.0,87.94481610081034,0.4806580275279437,0.001369331987795264,0.012323987890157378,pooling_only,True,combat_ols
HIV,Bacteria.Bacillota.Clostridia.Peptostreptococcales-Tissierellales.Peptostreptococcaceae.Intestinibacter,Intestinibacter,-0.330392723850991,0.38574975454503435,0.743650704702761,3.0,43.78096054467842,-0.007995235216842094,0.9787340972401735,0.983940129672302,ns,True,combat_ols
HIV,Bacteria.Bacillota.Clostridia.Peptostreptococcales-Tissierellales.Peptostreptococcaceae.Romboutsia,Romboutsia,-1.217540479459677,3.880155708224989e-06,0.0006867875603558231,3.0,0.0,-1.187422350531151,5.39525391953361e-05,0.0033011164234411404,replicated,True,combat_ols
HIV,Bacteria.Bacillota.Clostridia.Peptostreptococcales-Tissierellales.Peptostreptococcaceae.Terrisporobacter,Terrisporobacter,-0.4440121273010412,0.030769711288407265,0.2094707268480033,3.0,0.0,-0.3305813123225691,0.17365898992347625,0.35675596842975016,ns,True,combat_ols
HIV,Bacteria.Bacillota.Incertae Sedis.DTU014.Incertae Sedis.Incertae Sedis,,,,,,,0.26252171674554564,0.07396138465246185,0.18393028551730647,ns,False,combat_ols
HIV,Bacteria.Bacillota.NA.NA.NA.NA,Bacteria.Bacillota.NA.NA.NA.NA,-0.7313867409080061,0.24579900552679346,0.6167697480388026,2.0,90.35640579150225,0.1267966548529672,0.2506920795617373,0.4347323055730243,ns,False,combat_ols
HIV,Bacteria.Bacillota.Negativicutes.Acidaminococcales.Acidaminococcaceae.Acidaminococcus,Acidaminococcus,1.034355333659338,0.10536728607766267,0.41444465857213986,3.0,75.79000987135215,0.6817890039362501,0.029807727332998524,0.09713207699890898,ns,True,combat_ols
HIV,Bacteria.Bacillota.Negativicutes.Acidaminococcales.Acidaminococcaceae.Phascolarctobacterium,Phascolarctobacterium,-0.05530080565739251,0.8926986453244419,0.9728153676759603,3.0,35.298822246541945,-0.24770642874631923,0.4905170507226302,0.6575015786282065,ns,True,combat_ols
HIV,Bacteria.Bacillota.Negativicutes.Veillonellales-Selenomonadales.Selenomonadaceae.Anaerovibrio,Anaerovibrio,0.421782357078929,0.3677931254751752,0.7397657182852955,3.0,70.13369014205385,0.05095040835388694,0.8409793407023157,0.8879614267750708,ns,True,combat_ols
HIV,Bacteria.Bacillota.Negativicutes.Veillonellales-Selenomonadales.Selenomonadaceae.Mitsuokella,Mitsuokella,0.5985477873423657,0.477274773184736,0.8114641581230227,3.0,88.50206642624585,-0.24299910441420014,0.3915803628876575,0.5623373251511322,ns,False,combat_ols
HIV,Bacteria.Bacillota.Negativicutes.Veillonellales-Selenomonadales.Veillonellaceae.Allisonella,Allisonella,0.3244902360344592,0.6850893123462563,0.8600057325197685,3.0,93.82193530507698,-0.5117239965258579,0.01137039417335051,0.0511667737800773,ns,False,combat_ols
HIV,Bacteria.Bacillota.Negativicutes.Veillonellales-Selenomonadales.Veillonellaceae.Dialister,Dialister,0.7513862510383701,0.5199959232708152,0.8126027730152566,3.0,90.64590509481553,-0.32324439011311723,0.3949024062176181,0.5623373251511322,ns,False,combat_ols
HIV,Bacteria.Bacillota.Negativicutes.Veillonellales-Selenomonadales.Veillonellaceae.Megasphaera,Megasphaera,1.376045386540428,0.35018385569631405,0.7316346344121112,3.0,94.63956097728575,-0.12353212093572641,0.7280622862634003,0.8600235756486416,ns,False,combat_ols
HIV,Bacteria.Bacillota.Negativicutes.Veillonellales-Selenomonadales.Veillonellaceae.Veillonella,Veillonella,-0.009214087477214958,0.9679072784973695,0.9734067516706499,3.0,0.0,0.1339681412199993,0.5928642795465664,0.7622088559709457,ns,False,combat_ols
HIV,Bacteria.Bacteroidota.Bacteroidia.Bacteroidales.Bacteroidaceae.Bacteroides,Bacteroides,-0.41606703107879806,0.5895920817569843,0.828236495801478,3.0,88.96071284998477,0.3138157961679224,0.34314490855022484,0.523019255774133,ns,False,combat_ols
HIV,Bacteria.Bacteroidota.Bacteroidia.Bacteroidales.Barnesiellaceae.Barnesiella,Barnesiella,-1.224216427933279,0.07617619835049043,0.3370796777009201,3.0,81.14334171368284,-0.48420763615421786,0.10960878941263441,0.2482198492052732,ns,True,combat_ols
HIV,Bacteria.Bacteroidota.Bacteroidia.Bacteroidales.Barnesiellaceae.Coprobacter,Coprobacter,-0.41623142438948185,0.3548918388764928,0.7316346344121112,3.0,83.83050530374886,0.045108861307099034,0.8335849889364048,0.8850986680279804,ns,False,combat_ols
HIV,Bacteria.Bacteroidota.Bacteroidia.Bacteroidales.Barnesiellaceae.Incertae Sedis,Incertae Sedis,-0.35337588951415205,0.04708979747776424,0.2525725501080082,2.0,0.0,-0.3254304425503073,0.08547891518207755,0.20194393711765823,ns,True,combat_ols
HIV,Bacteria.Bacteroidota.Bacteroidia.Bacteroidales.Incertae Sedis.Incertae Sedis,Incertae Sedis,0.6530382215937262,0.5463273762313052,0.8126027730152566,3.0,95.47990838927218,-0.4367906620439035,0.0816246612979758,0.19629852423479183,ns,False,combat_ols
HIV,Bacteria.Bacteroidota.Bacteroidia.Bacteroidales.Marinifilaceae.Butyricimonas,Butyricimonas,-0.30014924310165325,0.32380339400075164,0.7189786488395766,3.0,24.48452155038336,-0.39934055755894243,0.14677354262653347,0.3116876354653351,ns,True,combat_ols
HIV,Bacteria.Bacteroidota.Bacteroidia.Bacteroidales.Marinifilaceae.Odoribacter,Odoribacter,-0.48679057417990373,0.5460923095662531,0.8126027730152566,3.0,89.84402414923555,0.36794951624942523,0.2095040080871055,0.3983131965271713,ns,False,combat_ols
HIV,Bacteria.Bacteroidota.Bacteroidia.Bacteroidales.Muribaculaceae.Incertae Sedis,Incertae Sedis,-0.1044980319214728,0.8999495154531765,0.9728153676759603,3.0,84.08519440854988,-0.8810724692770145,0.010465745140270669,0.04824453247588187,pooling_only,True,combat_ols
HIV,Bacteria.Bacteroidota.Bacteroidia.Bacteroidales.Prevotellaceae.Incertae Sedis,Incertae Sedis,1.4239825321650492,0.3758988628359683,0.743650704702761,3.0,95.13057755587094,-0.32003583287946424,0.39698261381608446,0.5623373251511322,ns,False,combat_ols
HIV,Bacteria.Bacteroidota.Bacteroidia.Bacteroidales.Prevotellaceae.Leyella,Leyella,1.2265720820819876,0.46782623229775055,0.8114641581230227,3.0,96.0483863269264,-0.46875406073161185,0.21019237919170866,0.3983131965271713,ns,False,combat_ols
HIV,Bacteria.Bacteroidota.Bacteroidia.Bacteroidales.Prevotellaceae.Massiliprevotella,Massiliprevotella,-0.05782530006657808,0.9301459158537758,0.9728153676759603,3.0,83.00791751444386,-0.7556609159405263,0.0015442903277756012,0.013266857815890393,pooling_only,True,combat_ols
HIV,Bacteria.Bacteroidota.Bacteroidia.Bacteroidales.Prevotellaceae.NA,Prevotellaceae,0.3353598011871957,0.45132141274271764,0.7988389005546103,3.0,79.05422098924899,-0.07429790837643215,0.6626712861712388,0.8234925790619434,ns,False,combat_ols
HIV,Bacteria.Bacteroidota.Bacteroidia.Bacteroidales.Prevotellaceae.Paraprevotella,Paraprevotella,0.5327890244989407,0.5216813027347316,0.8126027730152566,3.0,85.62746053762972,-0.3157231101643668,0.3243882343209098,0.5121726498365299,ns,False,combat_ols
HIV,Bacteria.Bacteroidota.Bacteroidia.Bacteroidales.Prevotellaceae.Prevotella,,,,,,,0.1996271937931181,0.06305372993507527,0.16784725292576375,ns,False,combat_ols
HIV,Bacteria.Bacteroidota.Bacteroidia.Bacteroidales.Prevotellaceae.Prevotellaceae NK3B31 group,Prevotellaceae NK3B31 group,0.4506789809549058,0.7167065891429786,0.8809518491549111,3.0,95.2787358648376,-0.803698611187987,0.003743107081788676,0.02358157461526866,pooling_only,False,combat_ols
HIV,Bacteria.Bacteroidota.Bacteroidia.Bacteroidales.Prevotellaceae.Prevotellaceae UCG-003,Prevotellaceae UCG-003,0.0896454340634235,0.7922520959146445,0.9412604332207266,3.0,63.9430499771609,-0.19746568028547926,0.3933600460861453,0.5623373251511322,ns,False,combat_ols
HIV,Bacteria.Bacteroidota.Bacteroidia.Bacteroidales.Prevotellaceae.Segatella,Segatella,0.8113076192291424,0.5634903256821522,0.8126027730152566,3.0,92.65530503567285,-0.8086295444022862,0.0449463410312396,0.13103154228986105,ns,False,combat_ols
HIV,Bacteria.Bacteroidota.Bacteroidia.Bacteroidales.Rikenellaceae.Alistipes,Alistipes,-0.8470845822097036,0.4813770429543355,0.8114641581230227,3.0,94.03681913016001,0.39160669798268294,0.24587518826604182,0.43430290263814864,ns,False,combat_ols
HIV,Bacteria.Bacteroidota.Bacteroidia.Bacteroidales.Rikenellaceae.Rikenellaceae RC9 gut group,Rikenellaceae RC9 gut group,0.22032944042392583,0.8477999010594869,0.9589515504292688,3.0,92.47757546043042,-0.9163489003735125,0.006382509982948016,0.03446555390791929,pooling_only,False,combat_ols
HIV,Bacteria.Bacteroidota.Bacteroidia.Bacteroidales.Tannerellaceae.Incertae Sedis,Incertae Sedis,0.09623301136144205,0.6299384557665173,0.8507726981297069,2.0,0.0,0.12581365091083435,0.5129448746439781,0.6827224035754357,ns,True,combat_ols
HIV,Bacteria.Bacteroidota.Bacteroidia.Bacteroidales.Tannerellaceae.Parabacteroides,Parabacteroides,-0.5527570238475789,0.27530070415158925,0.6497096617977507,3.0,74.39584621938877,-0.102107370599907,0.7575666707444486,0.8730493949432976,ns,True,combat_ols
HIV,Bacteria.Campylobacterota.Campylobacteria.Campylobacterales.Campylobacteraceae.Campylobacter,Campylobacter,0.23837280978915723,0.6558915531878544,0.8576032040054947,2.0,50.34591642760766,-0.021994105229896026,0.9063719662448311,0.9360890798922026,ns,False,combat_ols
HIV,Bacteria.Cyanobacteriota.Vampirivibrionia.Gastranaerophilales.Gastranaerophilaceae.CAG-196,,,,,,,-0.053524497939829004,0.7534156953673217,0.8730493949432976,ns,False,combat_ols
HIV,Bacteria.Cyanobacteriota.Vampirivibrionia.Gastranaerophilales.Gastranaerophilaceae.Zag_111,Zag_111,-0.37082793943733294,0.11851160116452711,0.455312334326281,3.0,0.0,-0.4164887381242424,0.10923917925539667,0.2482198492052732,ns,True,combat_ols
HIV,Bacteria.Elusimicrobiota.Elusimicrobia.Elusimicrobiales.Elusimicrobiaceae.Elusimicrobium,Elusimicrobium,-0.029095242586376205,0.9753994579256491,0.9753994579256491,2.0,88.25061097755942,-0.3989551105833816,0.0820507058970823,0.19629852423479183,ns,True,combat_ols
HIV,Bacteria.Fusobacteriota.Fusobacteriia.Fusobacteriales.Fusobacteriaceae.Fusobacterium,Fusobacterium,0.6216954499646211,0.0006863040603208554,0.02063494871431292,3.0,0.0,0.5852542160864872,0.002822591837923516,0.020556485772657295,replicated,True,combat_ols
HIV,Bacteria.NA.NA.NA.NA.NA,Bacteria.NA.NA.NA.NA.NA,-0.36127856659093305,0.35961702369408854,0.7316346344121112,2.0,62.00174055445239,0.11407933495710766,0.38519246867964396,0.5623373251511322,ns,False,combat_ols
HIV,Bacteria.Pseudomonadota.Alphaproteobacteria.Rhodospirillales.Incertae Sedis.Incertae Sedis,Incertae Sedis,-0.6800420870099608,0.2503792509907018,0.6167697480388026,3.0,79.19413359965421,-0.10772220645824633,0.7244260106247165,0.8600235756486416,ns,True,combat_ols
HIV,Bacteria.Pseudomonadota.Alphaproteobacteria.Rickettsiales.Mitochondria.Incertae Sedis,Incertae Sedis,0.16530752111069122,0.3592947437465295,0.7316346344121112,2.0,15.045232957225291,0.129487161300146,0.32789889222338686,0.5121726498365299,ns,True,combat_ols
HIV,Bacteria.Pseudomonadota.Gammaproteobacteria.Burkholderiales.NA.NA,Burkholderiales,0.30899863832714936,0.03582864487143268,0.2264882193658423,2.0,0.0,,,,ns,False,combat_ols
HIV,Bacteria.Pseudomonadota.Gammaproteobacteria.Burkholderiales.Oxalobacteraceae.Oxalobacter,Oxalobacter,-0.1390038738310839,0.5222441181338936,0.8126027730152566,2.0,0.0,-0.024034509587675775,0.8695985551945942,0.9130784829543239,ns,True,combat_ols
HIV,Bacteria.Pseudomonadota.Gammaproteobacteria.Burkholderiales.Sutterellaceae.Parasutterella,Parasutterella,-0.724941937464611,0.2939451974435684,0.6838142058888197,3.0,89.42390640003812,0.049516535531136587,0.8181344763615629,0.8850986680279804,ns,False,combat_ols
HIV,Bacteria.Pseudomonadota.Gammaproteobacteria.Burkholderiales.Sutterellaceae.Sutterella,Sutterella,-0.05640320976139773,0.8939620721719699,0.9728153676759603,3.0,48.14709880472962,-0.4376871780068102,0.20909163164825945,0.3983131965271713,ns,True,combat_ols
HIV,Bacteria.Pseudomonadota.Gammaproteobacteria.Enterobacterales.Enterobacteriaceae.Escherichia-Shigella,Escherichia-Shigella,0.6147727751610755,0.05091606200851783,0.2553273806331079,3.0,22.54224434021956,0.6093380565070411,0.02557097857548491,0.08787118092302997,ns,True,combat_ols
HIV,Bacteria.Pseudomonadota.Gammaproteobacteria.Enterobacterales.Enterobacteriaceae.Klebsiella,Klebsiella,0.10282261276951186,0.6637945703319366,0.8576032040054947,2.0,0.0,,,,ns,False,combat_ols
HIV,Bacteria.Pseudomonadota.Gammaproteobacteria.Enterobacterales.Pasteurellaceae.Haemophilus,Haemophilus,-0.23417359902178547,0.4428702857864485,0.7988389005546103,3.0,53.98244573122547,-0.3920240723662123,0.051742592233917035,0.1417297091624684,ns,True,combat_ols
HIV,Bacteria.Pseudomonadota.Gammaproteobacteria.Enterobacterales.Succinivibrionaceae.Succinivibrio,Succinivibrio,1.0035762911706205,0.14818817354773323,0.5245861343589756,3.0,75.6029847604711,0.3279859967485811,0.36807312451824337,0.5478719240591795,ns,True,combat_ols
HIV,Bacteria.Pseudomonadota.NA.NA.NA.NA,,,,,,,0.11013253025956704,0.2564849351330559,0.44068775218315975,ns,False,combat_ols
HIV,Bacteria.Thermodesulfobacteriota.Desulfovibrionia.Desulfovibrionales.Desulfovibrionaceae.Bilophila,Bilophila,0.19980708411705245,0.7154859469571122,0.8809518491549111,3.0,80.93531421743516,0.7681715424083988,0.0005429453951167462,0.007893590744389618,pooling_only,True,combat_ols
HIV,Bacteria.Thermodesulfobacteriota.Desulfovibrionia.Desulfovibrionales.Desulfovibrionaceae.Desulfovibrio,Desulfovibrio,0.38204158342300076,0.5011264777034584,0.8126027730152566,3.0,74.69320871968964,-0.09151458932344775,0.7496045336494067,0.8730493949432976,ns,False,combat_ols
HIV,Bacteria.Thermodesulfobacteriota.Desulfovibrionia.Desulfovibrionales.Desulfovibrionaceae.Incertae Sedis,Incertae Sedis,0.3540472370543284,0.3510471794408836,0.7316346344121112,3.0,81.20904953080672,0.2215009688430242,0.2194264392472337,0.40263686424977835,ns,True,combat_ols
HIV,Bacteria.Verrucomicrobiota.Lentisphaeria.Victivallales.Victivallaceae.Victivallis,Victivallis,-0.4083730361883376,0.09552602397704409,0.39321177311480937,2.0,0.0,-0.04642129624537848,0.7967505638999638,0.8850986680279804,ns,True,combat_ols
HIV,Bacteria.Verrucomicrobiota.Lentisphaeria.Victivallales.vadinBE97.Incertae Sedis,Incertae Sedis,-0.3776301859600832,0.2508893890327333,0.6167697480388026,3.0,65.07935910702462,-0.6328684077686738,0.012521063897741653,0.052744235858676373,ns,True,combat_ols
HIV,Bacteria.Verrucomicrobiota.Verrucomicrobiia.Opitutales.Puniceicoccaceae.Incertae Sedis,Incertae Sedis,-0.21248002589881565,0.13809517972630767,0.49883360839911134,2.0,0.0,-0.23497711880661468,0.21496267749085435,0.3983131965271713,ns,True,combat_ols
HIV,Bacteria.Verrucomicrobiota.Verrucomicrobiia.Verrucomicrobiales.Akkermansiaceae.Akkermansia,Akkermansia,-1.0127409692875036,0.20139188596738777,0.5658152986702799,2.0,72.82093228729288,0.06556578984392289,0.7805917665655522,0.8850986680279804,ns,False,combat_ols
HIV,NA.NA.NA.NA.NA.NA,,,,,,,0.122334356773232,0.19163598280518027,0.38531064627850076,ns,False,combat_ols
IBD,Archaea.Methanobacteriota.Methanobacteria.Methanobacteriales.Methanobacteriaceae.Methanobrevibacter,Methanobrevibacter,-0.6820864789995275,0.0001609325235212135,0.0010543854989320885,3.0,0.0,-0.5334828512988449,0.00047871863964017486,0.0012557691851430672,replicated,True,combat_ols
IBD,Bacteria.Actinomycetota.Actinobacteria.Actinomycetales.Actinomycetaceae.Actinomyces,Actinomyces,0.5007718315763016,0.21015133759562676,0.30249056169067484,3.0,88.06147879007892,0.49630040121898866,8.277416494647468e-05,0.00032569834468069384,pooling_only,True,combat_ols
IBD,Bacteria.Actinomycetota.Actinobacteria.Actinomycetales.Actinomycetaceae.Schaalia,Schaalia,0.6145359779787782,0.00034743164845575544,0.0020003640365634403,4.0,0.0,0.6022467539713298,0.0002475743629987063,0.00077663753503645,replicated,True,combat_ols
IBD,Bacteria.Actinomycetota.Actinobacteria.Bifidobacteriales.Bifidobacteriaceae.Bifidobacterium,Bifidobacterium,-0.30283523004999685,0.6220077888219755,0.695185175742208,4.0,78.78873954129291,-0.1321918008283533,0.6180499307342116,0.6658752229934065,ns,True,combat_ols
IBD,Bacteria.Actinomycetota.Actinobacteria.Micrococcales.Micrococcaceae.Rothia,Rothia,0.5712448345663838,0.000226871060931946,0.0014368500525689914,4.0,0.0,0.5741888521863827,0.0001211657955955229,0.00042175017313057013,replicated,True,combat_ols
IBD,Bacteria.Actinomycetota.Actinobacteria.Mycobacteriales.Corynebacteriaceae.Corynebacterium,Corynebacterium,0.5425290004654955,0.0003586867521228632,0.0020044259677454122,3.0,36.44801413442542,0.5323819720315058,2.712167662176342e-06,1.4875828692542966e-05,replicated,True,combat_ols
IBD,Bacteria.Actinomycetota.Coriobacteriia.Coriobacteriales.Atopobiaceae.Lancefieldella,Lancefieldella,0.36036330967077435,0.15469046763052544,0.2370257165306438,4.0,78.3452869792521,0.3514347765834284,0.0008677382579225461,0.002122440874107849,pooling_only,True,combat_ols
IBD,Bacteria.Actinomycetota.Coriobacteriia.Coriobacteriales.Coriobacteriaceae.Collinsella,Collinsella,-0.49164555018541867,0.07737507009219971,0.13612280849553654,4.0,0.0,-0.5324905701113113,0.06065867855924501,0.08381084594826982,ns,True,combat_ols
IBD,Bacteria.Actinomycetota.Coriobacteriia.Coriobacteriales.Coriobacteriales Incertae Sedis.Incertae Sedis,Incertae Sedis,-0.64039917881467,0.0029382548712828254,0.010533366519693148,3.0,0.0,-0.4416398997744891,0.005551559858991603,0.010467003484140418,replicated,True,combat_ols
IBD,Bacteria.Actinomycetota.Coriobacteriia.Coriobacteriales.Eggerthellaceae.Adlercreutzia,Adlercreutzia,-0.05544782870152983,0.7516796279263872,0.8023546590225481,3.0,0.0,0.09073175235702438,0.46170577561197945,0.5247594403866009,ns,False,combat_ols
IBD,Bacteria.Actinomycetota.Coriobacteriia.Coriobacteriales.Eggerthellaceae.Asaccharobacter,Asaccharobacter,-0.056583848068999326,0.8535873205909179,0.8814216897406217,3.0,44.696332509331974,-0.14283107510284143,0.3899892735270114,0.44960546820629976,ns,True,combat_ols
IBD,Bacteria.Actinomycetota.Coriobacteriia.Coriobacteriales.Eggerthellaceae.Eggerthella,Eggerthella,0.5286441836035606,0.020010767214879814,0.04693883667687858,4.0,16.747382436542164,0.5573421337966645,0.005968182766406039,0.011022868170607074,replicated,True,combat_ols
IBD,Bacteria.Actinomycetota.Coriobacteriia.Coriobacteriales.Eggerthellaceae.Gordonibacter,Gordonibacter,0.11583042437487738,0.5012640644198417,0.5952510764985621,3.0,0.0,0.12646776254100564,0.3154420010548613,0.3781125972909265,ns,True,combat_ols
IBD,Bacteria.Actinomycetota.Coriobacteriia.Coriobacteriales.Eggerthellaceae.Incertae Sedis,Incertae Sedis,-0.8495312326376467,0.042237615746635045,0.0835952811652152,3.0,82.35359406209184,-0.49127211771182744,0.0004442422498898968,0.0012370438035395588,pooling_only,True,combat_ols
IBD,Bacteria.Actinomycetota.Coriobacteriia.Coriobacteriales.Eggerthellaceae.Senegalimassilia,Senegalimassilia,-0.8467583409696631,0.00014611895685447484,0.0010136359764930665,3.0,0.0,-0.4090859301133062,0.013326386457008576,0.022334036562208816,replicated,True,combat_ols
IBD,Bacteria.Actinomycetota.Coriobacteriia.Coriobacteriales.Eggerthellaceae.Slackia,Slackia,-0.5035889575349004,0.010894933175094807,0.02875051810094463,3.0,0.0,-0.14029094144168194,0.3582479344150171,0.42105763720206557,within_only,True,combat_ols
IBD,Bacteria.Bacillota.Bacilli.Erysipelotrichales.Erysipelatoclostridiaceae.Coprobacillus,Coprobacillus,-0.36731225822431485,0.016973935130185035,0.04243483782546258,2.0,0.0,-0.09610594520581686,0.2803840413304376,0.34060074819335034,within_only,True,combat_ols
IBD,Bacteria.Bacillota.Bacilli.Erysipelotrichales.Erysipelatoclostridiaceae.Erysipelotrichaceae UCG-003,Erysipelotrichaceae UCG-003,-1.0712321317864932,0.02186742554570296,0.05041525457563163,4.0,60.80915398874621,-0.862680443108458,0.0018090499526890486,0.0039931468467892415,pooling_only,True,combat_ols
IBD,Bacteria.Bacillota.Bacilli.Erysipelotrichales.Erysipelatoclostridiaceae.Longibaculum,Longibaculum,0.3148783111050503,0.05303719467286523,0.09879477439063131,4.0,0.0,0.3313933225270669,0.038572481389028704,0.057699331664580134,ns,True,combat_ols
IBD,Bacteria.Bacillota.Bacilli.Erysipelotrichales.Erysipelatoclostridiaceae.Massiliomicrobiota,Massiliomicrobiota,0.32856246501558667,0.12033334671979941,0.1937570837013719,2.0,0.0,0.20713223317686602,0.1531251184674588,0.1979689031615003,ns,True,combat_ols
IBD,Bacteria.Bacillota.Bacilli.Erysipelotrichales.Erysipelatoclostridiaceae.Thomasclavelia,Thomasclavelia,0.6534267082507328,0.006320876241892358,0.01847640747630074,4.0,0.0,0.686522438940444,0.0033626754213491785,0.00676271390293557,replicated,True,combat_ols
IBD,Bacteria.Bacillota.Bacilli.Erysipelotrichales.Erysipelotrichaceae.Amedibacillus,Amedibacillus,0.43105594795677843,0.009884922304372686,0.02645260898353254,2.0,0.0,0.27873673074517247,0.016370585860829862,0.02693705491645641,replicated,True,combat_ols
IBD,Bacteria.Bacillota.Bacilli.Erysipelotrichales.Erysipelotrichaceae.Dielma,Dielma,0.3106437617043298,0.03470211345469966,0.07089679092895629,4.0,31.148643332736526,0.31653343551121693,0.0029963624091568354,0.006093725798397609,pooling_only,True,combat_ols
IBD,Bacteria.Bacillota.Bacilli.Erysipelotrichales.Erysipelotrichaceae.Faecalitalea,Faecalitalea,0.3195300636910876,0.15805511066797995,0.2402437682153295,4.0,15.48067672141957,0.38410973554675887,0.058812858395361774,0.08188559515046523,ns,True,combat_ols
IBD,Bacteria.Bacillota.Bacilli.Erysipelotrichales.Erysipelotrichaceae.Holdemanella,Holdemanella,-0.7676292018706982,0.05068757025944904,0.095352854943518,4.0,64.8812154524702,-0.828876132746651,8.511382737320784e-05,0.0003277787820117153,pooling_only,True,combat_ols
IBD,Bacteria.Bacillota.Bacilli.Erysipelotrichales.Erysipelotrichaceae.Holdemania,Holdemania,-0.2179098388491717,0.16393462685582672,0.24720300875084983,4.0,0.0,-0.20979477267309898,0.17732504330163537,0.22444638347969234,ns,True,combat_ols
IBD,Bacteria.Bacillota.Bacilli.Erysipelotrichales.Erysipelotrichaceae.Merdibacter,Merdibacter,0.12621427188946305,0.5219506807963914,0.6159666419336296,2.0,43.170017396323225,0.14817305210799186,0.11636977769553394,0.15487448355067385,ns,True,combat_ols
IBD,Bacteria.Bacillota.Bacilli.Erysipelotrichales.Erysipelotrichaceae.Solobacterium,Solobacterium,0.3816726382515932,0.0009173697810405188,0.004251225814578014,4.0,0.0,0.3756905781134943,0.0006922823683434258,0.001716480940687124,replicated,True,combat_ols
IBD,Bacteria.Bacillota.Bacilli.Erysipelotrichales.Erysipelotrichaceae.Turicibacter,Turicibacter,-0.3822671499582439,0.1908163034979956,0.281047268717978,3.0,0.0,-0.176384790988061,0.4061401626401381,0.46526183188522147,ns,True,combat_ols
IBD,Bacteria.Bacillota.Bacilli.Erysipelotrichales.Erysipelotrichaceae.[Clostridium] innocuum group,[Clostridium] innocuum group,0.8365112991160109,0.003643266061320753,0.012361081279481129,4.0,47.00623082470063,0.9344303724205165,2.331761747802712e-06,1.4332327704879789e-05,replicated,True,combat_ols
IBD,Bacteria.Bacillota.Bacilli.Lactobacillales.Carnobacteriaceae.Granulicatella,Granulicatella,0.7292900395796884,0.0025718777379149078,0.009755407560302947,4.0,38.26397580227415,0.7466877360730584,9.44212271668063e-06,4.618984355997822e-05,replicated,True,combat_ols
IBD,Bacteria.Bacillota.Bacilli.Lactobacillales.Enterococcaceae.Enterococcus,Enterococcus,1.3045221680507975,6.060217931683646e-05,0.0005233824577363149,3.0,0.0,0.8563283964287376,0.000427642870170561,0.0012094274922011179,replicated,True,combat_ols
IBD,Bacteria.Bacillota.Bacilli.Lactobacillales.Lactobacillaceae.Lacticaseibacillus,Lacticaseibacillus,0.6275796282405571,0.04825955186266468,0.09261934195864939,3.0,46.29767783134169,0.3388458042987316,0.029356815552498302,0.046292356898723575,pooling_only,True,combat_ols
IBD,Bacteria.Bacillota.Bacilli.Lactobacillales.Lactobacillaceae.Lactobacillus,Lactobacillus,0.5057381991022881,0.20347811700233476,0.2951209330568214,4.0,68.11313382598304,0.43838203468638576,0.04755354304407847,0.0677731597714819,ns,True,combat_ols
IBD,Bacteria.Bacillota.Bacilli.Lactobacillales.Lactobacillaceae.Leuconostoc,Leuconostoc,0.09198978604236388,0.4744653290464309,0.5741937103109673,3.0,0.0,0.14037432698620025,0.15481726271128407,0.19873705355136465,ns,True,combat_ols
IBD,Bacteria.Bacillota.Bacilli.Lactobacillales.Lactobacillaceae.Ligilactobacillus,Ligilactobacillus,0.6692383335190738,0.004261107751321631,0.014203692504405436,2.0,0.0,0.3188826508230686,0.03683601644657755,0.05556099147358781,within_only,True,combat_ols
IBD,Bacteria.Bacillota.Bacilli.Lactobacillales.Lactobacillaceae.Limosilactobacillus,Limosilactobacillus,0.9971395392137243,0.035723348295827996,0.07220676783199276,2.0,25.070144774440173,0.45760769069909285,0.0057550530690794865,0.0107388103660143,pooling_only,True,combat_ols
IBD,Bacteria.Bacillota.Bacilli.Lactobacillales.Lactobacillaceae.Weissella,Weissella,0.01210896626795823,0.9342169227199607,0.9492043599828478,2.0,0.0,,,,ns,False,combat_ols
IBD,Bacteria.Bacillota.Bacilli.Lactobacillales.Streptococcaceae.Lactococcus,Lactococcus,0.7977452257052687,0.0062902405025479415,0.01847640747630074,3.0,32.848984676885856,0.5788103977890893,0.0005706724784562653,0.0014548129380363946,replicated,True,combat_ols
IBD,Bacteria.Bacillota.Bacilli.Lactobacillales.Streptococcaceae.Streptococcus,Streptococcus,0.5187420881432846,0.06954414544818435,0.12465460033165121,4.0,56.609192812245155,0.5339335728033215,0.0013316664638400404,0.0030128953744380915,pooling_only,True,combat_ols
IBD,Bacteria.Bacillota.Bacilli.RF39.Incertae Sedis.Incertae Sedis,Incertae Sedis,-2.0367364640682206,0.0012473544109174754,0.0055115660017283795,2.0,32.477792761651536,-1.025399558407546,6.786634872004482e-10,1.0236507598606761e-08,replicated,True,combat_ols
IBD,Bacteria.Bacillota.Bacilli.Staphylococcales.Gemellaceae.Gemella,Gemella,0.6683669496491602,3.5742117703152005e-05,0.00033955011817994406,4.0,0.0,0.6330291875959205,5.098071745555258e-05,0.0002130826492523047,replicated,True,combat_ols
IBD,Bacteria.Bacillota.Bacilli.Staphylococcales.Staphylococcaceae.Staphylococcus,Staphylococcus,0.25392641099892727,0.4281383878682927,0.538717176787918,2.0,0.0,0.3041198266254119,0.0022173344260667544,0.004777827751405745,pooling_only,True,combat_ols
IBD,Bacteria.Bacillota.Clostridia.Christensenellales.Christensenellaceae.Christensenella,Christensenella,-0.23353687544626922,0.049516232659705214,0.09408084205343992,3.0,3.1597027457081204,-0.04168465157438749,0.6369126988723239,0.6821372692064535,ns,True,combat_ols
IBD,Bacteria.Bacillota.Clostridia.Christensenellales.Christensenellaceae.Christensenellaceae R-7 group,Christensenellaceae R-7 group,-2.117046218168482,1.0530449106224512e-17,2.000785330182657e-15,4.0,0.0,-2.1503631418602356,6.7558076136238556e-18,1.2228011780659178e-15,replicated,True,combat_ols
IBD,Bacteria.Bacillota.Clostridia.Christensenellales.Christensenellaceae.Incertae Sedis,Incertae Sedis,-0.5958675163028245,0.004988490470951316,0.015796886491345835,4.0,50.33285072787701,-0.5904355459413495,6.130576914782243e-05,0.0002465854270167969,replicated,True,combat_ols
IBD,Bacteria.Bacillota.Clostridia.Christensenellales.Christensenellaceae.NA,Christensenellaceae,-0.911767407208769,0.39726696129208516,0.512319836153058,2.0,84.96867651616735,-0.1843112822206406,0.10313765166206543,0.13931279814055106,ns,True,combat_ols
IBD,Bacteria.Bacillota.Clostridia.Clostridia UCG-014.Incertae Sedis.Incertae Sedis,Incertae Sedis,-1.7867981312736478,0.0006443330138667207,0.0033087370982345116,4.0,74.04001370121418,-1.4804612310763057,4.805021951836459e-10,7.906445211658174e-09,replicated,True,combat_ols
IBD,Bacteria.Bacillota.Clostridia.Clostridia vadinBB60 group.Incertae Sedis.Incertae Sedis,Incertae Sedis,-0.2163142043331466,0.37149058077022656,0.4867807610092624,3.0,59.83070977410949,-0.033683941416374895,0.732991754755691,0.7624799287975866,ns,True,combat_ols
IBD,Bacteria.Bacillota.Clostridia.Clostridiales.Clostridiaceae.Clostridium,Clostridium,-0.3117305045648396,0.220617328985786,0.3151676128368372,4.0,0.0,-0.2799405776413208,0.2505937021951142,0.310667534913121,ns,True,combat_ols
IBD,Bacteria.Bacillota.Clostridia.Eubacteriales.Anaerofustaceae.Anaerofustis,Anaerofustis,0.47185631566469177,0.0005584627553697442,0.0029474423200069834,2.0,0.0,0.341517641581954,0.0003735718254245562,0.0010732777841562645,replicated,True,combat_ols
IBD,Bacteria.Bacillota.Clostridia.Eubacteriales.Eubacteriaceae.Eubacterium,Eubacterium,0.2644686830701069,0.09913761233689518,0.16969501210819896,3.0,0.0,0.0711669903516949,0.5761209991698425,0.6244185679625239,ns,True,combat_ols
IBD,Bacteria.Bacillota.Clostridia.Lachnospirales.Defluviitaleaceae.Defluviitaleaceae UCG-011,Defluviitaleaceae UCG-011,-0.5992437584887861,0.018368134139349544,0.044742890852261706,4.0,78.0781332449596,-0.5775952950306488,2.4547080599517873e-06,1.4332327704879789e-05,replicated,True,combat_ols
IBD,Bacteria.Bacillota.Clostridia.Lachnospirales.Lachnospiraceae.Agathobacter,Agathobacter,-0.963372698698319,0.00242588619897418,0.009406497506226411,4.0,15.597794412912302,-0.987317527074314,0.0004668779070701813,0.0012427191349956297,replicated,True,combat_ols
IBD,Bacteria.Bacillota.Clostridia.Lachnospirales.Lachnospiraceae.Anaerobutyricum,Anaerobutyricum,-1.2385223402466523,0.0008798856816448908,0.004179456987813231,4.0,49.549242663976095,-1.2497430354646413,8.43221431622639e-07,5.652706634211024e-06,replicated,True,combat_ols
IBD,Bacteria.Bacillota.Clostridia.Lachnospirales.Lachnospiraceae.Anaerostipes,Anaerostipes,-0.4359493130115604,0.03230692533839026,0.06745401993729835,4.0,0.0,-0.4239937068846147,0.03373200734408074,0.05167964709175466,ns,True,combat_ols
IBD,Bacteria.Bacillota.Clostridia.Lachnospirales.Lachnospiraceae.Blautia,Blautia,-0.13082218118554034,0.4173978277088223,0.532252263521317,4.0,0.0,-0.10028627990402349,0.5138353450041124,0.5705778984401494,ns,True,combat_ols
IBD,Bacteria.Bacillota.Clostridia.Lachnospirales.Lachnospiraceae.Butyribacter,Butyribacter,-0.9755220012886725,5.444995452624395e-11,2.0690982719972704e-09,4.0,0.0,-0.9649620856286836,5.350205113874277e-11,9.683871256112442e-10,replicated,True,combat_ols
IBD,Bacteria.Bacillota.Clostridia.Lachnospirales.Lachnospiraceae.CAG-56,CAG-56,-0.8136536509782838,0.00024181945976449527,0.0014821192695243259,4.0,0.0,-0.7856501039611156,0.0002759568443374649,0.0008324698137513525,replicated,True,combat_ols
IBD,Bacteria.Bacillota.Clostridia.Lachnospirales.Lachnospiraceae.Catenibacillus,Catenibacillus,0.18581599311911362,0.2936785602451861,0.4072914339166815,2.0,0.0,0.1358718738281251,0.27125909800069437,0.3317425455278762,ns,True,combat_ols
IBD,Bacteria.Bacillota.Clostridia.Lachnospirales.Lachnospiraceae.Coprococcus,Coprococcus,-1.3890267826248037,0.0044420007737418785,0.014551381845016498,4.0,68.13168141610709,-1.5719524366699096,4.419656372352216e-09,6.153521564582701e-08,replicated,True,combat_ols
IBD,Bacteria.Bacillota.Clostridia.Lachnospirales.Lachnospiraceae.Dorea,Dorea,-0.9023974576098618,0.03121372937691064,0.06745401993729835,4.0,56.56572746750539,-1.0324685833530955,0.0001094369695447722,0.00040424676505313817,pooling_only,True,combat_ols
IBD,Bacteria.Bacillota.Clostridia.Lachnospirales.Lachnospiraceae.Eisenbergiella,Eisenbergiella,0.17096983387114395,0.5577920976402392,0.6462225521441796,4.0,31.8395131960008,0.12505603261491552,0.5583855488493678,0.6125320263135489,ns,True,combat_ols
IBD,Bacteria.Bacillota.Clostridia.Lachnospirales.Lachnospiraceae.Enterocloster,Enterocloster,0.4374238958602563,0.045741005559925836,0.08959578408645266,4.0,0.0,0.44384011431990994,0.04062325546968253,0.05977893691067104,ns,True,combat_ols
IBD,Bacteria.Bacillota.Clostridia.Lachnospirales.Lachnospiraceae.Extibacter,Extibacter,0.6814922530978308,0.1108106049189203,0.17994884559482782,4.0,62.42182701872087,0.6713026867592867,0.0055098537023561805,0.010467003484140418,pooling_only,True,combat_ols
IBD,Bacteria.Bacillota.Clostridia.Lachnospirales.Lachnospiraceae.Faecalicatena,Faecalicatena,0.33047397788989197,0.03138582039439388,0.06745401993729835,4.0,0.0,0.30185501615639904,0.04311131317775937,0.06192974353313052,ns,True,combat_ols
IBD,Bacteria.Bacillota.Clostridia.Lachnospirales.Lachnospiraceae.Faecalimonas,Faecalimonas,0.40032062122715834,0.10497270396751858,0.1778085901174956,4.0,0.0,0.4396954187138937,0.07308506248082648,0.10021512355325449,ns,True,combat_ols
IBD,Bacteria.Bacillota.Clostridia.Lachnospirales.Lachnospiraceae.Frisingicoccus,Frisingicoccus,0.171489799907217,0.4900365721899983,0.5855782938119476,4.0,50.37769713126876,0.11080482410555427,0.48501552566327155,0.5419000626237787,ns,True,combat_ols
IBD,Bacteria.Bacillota.Clostridia.Lachnospirales.Lachnospiraceae.Fusicatenibacter,Fusicatenibacter,-1.2702984529359624,9.778213401574286e-07,1.4948178486282508e-05,4.0,0.0,-1.2938623670668823,2.701560277685017e-06,1.4875828692542966e-05,replicated,True,combat_ols
IBD,Bacteria.Bacillota.Clostridia.Lachnospirales.Lachnospiraceae.GCA-900066575,GCA-900066575,-0.5683116226155074,0.15016307759524936,0.2319592255536372,4.0,79.26637289396756,-0.4822734541857143,0.00289331983905001,0.0059883520929108385,pooling_only,True,combat_ols
IBD,Bacteria.Bacillota.Clostridia.Lachnospirales.Lachnospiraceae.GCA-900066755,GCA-900066755,0.02487300745426388,0.8321978409709094,0.8640305452703432,3.0,18.473753305082496,0.09724168054254846,0.21351767502518496,0.266528959859024,ns,True,combat_ols
IBD,Bacteria.Bacillota.Clostridia.Lachnospirales.Lachnospiraceae.Hungatella,Hungatella,0.4066833178268319,0.3420090467243122,0.46086325445120085,4.0,73.74336471240214,0.4273584713405534,0.023464735279695833,0.037920688264508444,pooling_only,True,combat_ols
IBD,Bacteria.Bacillota.Clostridia.Lachnospirales.Lachnospiraceae.Lachnoclostridium,Lachnoclostridium,-0.19790428056174889,0.3626673886550519,0.4785194711420823,4.0,0.0,-0.2091783746440738,0.32302887789980506,0.38465938749911,ns,True,combat_ols
IBD,Bacteria.Bacillota.Clostridia.Lachnospirales.Lachnospiraceae.Lachnospira,Lachnospira,-0.7857446533090041,0.0016177294964653827,0.0068304134295205056,4.0,3.1730000456440117,-0.7666197753742178,0.0009788827474115794,0.0023312865431775773,replicated,True,combat_ols
IBD,Bacteria.Bacillota.Clostridia.Lachnospirales.Lachnospiraceae.Lachnospiraceae FCS020 group,Lachnospiraceae FCS020 group,-1.0171544307315323,0.0032105933611985622,0.011296532196809756,4.0,67.54071564869531,-1.052448470080503,7.906832643785446e-09,1.0222405060894042e-07,replicated,True,combat_ols
IBD,Bacteria.Bacillota.Clostridia.Lachnospirales.Lachnospiraceae.Lachnospiraceae ND3007 group,Lachnospiraceae ND3007 group,-1.3544148798868618,0.00033912534280044056,0.0020003640365634403,4.0,68.9349678735266,-1.5027825975256426,7.620326215401566e-13,2.758558089975367e-11,replicated,True,combat_ols
IBD,Bacteria.Bacillota.Clostridia.Lachnospirales.Lachnospiraceae.Lachnospiraceae NK4A136 group,Lachnospiraceae NK4A136 group,-1.225354454215111,0.009877990439449525,0.02645260898353254,4.0,76.8182517999569,-1.1398487401076391,2.2597042340523065e-07,1.63602586545387e-06,replicated,True,combat_ols
IBD,Bacteria.Bacillota.Clostridia.Lachnospirales.Lachnospiraceae.Lachnospiraceae UCG-004,Lachnospiraceae UCG-004,0.06596821653784185,0.7659095388967555,0.8120650706882283,4.0,0.0,-0.005916553423606266,0.9778703379918009,0.9827998607067148,ns,False,combat_ols
IBD,Bacteria.Bacillota.Clostridia.Lachnospirales.Lachnospiraceae.Lachnospiraceae UCG-010,Lachnospiraceae UCG-010,-0.0038364690815468638,0.9859358281035036,0.9859358281035036,4.0,0.0,-0.02296678381915648,0.9126582074783542,0.9332832517151533,ns,True,combat_ols
IBD,Bacteria.Bacillota.Clostridia.Lachnospirales.Lachnospiraceae.Lactonifactor,Lactonifactor,0.34451155993870297,0.036733897456743575,0.07346779491348715,3.0,0.0,0.2657301867443632,0.029412270957752548,0.046292356898723575,pooling_only,True,combat_ols
IBD,Bacteria.Bacillota.Clostridia.Lachnospirales.Lachnospiraceae.Marvinbryantia,Marvinbryantia,-1.033899689327006,0.0052852581860260515,0.015939667545157934,4.0,76.05425325026562,-1.0565927354413251,2.772193630644464e-08,2.7875947063702666e-07,replicated,True,combat_ols
IBD,Bacteria.Bacillota.Clostridia.Lachnospirales.Lachnospiraceae.Mediterraneibacter,Mediterraneibacter,-0.5529993850378571,0.0730913656765146,0.12978840634147454,4.0,42.257416684883395,-0.6342692980715117,0.004246423037440981,0.008446182085459532,pooling_only,True,combat_ols
IBD,Bacteria.Bacillota.Clostridia.Lachnospirales.Lachnospiraceae.NA,Lachnospiraceae,-0.7279972374144552,0.0010216314429576984,0.004621666051475302,4.0,25.855180560361408,-0.670417861930456,0.00023444136676027214,0.0007642295764989988,replicated,True,combat_ols
IBD,Bacteria.Bacillota.Clostridia.Lachnospirales.Lachnospiraceae.Oribacterium,Oribacterium,-0.029288142660311555,0.8732550964233948,0.892034775916371,2.0,0.0,,,,ns,False,combat_ols
IBD,Bacteria.Bacillota.Clostridia.Lachnospirales.Lachnospiraceae.Roseburia,Roseburia,-0.8707620015566385,0.0003888669348417487,0.0021109919319980642,4.0,0.0,-0.8851188862593828,0.0003037000879676473,0.0008866083213249057,replicated,True,combat_ols
IBD,Bacteria.Bacillota.Clostridia.Lachnospirales.Lachnospiraceae.Sellimonas,Sellimonas,0.4375160579680048,0.22821743528639382,0.3211949089215913,4.0,55.99618184431011,0.46556979375151974,0.042163378923154596,0.061052572680727855,ns,True,combat_ols
IBD,Bacteria.Bacillota.Clostridia.Lachnospirales.Lachnospiraceae.Shuttleworthia,Shuttleworthia,0.0765688888740885,0.6754427308760511,0.7418157159910388,3.0,0.0,0.07637649222577808,0.5718695819008304,0.623544544120785,ns,True,combat_ols
IBD,Bacteria.Bacillota.Clostridia.Lachnospirales.Lachnospiraceae.Tyzzerella,Tyzzerella,0.1471065725322523,0.4828098281822425,0.5805940971811777,2.0,0.0,0.18907049908097714,0.18963370171436914,0.2383590278493112,ns,True,combat_ols
IBD,Bacteria.Bacillota.Clostridia.Lachnospirales.Lachnospiraceae.UC5-1-2E3,UC5-1-2E3,-0.18322725159471132,0.6178361966379977,0.6946087417823643,2.0,72.42428622024539,,,,ns,False,combat_ols
IBD,Bacteria.Bacillota.Clostridia.Lachnospirales.Lachnospiraceae.[Eubacterium] eligens group,[Eubacterium] eligens group,-1.3270419118467098,0.00014920838564898604,0.0010136359764930665,4.0,49.9041580410235,-1.2414275737596805,5.584490040065497e-08,5.053963486259275e-07,replicated,True,combat_ols
IBD,Bacteria.Bacillota.Clostridia.Lachnospirales.Lachnospiraceae.[Eubacterium] ruminantium group,[Eubacterium] ruminantium group,-1.7560371853574628,5.208815363375956e-07,9.896749190414316e-06,2.0,0.0,-0.5508652539891165,0.00012106680719242039,0.00042175017313057013,replicated,True,combat_ols
IBD,Bacteria.Bacillota.Clostridia.Lachnospirales.Lachnospiraceae.[Eubacterium] ventriosum group,[Eubacterium] ventriosum group,-0.9527013658681667,0.005095064300246627,0.01586987241060425,4.0,56.13740270085573,-0.8587907505664302,2.9471198500744704e-05,0.0001270068316341617,replicated,True,combat_ols
IBD,Bacteria.Bacillota.Clostridia.Lachnospirales.Lachnospiraceae.[Eubacterium] xylanophilum group,[Eubacterium] xylanophilum group,-0.7588330898092435,4.516026400670138e-05,0.00040859286482253633,4.0,0.0,-0.7746145271650194,1.6170377770677827e-05,7.317095941231718e-05,replicated,True,combat_ols
IBD,Bacteria.Bacillota.Clostridia.Lachnospirales.Lachnospiraceae.[Ruminococcus] gauvreauii group,[Ruminococcus] gauvreauii group,-0.6243669288334663,0.1088995371271199,0.17944711121050044,4.0,56.53079030616326,-0.6856672393039616,0.007252730745137139,0.012870041812449237,pooling_only,True,combat_ols
IBD,Bacteria.Bacillota.Clostridia.Lachnospirales.Lachnospiraceae.[Ruminococcus] gnavus group,[Ruminococcus] gnavus group,1.2326052270143857,0.060487487241969076,0.1094535483426107,4.0,75.59873945187974,1.384697131567726,3.5953626895543297e-06,1.914001902380393e-05,pooling_only,True,combat_ols
IBD,Bacteria.Bacillota.Clostridia.Monoglobales.Monoglobaceae.Monoglobus,Monoglobus,-0.8673241922090309,7.830979570242661e-05,0.0006469070079765676,4.0,0.0,-0.8923485364052121,0.00010115997310171973,0.00038145739857106816,replicated,True,combat_ols
IBD,Bacteria.Bacillota.Clostridia.NA.NA.NA,Clostridia,-0.7184885527877499,1.4895428115469576e-05,0.00016647831423171878,4.0,8.060331793405455,-0.7740012916669962,5.864839065419084e-07,4.0828302724648235e-06,replicated,True,combat_ols
IBD,Bacteria.Bacillota.Clostridia.Oscillospirales.Butyricicoccaceae.Agathobaculum,Agathobaculum,-0.8816296252417487,0.009723363685246364,0.02645260898353254,4.0,51.95422301768073,-0.7607246635781516,0.0002711716841634873,0.0008318995734506984,replicated,True,combat_ols
IBD,Bacteria.Bacillota.Clostridia.Oscillospirales.Butyricicoccaceae.UCG-009,UCG-009,-0.06920680707082945,0.7950731735140566,0.8300214448773119,3.0,68.2553089931379,-0.21246466037985146,0.05491906098103115,0.0770569770354003,ns,True,combat_ols
IBD,Bacteria.Bacillota.Clostridia.Oscillospirales.Ethanoligenenaceae.Acetanaerobacterium,Acetanaerobacterium,0.22240934984867036,0.10574931938566844,0.1778085901174956,2.0,0.0,0.19015260423837613,0.014160751823227697,0.02351464293581847,pooling_only,True,combat_ols
IBD,Bacteria.Bacillota.Clostridia.Oscillospirales.NA.NA,Oscillospirales,-0.4246382364394702,0.30891662777472595,0.4253199947623038,3.0,74.0801886592234,-0.3215994501514863,0.00713184006922712,0.012780822302278304,pooling_only,True,combat_ols
IBD,Bacteria.Bacillota.Clostridia.Oscillospirales.Oscillospiraceae.Colidextribacter,Colidextribacter,-0.14979031307329257,0.46162863425010636,0.5622400032533347,4.0,0.0,-0.18459783194950216,0.3406062987409122,0.40293947759545823,ns,True,combat_ols
IBD,Bacteria.Bacillota.Clostridia.Oscillospirales.Oscillospiraceae.Flavonifractor,Flavonifractor,0.8674252552896585,0.02687025639081201,0.06077796088397955,4.0,68.14933197063925,0.8192170507933592,2.589250627797335e-05,0.00011430594234910187,pooling_only,True,combat_ols
IBD,Bacteria.Bacillota.Clostridia.Oscillospirales.Oscillospiraceae.Incertae Sedis,Incertae Sedis,-0.9968440309555389,6.89253818957943e-06,8.730548373467278e-05,4.0,0.0,-0.9966400768681671,4.013621768477038e-06,2.0756158288409824e-05,replicated,True,combat_ols
IBD,Bacteria.Bacillota.Clostridia.Oscillospirales.Oscillospiraceae.Intestinimonas,Intestinimonas,-0.6107499511355036,0.004755434493235368,0.015314111079910505,4.0,0.0,-0.6231986541663592,0.0027586915831774605,0.005806083448315353,replicated,True,combat_ols
IBD,Bacteria.Bacillota.Clostridia.Oscillospirales.Oscillospiraceae.NA,Oscillospiraceae,-0.0675249407330551,0.5526595561572172,0.6442043906127072,4.0,0.0,-0.07025745858679601,0.5554253221453107,0.6125320263135489,ns,True,combat_ols
IBD,Bacteria.Bacillota.Clostridia.Oscillospirales.Oscillospiraceae.NK4A214 group,NK4A214 group,-1.5274722140216108,1.8922474303739594e-05,0.00018922474303739592,4.0,56.99048803591569,-1.4476616819498282,1.9112794871507858e-11,4.942022673918461e-10,replicated,True,combat_ols
IBD,Bacteria.Bacillota.Clostridia.Oscillospirales.Oscillospiraceae.Oscillibacter,Oscillibacter,-0.32209614720348556,0.09555862458078546,0.16505580609408396,4.0,0.0,-0.35721155082936434,0.05105157269995489,0.07219011452102997,ns,True,combat_ols
IBD,Bacteria.Bacillota.Clostridia.Oscillospirales.Oscillospiraceae.Oscillospira,Oscillospira,0.32913110566337433,0.019038278882776375,0.04536852792541905,4.0,0.0,0.3241352197265291,0.022443373274858278,0.036596851916660796,replicated,True,combat_ols
IBD,Bacteria.Bacillota.Clostridia.Oscillospirales.Oscillospiraceae.UCG-002,UCG-002,-1.8974024793852655,4.2680910500603834e-12,2.7031243317049094e-10,4.0,5.819521265058605,-1.9202722405395236,3.907865741234634e-14,3.5366184958173437e-12,replicated,True,combat_ols
IBD,Bacteria.Bacillota.Clostridia.Oscillospirales.Oscillospiraceae.UCG-003,UCG-003,-0.9375872019973138,1.0758110224594936e-07,2.555051178341297e-06,4.0,0.0,-0.9223989393331566,1.3888564979740639e-07,1.0474292755554399e-06,replicated,True,combat_ols
IBD,Bacteria.Bacillota.Clostridia.Oscillospirales.Oscillospiraceae.UCG-005,UCG-005,-1.6084160072589206,1.2752001528969595e-12,1.2114401452521116e-10,4.0,0.0,-1.5954263243052391,2.8760311526014225e-13,1.7352054620695248e-11,replicated,True,combat_ols
IBD,Bacteria.Bacillota.Clostridia.Oscillospirales.Ruminococcaceae.Acutalibacter,Acutalibacter,-0.51725653200246,0.0036140690260771297,0.012361081279481129,4.0,0.0,-0.5295424521206071,0.0022062783153203856,0.004777827751405745,replicated,True,combat_ols
IBD,Bacteria.Bacillota.Clostridia.Oscillospirales.Ruminococcaceae.Anaerofilum,Anaerofilum,-0.1646527021953319,0.42744188197514266,0.538717176787918,3.0,54.44735783794952,-0.19501593043855656,0.031379123550184455,0.04896225312571885,pooling_only,True,combat_ols
IBD,Bacteria.Bacillota.Clostridia.Oscillospirales.Ruminococcaceae.Anaerotruncus,Anaerotruncus,0.08029821218764706,0.6826372284847169,0.7454084678856104,4.0,47.58557953672334,0.01175955780670694,0.9241196200247823,0.9396946698004809,ns,True,combat_ols
IBD,Bacteria.Bacillota.Clostridia.Oscillospirales.Ruminococcaceae.Angelakisella,Angelakisella,-0.5056998807340181,0.10955718368641079,0.17944711121050044,3.0,70.44511392339692,-0.23942161814285903,0.028610098582687878,0.045826795074924834,pooling_only,True,combat_ols
IBD,Bacteria.Bacillota.Clostridia.Oscillospirales.Ruminococcaceae.CAG-352,CAG-352,-0.41909792641935545,0.23470554632201202,0.327897454420458,3.0,53.825340272029685,-0.2825822746418838,0.09438642277120311,0.1284506956510358,ns,True,combat_ols
IBD,Bacteria.Bacillota.Clostridia.Oscillospirales.Ruminococcaceae.Candidatus Soleaferrea,Candidatus Soleaferrea,0.04137678654811848,0.7302695722974317,0.7903677349986339,4.0,0.0,0.030277796167749275,0.7977594772482172,0.8251112307538704,ns,True,combat_ols
IBD,Bacteria.Bacillota.Clostridia.Oscillospirales.Ruminococcaceae.DTU089,DTU089,0.04772843638278702,0.7321301124197872,0.7903677349986339,4.0,0.0,0.06915400041682493,0.6758064168521507,0.7111683805246469,ns,True,combat_ols
IBD,Bacteria.Bacillota.Clostridia.Oscillospirales.Ruminococcaceae.Faecalibacterium,Faecalibacterium,-0.9530040026206256,0.03144554884123184,0.06745401993729835,4.0,64.37674960649021,-1.0775814662609258,0.00012050177458911226,0.00042175017313057013,pooling_only,True,combat_ols
IBD,Bacteria.Bacillota.Clostridia.Oscillospirales.Ruminococcaceae.Fournierella,Fournierella,-0.24479284821448416,0.4497696838779842,0.5549106489403701,4.0,76.35614883696223,-0.12086320543570006,0.38685283599957054,0.44960546820629976,ns,True,combat_ols
IBD,Bacteria.Bacillota.Clostridia.Oscillospirales.Ruminococcaceae.Gemmiger,Gemmiger,-2.291040683008908,1.8637014068442176e-05,0.00018922474303739592,4.0,67.57025324267089,-2.1096997873022367,7.213156003691317e-13,2.758558089975367e-11,replicated,True,combat_ols
IBD,Bacteria.Bacillota.Clostridia.Oscillospirales.Ruminococcaceae.Hydrogenoanaerobacterium,Hydrogenoanaerobacterium,0.29683152803047824,0.10706004187893572,0.17843340313155956,3.0,38.32991298231946,0.2456384764524107,0.00769342513109441,0.013519514065321245,pooling_only,True,combat_ols
IBD,Bacteria.Bacillota.Clostridia.Oscillospirales.Ruminococcaceae.Incertae Sedis,Incertae Sedis,-0.9864874713828552,9.41789590057002e-08,2.555051178341297e-06,4.0,0.0,-0.9858209699149387,1.1750052919886875e-07,9.246780776084888e-07,replicated,True,combat_ols
IBD,Bacteria.Bacillota.Clostridia.Oscillospirales.Ruminococcaceae.NA,Ruminococcaceae,-1.094539690087927,0.059389252133662127,0.10849959524419042,4.0,80.67254584699764,-0.8757030303243936,0.0002245355718366766,0.0007526099722673789,pooling_only,True,combat_ols
IBD,Bacteria.Bacillota.Clostridia.Oscillospirales.Ruminococcaceae.Negativibacillus,Negativibacillus,0.3781284901170907,0.20054748439343306,0.2931078618057868,4.0,50.90084274142011,0.27351919185539575,0.14701573988128958,0.1914377620036936,ns,True,combat_ols
IBD,Bacteria.Bacillota.Clostridia.Oscillospirales.Ruminococcaceae.Paludicola,Paludicola,-0.35012857007213943,0.35056430023149454,0.46844020531976127,3.0,77.37301182195637,-0.4375540064203605,0.0002488672764205199,0.00077663753503645,pooling_only,True,combat_ols
IBD,Bacteria.Bacillota.Clostridia.Oscillospirales.Ruminococcaceae.Phocea,Phocea,0.0932108928130474,0.3989780649756891,0.512319836153058,3.0,0.0,0.12305909896172852,0.16574296255240695,0.21126391705623704,ns,True,combat_ols
IBD,Bacteria.Bacillota.Clostridia.Oscillospirales.Ruminococcaceae.Ruminococcus,Ruminococcus,-1.806494346048651,4.529502516874965e-11,2.0690982719972704e-09,4.0,0.0,-1.8705038365350446,3.847234563427787e-11,7.737216177560327e-10,replicated,True,combat_ols
IBD,Bacteria.Bacillota.Clostridia.Oscillospirales.Ruminococcaceae.Ruthenibacterium,Ruthenibacterium,-0.5604656421281754,0.00833618753631378,0.023639934804471914,4.0,1.546434594516643,-0.5554416554381809,0.006642551863110545,0.012023018872230085,replicated,True,combat_ols
IBD,Bacteria.Bacillota.Clostridia.Oscillospirales.Ruminococcaceae.Subdoligranulum,Subdoligranulum,0.01866993411560218,0.9574889267625188,0.9625550057400983,3.0,56.73082391742882,0.07067958957650171,0.6536668376730386,0.6959629271695292,ns,True,combat_ols
IBD,Bacteria.Bacillota.Clostridia.Oscillospirales.Ruminococcaceae.[Clostridium] methylpentosum group,[Clostridium] methylpentosum group,0.7313019258926678,2.7533119474660674e-06,3.7366376429896634e-05,3.0,0.0,0.4797726346742889,5.1799097055808875e-05,0.0002130826492523047,replicated,True,combat_ols
IBD,Bacteria.Bacillota.Clostridia.Oscillospirales.Ruminococcaceae.[Eubacterium] siraeum group,[Eubacterium] siraeum group,-0.9577663903192841,0.001451482723102932,0.006267766304308115,4.0,46.1060909743971,-1.0352091042491338,7.597379017222277e-08,6.548217152939201e-07,replicated,True,combat_ols
IBD,Bacteria.Bacillota.Clostridia.Oscillospirales.UCG-010.Incertae Sedis,Incertae Sedis,-0.6598462540741624,0.01559105723701636,0.040031092905852814,4.0,69.72856142211174,-0.7171289239959632,3.6912707037466455e-08,3.5164210388323307e-07,replicated,True,combat_ols
IBD,Bacteria.Bacillota.Clostridia.Oscillospirales.[Eubacterium] coprostanoligenes group.Incertae Sedis,Incertae Sedis,-1.442834231629352,4.870604269373276e-07,9.896749190414316e-06,4.0,14.246204313344176,-1.477941099538557,2.4537789444268854e-08,2.612552876125096e-07,replicated,True,combat_ols
IBD,Bacteria.Bacillota.Clostridia.Peptococcales.Peptococcaceae.Incertae Sedis,Incertae Sedis,-0.2626684782484579,0.016256306577128597,0.04118264332872578,4.0,0.0,-0.2744083552579165,0.013321126943482637,0.022334036562208816,replicated,True,combat_ols
IBD,Bacteria.Bacillota.Clostridia.Peptococcales.Peptococcaceae.Peptococcus,Peptococcus,-0.12895549847158302,0.31423168110244426,0.4295253194925497,4.0,0.0,-0.1293365834913191,0.3118126737942069,0.37625395971167636,ns,True,combat_ols
IBD,Bacteria.Bacillota.Clostridia.Peptostreptococcales-Tissierellales.Anaerovoracaceae.Family XIII AD3011 group,Family XIII AD3011 group,-1.028556385870274,0.019102538073860652,0.04536852792541905,4.0,79.21417671736305,-1.2237705942556705,2.8058125851507673e-11,6.348150973903612e-10,replicated,True,combat_ols
IBD,Bacteria.Bacillota.Clostridia.Peptostreptococcales-Tissierellales.Anaerovoracaceae.Family XIII UCG-001,Family XIII UCG-001,-0.4370186149972628,0.12364474862756773,0.1957708519936489,4.0,75.81556732896486,-0.5668915653881078,8.96181858348098e-06,4.5058032322501597e-05,pooling_only,True,combat_ols
IBD,Bacteria.Bacillota.Clostridia.Peptostreptococcales-Tissierellales.Anaerovoracaceae.Incertae Sedis,Incertae Sedis,-0.2412809008107455,0.14082692027715696,0.21932061354639198,2.0,0.0,,,,ns,False,combat_ols
IBD,Bacteria.Bacillota.Clostridia.Peptostreptococcales-Tissierellales.Anaerovoracaceae.Mogibacterium,Mogibacterium,0.15592565298919128,0.4476624507830754,0.5549106489403701,3.0,39.067314609530065,0.13945728476953206,0.25605075396657256,0.3152733773329907,ns,True,combat_ols
IBD,Bacteria.Bacillota.Clostridia.Peptostreptococcales-Tissierellales.Anaerovoracaceae.NA,Anaerovoracaceae,-0.02647234172282142,0.859165541175433,0.8823862314774716,2.0,0.0,0.01225468680701575,0.9054774929736824,0.9312012853877075,ns,False,combat_ols
IBD,Bacteria.Bacillota.Clostridia.Peptostreptococcales-Tissierellales.Anaerovoracaceae.[Eubacterium] brachy group,[Eubacterium] brachy group,0.08783832463626476,0.745908016360054,0.8006922209514704,3.0,68.55001585261584,0.0607166954164209,0.6738101837096219,0.7111683805246469,ns,True,combat_ols
IBD,Bacteria.Bacillota.Clostridia.Peptostreptococcales-Tissierellales.Family XI.Anaerococcus,Anaerococcus,0.8346821363666633,1.0851068712242895e-09,3.4361717588769167e-08,3.0,0.0,0.7416426096421127,1.8997623544958682e-11,4.942022673918461e-10,replicated,True,combat_ols
IBD,Bacteria.Bacillota.Clostridia.Peptostreptococcales-Tissierellales.Family XI.Finegoldia,,,,,,,0.42991749114080413,2.3950099642275127e-06,1.4332327704879789e-05,pooling_only,False,combat_ols
IBD,Bacteria.Bacillota.Clostridia.Peptostreptococcales-Tissierellales.Family XI.Parvimonas,Parvimonas,0.14336851594412967,0.5788607867099755,0.6625515028608153,3.0,55.139001159166455,0.24209245068817328,0.04123562127111612,0.060190705242516275,ns,True,combat_ols
IBD,Bacteria.Bacillota.Clostridia.Peptostreptococcales-Tissierellales.Family XI.Peptoniphilus,Peptoniphilus,0.5781992388972717,0.002751182891034803,0.010052399024934856,4.0,55.330661090401314,0.6738105816924653,1.583513166265354e-08,1.8216622014369297e-07,replicated,True,combat_ols
IBD,Bacteria.Bacillota.Clostridia.Peptostreptococcales-Tissierellales.Peptostreptococcaceae.Intestinibacter,Intestinibacter,0.2182007841030344,0.6085086816556651,0.6881943423486688,4.0,59.08642633190888,0.38468688721020244,0.12058290949846981,0.15931026729359882,ns,True,combat_ols
IBD,Bacteria.Bacillota.Clostridia.Peptostreptococcales-Tissierellales.Peptostreptococcaceae.Peptostreptococcus,Peptostreptococcus,0.7098518887949385,8.009315560202883e-07,1.3834272331259524e-05,3.0,0.0,0.6840661192478357,1.6103091283420372e-08,1.8216622014369297e-07,replicated,True,combat_ols
IBD,Bacteria.Bacillota.Clostridia.Peptostreptococcales-Tissierellales.Peptostreptococcaceae.Romboutsia,Romboutsia,-0.7560470333398378,9.018491561350583e-05,0.0007139639152735878,4.0,0.0,-0.8015430657112511,0.0010712959086846253,0.0025182410321028205,replicated,True,combat_ols
IBD,Bacteria.Bacillota.Clostridia.Peptostreptococcales-Tissierellales.Peptostreptococcaceae.Terrisporobacter,Terrisporobacter,0.23705485640846782,0.3525628913722414,0.46844020531976127,3.0,0.0,0.3073097483905782,0.11156539152913976,0.14958026567980962,ns,True,combat_ols
IBD,Bacteria.Bacillota.NA.NA.NA.NA,Bacteria.Bacillota.NA.NA.NA.NA,-0.308524672139245,0.011782827822574404,0.0306676340587553,4.0,23.60684056079018,-0.314357645144149,0.0029114640009732253,0.0059883520929108385,replicated,True,combat_ols
IBD,Bacteria.Bacillota.Negativicutes.Acidaminococcales.Acidaminococcaceae.Acidaminococcus,Acidaminococcus,0.4670684121539344,0.018331155543308726,0.044742890852261706,4.0,0.0,0.5143393095026423,0.009366208006327276,0.016145558563287973,replicated,True,combat_ols
IBD,Bacteria.Bacillota.Negativicutes.Acidaminococcales.Acidaminococcaceae.Phascolarctobacterium,Phascolarctobacterium,-0.8067784811294157,0.032219205666948206,0.06745401993729835,4.0,50.71831415599723,-0.7934106419593651,0.00029041474604617597,0.0008617224431861942,pooling_only,True,combat_ols
IBD,Bacteria.Bacillota.Negativicutes.Veillonellales-Selenomonadales.Veillonellaceae.Dialister,Dialister,0.8042980367146495,0.03384864589892567,0.06990481218256388,4.0,19.80869174711744,0.8464616080757168,0.006295022614676389,0.011509081750064912,pooling_only,True,combat_ols
IBD,Bacteria.Bacillota.Negativicutes.Veillonellales-Selenomonadales.Veillonellaceae.Incertae Sedis,Incertae Sedis,0.9956526602935498,0.0020398133358923527,0.008425315952598848,2.0,0.0,,,,within_only,False,combat_ols
IBD,Bacteria.Bacillota.Negativicutes.Veillonellales-Selenomonadales.Veillonellaceae.Megasphaera,Megasphaera,-0.18948191976562692,0.6273111947623341,0.6970124386248157,4.0,62.95103687219444,-0.1791992728124778,0.38892014534552755,0.44960546820629976,ns,True,combat_ols
IBD,Bacteria.Bacillota.Negativicutes.Veillonellales-Selenomonadales.Veillonellaceae.Veillonella,Veillonella,0.8060576114142625,0.005218783746282314,0.015939667545157934,4.0,22.783437908887656,0.7565792523826456,0.001248629202977949,0.002860783363784921,replicated,True,combat_ols
IBD,Bacteria.Bacteroidota.Bacteroidia.Bacteroidales.Bacteroidaceae.Bacteroides,Bacteroides,0.010694780751735094,0.9551463935239575,0.9625550057400983,4.0,0.0,-0.0045164628901664715,0.9827998607067148,0.9827998607067148,ns,False,combat_ols
IBD,Bacteria.Bacteroidota.Bacteroidia.Bacteroidales.Barnesiellaceae.Barnesiella,Barnesiella,-0.690446926019211,0.0007340334885531276,0.0036641382370163522,4.0,0.0,-0.7261478304307731,0.0002364467198007952,0.0007642295764989988,replicated,True,combat_ols
IBD,Bacteria.Bacteroidota.Bacteroidia.Bacteroidales.Barnesiellaceae.Coprobacter,Coprobacter,0.12569947826228794,0.6423742818852525,0.7095994974313835,3.0,59.013920680397945,0.03558861883137104,0.7319534626739713,0.7624799287975866,ns,True,combat_ols
IBD,Bacteria.Bacteroidota.Bacteroidia.Bacteroidales.Marinifilaceae.Butyricimonas,Butyricimonas,-0.38038333558015114,0.13705128673248126,0.21520449982786316,4.0,57.40919902208253,-0.48961046702111727,0.0006599495408778702,0.0016590398180402015,pooling_only,True,combat_ols
IBD,Bacteria.Bacteroidota.Bacteroidia.Bacteroidales.Marinifilaceae.Odoribacter,Odoribacter,-0.585526415153612,0.022023505946196977,0.05041525457563163,4.0,48.97705956143906,-0.7185508815747454,1.3645611501611741e-05,6.36345374437086e-05,pooling_only,True,combat_ols
IBD,Bacteria.Bacteroidota.Bacteroidia.Bacteroidales.Muribaculaceae.Incertae Sedis,Incertae Sedis,-0.7374257770899767,0.00014937793337792556,0.0010136359764930665,3.0,0.0,-0.5835340772669491,0.00046082350283044597,0.0012427191349956297,replicated,True,combat_ols
IBD,Bacteria.Bacteroidota.Bacteroidia.Bacteroidales.Porphyromonadaceae.Porphyromonas,Porphyromonas,0.5788209842478491,0.031002463684478426,0.06745401993729835,3.0,47.994568237206266,0.4835024179733931,1.3711309172953787e-05,6.36345374437086e-05,pooling_only,True,combat_ols
IBD,Bacteria.Bacteroidota.Bacteroidia.Bacteroidales.Prevotellaceae.Hoylesella,Hoylesella,0.4344791189380447,0.39907018816132933,0.512319836153058,2.0,67.66426636332604,,,,ns,False,combat_ols
IBD,Bacteria.Bacteroidota.Bacteroidia.Bacteroidales.Prevotellaceae.Incertae Sedis,Incertae Sedis,0.3405872646911293,0.18909926501571828,0.28069422150770684,2.0,0.0,,,,ns,False,combat_ols
IBD,Bacteria.Bacteroidota.Bacteroidia.Bacteroidales.Prevotellaceae.Paraprevotella,Paraprevotella,-0.568712874194223,0.002254006241776611,0.008922108040365752,4.0,0.0,-0.5753603678187644,0.001388188855543619,0.0031020022574493214,replicated,True,combat_ols
IBD,Bacteria.Bacteroidota.Bacteroidia.Bacteroidales.Prevotellaceae.Prevotella,Prevotella,0.36802962738529843,0.17945419922806682,0.26847478624671417,3.0,39.94630215398934,0.2917339832230773,0.005287929725717794,0.010182077450584264,pooling_only,True,combat_ols
IBD,Bacteria.Bacteroidota.Bacteroidia.Bacteroidales.Prevotellaceae.Segatella,Segatella,-0.6456666074172326,0.006652485382867845,0.01915109428401349,4.0,0.0,-0.6837096909450473,0.002519128198209559,0.005364261222069767,replicated,True,combat_ols
IBD,Bacteria.Bacteroidota.Bacteroidia.Bacteroidales.Rikenellaceae.Alistipes,Alistipes,-1.119101808385671,1.0845756451141186e-05,0.00012879335785730158,4.0,0.0,-1.187887233312134,1.6277220912378385e-06,1.0522060661216027e-05,replicated,True,combat_ols
IBD,Bacteria.Bacteroidota.Bacteroidia.Bacteroidales.Tannerellaceae.Parabacteroides,Parabacteroides,-0.857699994683125,0.0007521125854928302,0.0036641382370163522,4.0,0.0,-0.8660147845048846,0.00045170868925596545,0.0012387768599292385,replicated,True,combat_ols
IBD,Bacteria.Campylobacterota.Campylobacteria.Campylobacterales.Campylobacteraceae.Campylobacter,Campylobacter,0.3032399261816994,0.32529274028686395,0.44146871896074397,2.0,39.510054055843966,,,,ns,False,combat_ols
IBD,Bacteria.Cyanobacteriota.Cyanobacteriia.Chloroplast.Incertae Sedis.Incertae Sedis,Incertae Sedis,0.521412028905454,0.09066471944205683,0.15803941921092474,2.0,0.0,0.24711544400265617,0.008650485914330278,0.015055172600901733,pooling_only,True,combat_ols
IBD,Bacteria.Cyanobacteriota.Vampirivibrionia.Gastranaerophilales.Gastranaerophilaceae.CAG-196,CAG-196,-0.5509367411659362,0.22578889904755484,0.3201484389480255,2.0,35.65189641500464,,,,ns,False,combat_ols
IBD,Bacteria.Fusobacteriota.Fusobacteriia.Fusobacteriales.Fusobacteriaceae.Fusobacterium,Fusobacterium,0.8328014869605211,0.00012507716145547434,0.0009505864270616051,4.0,0.0,0.8205554115867321,0.00016501731572217664,0.0005635497008625278,replicated,True,combat_ols
IBD,Bacteria.NA.NA.NA.NA.NA,Bacteria.NA.NA.NA.NA.NA,0.1860527632301974,0.4440536291207038,0.5549106489403701,3.0,0.0,0.00407278013792729,0.9729548427873551,0.9827998607067148,ns,True,combat_ols
IBD,Bacteria.Pseudomonadota.Alphaproteobacteria.Rhodospirillales.Incertae Sedis.Incertae Sedis,Incertae Sedis,-0.4124145043952529,0.00209245068006114,0.008458843174715246,3.0,0.0,-0.3406496994915778,0.004402617908243626,0.008661672189044525,replicated,True,combat_ols
IBD,Bacteria.Pseudomonadota.Alphaproteobacteria.Rickettsiales.Mitochondria.Incertae Sedis,Incertae Sedis,0.45966776817382377,0.009509163759911492,0.02645260898353254,3.0,0.0,0.18687422375075738,0.03313235186107728,0.0512560315115811,within_only,True,combat_ols
IBD,Bacteria.Pseudomonadota.Gammaproteobacteria.Burkholderiales.Sutterellaceae.Parasutterella,Parasutterella,0.19930692090319965,0.45281738277956485,0.5550664692136601,4.0,0.0,0.18482905413342482,0.463875748408045,0.5247594403866009,ns,True,combat_ols
IBD,Bacteria.Pseudomonadota.Gammaproteobacteria.Burkholderiales.Sutterellaceae.Sutterella,Sutterella,0.12466967471394909,0.7765537859713609,0.815166957649495,4.0,68.06864160735044,-0.15630125911996273,0.48287447735717126,0.5419000626237787,ns,False,combat_ols
IBD,Bacteria.Pseudomonadota.Gammaproteobacteria.Enterobacterales.Enterobacteriaceae.Escherichia-Shigella,Escherichia-Shigella,0.8540992198667061,0.053781557358065286,0.09920869803914956,4.0,53.0490308662526,0.9837255885566388,0.0005064430348955507,0.001309516990229924,pooling_only,True,combat_ols
IBD,Bacteria.Pseudomonadota.Gammaproteobacteria.Enterobacterales.Enterobacteriaceae.Klebsiella,Klebsiella,0.6752078663117923,0.0026185567661865805,0.009755407560302947,4.0,0.0,0.6964522227501515,0.004665840285351089,0.009080828942457497,replicated,True,combat_ols
IBD,Bacteria.Pseudomonadota.Gammaproteobacteria.Enterobacterales.Pasteurellaceae.Haemophilus,Haemophilus,0.4451067575715619,0.03188279854764839,0.06745401993729835,4.0,0.0,0.43467582544811983,0.040321463807693136,0.05977893691067104,ns,True,combat_ols
IBD,Bacteria.Pseudomonadota.Gammaproteobacteria.Enterobacterales.Pasteurellaceae.Mannheimia,Mannheimia,0.11487009870930052,0.5722592606501834,0.6589652092335445,2.0,0.0,,,,ns,False,combat_ols
IBD,Bacteria.Pseudomonadota.Gammaproteobacteria.Enterobacterales.Shewanellaceae.Shewanella,,,,,,,0.2625095365939571,0.0008905537748503514,0.0021492031099721812,pooling_only,False,combat_ols
IBD,Bacteria.Pseudomonadota.Gammaproteobacteria.Pseudomonadales.Halomonadaceae.Halomonas,,,,,,,0.20822422191436055,0.0011340655756892466,0.002631613707689149,pooling_only,False,combat_ols
IBD,Bacteria.Pseudomonadota.Gammaproteobacteria.Pseudomonadales.Moraxellaceae.Acinetobacter,Acinetobacter,0.11923213915087746,0.5434181189398579,0.6373422382627963,2.0,0.0,,,,ns,False,combat_ols
IBD,Bacteria.Pseudomonadota.Gammaproteobacteria.Pseudomonadales.Pseudomonadaceae.Pseudomonas,Pseudomonas,0.1432649432710203,0.606413690698703,0.6881943423486688,2.0,32.27791987575413,0.13322366874358257,0.14452441718481554,0.18955738775689573,ns,True,combat_ols
IBD,Bacteria.Pseudomonadota.NA.NA.NA.NA,Bacteria.Pseudomonadota.NA.NA.NA.NA,0.07156828578487082,0.7693248038099004,0.8120650706882283,2.0,0.0,,,,ns,False,combat_ols
IBD,Bacteria.Thermodesulfobacteriota.Desulfovibrionia.Desulfovibrionales.Desulfovibrionaceae.Bilophila,Bilophila,-0.4577152272206245,0.04678066524104179,0.09069720812038713,4.0,0.0,-0.4735462790763343,0.03397722654098787,0.05167964709175466,ns,True,combat_ols
IBD,Bacteria.Thermodesulfobacteriota.Desulfovibrionia.Desulfovibrionales.Desulfovibrionaceae.Desulfovibrio,Desulfovibrio,-0.42633803190295205,0.12355966927704637,0.1957708519936489,4.0,48.066982552116365,-0.4341346729572261,0.010136554436582198,0.017308644839824323,pooling_only,True,combat_ols
IBD,Bacteria.Verrucomicrobiota.Verrucomicrobiia.Verrucomicrobiales.Akkermansiaceae.Akkermansia,Akkermansia,-1.3838416530703976,1.0227701069561716e-06,1.4948178486282508e-05,4.0,8.450438305373119,-1.393200554098984,8.263056847721674e-08,6.798242224716468e-07,replicated,True,combat_ols
NAFLD,Archaea.Methanobacteriota.Methanobacteria.Methanobacteriales.Methanobacteriaceae.Methanobrevibacter,,,,,,,0.16167379063496,0.2997781582038951,0.623996067614586,ns,False,combat_ols
NAFLD,Bacteria.Actinomycetota.Actinobacteria.Actinomycetales.Actinomycetaceae.Mobiluncus,,,,,,,0.31229108286213036,0.04790394433238742,0.20832645558503365,ns,False,combat_ols
NAFLD,Bacteria.Actinomycetota.Actinobacteria.Actinomycetales.Actinomycetaceae.Schaalia,Schaalia,0.043625639153198746,0.908092706006076,0.9677927019920806,2.0,0.0,0.01957081214685285,0.9283080164634399,0.9919634233066472,ns,True,combat_ols
NAFLD,Bacteria.Actinomycetota.Actinobacteria.Actinomycetales.Actinomycetaceae.Varibaculum,,,,,,,0.24689028009808917,0.14772667120395153,0.4436360120945444,ns,False,combat_ols
NAFLD,Bacteria.Actinomycetota.Actinobacteria.Bifidobacteriales.Bifidobacteriaceae.Bifidobacterium,Bifidobacterium,-0.31485610337671144,0.3890283371490808,0.7800863541706362,3.0,0.0,-0.3694189451554331,0.254366663710738,0.5800800745598538,ns,True,combat_ols
NAFLD,Bacteria.Actinomycetota.Actinobacteria.Bifidobacteriales.Bifidobacteriaceae.Gardnerella,Gardnerella,-1.0288644268128342,0.006093321101077718,0.07249730173434588,2.0,7.98210975577391,-0.18431178360591957,0.4367817874366502,0.7562795763949406,ns,True,combat_ols
NAFLD,Bacteria.Actinomycetota.Actinobacteria.Micrococcales.Micrococcaceae.Rothia,Rothia,-0.04474569267979864,0.9464739825715595,0.9677927019920806,2.0,76.97244937857403,-0.002590255544750164,0.9887204723331529,0.9998479534972623,ns,True,combat_ols
NAFLD,Bacteria.Actinomycetota.Actinobacteria.Mycobacteriales.Corynebacteriaceae.Corynebacterium,,,,,,,0.2438557625541546,0.23549155873134217,0.5504615185345123,ns,False,combat_ols
NAFLD,Bacteria.Actinomycetota.Actinobacteria.Mycobacteriales.Corynebacteriaceae.Lawsonella,,,,,,,0.22759422735504026,0.10652426460660083,0.3830776438737376,ns,False,combat_ols
NAFLD,Bacteria.Actinomycetota.Coriobacteriia.Coriobacteriales.Atopobiaceae.Atopobium,,,,,,,-0.0445645656539885,0.7948549104276769,0.9507697635244861,ns,False,combat_ols
NAFLD,Bacteria.Actinomycetota.Coriobacteriia.Coriobacteriales.Atopobiaceae.Lancefieldella,Lancefieldella,0.3735608700316507,0.04744342298149388,0.23415624890866332,2.0,0.0,,,,ns,False,combat_ols
NAFLD,Bacteria.Actinomycetota.Coriobacteriia.Coriobacteriales.Coriobacteriaceae.Collinsella,Collinsella,-0.38408335245518993,0.6677337546706738,0.9096404987194199,3.0,84.18169660776603,-0.10094032351232879,0.776805261203101,0.9424119380153024,ns,True,combat_ols
NAFLD,Bacteria.Actinomycetota.Coriobacteriia.Coriobacteriales.Coriobacteriales Incertae Sedis.Incertae Sedis,Incertae Sedis,-0.5865133027198278,0.04697329732320399,0.23415624890866332,2.0,0.0,-0.4150736535112022,0.03980992795136149,0.18611141317261498,ns,True,combat_ols
NAFLD,Bacteria.Actinomycetota.Coriobacteriia.Coriobacteriales.Eggerthellaceae.Asaccharobacter,Asaccharobacter,-0.3230453883911187,0.161775673114393,0.4500305088454933,2.0,0.0,-0.3534678784777204,0.025340290791549917,0.14130939001930948,ns,True,combat_ols
NAFLD,Bacteria.Actinomycetota.Coriobacteriia.Coriobacteriales.Eggerthellaceae.Eggerthella,Eggerthella,0.16025686000425826,0.6499902373983953,0.9050299200923625,2.0,0.0,0.19471055925609498,0.4472969270032632,0.7646254967667196,ns,True,combat_ols
NAFLD,Bacteria.Actinomycetota.Coriobacteriia.Coriobacteriales.Eggerthellaceae.Gordonibacter,Gordonibacter,0.05821369195208004,0.7935741478345565,0.9485690985834933,2.0,0.0,-0.005133408760030763,0.9758880900399862,0.9998479534972623,ns,False,combat_ols
NAFLD,Bacteria.Actinomycetota.Coriobacteriia.Coriobacteriales.Eggerthellaceae.Senegalimassilia,,,,,,,-0.059233886817274414,0.7308360282144859,0.9342947563481184,ns,False,combat_ols
NAFLD,Bacteria.Actinomycetota.Coriobacteriia.Coriobacteriales.Eggerthellaceae.Slackia,,,,,,,0.09850889059607465,0.5752052479859118,0.860507050986924,ns,False,combat_ols
NAFLD,Bacteria.Actinomycetota.Coriobacteriia.Coriobacteriales.Incertae Sedis.Incertae Sedis,,,,,,,0.122049463813893,0.2789221912674609,0.613628820788414,ns,False,combat_ols
NAFLD,Bacteria.Bacillota.Bacilli.Erysipelotrichales.Erysipelatoclostridiaceae.Coprobacillus,Coprobacillus,0.0750498836933555,0.8278946924276872,0.9596052116775465,2.0,9.93701568662957,-0.24090086537892474,0.2451392050506953,0.5659386585738274,ns,False,combat_ols
NAFLD,Bacteria.Bacillota.Bacilli.Erysipelotrichales.Erysipelatoclostridiaceae.Erysipelotrichaceae UCG-003,Erysipelotrichaceae UCG-003,0.604710220131535,0.06837738681223939,0.29890686235064645,3.0,0.0,0.4243812020315304,0.16868089559096314,0.4765979155381664,ns,True,combat_ols
NAFLD,Bacteria.Bacillota.Bacilli.Erysipelotrichales.Erysipelatoclostridiaceae.Thomasclavelia,Thomasclavelia,-0.1349896538607935,0.7355245322605471,0.9377937786321976,2.0,0.0,0.0017890009563877424,0.9946524294806858,0.9998479534972623,ns,False,combat_ols
NAFLD,Bacteria.Bacillota.Bacilli.Erysipelotrichales.Erysipelotrichaceae.Faecalitalea,Faecalitalea,0.05728534156557629,0.8662375186586975,0.9677927019920806,2.0,0.0,-0.10505532741775406,0.6280152800946617,0.8722330020615987,ns,False,combat_ols
NAFLD,Bacteria.Bacillota.Bacilli.Erysipelotrichales.Erysipelotrichaceae.Holdemanella,Holdemanella,-0.2964981025815718,0.44071975679258657,0.7800863541706362,3.0,9.454746868208568,-0.04560704867824736,0.8953543709819449,0.9622486630668028,ns,True,combat_ols
NAFLD,Bacteria.Bacillota.Bacilli.Erysipelotrichales.Erysipelotrichaceae.Holdemania,Holdemania,-0.08554269844862619,0.7131197563660215,0.9212512452157063,3.0,0.0,-0.1269521187986654,0.5857215781316172,0.86244043394183,ns,True,combat_ols
NAFLD,Bacteria.Bacillota.Bacilli.Erysipelotrichales.Erysipelotrichaceae.Solobacterium,Solobacterium,0.1788482179239526,0.6009540842198385,0.8593081765012645,2.0,0.0,0.029121596312225762,0.8786958020398441,0.9622486630668028,ns,True,combat_ols
NAFLD,Bacteria.Bacillota.Bacilli.Erysipelotrichales.Erysipelotrichaceae.Turicibacter,Turicibacter,0.11643996236049153,0.9214275316668262,0.9677927019920806,2.0,85.74223199098367,-0.04156250338872495,0.8836326400218404,0.9622486630668028,ns,False,combat_ols
NAFLD,Bacteria.Bacillota.Bacilli.Erysipelotrichales.Erysipelotrichaceae.[Clostridium] innocuum group,[Clostridium] innocuum group,-0.08722383592372832,0.8238532844259034,0.9596052116775465,2.0,0.0,-0.07922555107905588,0.7561818053135999,0.9424119380153024,ns,True,combat_ols
NAFLD,Bacteria.Bacillota.Bacilli.Lactobacillales.Lactobacillaceae.Lactobacillus,Lactobacillus,-0.3640424051869041,0.31852557280846194,0.711703419872371,2.0,0.0,0.01218668173763706,0.9638360127149587,0.9998479534972623,ns,False,combat_ols
NAFLD,Bacteria.Bacillota.Bacilli.Lactobacillales.Lactobacillaceae.Weissella,,,,,,,0.1595281142857475,0.47820641353461446,0.7835540258688127,ns,False,combat_ols
NAFLD,Bacteria.Bacillota.Bacilli.Lactobacillales.P5D1-392.Incertae Sedis,,,,,,,0.25502606381330867,0.12875930364503038,0.43240437413413746,ns,False,combat_ols
NAFLD,Bacteria.Bacillota.Bacilli.Lactobacillales.Streptococcaceae.Lactococcus,Lactococcus,0.344611779415393,0.1799904126907237,0.48313216038036355,2.0,0.0,0.025939039540193786,0.8722946004189098,0.9622486630668028,ns,True,combat_ols
NAFLD,Bacteria.Bacillota.Bacilli.Lactobacillales.Streptococcaceae.Streptococcus,Streptococcus,0.1519653431191421,0.7640314416920441,0.9452618316810358,3.0,75.87605750897663,0.08154779673845981,0.71577375128449,0.9342947563481184,ns,True,combat_ols
NAFLD,Bacteria.Bacillota.Bacilli.RF39.Incertae Sedis.Incertae Sedis,Incertae Sedis,-0.80473333610039,0.04043496684581802,0.22913147879296877,3.0,0.0,-1.1371040613074472,0.003163599791240476,0.03943954406413126,pooling_only,True,combat_ols
NAFLD,Bacteria.Bacillota.Bacilli.Staphylococcales.Gemellaceae.Gemella,Gemella,-0.2766935550621659,0.7122968413600632,0.9212512452157063,2.0,78.3869666385525,0.007889474095121387,0.96802395695863,0.9998479534972623,ns,False,combat_ols
NAFLD,Bacteria.Bacillota.Bacilli.Staphylococcales.Staphylococcaceae.Staphylococcus,,,,,,,0.248223475411057,0.21834903505208947,0.5302762279836459,ns,False,combat_ols
NAFLD,Bacteria.Bacillota.Clostridia.Christensenellales.Christensenellaceae.Christensenella,Christensenella,0.07756533117497871,0.6506751059487573,0.9050299200923625,2.0,0.0,0.045072461071666736,0.7384229129230837,0.9342947563481184,ns,True,combat_ols
NAFLD,Bacteria.Bacillota.Clostridia.Christensenellales.Christensenellaceae.Christensenellaceae R-7 group,Christensenellaceae R-7 group,-1.1250347550311897,0.0061599014545522645,0.07249730173434588,3.0,0.0,-1.2736975974788924,0.0010991759403529546,0.02055459008460025,pooling_only,True,combat_ols
NAFLD,Bacteria.Bacillota.Clostridia.Christensenellales.Christensenellaceae.Incertae Sedis,Incertae Sedis,-0.3514565754008408,0.44287034748925136,0.7800863541706362,3.0,79.76126622737279,-0.3869836445273222,0.08428482261893946,0.3426361267335148,ns,True,combat_ols
NAFLD,Bacteria.Bacillota.Clostridia.Christensenellales.Christensenellaceae.NA,Christensenellaceae,-0.2691209127324501,0.4272904130798101,0.7800863541706362,2.0,0.0,-0.1486455314668561,0.48178453024223167,0.7835540258688127,ns,True,combat_ols
NAFLD,Bacteria.Bacillota.Clostridia.Clostridia UCG-014.Incertae Sedis.Incertae Sedis,Incertae Sedis,-1.1877978822331479,0.010909505372773694,0.10262643048360633,3.0,0.0,-1.3314330615721734,0.0017959852184275748,0.02438510006549657,pooling_only,True,combat_ols
NAFLD,Bacteria.Bacillota.Clostridia.Clostridia vadinBB60 group.Incertae Sedis.Incertae Sedis,Incertae Sedis,-0.6156428137631659,0.04554887953959576,0.23415624890866332,3.0,10.212241883430696,-0.7383951374221999,0.014351297487302343,0.11013706446290886,ns,True,combat_ols
NAFLD,Bacteria.Bacillota.Clostridia.Clostridiales.Clostridiaceae.Clostridium,Clostridium,0.10693053107383918,0.8910827774051039,0.9677927019920806,3.0,77.8308433590249,0.13055984124017878,0.707385881765835,0.9342947563481184,ns,True,combat_ols
NAFLD,Bacteria.Bacillota.Clostridia.Lachnospirales.Defluviitaleaceae.Defluviitaleaceae UCG-011,Defluviitaleaceae UCG-011,-0.38049790815995915,0.16087614216012402,0.4500305088454933,2.0,0.0,-0.08924629364418947,0.6296869266220098,0.8722330020615987,ns,True,combat_ols
NAFLD,Bacteria.Bacillota.Clostridia.Lachnospirales.Lachnospiraceae.Agathobacter,Agathobacter,-0.08905293963654085,0.856943036686447,0.9677927019920806,2.0,0.0,0.24911452980469953,0.30203531057135735,0.623996067614586,ns,False,combat_ols
NAFLD,Bacteria.Bacillota.Clostridia.Lachnospirales.Lachnospiraceae.Anaerobutyricum,Anaerobutyricum,-0.03073493985884522,0.9308492986198929,0.9677927019920806,3.0,0.0,-0.021649478672667765,0.9490006427670352,0.9998479534972623,ns,True,combat_ols
NAFLD,Bacteria.Bacillota.Clostridia.Lachnospirales.Lachnospiraceae.Anaerostipes,Anaerostipes,-0.3378419300135454,0.41620584274936967,0.7800863541706362,3.0,0.0,-0.44058958237014084,0.3063571379679281,0.623996067614586,ns,True,combat_ols
NAFLD,Bacteria.Bacillota.Clostridia.Lachnospirales.Lachnospiraceae.Anaerotignum,Anaerotignum,0.24366965974139687,0.6083154741537704,0.8617802550511747,2.0,44.72175368442428,0.32641496017914656,0.1318024028109403,0.43240437413413746,ns,True,combat_ols
NAFLD,Bacteria.Bacillota.Clostridia.Lachnospirales.Lachnospiraceae.Blautia,Blautia,0.018174280777623515,0.9415544922368786,0.9677927019920806,3.0,0.0,0.08162265080727037,0.7346051577372931,0.9342947563481184,ns,True,combat_ols
NAFLD,Bacteria.Bacillota.Clostridia.Lachnospirales.Lachnospiraceae.CAG-56,CAG-56,0.3314531876662657,0.4296451560303276,0.7800863541706362,2.0,0.0,0.42940927312780197,0.10873340087123749,0.38364426345134733,ns,True,combat_ols
NAFLD,Bacteria.Bacillota.Clostridia.Lachnospirales.Lachnospiraceae.Coprococcus,Coprococcus,-0.3035611052487643,0.5264853058209629,0.8293547924538979,2.0,0.0,0.21858268112209825,0.35401650439252974,0.6755212889939088,ns,False,combat_ols
NAFLD,Bacteria.Bacillota.Clostridia.Lachnospirales.Lachnospiraceae.Dorea,Dorea,-0.23216824497967403,0.5420619558522208,0.8293547924538979,3.0,0.0,0.141898686133997,0.6968731315768921,0.9342947563481184,ns,False,combat_ols
NAFLD,Bacteria.Bacillota.Clostridia.Lachnospirales.Lachnospiraceae.Enterocloster,Enterocloster,0.6647815497081693,0.10832182486677622,0.386079678948254,3.0,17.144407945963998,0.6024752332161588,0.09742053324362238,0.36435279433114764,ns,True,combat_ols
NAFLD,Bacteria.Bacillota.Clostridia.Lachnospirales.Lachnospiraceae.Faecalicatena,Faecalicatena,-0.35547887581237586,0.5221200914500479,0.8293547924538979,2.0,47.443085170941394,0.12517050619930825,0.6102686422855141,0.8722330020615987,ns,False,combat_ols
NAFLD,Bacteria.Bacillota.Clostridia.Lachnospirales.Lachnospiraceae.Faecalimonas,,,,,,,0.08391540773536917,0.4538686103802454,0.7646254967667196,ns,False,combat_ols
NAFLD,Bacteria.Bacillota.Clostridia.Lachnospirales.Lachnospiraceae.Fusicatenibacter,Fusicatenibacter,-0.1404425518791565,0.708554055197852,0.9212512452157063,3.0,0.0,-0.10275312579646757,0.7640496451510457,0.9424119380153024,ns,True,combat_ols
NAFLD,Bacteria.Bacillota.Clostridia.Lachnospirales.Lachnospiraceae.GCA-900066575,GCA-900066575,-0.21372833082889348,0.59347203674325,0.8566152983180872,2.0,0.0,-0.11946621952865796,0.7070248092701888,0.9342947563481184,ns,True,combat_ols
NAFLD,Bacteria.Bacillota.Clostridia.Lachnospirales.Lachnospiraceae.Howardella,Howardella,0.4704680265370022,0.5373710038835806,0.8293547924538979,2.0,85.5755621103867,0.16251950911352384,0.372404882878029,0.6980661673535843,ns,True,combat_ols
NAFLD,Bacteria.Bacillota.Clostridia.Lachnospirales.Lachnospiraceae.Hungatella,Hungatella,0.025108951474237917,0.95514181699872,0.9677927019920806,2.0,0.0,-0.39834046277321605,0.17764809701480408,0.48145208901113573,ns,False,combat_ols
NAFLD,Bacteria.Bacillota.Clostridia.Lachnospirales.Lachnospiraceae.Lachnoclostridium,Lachnoclostridium,0.4482825045392983,0.2879702230747069,0.6884288145379711,2.0,0.0,0.45557512161695235,0.04530407469523993,0.20171099923833014,ns,True,combat_ols
NAFLD,Bacteria.Bacillota.Clostridia.Lachnospirales.Lachnospiraceae.Lachnospira,Lachnospira,0.19934617499719534,0.7629678094340708,0.9452618316810358,3.0,60.66174046374774,0.16526492152286618,0.6726416007119013,0.9248822009788642,ns,True,combat_ols
NAFLD,Bacteria.Bacillota.Clostridia.Lachnospirales.Lachnospiraceae.Lachnospiraceae FCS020 group,,,,,,,0.173469002778652,0.2110174290384621,0.5260873678451139,ns,False,combat_ols
NAFLD,Bacteria.Bacillota.Clostridia.Lachnospirales.Lachnospiraceae.Lachnospiraceae ND3007 group,Lachnospiraceae ND3007 group,-0.1950561258776151,0.7523980543944209,0.9452618316810358,3.0,64.08435322463659,-0.2284032642526208,0.5288911008055586,0.8381579309376225,ns,True,combat_ols
NAFLD,Bacteria.Bacillota.Clostridia.Lachnospirales.Lachnospiraceae.Lachnospiraceae NK4A136 group,Lachnospiraceae NK4A136 group,-0.36248027384225684,0.44357851511663626,0.7800863541706362,2.0,0.0,0.18125186855797934,0.42981854541167774,0.7562795763949406,ns,False,combat_ols
NAFLD,Bacteria.Bacillota.Clostridia.Lachnospirales.Lachnospiraceae.Lachnospiraceae UCG-004,Lachnospiraceae UCG-004,0.34633798776623687,0.42094448937466766,0.7800863541706362,2.0,0.0,0.3656961385594679,0.09293280158396584,0.3620507061708669,ns,True,combat_ols
NAFLD,Bacteria.Bacillota.Clostridia.Lachnospirales.Lachnospiraceae.Lachnospiraceae UCG-010,Lachnospiraceae UCG-010,-0.47239582661991486,0.14109709864970996,0.4151510787193389,3.0,0.0,-0.3262045666560776,0.25765706730323334,0.5805044769362004,ns,True,combat_ols
NAFLD,Bacteria.Bacillota.Clostridia.Lachnospirales.Lachnospiraceae.Marvinbryantia,,,,,,,0.12686983128212892,0.30538840759976965,0.623996067614586,ns,False,combat_ols
NAFLD,Bacteria.Bacillota.Clostridia.Lachnospirales.Lachnospiraceae.Mediterraneibacter,Mediterraneibacter,-0.37707653152269377,0.48102629938518426,0.8269328517520583,3.0,44.0830764524884,-0.5028469548693693,0.18750882238060884,0.4938612645799134,ns,True,combat_ols
NAFLD,Bacteria.Bacillota.Clostridia.Lachnospirales.Lachnospiraceae.Moryella,,,,,,,-0.03175226968534272,0.8615371886553698,0.9622486630668028,ns,False,combat_ols
NAFLD,Bacteria.Bacillota.Clostridia.Lachnospirales.Lachnospiraceae.NA,Lachnospiraceae,0.1596508712766334,0.4656047580319398,0.8095173633964409,3.0,0.0,0.17165351120757935,0.4525781120061154,0.7646254967667196,ns,True,combat_ols
NAFLD,Bacteria.Bacillota.Clostridia.Lachnospirales.Lachnospiraceae.Roseburia,Roseburia,0.4799820559509719,0.3253326758403823,0.711703419872371,3.0,0.0,0.6272291136300427,0.21153060352846498,0.5260873678451139,ns,True,combat_ols
NAFLD,Bacteria.Bacillota.Clostridia.Lachnospirales.Lachnospiraceae.Sellimonas,Sellimonas,0.49527677835709755,0.13760888636360027,0.41282665909080085,2.0,0.0,0.2970958033286353,0.16819865563169487,0.4765979155381664,ns,True,combat_ols
NAFLD,Bacteria.Bacillota.Clostridia.Lachnospirales.Lachnospiraceae.Tyzzerella,Tyzzerella,0.6192307607461475,0.04315006775333683,0.23415624890866332,2.0,0.0,0.7322573240153787,0.016680405184630157,0.11581737893834833,ns,True,combat_ols
NAFLD,Bacteria.Bacillota.Clostridia.Lachnospirales.Lachnospiraceae.[Eubacterium] eligens group,[Eubacterium] eligens group,-0.0984333123104003,0.8990497302770887,0.9677927019920806,3.0,67.4903177705006,-0.10355645182347832,0.7982398549376701,0.9507697635244861,ns,True,combat_ols
NAFLD,Bacteria.Bacillota.Clostridia.Lachnospirales.Lachnospiraceae.[Eubacterium] ruminantium group,[Eubacterium] ruminantium group,-0.8575367052031474,0.031150740516421367,0.19810527173840817,3.0,0.0,-0.8857208130276305,0.03942832954564163,0.18611141317261498,ns,True,combat_ols
NAFLD,Bacteria.Bacillota.Clostridia.Lachnospirales.Lachnospiraceae.[Eubacterium] ventriosum group,[Eubacterium] ventriosum group,-0.8136287761758665,0.12841068923984011,0.40930907195199034,3.0,58.64716224832283,-0.7511187315336997,0.018539633997848047,0.1195486743999167,ns,True,combat_ols
NAFLD,Bacteria.Bacillota.Clostridia.Lachnospirales.Lachnospiraceae.[Eubacterium] xylanophilum group,[Eubacterium] xylanophilum group,-0.8521097413759295,0.03366494813855302,0.19810527173840817,2.0,0.0,-0.03387978290005452,0.8684572575157085,0.9622486630668028,ns,True,combat_ols
NAFLD,Bacteria.Bacillota.Clostridia.Lachnospirales.Lachnospiraceae.[Ruminococcus] gauvreauii group,,,,,,,0.35162318468503123,0.05791956753605474,0.24615816202823265,ns,False,combat_ols
NAFLD,Bacteria.Bacillota.Clostridia.Lachnospirales.Lachnospiraceae.[Ruminococcus] gnavus group,[Ruminococcus] gnavus group,1.0313249478210065,0.03351781932410953,0.19810527173840817,3.0,26.182660917197985,1.0514053863129624,0.016722295354734785,0.11581737893834833,ns,True,combat_ols
NAFLD,Bacteria.Bacillota.Clostridia.Monoglobales.Monoglobaceae.Monoglobus,Monoglobus,-0.5069582078167993,0.12325088525984783,0.40122096690971737,3.0,0.0,-0.44034616779617103,0.14942223531865376,0.4436360120945444,ns,True,combat_ols
NAFLD,Bacteria.Bacillota.Clostridia.NA.NA.NA,Clostridia,-0.35713918338560036,0.2813730158907689,0.6833344671632959,3.0,14.362451629327527,-0.7158627038706249,0.027203946741685244,0.14130939001930948,ns,True,combat_ols
NAFLD,Bacteria.Bacillota.Clostridia.Oscillospirales.Butyricicoccaceae.Agathobaculum,Agathobaculum,0.09820517095445926,0.6777582218020467,0.9096404987194199,3.0,0.0,0.20843404491809142,0.37648934366677766,0.6980661673535843,ns,True,combat_ols
NAFLD,Bacteria.Bacillota.Clostridia.Oscillospirales.Butyricicoccaceae.UCG-009,UCG-009,-0.9401154029913494,0.0006360420444456981,0.019462886560038358,2.0,0.11559995516238655,-0.717632419226224,0.0006910428520511275,0.016153126666695106,replicated,True,combat_ols
NAFLD,Bacteria.Bacillota.Clostridia.Oscillospirales.NA.NA,Oscillospirales,-0.3860563232684696,0.40944066696856707,0.7800863541706362,2.0,26.782204001780652,0.000447347416721329,0.9985480619814215,0.9998479534972623,ns,False,combat_ols
NAFLD,Bacteria.Bacillota.Clostridia.Oscillospirales.Oscillospiraceae.Colidextribacter,Colidextribacter,-0.3357696135573223,0.5165190439955918,0.8293547924538979,3.0,50.30954140121575,-0.4526138943843711,0.1819065149285859,0.4859502613092223,ns,True,combat_ols
NAFLD,Bacteria.Bacillota.Clostridia.Oscillospirales.Oscillospiraceae.Fastidiosipila,,,,,,,-0.1474261142294205,0.5242343004875851,0.8378787537707558,ns,False,combat_ols
NAFLD,Bacteria.Bacillota.Clostridia.Oscillospirales.Oscillospiraceae.Flavonifractor,Flavonifractor,-0.0911847135206613,0.8037644140028801,0.9533019793987648,3.0,7.353555003622346,-0.10721487160756296,0.7394418392487783,0.9342947563481184,ns,True,combat_ols
NAFLD,Bacteria.Bacillota.Clostridia.Oscillospirales.Oscillospiraceae.Incertae Sedis,Incertae Sedis,0.11018751578815426,0.8736250625621449,0.9677927019920806,2.0,64.31788034929541,-0.06815515052097897,0.7776015725007558,0.9424119380153024,ns,False,combat_ols
NAFLD,Bacteria.Bacillota.Clostridia.Oscillospirales.Oscillospiraceae.Intestinimonas,Intestinimonas,-0.7211194014404555,0.08649996221377436,0.3308623554676869,3.0,38.68454215569068,-0.799008258769609,0.014724206478998511,0.11013706446290886,ns,True,combat_ols
NAFLD,Bacteria.Bacillota.Clostridia.Oscillospirales.Oscillospiraceae.NA,Oscillospiraceae,-0.1733226737620426,0.6777713519870188,0.9096404987194199,2.0,0.0,-0.1355284590882362,0.6192502440506964,0.8722330020615987,ns,True,combat_ols
NAFLD,Bacteria.Bacillota.Clostridia.Oscillospirales.Oscillospiraceae.NK4A214 group,NK4A214 group,-0.6710136100684293,0.10850605356062042,0.386079678948254,3.0,11.223880020902715,-0.7977025753131075,0.03313604172516419,0.16747134601637037,ns,True,combat_ols
NAFLD,Bacteria.Bacillota.Clostridia.Oscillospirales.Oscillospiraceae.Oscillibacter,Oscillibacter,-0.25861776272515413,0.33182735611061376,0.7150645842947029,3.0,0.0,-0.45819773951007153,0.17075968096822003,0.4765979155381664,ns,True,combat_ols
NAFLD,Bacteria.Bacillota.Clostridia.Oscillospirales.Oscillospiraceae.Oscillospira,Oscillospira,-0.28130024537675835,0.2996431238019207,0.705313814487598,3.0,0.0,-0.3227532653216907,0.2728376738446876,0.6073886310590069,ns,True,combat_ols
NAFLD,Bacteria.Bacillota.Clostridia.Oscillospirales.Oscillospiraceae.UCG-002,UCG-002,-1.4664711573409788,0.0010374799339593114,0.022676347127967806,3.0,0.0,-1.5484039865150971,0.0003029018038424664,0.011524019871604495,replicated,True,combat_ols
NAFLD,Bacteria.Bacillota.Clostridia.Oscillospirales.Oscillospiraceae.UCG-003,UCG-003,-0.8901433410815673,0.025641168521396234,0.17828750130566043,3.0,0.0,-0.9543013287599672,0.011494282251631687,0.10235384671691074,ns,True,combat_ols
NAFLD,Bacteria.Bacillota.Clostridia.Oscillospirales.Oscillospiraceae.UCG-005,UCG-005,-1.3051346309431244,0.011402936720400702,0.10262643048360633,3.0,25.848736029648023,-1.3914571162318825,0.0008214999821903038,0.017068944074398535,pooling_only,True,combat_ols
NAFLD,Bacteria.Bacillota.Clostridia.Oscillospirales.Ruminococcaceae.Acutalibacter,Acutalibacter,-0.5291828033847106,0.026801389085164638,0.17828750130566043,3.0,0.0,-0.6048148800203518,0.010638558193718464,0.09947051911126764,ns,True,combat_ols
NAFLD,Bacteria.Bacillota.Clostridia.Oscillospirales.Ruminococcaceae.Anaerotruncus,Anaerotruncus,-0.3399617700955602,0.191461573105154,0.5050624256049752,3.0,40.8646953103082,-0.44074739157857884,0.03435564989331027,0.16906596131707946,ns,True,combat_ols
NAFLD,Bacteria.Bacillota.Clostridia.Oscillospirales.Ruminococcaceae.CAG-352,CAG-352,-0.11829912046000035,0.776362527815301,0.9485690985834933,3.0,0.0,-0.08620317656234985,0.8353942669936563,0.9622486630668028,ns,True,combat_ols
NAFLD,Bacteria.Bacillota.Clostridia.Oscillospirales.Ruminococcaceae.Candidatus Soleaferrea,Candidatus Soleaferrea,0.19618497103126653,0.43689375274274156,0.7800863541706362,2.0,0.0,0.023903848460038082,0.894889043506637,0.9622486630668028,ns,True,combat_ols
NAFLD,Bacteria.Bacillota.Clostridia.Oscillospirales.Ruminococcaceae.DTU089,DTU089,-0.479245892398766,0.11798351135038367,0.40122096690971737,2.0,0.0,-0.2993659619676153,0.14045438979487612,0.4436360120945444,ns,True,combat_ols
NAFLD,Bacteria.Bacillota.Clostridia.Oscillospirales.Ruminococcaceae.Faecalibacterium,Faecalibacterium,0.0708568159387937,0.7831423467252605,0.9485690985834933,3.0,0.0,0.04657244880807128,0.8513897628885978,0.9622486630668028,ns,True,combat_ols
NAFLD,Bacteria.Bacillota.Clostridia.Oscillospirales.Ruminococcaceae.Fournierella,Fournierella,0.07669608753524802,0.7934963768758772,0.9485690985834933,2.0,0.0,0.01803729716532532,0.9381027953390808,0.9967342200477733,ns,True,combat_ols
NAFLD,Bacteria.Bacillota.Clostridia.Oscillospirales.Ruminococcaceae.Gemmiger,Gemmiger,-0.0690596323746957,0.8943841373604601,0.9677927019920806,3.0,48.98440658556903,-0.13042391765719508,0.7015671748497547,0.9342947563481184,ns,True,combat_ols
NAFLD,Bacteria.Bacillota.Clostridia.Oscillospirales.Ruminococcaceae.Incertae Sedis,Incertae Sedis,-0.914218552894172,0.022935321695051678,0.1671002009210908,2.0,0.0,-0.06514973393305021,0.7752594075922654,0.9424119380153024,ns,True,combat_ols
NAFLD,Bacteria.Bacillota.Clostridia.Oscillospirales.Ruminococcaceae.NA,Ruminococcaceae,-0.9517944421367652,0.058188961115696804,0.2697851833545943,3.0,40.91925257147729,-1.0817945634895025,0.0036320948904432666,0.042450109032055684,pooling_only,True,combat_ols
NAFLD,Bacteria.Bacillota.Clostridia.Oscillospirales.Ruminococcaceae.Negativibacillus,Negativibacillus,0.004945832285738953,0.9849853820544294,0.9849853820544294,3.0,0.0,0.0948042683361087,0.7143441693457756,0.9342947563481184,ns,True,combat_ols
NAFLD,Bacteria.Bacillota.Clostridia.Oscillospirales.Ruminococcaceae.Paludicola,Paludicola,-0.804347115185871,0.01947955351943174,0.15686166781437139,2.0,27.20004568413955,-0.4822182644086751,0.02695173630016608,0.14130939001930948,ns,True,combat_ols
NAFLD,Bacteria.Bacillota.Clostridia.Oscillospirales.Ruminococcaceae.Phocea,Phocea,0.12320036005703815,0.5825762587062233,0.8566152983180872,2.0,0.0,0.05382246888907079,0.7811435849859458,0.9424119380153024,ns,True,combat_ols
NAFLD,Bacteria.Bacillota.Clostridia.Oscillospirales.Ruminococcaceae.Ruminococcus,Ruminococcus,-1.4722065654696868,0.0005008827019428677,0.019158763349314687,3.0,0.0,-1.3452070442154038,0.0013357061019002045,0.022707003732303478,replicated,True,combat_ols
NAFLD,Bacteria.Bacillota.Clostridia.Oscillospirales.Ruminococcaceae.Ruthenibacterium,Ruthenibacterium,-0.7765040970384832,0.017972253648003266,0.15276415600802776,3.0,10.131034561684366,-0.7700968840231366,0.006416126692135483,0.0631481942857545,ns,True,combat_ols
NAFLD,Bacteria.Bacillota.Clostridia.Oscillospirales.Ruminococcaceae.[Eubacterium] siraeum group,[Eubacterium] siraeum group,-0.7773327767783466,0.21178911938534273,0.5492158519653803,3.0,58.136751747717476,-0.8541156327619114,0.0259106703544029,0.14130939001930948,ns,True,combat_ols
NAFLD,Bacteria.Bacillota.Clostridia.Oscillospirales.UCG-010.Incertae Sedis,Incertae Sedis,-1.1918614284750968,0.0009607005977250869,0.022676347127967806,3.0,0.0,-1.2192832220911063,0.00045330938070495085,0.0141281423653043,replicated,True,combat_ols
NAFLD,Bacteria.Bacillota.Clostridia.Oscillospirales.[Eubacterium] coprostanoligenes group.Incertae Sedis,Incertae Sedis,-1.5472919468352064,0.00023288444256139616,0.01410242718208477,3.0,0.0,-1.537966012444097,0.00011418805466798738,0.010676583111456821,replicated,True,combat_ols
NAFLD,Bacteria.Bacillota.Clostridia.Peptococcales.Peptococcaceae.Incertae Sedis,Incertae Sedis,-0.5159392130450483,0.1037791985481633,0.386079678948254,2.0,56.90481046149576,-0.3103147210692855,0.01957173904558807,0.12199717338416563,ns,True,combat_ols
NAFLD,Bacteria.Bacillota.Clostridia.Peptococcales.Peptococcaceae.Peptococcus,Peptococcus,-0.02655517047936998,0.9434434109219636,0.9677927019920806,3.0,42.83852299801203,-0.28961247520871997,0.31366647249075447,0.623996067614586,ns,True,combat_ols
NAFLD,Bacteria.Bacillota.Clostridia.Peptostreptococcales-Tissierellales.Anaerovoracaceae.Family XIII AD3011 group,Family XIII AD3011 group,-0.7704913344546224,0.006894252423925069,0.07534433006146683,3.0,19.507394411110145,-0.9041186953048075,0.0005488169419745982,0.01466125259274998,pooling_only,True,combat_ols
NAFLD,Bacteria.Bacillota.Clostridia.Peptostreptococcales-Tissierellales.Anaerovoracaceae.Family XIII UCG-001,Family XIII UCG-001,-0.5150382380965646,0.08633379188526548,0.3308623554676869,3.0,22.264571480492673,-0.6736598112724732,0.012202825684146157,0.10372401831524233,ns,True,combat_ols
NAFLD,Bacteria.Bacillota.Clostridia.Peptostreptococcales-Tissierellales.Anaerovoracaceae.Mogibacterium,,,,,,,0.21697702775767194,0.2279284537215888,0.5395268461511026,ns,False,combat_ols
NAFLD,Bacteria.Bacillota.Clostridia.Peptostreptococcales-Tissierellales.Anaerovoracaceae.NA,Anaerovoracaceae,-0.3937847611798737,0.31142325121342207,0.711703419872371,2.0,0.0,-0.42296090854211965,0.09962546196475569,0.36529336053743755,ns,True,combat_ols
NAFLD,Bacteria.Bacillota.Clostridia.Peptostreptococcales-Tissierellales.Anaerovoracaceae.S5-A14a,,,,,,,0.2514514679294994,0.14683145138635262,0.4436360120945444,ns,False,combat_ols
NAFLD,Bacteria.Bacillota.Clostridia.Peptostreptococcales-Tissierellales.Anaerovoracaceae.[Eubacterium] brachy group,,,,,,,0.061322935733443724,0.6285110226517485,0.8722330020615987,ns,False,combat_ols
NAFLD,Bacteria.Bacillota.Clostridia.Peptostreptococcales-Tissierellales.Family XI.Anaerococcus,Anaerococcus,-0.6839326682800122,0.05690069335101863,0.2697851833545943,2.0,25.863876066729745,-0.15823290666020004,0.4334249482396251,0.7562795763949406,ns,True,combat_ols
NAFLD,Bacteria.Bacillota.Clostridia.Peptostreptococcales-Tissierellales.Family XI.Ezakiella,,,,,,,0.1626085198192294,0.5005122254833833,0.8068602255637298,ns,False,combat_ols
NAFLD,Bacteria.Bacillota.Clostridia.Peptostreptococcales-Tissierellales.Family XI.Fenollaria,,,,,,,-0.21159034932250442,0.41012100572916266,0.7304059816319373,ns,False,combat_ols
NAFLD,Bacteria.Bacillota.Clostridia.Peptostreptococcales-Tissierellales.Family XI.Finegoldia,,,,,,,0.0944243136795404,0.5615046232121194,0.8467851979085994,ns,False,combat_ols
NAFLD,Bacteria.Bacillota.Clostridia.Peptostreptococcales-Tissierellales.Family XI.Incertae Sedis,,,,,,,0.34579143237537296,0.090415108265498,0.3597367073542155,ns,False,combat_ols
NAFLD,Bacteria.Bacillota.Clostridia.Peptostreptococcales-Tissierellales.Family XI.Murdochiella,,,,,,,0.14372865243710004,0.48186477526691696,0.7835540258688127,ns,False,combat_ols
NAFLD,Bacteria.Bacillota.Clostridia.Peptostreptococcales-Tissierellales.Family XI.Parvimonas,Parvimonas,-0.3269110947265543,0.3151919098828273,0.711703419872371,2.0,0.0,-0.038634500608911035,0.8545496464599489,0.9622486630668028,ns,True,combat_ols
NAFLD,Bacteria.Bacillota.Clostridia.Peptostreptococcales-Tissierellales.Family XI.Peptoniphilus,Peptoniphilus,-1.2209798597193937,0.00027651818004087783,0.01410242718208477,2.0,0.0,-0.46212269787053667,0.04272912041553768,0.1948864760415987,within_only,True,combat_ols
NAFLD,Bacteria.Bacillota.Clostridia.Peptostreptococcales-Tissierellales.Family XI.W5053,,,,,,,0.29655507773160894,0.14946026075912458,0.4436360120945444,ns,False,combat_ols
NAFLD,Bacteria.Bacillota.Clostridia.Peptostreptococcales-Tissierellales.Peptostreptococcaceae.Intestinibacter,Intestinibacter,-0.6671961404455281,0.06325886550133232,0.28466489475599543,2.0,16.5300097722582,3.6367079182876936e-05,0.9998479534972623,0.9998479534972623,ns,False,combat_ols
NAFLD,Bacteria.Bacillota.Clostridia.Peptostreptococcales-Tissierellales.Peptostreptococcaceae.Peptostreptococcus,Peptostreptococcus,-0.18745913522520208,0.5207396103518314,0.8293547924538979,2.0,0.0,-0.04756252636692659,0.8195686967971949,0.9622486630668028,ns,True,combat_ols
NAFLD,Bacteria.Bacillota.Clostridia.Peptostreptococcales-Tissierellales.Peptostreptococcaceae.Romboutsia,Romboutsia,-0.13203303766659386,0.8597164201060523,0.9677927019920806,2.0,66.76751601820365,0.2229437120248115,0.29914661956433014,0.623996067614586,ns,False,combat_ols
NAFLD,Bacteria.Bacillota.NA.NA.NA.NA,Bacteria.Bacillota.NA.NA.NA.NA,-0.2730944692709381,0.5731004504267305,0.8513045525756288,2.0,45.349065562230365,0.046347327772855856,0.8200346674931971,0.9622486630668028,ns,False,combat_ols
NAFLD,Bacteria.Bacillota.Negativicutes.Acidaminococcales.Acidaminococcaceae.Phascolarctobacterium,Phascolarctobacterium,-0.050286767382975356,0.9404944820719894,0.9677927019920806,3.0,67.43364951348251,-0.06484148154070504,0.8514022273851357,0.9622486630668028,ns,True,combat_ols
NAFLD,Bacteria.Bacillota.Negativicutes.Veillonellales-Selenomonadales.Selenomonadaceae.Megamonas,Megamonas,2.070040129672638,0.07552769006961017,0.3123172048824421,2.0,67.1791830691167,1.547154650440004,0.0003081288735723127,0.011524019871604495,pooling_only,True,combat_ols
NAFLD,Bacteria.Bacillota.Negativicutes.Veillonellales-Selenomonadales.Veillonellaceae.Allisonella,Allisonella,0.7712132793525402,0.007443916426000035,0.07592794754520035,3.0,0.0,0.8359890889130771,0.004941101770429936,0.05222855525494763,ns,True,combat_ols
NAFLD,Bacteria.Bacillota.Negativicutes.Veillonellales-Selenomonadales.Veillonellaceae.Dialister,Dialister,-0.27764301306487865,0.5065747378394103,0.8293547924538979,3.0,0.3241718624766701,-0.285212686290957,0.4757872174864045,0.7835540258688127,ns,True,combat_ols
NAFLD,Bacteria.Bacillota.Negativicutes.Veillonellales-Selenomonadales.Veillonellaceae.Incertae Sedis,,,,,,,-0.08884753609147115,0.6132031621714495,0.8722330020615987,ns,False,combat_ols
NAFLD,Bacteria.Bacillota.Negativicutes.Veillonellales-Selenomonadales.Veillonellaceae.Megasphaera,Megasphaera,0.15290823851926608,0.7165287462788827,0.9212512452157063,3.0,0.0,0.008731014985857353,0.9821858482877951,0.9998479534972623,ns,True,combat_ols
NAFLD,Bacteria.Bacillota.Negativicutes.Veillonellales-Selenomonadales.Veillonellaceae.Negativicoccus,,,,,,,0.25801663787261636,0.12779946741419426,0.43240437413413746,ns,False,combat_ols
NAFLD,Bacteria.Bacillota.Negativicutes.Veillonellales-Selenomonadales.Veillonellaceae.Veillonella,Veillonella,0.3985813129108201,0.26565930550471606,0.655578608745509,3.0,0.0,0.3247908075173009,0.31143756995261124,0.623996067614586,ns,True,combat_ols
NAFLD,Bacteria.Bacteroidota.Bacteroidia.Bacteroidales.Bacteroidaceae.Bacteroides,Bacteroides,0.20150161769386638,0.4240447409880632,0.7800863541706362,3.0,49.81677419699162,0.23891069258333894,0.21381090885683776,0.5260873678451139,ns,True,combat_ols
NAFLD,Bacteria.Bacteroidota.Bacteroidia.Bacteroidales.Barnesiellaceae.Barnesiella,Barnesiella,-1.0112451896648473,0.022342704818370467,0.1671002009210908,3.0,0.0,-1.153056139999722,0.005027347564647365,0.05222855525494763,ns,True,combat_ols
NAFLD,Bacteria.Bacteroidota.Bacteroidia.Bacteroidales.Barnesiellaceae.Coprobacter,Coprobacter,0.051492416392284295,0.8696461110458074,0.9677927019920806,3.0,0.0,-0.3090782215893031,0.35380935258435064,0.6755212889939088,ns,False,combat_ols
NAFLD,Bacteria.Bacteroidota.Bacteroidia.Bacteroidales.Marinifilaceae.Butyricimonas,Butyricimonas,-1.1380485841129704,0.001861759470201403,0.028484919894081463,3.0,0.0,-1.2489416724409588,0.0002575372426644113,0.011524019871604495,replicated,True,combat_ols
NAFLD,Bacteria.Bacteroidota.Bacteroidia.Bacteroidales.Marinifilaceae.Odoribacter,Odoribacter,-1.1288341864779619,0.11958349195574586,0.40122096690971737,3.0,74.49672364542039,-1.0838423150780716,0.0018256224647965344,0.02438510006549657,pooling_only,True,combat_ols
NAFLD,Bacteria.Bacteroidota.Bacteroidia.Bacteroidales.Muribaculaceae.Incertae Sedis,Incertae Sedis,0.3343920946037996,0.3832113124635059,0.7800863541706362,3.0,0.0,0.21324392051479507,0.5405202354083589,0.8467851979085994,ns,True,combat_ols
NAFLD,Bacteria.Bacteroidota.Bacteroidia.Bacteroidales.NA.NA,,,,,,,0.160902621007559,0.5533302819754287,0.8467851979085994,ns,False,combat_ols
NAFLD,Bacteria.Bacteroidota.Bacteroidia.Bacteroidales.Porphyromonadaceae.Porphyromonas,Porphyromonas,-0.4571906992600776,0.0822119215664296,0.3308623554676869,2.0,0.0,-0.1264519645348688,0.5809361585828854,0.8621830290079331,ns,True,combat_ols
NAFLD,Bacteria.Bacteroidota.Bacteroidia.Bacteroidales.Prevotellaceae.Hoylesella,Hoylesella,-0.19938107416911682,0.590040559975991,0.8566152983180872,2.0,0.0,-0.030476689646233374,0.8922454518203542,0.9622486630668028,ns,True,combat_ols
NAFLD,Bacteria.Bacteroidota.Bacteroidia.Bacteroidales.Prevotellaceae.Incertae Sedis,Incertae Sedis,-0.43196889451078974,0.4898676491607562,0.8293547924538979,2.0,78.34849487261224,-0.35168601405242483,0.17542147535010816,0.48145208901113573,ns,True,combat_ols
NAFLD,Bacteria.Bacteroidota.Bacteroidia.Bacteroidales.Prevotellaceae.Leyella,Leyella,0.4167180096621369,0.3256159437324573,0.711703419872371,2.0,0.0,0.7838533575248317,0.013833969141983496,0.11013706446290886,ns,True,combat_ols
NAFLD,Bacteria.Bacteroidota.Bacteroidia.Bacteroidales.Prevotellaceae.NA,Prevotellaceae,-0.5821997327026383,0.1667747680661289,0.45565249132353075,2.0,0.0,-0.2604363406326221,0.377030389854075,0.6980661673535843,ns,True,combat_ols
NAFLD,Bacteria.Bacteroidota.Bacteroidia.Bacteroidales.Prevotellaceae.Paraprevotella,Paraprevotella,-0.3149720529530565,0.5018314603696838,0.8293547924538979,3.0,0.0,-0.13270796844951208,0.7599414906552837,0.9424119380153024,ns,True,combat_ols
NAFLD,Bacteria.Bacteroidota.Bacteroidia.Bacteroidales.Prevotellaceae.Prevotella,Prevotella,-0.09504121250331932,0.8182931133613772,0.9596052116775465,2.0,0.0,-0.1388664755855559,0.6012024184247755,0.8715104825227367,ns,True,combat_ols
NAFLD,Bacteria.Bacteroidota.Bacteroidia.Bacteroidales.Prevotellaceae.Segatella,Segatella,-0.7340246020959829,0.37749683130778555,0.7800863541706362,3.0,44.77349479294115,-0.472140243077074,0.3916225728047782,0.7093132892858552,ns,True,combat_ols
NAFLD,Bacteria.Bacteroidota.Bacteroidia.Bacteroidales.Rikenellaceae.Alistipes,Alistipes,-0.6987273299600255,0.13531571695633673,0.41282665909080085,3.0,25.929921542909852,-0.8117707785874244,0.023642881763639188,0.14130939001930948,ns,True,combat_ols
NAFLD,Bacteria.Bacteroidota.Bacteroidia.Bacteroidales.Rikenellaceae.Rikenellaceae RC9 gut group,,,,,,,-0.24989196139060915,0.33622457086402535,0.6618315237007657,ns,False,combat_ols
NAFLD,Bacteria.Bacteroidota.Bacteroidia.Bacteroidales.Tannerellaceae.Incertae Sedis,Incertae Sedis,-0.6895013174770179,0.1222194106921228,0.40122096690971737,2.0,24.121847729400667,-0.20126935636179913,0.38632379215321766,0.7082602856142324,ns,True,combat_ols
NAFLD,Bacteria.Bacteroidota.Bacteroidia.Bacteroidales.Tannerellaceae.Parabacteroides,Parabacteroides,-0.21521455465640862,0.37419545747535377,0.7800863541706362,3.0,0.0,-0.13590209875897655,0.5969841598213146,0.8715104825227367,ns,True,combat_ols
NAFLD,Bacteria.Bacteroidota.Bacteroidia.NA.NA.NA,Bacteroidia,0.14018088724557135,0.5702618227361848,0.8513045525756288,2.0,18.03537720282913,,,,ns,False,combat_ols
NAFLD,Bacteria.Campylobacterota.Campylobacteria.Campylobacterales.Campylobacteraceae.Campylobacter,Campylobacter,0.10802286810495176,0.7660945563950878,0.9452618316810358,2.0,0.0,0.04421994729099556,0.8499992123228393,0.9622486630668028,ns,True,combat_ols
NAFLD,Bacteria.Cyanobacteriota.Cyanobacteriia.Chloroplast.Incertae Sedis.Incertae Sedis,Incertae Sedis,0.7051833814330197,0.15018189157283343,0.4335439511442173,2.0,63.786505662141536,0.32260766605032193,0.09683285710228415,0.36435279433114764,ns,True,combat_ols
NAFLD,Bacteria.Fusobacteriota.Fusobacteriia.Fusobacteriales.Fusobacteriaceae.Fusobacterium,Fusobacterium,1.3429381234082547,0.0016795694302465184,0.028484919894081463,3.0,0.0,0.9825929752281145,0.01848202275574597,0.1195486743999167,within_only,True,combat_ols
NAFLD,Bacteria.NA.NA.NA.NA.NA,Bacteria.NA.NA.NA.NA.NA,-1.1128065970286263,0.005946568013476771,0.07249730173434588,2.0,0.0,-0.33924842700746594,0.16892045431780572,0.4765979155381664,ns,True,combat_ols
NAFLD,Bacteria.Patescibacteria.Saccharimonadia.Saccharimonadales.Incertae Sedis.Incertae Sedis,,,,,,,0.08980948598152948,0.5475901741013665,0.8467851979085994,ns,False,combat_ols
NAFLD,Bacteria.Patescibacteria.Saccharimonadia.Saccharimonadales.Saccharimonadaceae.TM7x,,,,,,,0.22909807025705745,0.1306760650144836,0.43240437413413746,ns,False,combat_ols
NAFLD,Bacteria.Pseudomonadota.Alphaproteobacteria.Rhodospirillales.Incertae Sedis.Incertae Sedis,Incertae Sedis,0.29951869337813003,0.2583997060353882,0.6481172954658097,3.0,0.0,0.26808941850057927,0.3944843961803687,0.7093132892858552,ns,True,combat_ols
NAFLD,Bacteria.Pseudomonadota.Alphaproteobacteria.Rickettsiales.Mitochondria.Incertae Sedis,Incertae Sedis,0.22834325797419824,0.6949621950010507,0.9212512452157063,2.0,72.24120134233651,0.058159758747761206,0.7318488986218299,0.9342947563481184,ns,True,combat_ols
NAFLD,Bacteria.Pseudomonadota.Gammaproteobacteria.Burkholderiales.Neisseriaceae.Neisseria,Neisseria,-0.3058455714197391,0.5319361568208506,0.8293547924538979,2.0,63.77461893441257,-0.008924078072361638,0.9573710937676437,0.9998479534972623,ns,True,combat_ols
NAFLD,Bacteria.Pseudomonadota.Gammaproteobacteria.Burkholderiales.Oxalobacteraceae.Oxalobacter,Oxalobacter,0.050342180839037354,0.9198681279834388,0.9677927019920806,2.0,79.70852660827342,0.025908209719472115,0.8706934264603049,0.9622486630668028,ns,True,combat_ols
NAFLD,Bacteria.Pseudomonadota.Gammaproteobacteria.Burkholderiales.Sutterellaceae.Parasutterella,Parasutterella,0.40881401371579473,0.662288193013963,0.9096404987194199,3.0,76.06132084570379,0.4256321622545915,0.3073060301677221,0.623996067614586,ns,True,combat_ols
NAFLD,Bacteria.Pseudomonadota.Gammaproteobacteria.Burkholderiales.Sutterellaceae.Sutterella,Sutterella,0.03001482800459979,0.9497369568924765,0.9677927019920806,3.0,0.0,0.09220725980230823,0.8352546894976314,0.9622486630668028,ns,True,combat_ols
NAFLD,Bacteria.Pseudomonadota.Gammaproteobacteria.Enterobacterales.Enterobacteriaceae.Citrobacter,Citrobacter,-0.8885745809747625,0.00024111634626329428,0.01410242718208477,3.0,0.0,-0.9384505522999577,2.7478030073393286e-05,0.005138391623724545,replicated,True,combat_ols
NAFLD,Bacteria.Pseudomonadota.Gammaproteobacteria.Enterobacterales.Enterobacteriaceae.Enterobacter,,,,,,,0.14409198796435324,0.551804629135081,0.8467851979085994,ns,False,combat_ols
NAFLD,Bacteria.Pseudomonadota.Gammaproteobacteria.Enterobacterales.Enterobacteriaceae.Escherichia-Shigella,Escherichia-Shigella,0.3993620755324309,0.42443229465125987,0.7800863541706362,3.0,45.24117428829816,0.4197396858320055,0.19911559823398411,0.5171474565243754,ns,True,combat_ols
NAFLD,Bacteria.Pseudomonadota.Gammaproteobacteria.Enterobacterales.Enterobacteriaceae.Klebsiella,Klebsiella,0.21058009890797763,0.5551213267246394,0.840926366226434,3.0,0.0,0.3469525656981797,0.3502585903687795,0.6755212889939088,ns,True,combat_ols
NAFLD,Bacteria.Pseudomonadota.Gammaproteobacteria.Enterobacterales.Enterobacteriaceae.NA,,,,,,,0.3189987871744685,0.2123890317861099,0.5260873678451139,ns,False,combat_ols
NAFLD,Bacteria.Pseudomonadota.Gammaproteobacteria.Enterobacterales.Pasteurellaceae.Haemophilus,Haemophilus,-0.060499340084683384,0.9108400225778067,0.9677927019920806,3.0,56.05332883060028,-0.01026644651350215,0.9749426562423953,0.9998479534972623,ns,True,combat_ols
NAFLD,Bacteria.Pseudomonadota.Gammaproteobacteria.Pseudomonadales.Moraxellaceae.Acinetobacter,Acinetobacter,0.6253743373478955,0.24630011660057616,0.6280652973314692,2.0,70.7902902434726,0.1019515961896841,0.5587975722208816,0.8467851979085994,ns,True,combat_ols
NAFLD,Bacteria.Pseudomonadota.NA.NA.NA.NA,,,,,,,0.1730070068492957,0.29145257576544503,0.623996067614586,ns,False,combat_ols
NAFLD,Bacteria.Synergistota.Synergistia.Synergistales.Synergistaceae.Cloacibacillus,Cloacibacillus,-0.18086906089622928,0.43110609275974743,0.7800863541706362,2.0,0.0,-0.17395954199861635,0.22731498258554886,0.5395268461511026,ns,True,combat_ols
NAFLD,Bacteria.Thermodesulfobacteriota.Desulfovibrionia.Desulfovibrionales.Desulfovibrionaceae.Bilophila,Bilophila,-0.5398437695473575,0.1313941452483243,0.4102715147549718,3.0,0.0,-0.4850071353596435,0.13899813534138766,0.4436360120945444,ns,True,combat_ols
NAFLD,Bacteria.Thermodesulfobacteriota.Desulfovibrionia.Desulfovibrionales.Desulfovibrionaceae.Desulfovibrio,Desulfovibrio,-0.016454561413429405,0.9671922069812928,0.9735553136061698,3.0,0.0,-0.14254877226422988,0.6864111398159551,0.9342947563481184,ns,True,combat_ols
NAFLD,Bacteria.Verrucomicrobiota.Lentisphaeria.Victivallales.Victivallaceae.Victivallis,Victivallis,-0.5205784355525003,0.0721491771038587,0.30663400269139945,2.0,0.0,-0.4345064896138077,0.026174359600296595,0.14130939001930948,ns,True,combat_ols
NAFLD,Bacteria.Verrucomicrobiota.Lentisphaeria.Victivallales.vadinBE97.Incertae Sedis,Incertae Sedis,-0.21821202637966275,0.5089885965468978,0.8293547924538979,2.0,43.37334679932767,,,,ns,False,combat_ols
NAFLD,Bacteria.Verrucomicrobiota.Verrucomicrobiia.Verrucomicrobiales.Akkermansiaceae.Akkermansia,Akkermansia,-1.239096392239352,0.001261718331283905,0.024130363085804685,3.0,0.0,-1.2354441222680488,0.0014813566610219484,0.023084474634258695,replicated,True,combat_ols
NAFLD,Eukaryota.NA.NA.NA.NA.NA,,,,,,,0.24533162784235543,0.06904242468887607,0.286909631484885,ns,False,combat_ols
T1D,Archaea.Methanobacteriota.Methanobacteria.Methanobacteriales.Methanobacteriaceae.Methanobrevibacter,,,,,,,0.01801057060936778,0.9262219852253786,0.9696793659879687,ns,False,combat_ols
T1D,Bacteria.Actinomycetota.Actinobacteria.Actinomycetales.Actinomycetaceae.Schaalia,Schaalia,-0.10353899267127929,0.6607641664097734,0.9882664771433028,2.0,38.75089183795377,-0.11673445252003146,0.5283557941892022,0.9696793659879687,ns,True,combat_ols
T1D,Bacteria.Actinomycetota.Actinobacteria.Bifidobacteriales.Bifidobacteriaceae.Bifidobacterium,Bifidobacterium,-0.078940981406382,0.8754856321529151,0.9882664771433028,2.0,60.48792538029273,-0.11198499369855051,0.7227078310245327,0.9696793659879687,ns,True,combat_ols
T1D,Bacteria.Actinomycetota.Coriobacteriia.Coriobacteriales.Coriobacteriaceae.Collinsella,Collinsella,-0.9347406154671283,0.0020562367894077878,0.11720549699624391,2.0,0.0,-0.945549655291685,0.0021506285451729245,0.255924796875578,ns,True,combat_ols
T1D,Bacteria.Actinomycetota.Coriobacteriia.Coriobacteriales.Eggerthellaceae.Adlercreutzia,,,,,,,0.0795333929678733,0.6825232853876099,0.9696793659879687,ns,False,combat_ols
T1D,Bacteria.Actinomycetota.Coriobacteriia.Coriobacteriales.Eggerthellaceae.Eggerthella,Eggerthella,0.03817781726807767,0.8452490315646872,0.9882664771433028,2.0,0.0,0.05818616185907389,0.7652885148334535,0.9696793659879687,ns,True,combat_ols
T1D,Bacteria.Actinomycetota.Coriobacteriia.Coriobacteriales.Eggerthellaceae.Incertae Sedis,,,,,,,-0.1963933252595136,0.2540701267659913,0.9696793659879687,ns,False,combat_ols
T1D,Bacteria.Actinomycetota.Coriobacteriia.Coriobacteriales.Eggerthellaceae.Senegalimassilia,,,,,,,-0.1488479077339931,0.4742192111588237,0.9696793659879687,ns,False,combat_ols
T1D,Bacteria.Actinomycetota.Coriobacteriia.Coriobacteriales.Eggerthellaceae.Slackia,,,,,,,-0.010697972917627497,0.9310586056491491,0.9696793659879687,ns,False,combat_ols
T1D,Bacteria.Bacillota.Bacilli.Erysipelotrichales.Erysipelatoclostridiaceae.Catenibacterium,,,,,,,0.006754358857741796,0.9748560714620844,0.983117563593119,ns,False,combat_ols
T1D,Bacteria.Bacillota.Bacilli.Erysipelotrichales.Erysipelatoclostridiaceae.Erysipelotrichaceae UCG-003,Erysipelotrichaceae UCG-003,-0.33918430614582346,0.5174746450550063,0.9882664771433028,2.0,68.45806081854673,-0.38919089969322335,0.18401950356330288,0.9696793659879687,ns,True,combat_ols
T1D,Bacteria.Bacillota.Bacilli.Erysipelotrichales.Erysipelatoclostridiaceae.Thomasclavelia,Thomasclavelia,0.11607135599833611,0.6896189215721907,0.9882664771433028,2.0,35.53697838038448,0.14081395634807028,0.5202055396012171,0.9696793659879687,ns,True,combat_ols
T1D,Bacteria.Bacillota.Bacilli.Erysipelotrichales.Erysipelotrichaceae.Holdemanella,,,,,,,0.036795990230596216,0.8442827040453849,0.9696793659879687,ns,False,combat_ols
T1D,Bacteria.Bacillota.Bacilli.Erysipelotrichales.Erysipelotrichaceae.Turicibacter,Turicibacter,-0.05257270247939662,0.8219802110838155,0.9882664771433028,2.0,0.0,-0.0711344898290805,0.7892039323866746,0.9696793659879687,ns,True,combat_ols
T1D,Bacteria.Bacillota.Bacilli.Erysipelotrichales.Erysipelotrichaceae.[Clostridium] innocuum group,,,,,,,0.0975121254865217,0.5711076100998087,0.9696793659879687,ns,False,combat_ols
T1D,Bacteria.Bacillota.Bacilli.Lactobacillales.Enterococcaceae.Enterococcus,Enterococcus,-0.2924516720088015,0.43269962910227966,0.9882664771433028,2.0,0.0,-0.31508308678395786,0.4449226403711366,0.9696793659879687,ns,True,combat_ols
T1D,Bacteria.Bacillota.Bacilli.Lactobacillales.Lactobacillaceae.Lacticaseibacillus,,,,,,,0.039004093147292335,0.846065680021361,0.9696793659879687,ns,False,combat_ols
T1D,Bacteria.Bacillota.Bacilli.Lactobacillales.Lactobacillaceae.Lactobacillus,,,,,,,-0.01702240243402515,0.9403611368576581,0.9696793659879687,ns,False,combat_ols
T1D,Bacteria.Bacillota.Bacilli.Lactobacillales.Lactobacillaceae.Ligilactobacillus,,,,,,,0.026740796978735774,0.9210998155292804,0.9696793659879687,ns,False,combat_ols
T1D,Bacteria.Bacillota.Bacilli.Lactobacillales.Lactobacillaceae.Pediococcus,,,,,,,0.03573009144266353,0.8628552229792162,0.9696793659879687,ns,False,combat_ols
T1D,Bacteria.Bacillota.Bacilli.Lactobacillales.Lactobacillaceae.Weissella,,,,,,,0.07906769426320971,0.7048553691906402,0.9696793659879687,ns,False,combat_ols
T1D,Bacteria.Bacillota.Bacilli.Lactobacillales.Streptococcaceae.Streptococcus,Streptococcus,0.3451844498402749,0.274508912325341,0.9204122354437906,2.0,0.0,0.3562763222716766,0.27983914868364573,0.9696793659879687,ns,True,combat_ols
T1D,Bacteria.Bacillota.Bacilli.RF39.Incertae Sedis.Incertae Sedis,,,,,,,-0.33742616557831523,0.1752966170617303,0.9696793659879687,ns,False,combat_ols
T1D,Bacteria.Bacillota.Bacilli.Staphylococcales.Staphylococcaceae.Staphylococcus,Staphylococcus,-0.019958975229664912,0.9139312332480215,0.9882664771433028,2.0,0.0,0.03167355384505065,0.8907052157325044,0.9696793659879687,ns,False,combat_ols
T1D,Bacteria.Bacillota.Clostridia.Christensenellales.Christensenellaceae.Christensenellaceae R-7 group,,,,,,,-0.08457625282367605,0.7334092131929721,0.9696793659879687,ns,False,combat_ols
T1D,Bacteria.Bacillota.Clostridia.Christensenellales.Christensenellaceae.NA,,,,,,,0.038597183942661956,0.8379228987646521,0.9696793659879687,ns,False,combat_ols
T1D,Bacteria.Bacillota.Clostridia.Clostridia UCG-014.Incertae Sedis.Incertae Sedis,,,,,,,-0.26289082638304845,0.4009565035393937,0.9696793659879687,ns,False,combat_ols
T1D,Bacteria.Bacillota.Clostridia.Clostridiales.Clostridiaceae.Clostridium,Clostridium,-0.48882419074778505,0.14534770556534257,0.9204122354437906,2.0,0.0,-0.46797627666516667,0.16079210507672603,0.9696793659879687,ns,True,combat_ols
T1D,Bacteria.Bacillota.Clostridia.Clostridiales.Clostridiaceae.Sarcina,,,,,,,0.07352406454720249,0.7780439741006488,0.9696793659879687,ns,False,combat_ols
T1D,Bacteria.Bacillota.Clostridia.Lachnospirales.Lachnospiraceae.Agathobacter,Agathobacter,0.13553695917334754,0.780288597429901,0.9882664771433028,2.0,38.900157454792904,0.11750152360270971,0.7538503282973429,0.9696793659879687,ns,True,combat_ols
T1D,Bacteria.Bacillota.Clostridia.Lachnospirales.Lachnospiraceae.Anaerobutyricum,Anaerobutyricum,-0.5283392154592957,0.5137448988700343,0.9882664771433028,2.0,88.14133457031325,-0.6517802664871786,0.019603912554822328,0.5165185663178294,ns,True,combat_ols
T1D,Bacteria.Bacillota.Clostridia.Lachnospirales.Lachnospiraceae.Anaerostipes,Anaerostipes,-0.7110903256688275,0.07655116496275584,0.8726832805754166,2.0,32.373355153392964,-0.7110197275591257,0.02604295292358804,0.5165185663178294,ns,True,combat_ols
T1D,Bacteria.Bacillota.Clostridia.Lachnospirales.Lachnospiraceae.Blautia,Blautia,0.3502280932833797,0.6080426300854604,0.9882664771433028,2.0,73.11232489918638,0.1635457700450516,0.5918760218293166,0.9696793659879687,ns,True,combat_ols
T1D,Bacteria.Bacillota.Clostridia.Lachnospirales.Lachnospiraceae.CAG-56,,,,,,,0.04316269040742396,0.842681006856306,0.9696793659879687,ns,False,combat_ols
T1D,Bacteria.Bacillota.Clostridia.Lachnospirales.Lachnospiraceae.Coprococcus,,,,,,,-0.37943735631578485,0.11172665304658083,0.9696793659879687,ns,False,combat_ols
T1D,Bacteria.Bacillota.Clostridia.Lachnospirales.Lachnospiraceae.Dorea,Dorea,-0.6399315669568327,0.053985999874636016,0.8726832805754166,2.0,38.89172324526349,-0.6772575619416263,0.009014841510865713,0.5165185663178294,ns,True,combat_ols
T1D,Bacteria.Bacillota.Clostridia.Lachnospirales.Lachnospiraceae.Enterocloster,Enterocloster,0.665294292015346,0.025084325710702314,0.714903282755016,2.0,0.0,0.6913319893284864,0.021861629724943373,0.5165185663178294,ns,True,combat_ols
T1D,Bacteria.Bacillota.Clostridia.Lachnospirales.Lachnospiraceae.Faecalimonas,Faecalimonas,-0.10323118012531514,0.6436063144728339,0.9882664771433028,2.0,0.0,-0.10128232925563765,0.6462015091665447,0.9696793659879687,ns,True,combat_ols
T1D,Bacteria.Bacillota.Clostridia.Lachnospirales.Lachnospiraceae.Fusicatenibacter,Fusicatenibacter,-0.1596872826065606,0.7056740905986214,0.9882664771433028,2.0,28.59047075460717,-0.15013852208101772,0.6685281497138964,0.9696793659879687,ns,True,combat_ols
T1D,Bacteria.Bacillota.Clostridia.Lachnospirales.Lachnospiraceae.GCA-900066575,,,,,,,-0.05260056797864364,0.6363032448013471,0.9696793659879687,ns,False,combat_ols
T1D,Bacteria.Bacillota.Clostridia.Lachnospirales.Lachnospiraceae.Hungatella,,,,,,,0.17523875940979824,0.4148311799764476,0.9696793659879687,ns,False,combat_ols
T1D,Bacteria.Bacillota.Clostridia.Lachnospirales.Lachnospiraceae.Lachnoclostridium,Lachnoclostridium,0.07881441400275858,0.8418899447251182,0.9882664771433028,2.0,47.40934788171489,0.04590277844127104,0.8719821885364282,0.9696793659879687,ns,True,combat_ols
T1D,Bacteria.Bacillota.Clostridia.Lachnospirales.Lachnospiraceae.Lachnospira,Lachnospira,-0.4155284326402357,0.18725954320208016,0.9204122354437906,2.0,0.0,-0.39625867567765993,0.21092614488224765,0.9696793659879687,ns,True,combat_ols
T1D,Bacteria.Bacillota.Clostridia.Lachnospirales.Lachnospiraceae.Lachnospiraceae FCS020 group,,,,,,,-0.2073955459762217,0.3191319094162334,0.9696793659879687,ns,False,combat_ols
T1D,Bacteria.Bacillota.Clostridia.Lachnospirales.Lachnospiraceae.Lachnospiraceae ND3007 group,Lachnospiraceae ND3007 group,0.043925589550701076,0.8468403385287209,0.9882664771433028,2.0,0.0,0.0451818708615247,0.8501208220398982,0.9696793659879687,ns,True,combat_ols
T1D,Bacteria.Bacillota.Clostridia.Lachnospirales.Lachnospiraceae.Lachnospiraceae NK4A136 group,Lachnospiraceae NK4A136 group,0.3883937021646796,0.42063822361532655,0.9882664771433028,2.0,55.715757309302205,0.3386247285376052,0.29085294244005094,0.9696793659879687,ns,True,combat_ols
T1D,Bacteria.Bacillota.Clostridia.Lachnospirales.Lachnospiraceae.Lachnospiraceae UCG-004,Lachnospiraceae UCG-004,-0.06496951024954364,0.8607560930224329,0.9882664771433028,2.0,59.753983367397154,-0.026939862339458692,0.9059833778137556,0.9696793659879687,ns,True,combat_ols
T1D,Bacteria.Bacillota.Clostridia.Lachnospirales.Lachnospiraceae.Lachnospiraceae UCG-010,,,,,,,0.22984924431527093,0.14579552150548764,0.9696793659879687,ns,False,combat_ols
T1D,Bacteria.Bacillota.Clostridia.Lachnospirales.Lachnospiraceae.Marvinbryantia,,,,,,,-0.11284898774417337,0.4885376281296314,0.9696793659879687,ns,False,combat_ols
T1D,Bacteria.Bacillota.Clostridia.Lachnospirales.Lachnospiraceae.Mediterraneibacter,Mediterraneibacter,-0.5718461864323932,0.20587582500117507,0.9204122354437906,2.0,46.596549103354825,-0.5981456213677727,0.057538344809799656,0.7699997673584542,ns,True,combat_ols
T1D,Bacteria.Bacillota.Clostridia.Lachnospirales.Lachnospiraceae.NA,Lachnospiraceae,0.39235409756268735,0.38397437060647777,0.9882664771433028,2.0,46.13060276054172,0.36465327527619956,0.2498063196322689,0.9696793659879687,ns,True,combat_ols
T1D,Bacteria.Bacillota.Clostridia.Lachnospirales.Lachnospiraceae.Roseburia,Roseburia,0.28446198824516344,0.5058504763346946,0.9882664771433028,2.0,28.41868718914176,0.27796992299571055,0.4303529154822523,0.9696793659879687,ns,True,combat_ols
T1D,Bacteria.Bacillota.Clostridia.Lachnospirales.Lachnospiraceae.Sellimonas,Sellimonas,0.009979355923547588,0.9623015395521156,0.9882664771433028,2.0,0.0,0.026443605598022748,0.9040023222878744,0.9696793659879687,ns,True,combat_ols
T1D,Bacteria.Bacillota.Clostridia.Lachnospirales.Lachnospiraceae.Tyzzerella,,,,,,,-0.14653605624087784,0.3103906409041854,0.9696793659879687,ns,False,combat_ols
T1D,Bacteria.Bacillota.Clostridia.Lachnospirales.Lachnospiraceae.[Eubacterium] eligens group,[Eubacterium] eligens group,-0.017209065611308767,0.954917514133498,0.9882664771433028,2.0,0.0,-0.025982097991007223,0.9311332496967133,0.9696793659879687,ns,True,combat_ols
T1D,Bacteria.Bacillota.Clostridia.Lachnospirales.Lachnospiraceae.[Eubacterium] ruminantium group,,,,,,,-0.09959090133466841,0.5392503392786281,0.9696793659879687,ns,False,combat_ols
T1D,Bacteria.Bacillota.Clostridia.Lachnospirales.Lachnospiraceae.[Eubacterium] ventriosum group,,,,,,,-0.08769061278493731,0.6135757419547248,0.9696793659879687,ns,False,combat_ols
T1D,Bacteria.Bacillota.Clostridia.Lachnospirales.Lachnospiraceae.[Eubacterium] xylanophilum group,,,,,,,-0.23427947129292417,0.2146536264047481,0.9696793659879687,ns,False,combat_ols
T1D,Bacteria.Bacillota.Clostridia.Lachnospirales.Lachnospiraceae.[Ruminococcus] gauvreauii group,,,,,,,-0.26127745204456915,0.3053547875156883,0.9696793659879687,ns,False,combat_ols
T1D,Bacteria.Bacillota.Clostridia.Lachnospirales.Lachnospiraceae.[Ruminococcus] gnavus group,[Ruminococcus] gnavus group,0.27287816211519805,0.3633204525749565,0.9882664771433028,2.0,0.0,0.25896365135649163,0.40384658827001196,0.9696793659879687,ns,True,combat_ols
T1D,Bacteria.Bacillota.Clostridia.Monoglobales.Monoglobaceae.Monoglobus,Monoglobus,0.4589006338866718,0.09208049778733433,0.8747647289796762,2.0,0.0,0.4505584435502652,0.09541489538166723,0.9696793659879687,ns,True,combat_ols
T1D,Bacteria.Bacillota.Clostridia.NA.NA.NA,,,,,,,-0.03569024405477648,0.7824780120000607,0.9696793659879687,ns,False,combat_ols
T1D,Bacteria.Bacillota.Clostridia.Oscillospirales.Butyricicoccaceae.Agathobaculum,Agathobaculum,0.34141345914632937,0.3768030423928621,0.9882664771433028,2.0,57.65403221997987,0.3608389991340946,0.1750992646115336,0.9696793659879687,ns,True,combat_ols
T1D,Bacteria.Bacillota.Clostridia.Oscillospirales.Oscillospiraceae.Colidextribacter,,,,,,,0.10169440402016729,0.5579934475317199,0.9696793659879687,ns,False,combat_ols
T1D,Bacteria.Bacillota.Clostridia.Oscillospirales.Oscillospiraceae.Flavonifractor,Flavonifractor,0.29362707670374755,0.19765912122246965,0.9204122354437906,2.0,0.0,0.2637442851544532,0.27461280087464596,0.9696793659879687,ns,True,combat_ols
T1D,Bacteria.Bacillota.Clostridia.Oscillospirales.Oscillospiraceae.Intestinimonas,,,,,,,0.282587025379427,0.1614966899608617,0.9696793659879687,ns,False,combat_ols
T1D,Bacteria.Bacillota.Clostridia.Oscillospirales.Oscillospiraceae.NK4A214 group,,,,,,,-0.021913691235876276,0.9110312172766319,0.9696793659879687,ns,False,combat_ols
T1D,Bacteria.Bacillota.Clostridia.Oscillospirales.Oscillospiraceae.Oscillibacter,Oscillibacter,0.03175067380382601,0.9123268802115723,0.9882664771433028,2.0,44.097820158819815,0.059392740088352575,0.7804653367117412,0.9696793659879687,ns,True,combat_ols
T1D,Bacteria.Bacillota.Clostridia.Oscillospirales.Oscillospiraceae.UCG-002,,,,,,,0.045841019248044686,0.8636727449477314,0.9696793659879687,ns,False,combat_ols
T1D,Bacteria.Bacillota.Clostridia.Oscillospirales.Oscillospiraceae.UCG-003,,,,,,,-0.003326435007329027,0.98461270788217,0.98461270788217,ns,False,combat_ols
T1D,Bacteria.Bacillota.Clostridia.Oscillospirales.Oscillospiraceae.UCG-005,,,,,,,0.06547547946995204,0.7682137059877328,0.9696793659879687,ns,False,combat_ols
T1D,Bacteria.Bacillota.Clostridia.Oscillospirales.Ruminococcaceae.Acutalibacter,Acutalibacter,-0.22007725425429614,0.3362978066048721,0.9882664771433028,2.0,0.0,-0.20436146981997982,0.37006718208225264,0.9696793659879687,ns,True,combat_ols
T1D,Bacteria.Bacillota.Clostridia.Oscillospirales.Ruminococcaceae.CAG-352,,,,,,,0.09351898303175829,0.6636129940390515,0.9696793659879687,ns,False,combat_ols
T1D,Bacteria.Bacillota.Clostridia.Oscillospirales.Ruminococcaceae.Faecalibacterium,Faecalibacterium,-0.09230235998683468,0.8004921419842912,0.9882664771433028,2.0,0.0,-0.10270650933780086,0.7863828697801556,0.9696793659879687,ns,True,combat_ols
T1D,Bacteria.Bacillota.Clostridia.Oscillospirales.Ruminococcaceae.Fournierella,,,,,,,0.1242019003919644,0.39110058081038424,0.9696793659879687,ns,False,combat_ols
T1D,Bacteria.Bacillota.Clostridia.Oscillospirales.Ruminococcaceae.Gemmiger,Gemmiger,0.2025307056485185,0.6129394664980718,0.9882664771433028,2.0,40.49165918080356,0.1663506559577969,0.5810105724132708,0.9696793659879687,ns,True,combat_ols
T1D,Bacteria.Bacillota.Clostridia.Oscillospirales.Ruminococcaceae.Incertae Sedis,,,,,,,0.1089300928414721,0.5844514991657617,0.9696793659879687,ns,False,combat_ols
T1D,Bacteria.Bacillota.Clostridia.Oscillospirales.Ruminococcaceae.NA,Ruminococcaceae,-0.027683544534684745,0.8944920621142585,0.9882664771433028,2.0,0.0,-0.04722766749844248,0.8289398804566219,0.9696793659879687,ns,True,combat_ols
T1D,Bacteria.Bacillota.Clostridia.Oscillospirales.Ruminococcaceae.Ruminococcus,Ruminococcus,-0.12918589724895713,0.7701496620761226,0.9882664771433028,2.0,36.4533181207686,-0.14340657211260308,0.6725617255486858,0.9696793659879687,ns,True,combat_ols
T1D,Bacteria.Bacillota.Clostridia.Oscillospirales.Ruminococcaceae.Ruthenibacterium,Ruthenibacterium,0.6445645598077004,0.27189886457794143,0.9204122354437906,2.0,84.04109477336351,0.5333911303115193,0.018851406980976926,0.5165185663178294,ns,True,combat_ols
T1D,Bacteria.Bacillota.Clostridia.Oscillospirales.Ruminococcaceae.[Eubacterium] siraeum group,,,,,,,0.14032891304385697,0.4833274942790794,0.9696793659879687,ns,False,combat_ols
T1D,Bacteria.Bacillota.Clostridia.Oscillospirales.UCG-010.Incertae Sedis,,,,,,,-0.10353514250894985,0.5534154771392503,0.9696793659879687,ns,False,combat_ols
T1D,Bacteria.Bacillota.Clostridia.Oscillospirales.[Eubacterium] coprostanoligenes group.Incertae Sedis,Incertae Sedis,0.3122335924057612,0.3005125488682665,0.9516230714161773,2.0,0.0,0.30608128520129674,0.33645481713298586,0.9696793659879687,ns,True,combat_ols
T1D,Bacteria.Bacillota.Clostridia.Peptococcales.Peptococcaceae.Peptococcus,,,,,,,-0.008876406501913438,0.9416454625736682,0.9696793659879687,ns,False,combat_ols
T1D,Bacteria.Bacillota.Clostridia.Peptostreptococcales-Tissierellales.Anaerovoracaceae.Family XIII AD3011 group,,,,,,,-0.077917952107444,0.6649087469753262,0.9696793659879687,ns,False,combat_ols
T1D,Bacteria.Bacillota.Clostridia.Peptostreptococcales-Tissierellales.Anaerovoracaceae.Mogibacterium,,,,,,,0.030890788298938845,0.8595734534449743,0.9696793659879687,ns,False,combat_ols
T1D,Bacteria.Bacillota.Clostridia.Peptostreptococcales-Tissierellales.Family XI.Anaerococcus,,,,,,,-0.10604143231027598,0.6564500487852872,0.9696793659879687,ns,False,combat_ols
T1D,Bacteria.Bacillota.Clostridia.Peptostreptococcales-Tissierellales.Family XI.Fenollaria,,,,,,,0.1378168919787674,0.3481800900845208,0.9696793659879687,ns,False,combat_ols
T1D,Bacteria.Bacillota.Clostridia.Peptostreptococcales-Tissierellales.Family XI.Finegoldia,,,,,,,0.05964348503649608,0.7630385378072,0.9696793659879687,ns,False,combat_ols
T1D,Bacteria.Bacillota.Clostridia.Peptostreptococcales-Tissierellales.Family XI.Peptoniphilus,,,,,,,-0.20412900981811188,0.2912911678968491,0.9696793659879687,ns,False,combat_ols
T1D,Bacteria.Bacillota.Clostridia.Peptostreptococcales-Tissierellales.Peptostreptococcaceae.Clostridioides,,,,,,,0.06049897535128224,0.7149758772526429,0.9696793659879687,ns,False,combat_ols
T1D,Bacteria.Bacillota.Clostridia.Peptostreptococcales-Tissierellales.Peptostreptococcaceae.Intestinibacter,Intestinibacter,-0.36916666389167596,0.25312240417882614,0.9204122354437906,2.0,0.0,-0.3590975855942839,0.26095625594071237,0.9696793659879687,ns,True,combat_ols
T1D,Bacteria.Bacillota.Clostridia.Peptostreptococcales-Tissierellales.Peptostreptococcaceae.Romboutsia,Romboutsia,-0.47195325962134144,0.2005886231570725,0.9204122354437906,2.0,0.0,-0.4763333838607431,0.19230794038893662,0.9696793659879687,ns,True,combat_ols
T1D,Bacteria.Bacillota.Clostridia.Peptostreptococcales-Tissierellales.Peptostreptococcaceae.Terrisporobacter,Terrisporobacter,-0.3991848534501319,0.2386472297017086,0.9204122354437906,2.0,0.0,-0.4101003677621599,0.23187420464900568,0.9696793659879687,ns,True,combat_ols
T1D,Bacteria.Bacillota.Negativicutes.Acidaminococcales.Acidaminococcaceae.Phascolarctobacterium,,,,,,,-0.01897533015128287,0.9498452317293008,0.9696793659879687,ns,False,combat_ols
T1D,Bacteria.Bacillota.Negativicutes.Veillonellales-Selenomonadales.Veillonellaceae.Dialister,Dialister,-0.002480347827792591,0.9948076975103662,0.9948076975103662,2.0,0.0,-0.031780968425402595,0.9351857152364851,0.9696793659879687,ns,True,combat_ols
T1D,Bacteria.Bacillota.Negativicutes.Veillonellales-Selenomonadales.Veillonellaceae.Megasphaera,Megasphaera,0.636627081097504,0.06253967501489016,0.8726832805754166,2.0,0.0,0.6426909166454249,0.058235276522908296,0.7699997673584542,ns,True,combat_ols
T1D,Bacteria.Bacillota.Negativicutes.Veillonellales-Selenomonadales.Veillonellaceae.Veillonella,Veillonella,0.11457425847600727,0.8792301879548112,0.9882664771433028,2.0,81.69939746997524,0.21498903228666263,0.5100433008926941,0.9696793659879687,ns,True,combat_ols
T1D,Bacteria.Bacteroidota.Bacteroidia.Bacteroidales.Bacteroidaceae.Bacteroides,Bacteroides,0.5233566261812792,0.21747135816271268,0.9204122354437906,2.0,0.0,0.540514232393279,0.20307381741959027,0.9696793659879687,ns,True,combat_ols
T1D,Bacteria.Bacteroidota.Bacteroidia.Bacteroidales.Barnesiellaceae.Barnesiella,,,,,,,0.019135322338725645,0.9171437612470168,0.9696793659879687,ns,False,combat_ols
T1D,Bacteria.Bacteroidota.Bacteroidia.Bacteroidales.Marinifilaceae.Odoribacter,,,,,,,0.0937750538768423,0.6539261599903508,0.9696793659879687,ns,False,combat_ols
T1D,Bacteria.Bacteroidota.Bacteroidia.Bacteroidales.Prevotellaceae.Hoylesella,Hoylesella,0.028643282067278616,0.883669073523391,0.9882664771433028,2.0,21.397322525453948,0.038543814197109075,0.8219665792918999,0.9696793659879687,ns,True,combat_ols
T1D,Bacteria.Bacteroidota.Bacteroidia.Bacteroidales.Prevotellaceae.Incertae Sedis,,,,,,,-0.10637117588423142,0.6306593566608573,0.9696793659879687,ns,False,combat_ols
T1D,Bacteria.Bacteroidota.Bacteroidia.Bacteroidales.Prevotellaceae.Leyella,,,,,,,-0.08464339639172107,0.6336889516748947,0.9696793659879687,ns,False,combat_ols
T1D,Bacteria.Bacteroidota.Bacteroidia.Bacteroidales.Prevotellaceae.Segatella,,,,,,,0.048580331056815695,0.894855887202147,0.9696793659879687,ns,False,combat_ols
T1D,Bacteria.Bacteroidota.Bacteroidia.Bacteroidales.Rikenellaceae.Alistipes,Alistipes,0.01733796077984016,0.9625836886218754,0.9882664771433028,2.0,3.809865353474469,0.034742075249559815,0.9229064859515224,0.9696793659879687,ns,True,combat_ols
T1D,Bacteria.Bacteroidota.Bacteroidia.Bacteroidales.Tannerellaceae.Parabacteroides,Parabacteroides,0.09672771089829749,0.8951333157348311,0.9882664771433028,2.0,78.80005893927833,-0.02454511938453358,0.9411931803338198,0.9696793659879687,ns,False,combat_ols
T1D,Bacteria.Cyanobacteriota.Vampirivibrionia.Gastranaerophilales.Gastranaerophilaceae.Zag_111,,,,,,,0.01577375596443198,0.94123768945788,0.9696793659879687,ns,False,combat_ols
T1D,Bacteria.Pseudomonadota.Gammaproteobacteria.Burkholderiales.Sutterellaceae.Parasutterella,,,,,,,0.025772481343819532,0.9035595062207504,0.9696793659879687,ns,False,combat_ols
T1D,Bacteria.Pseudomonadota.Gammaproteobacteria.Burkholderiales.Sutterellaceae.Sutterella,Sutterella,0.31411896359383057,0.16477552569891019,0.9204122354437906,2.0,0.0,0.31089529204075095,0.16538516580297935,0.9696793659879687,ns,True,combat_ols
T1D,Bacteria.Pseudomonadota.Gammaproteobacteria.Enterobacterales.Enterobacteriaceae.Citrobacter,,,,,,,0.29934063141395134,0.17757834400925757,0.9696793659879687,ns,False,combat_ols
T1D,Bacteria.Pseudomonadota.Gammaproteobacteria.Enterobacterales.Enterobacteriaceae.Escherichia-Shigella,Escherichia-Shigella,-0.10985926511183065,0.8593520105133184,0.9882664771433028,2.0,72.24846152869742,-0.018719868852543856,0.9533822337864901,0.9696793659879687,ns,True,combat_ols
T1D,Bacteria.Pseudomonadota.Gammaproteobacteria.Enterobacterales.Enterobacteriaceae.Klebsiella,Klebsiella,0.03896991863434714,0.9709284687723676,0.9882664771433028,2.0,88.1292505177042,0.2819726602934118,0.42381204340946765,0.9696793659879687,ns,True,combat_ols
T1D,Bacteria.Pseudomonadota.Gammaproteobacteria.Enterobacterales.Enterobacteriaceae.NA,,,,,,,0.07108286961844787,0.7837863343806064,0.9696793659879687,ns,False,combat_ols
T1D,Bacteria.Pseudomonadota.Gammaproteobacteria.Enterobacterales.Pasteurellaceae.Haemophilus,Haemophilus,0.04642742047903739,0.8558914383819152,0.9882664771433028,2.0,0.0,0.08506384554156608,0.7586833706913179,0.9696793659879687,ns,True,combat_ols
T1D,Bacteria.Pseudomonadota.Gammaproteobacteria.Pseudomonadales.Pseudomonadaceae.Pseudomonas,,,,,,,0.1934577543216913,0.048996493321377864,0.7699997673584542,ns,False,combat_ols
T1D,Bacteria.Thermodesulfobacteriota.Desulfovibrionia.Desulfovibrionales.Desulfovibrionaceae.Bilophila,Bilophila,-0.14290121808251047,0.4385932835486519,0.9882664771433028,2.0,0.0,-0.14602843286851033,0.4300504976653995,0.9696793659879687,ns,True,combat_ols
T1D,Bacteria.Thermodesulfobacteriota.Desulfovibrionia.Desulfovibrionales.Desulfovibrionaceae.Desulfovibrio,,,,,,,-0.09748607460293236,0.5485755787818166,0.9696793659879687,ns,False,combat_ols
T1D,Bacteria.Verrucomicrobiota.Verrucomicrobiia.Verrucomicrobiales.Akkermansiaceae.Akkermansia,Akkermansia,-0.2078489437887347,0.5813796669617071,0.9882664771433028,2.0,0.0,-0.2059923446515505,0.5808149162846628,0.9696793659879687,ns,True,combat_ols
asthma,Archaea.Methanobacteriota.Methanobacteria.Methanobacteriales.Methanobacteriaceae.Methanobrevibacter,,,,,,,0.05784295322578998,0.7037882800693049,0.996974428981283,ns,False,combat_ols
asthma,Bacteria.Actinomycetota.Actinobacteria.Actinomycetales.Actinomycetaceae.Actinomyces,Actinomyces,0.1124103513234941,0.5817387755403675,0.9759262522748139,3.0,0.0,0.11144014965435743,0.6462268476404835,0.996974428981283,ns,True,combat_ols
asthma,Bacteria.Actinomycetota.Actinobacteria.Actinomycetales.Actinomycetaceae.F0332,F0332,0.0469996699663325,0.7695651305254665,0.9759262522748139,3.0,0.0,0.045089372852279,0.7844363470620268,0.996974428981283,ns,True,combat_ols
asthma,Bacteria.Actinomycetota.Actinobacteria.Actinomycetales.Actinomycetaceae.Mobiluncus,Mobiluncus,-0.21518345661589658,0.3340115262872916,0.9492584596611647,2.0,0.0,0.003970935430263531,0.9698048729578883,0.996974428981283,ns,False,combat_ols
asthma,Bacteria.Actinomycetota.Actinobacteria.Actinomycetales.Actinomycetaceae.Schaalia,Schaalia,0.005895396924499273,0.9626315414967267,0.9787320617617169,3.0,0.0,0.026797410422306357,0.9147465333105896,0.996974428981283,ns,True,combat_ols
asthma,Bacteria.Actinomycetota.Actinobacteria.Bifidobacteriales.Bifidobacteriaceae.Alloscardovia,Alloscardovia,0.053189803812971545,0.728062136173504,0.9759262522748139,3.0,0.0,0.04849562032963875,0.768561318644142,0.996974428981283,ns,True,combat_ols
asthma,Bacteria.Actinomycetota.Actinobacteria.Bifidobacteriales.Bifidobacteriaceae.Bifidobacterium,Bifidobacterium,0.191523382313014,0.6600437309971365,0.9759262522748139,3.0,62.26986633443424,0.082646933638671,0.733620604709727,0.996974428981283,ns,True,combat_ols
asthma,Bacteria.Actinomycetota.Actinobacteria.Bifidobacteriales.Bifidobacteriaceae.Scardovia,Scardovia,0.20263331587231337,0.20719120684273906,0.9084992829799825,3.0,0.0,0.19426813878047575,0.2290282659621232,0.996974428981283,ns,True,combat_ols
asthma,Bacteria.Actinomycetota.Actinobacteria.Micrococcales.Micrococcaceae.Micrococcus,Micrococcus,-0.3555967521972908,0.09373127935232943,0.9084992829799825,2.0,0.0,-0.1246070527539285,0.4530225481984933,0.996974428981283,ns,True,combat_ols
asthma,Bacteria.Actinomycetota.Actinobacteria.Micrococcales.Micrococcaceae.Rothia,Rothia,-0.022437461320332752,0.9150697702170285,0.9759262522748139,3.0,3.096219274664248,-0.027507498361639272,0.9138060292522068,0.996974428981283,ns,True,combat_ols
asthma,Bacteria.Actinomycetota.Actinobacteria.Micrococcales.NA.NA,Micrococcales,0.025449883058973662,0.9626540700040406,0.9787320617617169,2.0,78.65655133309262,-0.010387208398938544,0.9141553117010992,0.996974428981283,ns,False,combat_ols
asthma,Bacteria.Actinomycetota.Actinobacteria.Mycobacteriales.Corynebacteriaceae.Corynebacterium,Corynebacterium,0.45130915117644227,0.09086802244045891,0.9084992829799825,3.0,14.074508029497554,0.3680061924889595,0.23640596160535635,0.996974428981283,ns,True,combat_ols
asthma,Bacteria.Actinomycetota.Actinobacteria.Mycobacteriales.Corynebacteriaceae.Lawsonella,Lawsonella,0.20549910071071467,0.24605743883656794,0.9492584596611647,3.0,0.0,0.1986181638252468,0.36249153318066374,0.996974428981283,ns,True,combat_ols
asthma,Bacteria.Actinomycetota.Actinobacteria.NA.NA.NA,Actinobacteria,0.04423851496680288,0.76300237263175,0.9759262522748139,2.0,0.0,,,,ns,False,combat_ols
asthma,Bacteria.Actinomycetota.Actinobacteria.Propionibacteriales.Propionibacteriaceae.Cutibacterium,Cutibacterium,0.04084298765457421,0.914712366011822,0.9759262522748139,2.0,40.74442112707487,-0.042387333855857016,0.8011035618498393,0.996974428981283,ns,False,combat_ols
asthma,Bacteria.Actinomycetota.Coriobacteriia.Coriobacteriales.Atopobiaceae.Lancefieldella,Lancefieldella,0.2538503068858482,0.21547951987014113,0.9084992829799825,3.0,16.979348990251395,0.2117345147530568,0.31860169901017626,0.996974428981283,ns,True,combat_ols
asthma,Bacteria.Actinomycetota.Coriobacteriia.Coriobacteriales.Atopobiaceae.Olsenella,Olsenella,-0.035491072939756035,0.832110602938721,0.9759262522748139,3.0,0.0,-0.033105267847830806,0.8458297205226677,0.996974428981283,ns,True,combat_ols
asthma,Bacteria.Actinomycetota.Coriobacteriia.Coriobacteriales.Coriobacteriaceae.Collinsella,,,,,,,-0.1119699109941537,0.5738853101629489,0.996974428981283,ns,False,combat_ols
asthma,Bacteria.Actinomycetota.Coriobacteriia.Coriobacteriales.Coriobacteriales Incertae Sedis.Incertae Sedis,,,,,,,0.04837182488429399,0.6093252022143856,0.996974428981283,ns,False,combat_ols
asthma,Bacteria.Actinomycetota.Coriobacteriia.Coriobacteriales.Eggerthellaceae.Adlercreutzia,,,,,,,0.19765521665295854,0.1652445056422118,0.996974428981283,ns,False,combat_ols
asthma,Bacteria.Actinomycetota.Coriobacteriia.Coriobacteriales.Eggerthellaceae.Asaccharobacter,,,,,,,-0.03027288989925731,0.7569615940172969,0.996974428981283,ns,False,combat_ols
asthma,Bacteria.Actinomycetota.Coriobacteriia.Coriobacteriales.Eggerthellaceae.Eggerthella,,,,,,,-0.021593297050148834,0.8384163430973404,0.996974428981283,ns,False,combat_ols
asthma,Bacteria.Actinomycetota.Coriobacteriia.Coriobacteriales.Eggerthellaceae.Gordonibacter,,,,,,,0.008493796725528423,0.9097398153850809,0.996974428981283,ns,False,combat_ols
asthma,Bacteria.Actinomycetota.Coriobacteriia.Coriobacteriales.Eggerthellaceae.Senegalimassilia,,,,,,,0.03423960767176112,0.7483199228677513,0.996974428981283,ns,False,combat_ols
asthma,Bacteria.Actinomycetota.Coriobacteriia.Coriobacteriales.Eggerthellaceae.Slackia,Slackia,-0.27398933937384945,0.1408589148967969,0.9084992829799825,3.0,0.0,-0.28119879662517777,0.13629420760429162,0.996974428981283,ns,True,combat_ols
asthma,Bacteria.Bacillota.Bacilli.Acholeplasmatales.Acholeplasmataceae.Anaeroplasma,,,,,,,-0.2140537073699766,0.1647614057298043,0.996974428981283,ns,False,combat_ols
asthma,Bacteria.Bacillota.Bacilli.Bacillales.Bacillaceae.Bacillus,,,,,,,0.014811731386677329,0.9276106541137861,0.996974428981283,ns,False,combat_ols
asthma,Bacteria.Bacillota.Bacilli.Erysipelotrichales.Erysipelatoclostridiaceae.Erysipelotrichaceae UCG-003,,,,,,,0.03244388591386529,0.7886164946818904,0.996974428981283,ns,False,combat_ols
asthma,Bacteria.Bacillota.Bacilli.Erysipelotrichales.Erysipelatoclostridiaceae.Thomasclavelia,,,,,,,-0.08699861331155022,0.3954295886674537,0.996974428981283,ns,False,combat_ols
asthma,Bacteria.Bacillota.Bacilli.Erysipelotrichales.Erysipelotrichaceae.Erysipelotrichaceae UCG-006,Erysipelotrichaceae UCG-006,-0.13419542478019159,0.43464818726239607,0.9492584596611647,2.0,0.0,,,,ns,False,combat_ols
asthma,Bacteria.Bacillota.Bacilli.Erysipelotrichales.Erysipelotrichaceae.Holdemanella,,,,,,,0.08485149195755053,0.46096046380462274,0.996974428981283,ns,False,combat_ols
asthma,Bacteria.Bacillota.Bacilli.Erysipelotrichales.Erysipelotrichaceae.Holdemania,,,,,,,0.0005531242695547331,0.9948830875563262,0.9979888239516932,ns,False,combat_ols
asthma,Bacteria.Bacillota.Bacilli.Erysipelotrichales.Erysipelotrichaceae.Solobacterium,Solobacterium,-0.05982115559475528,0.6754641759073345,0.9759262522748139,3.0,0.0,-0.087400201200667,0.58986174107283,0.996974428981283,ns,True,combat_ols
asthma,Bacteria.Bacillota.Bacilli.Erysipelotrichales.Erysipelotrichaceae.Turicibacter,,,,,,,-0.0038452898594031905,0.9814797080622361,0.996974428981283,ns,False,combat_ols
asthma,Bacteria.Bacillota.Bacilli.Izemoplasmatales.Incertae Sedis.Incertae Sedis,,,,,,,-0.08841414354555582,0.38309668441745326,0.996974428981283,ns,False,combat_ols
asthma,Bacteria.Bacillota.Bacilli.Lactobacillales.Aerococcaceae.Abiotrophia,Abiotrophia,-0.2388432483433369,0.5611677919239304,0.9759262522748139,3.0,71.35682727108087,0.01520018740044809,0.9326424305360392,0.996974428981283,ns,False,combat_ols
asthma,Bacteria.Bacillota.Bacilli.Lactobacillales.Carnobacteriaceae.Dolosigranulum,Dolosigranulum,0.279928634906264,0.7517228561161594,0.9759262522748139,2.0,63.36288423997382,0.0478083081026359,0.8531448224750453,0.996974428981283,ns,True,combat_ols
asthma,Bacteria.Bacillota.Bacilli.Lactobacillales.Carnobacteriaceae.Granulicatella,Granulicatella,-0.27844081242857943,0.15834500216728753,0.9084992829799825,3.0,18.373607725927414,-0.2641606491731757,0.2944531803704217,0.996974428981283,ns,True,combat_ols
asthma,Bacteria.Bacillota.Bacilli.Lactobacillales.Enterococcaceae.Enterococcus,,,,,,,-0.02946932051188916,0.8584792490170902,0.996974428981283,ns,False,combat_ols
asthma,Bacteria.Bacillota.Bacilli.Lactobacillales.Lactobacillaceae.HT002,HT002,-0.3400039890392516,0.11141699956901599,0.9084992829799825,2.0,0.0,-0.06558481453568167,0.6998709824618965,0.996974428981283,ns,True,combat_ols
asthma,Bacteria.Bacillota.Bacilli.Lactobacillales.Lactobacillaceae.Lactobacillus,Lactobacillus,0.22471699296497147,0.5203054283336933,0.9759262522748139,3.0,57.59599888482381,0.08775020267943436,0.6896313480433526,0.996974428981283,ns,True,combat_ols
asthma,Bacteria.Bacillota.Bacilli.Lactobacillales.Lactobacillaceae.Latilactobacillus,Latilactobacillus,-0.1808889651608196,0.4093209422457539,0.9492584596611647,2.0,34.43477858725779,,,,ns,False,combat_ols
asthma,Bacteria.Bacillota.Bacilli.Lactobacillales.Lactobacillaceae.Ligilactobacillus,Ligilactobacillus,-0.08996012558617797,0.731532195947003,0.9759262522748139,3.0,55.66867295783177,-0.12549708663596448,0.44200138152487356,0.996974428981283,ns,True,combat_ols
asthma,Bacteria.Bacillota.Bacilli.Lactobacillales.Lactobacillaceae.Limosilactobacillus,Limosilactobacillus,0.22386459940391468,0.27250678421675,0.9492584596611647,2.0,0.0,0.1937919034520585,0.3650553504819384,0.996974428981283,ns,True,combat_ols
asthma,Bacteria.Bacillota.Bacilli.Lactobacillales.NA.NA,Lactobacillales,-0.01017177393884471,0.9519468746987769,0.9787320617617169,2.0,0.0,,,,ns,False,combat_ols
asthma,Bacteria.Bacillota.Bacilli.Lactobacillales.Streptococcaceae.Lactococcus,,,,,,,0.09891398349038784,0.4558706739329783,0.996974428981283,ns,False,combat_ols
asthma,Bacteria.Bacillota.Bacilli.Lactobacillales.Streptococcaceae.Streptococcus,Streptococcus,-0.026241064831400537,0.8983267543817689,0.9759262522748139,3.0,40.34235599060847,0.020150838757485984,0.9171118975659831,0.996974428981283,ns,False,combat_ols
asthma,Bacteria.Bacillota.Bacilli.RF39.Incertae Sedis.Incertae Sedis,Incertae Sedis,-0.03325858016067922,0.8696651749303017,0.9759262522748139,3.0,0.0,-0.04597004354198086,0.8215190493294984,0.996974428981283,ns,True,combat_ols
asthma,Bacteria.Bacillota.Bacilli.Staphylococcales.Gemellaceae.Gemella,Gemella,-0.1487505529533125,0.5777649616917029,0.9759262522748139,3.0,42.99474211140564,-0.10547037885104164,0.648869050136608,0.996974428981283,ns,True,combat_ols
asthma,Bacteria.Bacillota.Bacilli.Staphylococcales.Staphylococcaceae.Staphylococcus,Staphylococcus,0.6370299181873289,0.183003963991891,0.9084992829799825,3.0,58.928224134496354,0.5040718326816545,0.09652945148353895,0.996974428981283,ns,True,combat_ols
asthma,Bacteria.Bacillota.Clostridia.Christensenellales.Christensenellaceae.Christensenellaceae R-7 group,,,,,,,0.2502850951858765,0.1699949402669829,0.996974428981283,ns,False,combat_ols
asthma,Bacteria.Bacillota.Clostridia.Christensenellales.Christensenellaceae.Incertae Sedis,,,,,,,-0.031399778436342195,0.7503664665445666,0.996974428981283,ns,False,combat_ols
asthma,Bacteria.Bacillota.Clostridia.Christensenellales.Christensenellaceae.NA,,,,,,,0.1676165958494096,0.20764224289579922,0.996974428981283,ns,False,combat_ols
asthma,Bacteria.Bacillota.Clostridia.Clostridia UCG-014.Incertae Sedis.Incertae Sedis,Incertae Sedis,-0.3302902576310332,0.1639080965248514,0.9084992829799825,3.0,0.0,-0.37096085160876574,0.12543071877085857,0.996974428981283,ns,True,combat_ols
asthma,Bacteria.Bacillota.Clostridia.Clostridia vadinBB60 group.Incertae Sedis.Incertae Sedis,Incertae Sedis,-0.38045228372513235,0.03441335189013226,0.7940298764456286,3.0,0.0,-0.37832982420256056,0.08451301458821958,0.996974428981283,ns,True,combat_ols
asthma,Bacteria.Bacillota.Clostridia.Clostridiales.Clostridiaceae.Clostridium,,,,,,,0.0374901562890346,0.8141865892390208,0.996974428981283,ns,False,combat_ols
asthma,Bacteria.Bacillota.Clostridia.Lachnospirales.Defluviitaleaceae.Defluviitaleaceae UCG-011,Defluviitaleaceae UCG-011,-0.43771095027089524,0.32739673311889106,0.9492584596611647,3.0,84.20058966675681,-0.21202372290649854,0.20565989750003322,0.996974428981283,ns,True,combat_ols
asthma,Bacteria.Bacillota.Clostridia.Lachnospirales.Lachnospiraceae.Agathobacter,,,,,,,0.04684602761636856,0.8325299805553266,0.996974428981283,ns,False,combat_ols
asthma,Bacteria.Bacillota.Clostridia.Lachnospirales.Lachnospiraceae.Anaerobutyricum,,,,,,,0.0534308728630948,0.6701678570914886,0.996974428981283,ns,False,combat_ols
asthma,Bacteria.Bacillota.Clostridia.Lachnospirales.Lachnospiraceae.Anaerostipes,,,,,,,0.019247168245048837,0.9062966583061663,0.996974428981283,ns,False,combat_ols
asthma,Bacteria.Bacillota.Clostridia.Lachnospirales.Lachnospiraceae.Blautia,Blautia,0.04976575572374559,0.840405964273897,0.9759262522748139,2.0,0.0,-0.02891331220019885,0.8760042183887613,0.996974428981283,ns,False,combat_ols
asthma,Bacteria.Bacillota.Clostridia.Lachnospirales.Lachnospiraceae.Butyribacter,,,,,,,0.0904273611154818,0.5365227805739496,0.996974428981283,ns,False,combat_ols
asthma,Bacteria.Bacillota.Clostridia.Lachnospirales.Lachnospiraceae.Butyrivibrio,Butyrivibrio,0.04480373719120599,0.713368938061798,0.9759262522748139,3.0,0.0,0.011686712250897043,0.9390503708728657,0.996974428981283,ns,True,combat_ols
asthma,Bacteria.Bacillota.Clostridia.Lachnospirales.Lachnospiraceae.CAG-56,,,,,,,0.006668088239206945,0.9574962718612945,0.996974428981283,ns,False,combat_ols
asthma,Bacteria.Bacillota.Clostridia.Lachnospirales.Lachnospiraceae.Coprococcus,,,,,,,-0.004373881072484084,0.9804167589742236,0.996974428981283,ns,False,combat_ols
asthma,Bacteria.Bacillota.Clostridia.Lachnospirales.Lachnospiraceae.Dorea,,,,,,,0.0067592082723341084,0.9667624499072862,0.996974428981283,ns,False,combat_ols
asthma,Bacteria.Bacillota.Clostridia.Lachnospirales.Lachnospiraceae.Eisenbergiella,,,,,,,-0.031167256791422897,0.8269085058276959,0.996974428981283,ns,False,combat_ols
asthma,Bacteria.Bacillota.Clostridia.Lachnospirales.Lachnospiraceae.Enterocloster,,,,,,,0.06560222241753605,0.7432731201798873,0.996974428981283,ns,False,combat_ols
asthma,Bacteria.Bacillota.Clostridia.Lachnospirales.Lachnospiraceae.Extibacter,,,,,,,0.015113832364156327,0.8869653347099699,0.996974428981283,ns,False,combat_ols
asthma,Bacteria.Bacillota.Clostridia.Lachnospirales.Lachnospiraceae.Faecalimonas,,,,,,,0.0021965336190385657,0.9831252184321961,0.996974428981283,ns,False,combat_ols
asthma,Bacteria.Bacillota.Clostridia.Lachnospirales.Lachnospiraceae.Fusicatenibacter,,,,,,,-0.051049064310874324,0.7571864345175432,0.996974428981283,ns,False,combat_ols
asthma,Bacteria.Bacillota.Clostridia.Lachnospirales.Lachnospiraceae.GCA-900066575,,,,,,,0.08556733543533737,0.5581942472323197,0.996974428981283,ns,False,combat_ols
asthma,Bacteria.Bacillota.Clostridia.Lachnospirales.Lachnospiraceae.Howardella,Howardella,-0.02581183648307586,0.8751432255983733,0.9759262522748139,3.0,36.51724771887934,-0.055044517766960344,0.672249657603798,0.996974428981283,ns,True,combat_ols
asthma,Bacteria.Bacillota.Clostridia.Lachnospirales.Lachnospiraceae.Hungatella,,,,,,,-0.008084958124082758,0.9410595646920163,0.996974428981283,ns,False,combat_ols
asthma,Bacteria.Bacillota.Clostridia.Lachnospirales.Lachnospiraceae.Incertae Sedis,Incertae Sedis,-0.05804709934457127,0.7313247458985457,0.9759262522748139,3.0,0.0,-0.015777361850749953,0.938678135802892,0.996974428981283,ns,True,combat_ols
asthma,Bacteria.Bacillota.Clostridia.Lachnospirales.Lachnospiraceae.Johnsonella,Johnsonella,-0.8658255696480496,0.003942885799844392,0.4692034101814827,2.0,0.0,-0.24269598516056243,0.09024848032401545,0.996974428981283,ns,True,combat_ols
asthma,Bacteria.Bacillota.Clostridia.Lachnospirales.Lachnospiraceae.Lachnoanaerobaculum,Lachnoanaerobaculum,0.07055389690644044,0.6930858885552545,0.9759262522748139,3.0,0.0,0.03312845078410295,0.8732786645403324,0.996974428981283,ns,True,combat_ols
asthma,Bacteria.Bacillota.Clostridia.Lachnospirales.Lachnospiraceae.Lachnoclostridium,,,,,,,-0.0485473333174568,0.8056343297833093,0.996974428981283,ns,False,combat_ols
asthma,Bacteria.Bacillota.Clostridia.Lachnospirales.Lachnospiraceae.Lachnospira,,,,,,,-0.16198485549710898,0.4198830369183739,0.996974428981283,ns,False,combat_ols
asthma,Bacteria.Bacillota.Clostridia.Lachnospirales.Lachnospiraceae.Lachnospiraceae AC2044 group,,,,,,,0.08384527070969182,0.4587367172652733,0.996974428981283,ns,False,combat_ols
asthma,Bacteria.Bacillota.Clostridia.Lachnospirales.Lachnospiraceae.Lachnospiraceae FCS020 group,,,,,,,0.0909134576202145,0.5229657333202928,0.996974428981283,ns,False,combat_ols
asthma,Bacteria.Bacillota.Clostridia.Lachnospirales.Lachnospiraceae.Lachnospiraceae NC2004 group,,,,,,,0.030173758323482437,0.7404339639770195,0.996974428981283,ns,False,combat_ols
asthma,Bacteria.Bacillota.Clostridia.Lachnospirales.Lachnospiraceae.Lachnospiraceae ND3007 group,,,,,,,0.02545864841296961,0.839823745924541,0.996974428981283,ns,False,combat_ols
asthma,Bacteria.Bacillota.Clostridia.Lachnospirales.Lachnospiraceae.Lachnospiraceae NK4A136 group,,,,,,,0.09579453395742953,0.6340612480060814,0.996974428981283,ns,False,combat_ols
asthma,Bacteria.Bacillota.Clostridia.Lachnospirales.Lachnospiraceae.Lachnospiraceae UCG-004,,,,,,,-0.04423797790529168,0.8046471041204976,0.996974428981283,ns,False,combat_ols
asthma,Bacteria.Bacillota.Clostridia.Lachnospirales.Lachnospiraceae.Lachnospiraceae UCG-010,,,,,,,-0.04552199182796651,0.780974993416055,0.996974428981283,ns,False,combat_ols
asthma,Bacteria.Bacillota.Clostridia.Lachnospirales.Lachnospiraceae.Mediterraneibacter,,,,,,,0.12733386453264578,0.4796793379952867,0.996974428981283,ns,False,combat_ols
asthma,Bacteria.Bacillota.Clostridia.Lachnospirales.Lachnospiraceae.NA,Lachnospiraceae,-0.5061300999943871,0.37078193947511096,0.9492584596611647,3.0,73.54161974045059,-0.2228451279284195,0.3575703668226128,0.996974428981283,ns,True,combat_ols
asthma,Bacteria.Bacillota.Clostridia.Lachnospirales.Lachnospiraceae.Oribacterium,Oribacterium,-0.11716075336982015,0.45621891280457283,0.9537136541309469,3.0,12.840466892923747,-0.09405473474884332,0.6467440972485161,0.996974428981283,ns,True,combat_ols
asthma,Bacteria.Bacillota.Clostridia.Lachnospirales.Lachnospiraceae.Roseburia,,,,,,,-0.10402081457962088,0.6138189586228185,0.996974428981283,ns,False,combat_ols
asthma,Bacteria.Bacillota.Clostridia.Lachnospirales.Lachnospiraceae.Shuttleworthia,Shuttleworthia,-0.24103345976567958,0.43873290152406774,0.9492584596611647,3.0,73.2487149893774,-0.07184505245994052,0.620950932757933,0.996974428981283,ns,True,combat_ols
asthma,Bacteria.Bacillota.Clostridia.Lachnospirales.Lachnospiraceae.Stomatobaculum,Stomatobaculum,0.10985021560681477,0.5231271048353325,0.9759262522748139,3.0,0.0,0.0848449416958617,0.677054869732191,0.996974428981283,ns,True,combat_ols
asthma,Bacteria.Bacillota.Clostridia.Lachnospirales.Lachnospiraceae.Syntrophococcus,,,,,,,0.1062285972053596,0.3873515578236434,0.996974428981283,ns,False,combat_ols
asthma,Bacteria.Bacillota.Clostridia.Lachnospirales.Lachnospiraceae.Tyzzerella,,,,,,,-0.10275391919519514,0.4813692270732173,0.996974428981283,ns,False,combat_ols
asthma,Bacteria.Bacillota.Clostridia.Lachnospirales.Lachnospiraceae.UC5-1-2E3,,,,,,,0.04271088818001387,0.690116349859849,0.996974428981283,ns,False,combat_ols
asthma,Bacteria.Bacillota.Clostridia.Lachnospirales.Lachnospiraceae.[Eubacterium] eligens group,,,,,,,0.18708236495962569,0.3417728450005708,0.996974428981283,ns,False,combat_ols
asthma,Bacteria.Bacillota.Clostridia.Lachnospirales.Lachnospiraceae.[Eubacterium] ruminantium group,,,,,,,0.17884338680495648,0.23933619319730864,0.996974428981283,ns,False,combat_ols
asthma,Bacteria.Bacillota.Clostridia.Lachnospirales.Lachnospiraceae.[Eubacterium] ventriosum group,,,,,,,0.11095860810743416,0.4616245879331232,0.996974428981283,ns,False,combat_ols
asthma,Bacteria.Bacillota.Clostridia.Lachnospirales.Lachnospiraceae.[Eubacterium] xylanophilum group,,,,,,,0.16559106581615135,0.29990328597101445,0.996974428981283,ns,False,combat_ols
asthma,Bacteria.Bacillota.Clostridia.Lachnospirales.Lachnospiraceae.[Ruminococcus] gauvreauii group,,,,,,,0.07216574352407207,0.49292849638954706,0.996974428981283,ns,False,combat_ols
asthma,Bacteria.Bacillota.Clostridia.Lachnospirales.Lachnospiraceae.[Ruminococcus] gnavus group,,,,,,,-0.098633389507042,0.5698544725257406,0.996974428981283,ns,False,combat_ols
asthma,Bacteria.Bacillota.Clostridia.Monoglobales.Monoglobaceae.Monoglobus,,,,,,,-0.04262607764973916,0.794323782869716,0.996974428981283,ns,False,combat_ols
asthma,Bacteria.Bacillota.Clostridia.NA.NA.NA,,,,,,,0.05184881233148366,0.7079884769124857,0.996974428981283,ns,False,combat_ols
asthma,Bacteria.Bacillota.Clostridia.Oscillospirales.Butyricicoccaceae.Agathobaculum,,,,,,,-0.022010174042726597,0.8934465512311723,0.996974428981283,ns,False,combat_ols
asthma,Bacteria.Bacillota.Clostridia.Oscillospirales.Butyricicoccaceae.UCG-009,,,,,,,-0.057287075236496114,0.627974491791814,0.996974428981283,ns,False,combat_ols
asthma,Bacteria.Bacillota.Clostridia.Oscillospirales.Ethanoligenenaceae.Acetanaerobacterium,,,,,,,0.013109253000673053,0.8654661903424588,0.996974428981283,ns,False,combat_ols
asthma,Bacteria.Bacillota.Clostridia.Oscillospirales.NA.NA,,,,,,,-0.1620306442136887,0.20801834044022316,0.996974428981283,ns,False,combat_ols
asthma,Bacteria.Bacillota.Clostridia.Oscillospirales.Oscillospiraceae.Colidextribacter,,,,,,,0.0631452368243958,0.7221272608276894,0.996974428981283,ns,False,combat_ols
asthma,Bacteria.Bacillota.Clostridia.Oscillospirales.Oscillospiraceae.Flavonifractor,,,,,,,-0.13758770651001875,0.4070734174008118,0.996974428981283,ns,False,combat_ols
asthma,Bacteria.Bacillota.Clostridia.Oscillospirales.Oscillospiraceae.Incertae Sedis,,,,,,,-0.010661039961477933,0.9484110929023764,0.996974428981283,ns,False,combat_ols
asthma,Bacteria.Bacillota.Clostridia.Oscillospirales.Oscillospiraceae.Intestinimonas,,,,,,,-0.08727997962202982,0.62263695428969,0.996974428981283,ns,False,combat_ols
asthma,Bacteria.Bacillota.Clostridia.Oscillospirales.Oscillospiraceae.NA,,,,,,,0.0228316141813086,0.8803334346335012,0.996974428981283,ns,False,combat_ols
asthma,Bacteria.Bacillota.Clostridia.Oscillospirales.Oscillospiraceae.NK4A214 group,,,,,,,0.0042954083742846785,0.9813882886052618,0.996974428981283,ns,False,combat_ols
asthma,Bacteria.Bacillota.Clostridia.Oscillospirales.Oscillospiraceae.Oscillibacter,,,,,,,-0.0490406765591488,0.7801895862160773,0.996974428981283,ns,False,combat_ols
asthma,Bacteria.Bacillota.Clostridia.Oscillospirales.Oscillospiraceae.Oscillospira,,,,,,,-0.1595101455702432,0.2972920359567896,0.996974428981283,ns,False,combat_ols
asthma,Bacteria.Bacillota.Clostridia.Oscillospirales.Oscillospiraceae.Pseudoflavonifractor,,,,,,,-0.028081682263489876,0.772229919297983,0.996974428981283,ns,False,combat_ols
asthma,Bacteria.Bacillota.Clostridia.Oscillospirales.Oscillospiraceae.UCG-002,,,,,,,-0.10491463958365928,0.6394485820556425,0.996974428981283,ns,False,combat_ols
asthma,Bacteria.Bacillota.Clostridia.Oscillospirales.Oscillospiraceae.UCG-003,,,,,,,0.016390646858526533,0.9243012286941384,0.996974428981283,ns,False,combat_ols
asthma,Bacteria.Bacillota.Clostridia.Oscillospirales.Oscillospiraceae.UCG-005,,,,,,,0.07698242584594346,0.6738979300268391,0.996974428981283,ns,False,combat_ols
asthma,Bacteria.Bacillota.Clostridia.Oscillospirales.Ruminococcaceae.Acutalibacter,,,,,,,0.07467145739442572,0.6802811552040748,0.996974428981283,ns,False,combat_ols
asthma,Bacteria.Bacillota.Clostridia.Oscillospirales.Ruminococcaceae.Anaerofilum,,,,,,,0.019420004720052286,0.8230244660864837,0.996974428981283,ns,False,combat_ols
asthma,Bacteria.Bacillota.Clostridia.Oscillospirales.Ruminococcaceae.Anaerotruncus,,,,,,,-0.06620546802405626,0.6182534112076061,0.996974428981283,ns,False,combat_ols
asthma,Bacteria.Bacillota.Clostridia.Oscillospirales.Ruminococcaceae.Angelakisella,,,,,,,0.057221767093777645,0.6314345512464419,0.996974428981283,ns,False,combat_ols
asthma,Bacteria.Bacillota.Clostridia.Oscillospirales.Ruminococcaceae.Candidatus Soleaferrea,,,,,,,-0.0028020609712502355,0.9739221738657959,0.996974428981283,ns,False,combat_ols
asthma,Bacteria.Bacillota.Clostridia.Oscillospirales.Ruminococcaceae.DTU089,,,,,,,0.035981439458449796,0.7649987115213437,0.996974428981283,ns,False,combat_ols
asthma,Bacteria.Bacillota.Clostridia.Oscillospirales.Ruminococcaceae.Faecalibacterium,,,,,,,0.05059184201791732,0.8281665502558948,0.996974428981283,ns,False,combat_ols
asthma,Bacteria.Bacillota.Clostridia.Oscillospirales.Ruminococcaceae.Fournierella,,,,,,,0.01969188933572187,0.8706993385580502,0.996974428981283,ns,False,combat_ols
asthma,Bacteria.Bacillota.Clostridia.Oscillospirales.Ruminococcaceae.Gemmiger,,,,,,,0.01937583695515175,0.9271009552896083,0.996974428981283,ns,False,combat_ols
asthma,Bacteria.Bacillota.Clostridia.Oscillospirales.Ruminococcaceae.Incertae Sedis,,,,,,,-0.0029484959693802633,0.9862609184435437,0.996974428981283,ns,False,combat_ols
asthma,Bacteria.Bacillota.Clostridia.Oscillospirales.Ruminococcaceae.NA,,,,,,,0.004028600788892995,0.9843207774631442,0.996974428981283,ns,False,combat_ols
asthma,Bacteria.Bacillota.Clostridia.Oscillospirales.Ruminococcaceae.Negativibacillus,,,,,,,-0.086928363251444,0.4935228805392071,0.996974428981283,ns,False,combat_ols
asthma,Bacteria.Bacillota.Clostridia.Oscillospirales.Ruminococcaceae.Paludicola,,,,,,,-0.0017494605866568444,0.9856631095238088,0.996974428981283,ns,False,combat_ols
asthma,Bacteria.Bacillota.Clostridia.Oscillospirales.Ruminococcaceae.Ruminococcus,,,,,,,0.14831650078783187,0.47835672871011936,0.996974428981283,ns,False,combat_ols
asthma,Bacteria.Bacillota.Clostridia.Oscillospirales.Ruminococcaceae.Ruthenibacterium,,,,,,,-0.02486849886636097,0.8702225517290461,0.996974428981283,ns,False,combat_ols
asthma,Bacteria.Bacillota.Clostridia.Oscillospirales.Ruminococcaceae.[Clostridium] methylpentosum group,,,,,,,0.03591560619622325,0.7311067858975433,0.996974428981283,ns,False,combat_ols
asthma,Bacteria.Bacillota.Clostridia.Oscillospirales.Ruminococcaceae.[Eubacterium] siraeum group,,,,,,,0.021665593027315053,0.8939492868887923,0.996974428981283,ns,False,combat_ols
asthma,Bacteria.Bacillota.Clostridia.Oscillospirales.UCG-010.Incertae Sedis,,,,,,,-0.09582397764885131,0.5518277321165369,0.996974428981283,ns,False,combat_ols
asthma,Bacteria.Bacillota.Clostridia.Oscillospirales.[Eubacterium] coprostanoligenes group.Incertae Sedis,,,,,,,0.012130372169413628,0.9524885382838845,0.996974428981283,ns,False,combat_ols
asthma,Bacteria.Bacillota.Clostridia.Peptococcales.Peptococcaceae.Incertae Sedis,,,,,,,-0.22999483002878043,0.14370864026549546,0.996974428981283,ns,False,combat_ols
asthma,Bacteria.Bacillota.Clostridia.Peptococcales.Peptococcaceae.Peptococcus,Peptococcus,-0.9466828889052298,0.18661133592107482,0.9084992829799825,3.0,89.78546487309299,-0.3952984353883263,0.041568112655411604,0.996974428981283,ns,True,combat_ols
asthma,Bacteria.Bacillota.Clostridia.Peptostreptococcales-Tissierellales.Anaerovoracaceae.Family XIII AD3011 group,,,,,,,-0.012039138911890731,0.9263290244060902,0.996974428981283,ns,False,combat_ols
asthma,Bacteria.Bacillota.Clostridia.Peptostreptococcales-Tissierellales.Anaerovoracaceae.Family XIII UCG-001,Family XIII UCG-001,-0.48599424814599834,0.05050854446552473,0.8586452559139205,3.0,47.70291835240916,-0.40708374136065706,0.0213682476377136,0.996974428981283,ns,True,combat_ols
asthma,Bacteria.Bacillota.Clostridia.Peptostreptococcales-Tissierellales.Anaerovoracaceae.Incertae Sedis,Incertae Sedis,0.007625603940014639,0.9705074225872488,0.9787320617617169,3.0,51.85344953116465,0.08035218885065237,0.5498438731530937,0.996974428981283,ns,True,combat_ols
asthma,Bacteria.Bacillota.Clostridia.Peptostreptococcales-Tissierellales.Anaerovoracaceae.Mogibacterium,Mogibacterium,0.192715806200383,0.2935505527688538,0.9492584596611647,3.0,0.0,0.1586421631204792,0.40953441614742336,0.996974428981283,ns,True,combat_ols
asthma,Bacteria.Bacillota.Clostridia.Peptostreptococcales-Tissierellales.Anaerovoracaceae.NA,,,,,,,0.009472119115469324,0.932989119663211,0.996974428981283,ns,False,combat_ols
asthma,Bacteria.Bacillota.Clostridia.Peptostreptococcales-Tissierellales.Anaerovoracaceae.[Eubacterium] brachy group,[Eubacterium] brachy group,0.0649491236438585,0.8309874989028658,0.9759262522748139,3.0,43.68040257177005,0.14722630790115718,0.4706168774156386,0.996974428981283,ns,True,combat_ols
asthma,Bacteria.Bacillota.Clostridia.Peptostreptococcales-Tissierellales.Anaerovoracaceae.[Eubacterium] sulci group,[Eubacterium] sulci group,-0.2507930434968416,0.4147692203178218,0.9492584596611647,3.0,40.82766351233705,-0.15377790527676966,0.4480980785804385,0.996974428981283,ns,True,combat_ols
asthma,Bacteria.Bacillota.Clostridia.Peptostreptococcales-Tissierellales.Family XI.Anaerococcus,Anaerococcus,0.051458494345896055,0.8716591846315549,0.9759262522748139,2.0,0.0,0.2796131332392011,0.2666079437538833,0.996974428981283,ns,True,combat_ols
asthma,Bacteria.Bacillota.Clostridia.Peptostreptococcales-Tissierellales.Family XI.Fenollaria,,,,,,,0.07082876236212211,0.37665311120981626,0.996974428981283,ns,False,combat_ols
asthma,Bacteria.Bacillota.Clostridia.Peptostreptococcales-Tissierellales.Family XI.Finegoldia,Finegoldia,-0.0022327706196840573,0.9931648923069684,0.9931648923069684,2.0,0.0,0.026529290450090465,0.8971516277905991,0.996974428981283,ns,False,combat_ols
asthma,Bacteria.Bacillota.Clostridia.Peptostreptococcales-Tissierellales.Family XI.Parvimonas,Parvimonas,-0.08745537097563004,0.7961195903358932,0.9759262522748139,3.0,48.12941056299089,-0.02414452958990035,0.9122051544459814,0.996974428981283,ns,True,combat_ols
asthma,Bacteria.Bacillota.Clostridia.Peptostreptococcales-Tissierellales.Family XI.Peptoniphilus,Peptoniphilus,0.26583502356420535,0.2157731749187125,0.9084992829799825,3.0,15.755627485139955,0.2209941059177423,0.3419569198966499,0.996974428981283,ns,True,combat_ols
asthma,Bacteria.Bacillota.Clostridia.Peptostreptococcales-Tissierellales.Peptostreptococcaceae.Clostridioides,,,,,,,0.008432451347466874,0.9611677163139013,0.996974428981283,ns,False,combat_ols
asthma,Bacteria.Bacillota.Clostridia.Peptostreptococcales-Tissierellales.Peptostreptococcaceae.Intestinibacter,,,,,,,0.0930105093400829,0.47568396737397045,0.996974428981283,ns,False,combat_ols
asthma,Bacteria.Bacillota.Clostridia.Peptostreptococcales-Tissierellales.Peptostreptococcaceae.Peptostreptococcus,Peptostreptococcus,-0.5844041161665597,0.14920710480298136,0.9084992829799825,3.0,54.000953902637065,-0.41272940988694373,0.07504195876078652,0.996974428981283,ns,True,combat_ols
asthma,Bacteria.Bacillota.Clostridia.Peptostreptococcales-Tissierellales.Peptostreptococcaceae.Romboutsia,,,,,,,0.00747488505138362,0.9647359448798664,0.996974428981283,ns,False,combat_ols
asthma,Bacteria.Bacillota.NA.NA.NA.NA,Bacteria.Bacillota.NA.NA.NA.NA,-0.03714535774892443,0.831532490404882,0.9759262522748139,2.0,44.048136299144204,-0.040632827544698186,0.7828144931793977,0.996974428981283,ns,True,combat_ols
asthma,Bacteria.Bacillota.Negativicutes.Acidaminococcales.Acidaminococcaceae.Acidaminococcus,,,,,,,0.2879819767722054,0.10928578841045329,0.996974428981283,ns,False,combat_ols
asthma,Bacteria.Bacillota.Negativicutes.Acidaminococcales.Acidaminococcaceae.Phascolarctobacterium,,,,,,,-0.1507194442978831,0.48332449741124517,0.996974428981283,ns,False,combat_ols
asthma,Bacteria.Bacillota.Negativicutes.Veillonellales-Selenomonadales.Selenomonadaceae.Centipeda,Centipeda,-0.18952697162561757,0.592944022997909,0.9759262522748139,3.0,51.57051142536526,-0.06057180404991593,0.7944016845937354,0.996974428981283,ns,True,combat_ols
asthma,Bacteria.Bacillota.Negativicutes.Veillonellales-Selenomonadales.Selenomonadaceae.Incertae Sedis,Incertae Sedis,0.2118600356337051,0.29755322934820216,0.9492584596611647,3.0,0.0,0.21641033305774468,0.2880771129817212,0.996974428981283,ns,True,combat_ols
asthma,Bacteria.Bacillota.Negativicutes.Veillonellales-Selenomonadales.Selenomonadaceae.Megamonas,,,,,,,0.31827161576685287,0.09365094257384073,0.996974428981283,ns,False,combat_ols
asthma,Bacteria.Bacillota.Negativicutes.Veillonellales-Selenomonadales.Selenomonadaceae.Selenomonas,Selenomonas,0.12570236860137932,0.65986940072433,0.9759262522748139,3.0,24.928838521491386,0.13469338547453452,0.6023042830099288,0.996974428981283,ns,True,combat_ols
asthma,Bacteria.Bacillota.Negativicutes.Veillonellales-Selenomonadales.Veillonellaceae.Allisonella,,,,,,,0.15009525498378368,0.23688150316776432,0.996974428981283,ns,False,combat_ols
asthma,Bacteria.Bacillota.Negativicutes.Veillonellales-Selenomonadales.Veillonellaceae.Anaeroglobus,Anaeroglobus,-0.05349299329200953,0.8470876168288621,0.9759262522748139,3.0,55.516037667112094,0.009959154915982723,0.9545624000765265,0.996974428981283,ns,False,combat_ols
asthma,Bacteria.Bacillota.Negativicutes.Veillonellales-Selenomonadales.Veillonellaceae.Dialister,Dialister,-0.2569124736060531,0.3814019679759134,0.9492584596611647,3.0,24.423856433776066,-0.2596786494739043,0.30131361247033456,0.996974428981283,ns,True,combat_ols
asthma,Bacteria.Bacillota.Negativicutes.Veillonellales-Selenomonadales.Veillonellaceae.Incertae Sedis,Incertae Sedis,0.043659329426728524,0.8856222703946955,0.9759262522748139,3.0,38.185426283908406,0.11558174480095536,0.5861603613891608,0.996974428981283,ns,True,combat_ols
asthma,Bacteria.Bacillota.Negativicutes.Veillonellales-Selenomonadales.Veillonellaceae.Megasphaera,Megasphaera,-0.11102927588768395,0.612926094044117,0.9759262522748139,3.0,0.0,-0.18729159432842135,0.4690667674149598,0.996974428981283,ns,True,combat_ols
asthma,Bacteria.Bacillota.Negativicutes.Veillonellales-Selenomonadales.Veillonellaceae.Veillonella,Veillonella,0.03184033308659628,0.825811925291095,0.9759262522748139,3.0,0.0,0.04242415844468298,0.8468373135248719,0.996974428981283,ns,True,combat_ols
asthma,Bacteria.Bacteroidota.Bacteroidia.Bacteroidales.Bacteroidaceae.Bacteroides,Bacteroides,0.15709187006263603,0.6592089505518147,0.9759262522748139,3.0,53.51652331160408,0.06761667621423811,0.8075136326052109,0.996974428981283,ns,True,combat_ols
asthma,Bacteria.Bacteroidota.Bacteroidia.Bacteroidales.Barnesiellaceae.Barnesiella,,,,,,,0.34505596129387867,0.09369989903693787,0.996974428981283,ns,False,combat_ols
asthma,Bacteria.Bacteroidota.Bacteroidia.Bacteroidales.Barnesiellaceae.Coprobacter,,,,,,,-0.00045483832292048397,0.9979888239516932,0.9979888239516932,ns,False,combat_ols
asthma,Bacteria.Bacteroidota.Bacteroidia.Bacteroidales.Barnesiellaceae.Incertae Sedis,,,,,,,-0.08304335127964743,0.47450822145619853,0.996974428981283,ns,False,combat_ols
asthma,Bacteria.Bacteroidota.Bacteroidia.Bacteroidales.Incertae Sedis.Incertae Sedis,,,,,,,0.1739545861892347,0.26620803064238646,0.996974428981283,ns,False,combat_ols
asthma,Bacteria.Bacteroidota.Bacteroidia.Bacteroidales.Marinifilaceae.Butyricimonas,,,,,,,0.27136824884465155,0.10561944519532934,0.996974428981283,ns,False,combat_ols
asthma,Bacteria.Bacteroidota.Bacteroidia.Bacteroidales.Marinifilaceae.Odoribacter,,,,,,,0.1547587780340954,0.4480407064283979,0.996974428981283,ns,False,combat_ols
asthma,Bacteria.Bacteroidota.Bacteroidia.Bacteroidales.Muribaculaceae.Incertae Sedis,Incertae Sedis,0.32567282421720745,0.09485019136222271,0.9084992829799825,3.0,0.0,0.2607736615397796,0.3715796953678303,0.996974428981283,ns,True,combat_ols
asthma,Bacteria.Bacteroidota.Bacteroidia.Bacteroidales.NA.NA,Bacteroidales,-0.3005196857594719,0.3581923879135265,0.9492584596611647,3.0,74.99404459192776,-0.12387903068679927,0.42091684201762414,0.996974428981283,ns,True,combat_ols
asthma,Bacteria.Bacteroidota.Bacteroidia.Bacteroidales.Porphyromonadaceae.Porphyromonas,Porphyromonas,-0.39248755671013835,0.16114392908981567,0.9084992829799825,3.0,23.75370822095477,-0.33980310870559793,0.18108387459651573,0.996974428981283,ns,True,combat_ols
asthma,Bacteria.Bacteroidota.Bacteroidia.Bacteroidales.Prevotellaceae.Alloprevotella,Alloprevotella,-0.02344318951684359,0.9267198866138988,0.9759262522748139,3.0,0.0,-0.02804471486565463,0.9149572943893438,0.996974428981283,ns,True,combat_ols
asthma,Bacteria.Bacteroidota.Bacteroidia.Bacteroidales.Prevotellaceae.Hoylesella,Hoylesella,-0.3807307986535306,0.16309611204519692,0.9084992829799825,3.0,21.86341923178155,-0.3183665174511884,0.2372344131084643,0.996974428981283,ns,True,combat_ols
asthma,Bacteria.Bacteroidota.Bacteroidia.Bacteroidales.Prevotellaceae.Incertae Sedis,Incertae Sedis,-0.19860342907506698,0.5733347503753724,0.9759262522748139,3.0,52.868846575200145,-0.16158185553531304,0.5433408775208824,0.996974428981283,ns,True,combat_ols
asthma,Bacteria.Bacteroidota.Bacteroidia.Bacteroidales.Prevotellaceae.Leyella,,,,,,,-0.09192820886399442,0.4522780035793422,0.996974428981283,ns,False,combat_ols
asthma,Bacteria.Bacteroidota.Bacteroidia.Bacteroidales.Prevotellaceae.Massiliprevotella,,,,,,,0.1469378741540001,0.44474062410086046,0.996974428981283,ns,False,combat_ols
asthma,Bacteria.Bacteroidota.Bacteroidia.Bacteroidales.Prevotellaceae.NA,Prevotellaceae,-0.07860465878431434,0.6327173258732269,0.9759262522748139,3.0,0.0,-0.07207712342034854,0.7298391371674907,0.996974428981283,ns,True,combat_ols
asthma,Bacteria.Bacteroidota.Bacteroidia.Bacteroidales.Prevotellaceae.Paraprevotella,,,,,,,-0.023310822912423167,0.9132219257830335,0.996974428981283,ns,False,combat_ols
asthma,Bacteria.Bacteroidota.Bacteroidia.Bacteroidales.Prevotellaceae.Prevotella,Prevotella,0.054935877251363625,0.7054044285995352,0.9759262522748139,3.0,0.0,0.05015778427225889,0.8703389600013043,0.996974428981283,ns,True,combat_ols
asthma,Bacteria.Bacteroidota.Bacteroidia.Bacteroidales.Prevotellaceae.Prevotellaceae NK3B31 group,,,,,,,0.08427313029710849,0.684235991269039,0.996974428981283,ns,False,combat_ols
asthma,Bacteria.Bacteroidota.Bacteroidia.Bacteroidales.Prevotellaceae.Prevotellaceae UCG-001,Prevotellaceae UCG-001,-0.07923077428075372,0.7174204127069774,0.9759262522748139,3.0,0.0,-0.026303474849042486,0.915368571234512,0.996974428981283,ns,True,combat_ols
asthma,Bacteria.Bacteroidota.Bacteroidia.Bacteroidales.Prevotellaceae.Segatella,Segatella,0.0384721519587503,0.9055921579061144,0.9759262522748139,3.0,49.25932781044318,0.04092132041232039,0.8762016726836439,0.996974428981283,ns,True,combat_ols
asthma,Bacteria.Bacteroidota.Bacteroidia.Bacteroidales.Rikenellaceae.Alistipes,,,,,,,0.035394271302853185,0.8802432873952963,0.996974428981283,ns,False,combat_ols
asthma,Bacteria.Bacteroidota.Bacteroidia.Bacteroidales.Rikenellaceae.Rikenellaceae RC9 gut group,Rikenellaceae RC9 gut group,0.3346441270903747,0.2213989849278949,0.9084992829799825,3.0,34.610106383117326,0.32837847792006536,0.12473430337916154,0.996974428981283,ns,True,combat_ols
asthma,Bacteria.Bacteroidota.Bacteroidia.Bacteroidales.Tannerellaceae.Parabacteroides,Parabacteroides,0.2188050651203232,0.700000177691843,0.9759262522748139,2.0,79.09301762861526,0.06588897489633333,0.7896975680078908,0.996974428981283,ns,True,combat_ols
asthma,Bacteria.Bacteroidota.Bacteroidia.Flavobacteriales.Flavobacteriaceae.Capnocytophaga,Capnocytophaga,-0.2695667790258325,0.4167175907267857,0.9492584596611647,3.0,46.56324138221296,-0.1860952139614646,0.40367407037946923,0.996974428981283,ns,True,combat_ols
asthma,Bacteria.Bacteroidota.Bacteroidia.Flavobacteriales.Flavobacteriaceae.Flavobacterium,,,,,,,-0.018529248460064814,0.8654874995343242,0.996974428981283,ns,False,combat_ols
asthma,Bacteria.Bacteroidota.Bacteroidia.Flavobacteriales.Weeksellaceae.Bergeyella,Bergeyella,-0.13306275948505755,0.614017033012468,0.9759262522748139,3.0,32.391300017917864,-0.10677402552618687,0.6000004122906428,0.996974428981283,ns,True,combat_ols
asthma,Bacteria.Bacteroidota.Bacteroidia.NA.NA.NA,Bacteroidia,0.040180777599488855,0.8971323442454213,0.9759262522748139,2.0,74.24469695933487,0.012264094299739247,0.9274505446178667,0.996974428981283,ns,True,combat_ols
asthma,Bacteria.Campylobacterota.Campylobacteria.Campylobacterales.Campylobacteraceae.Campylobacter,Campylobacter,-0.05682396427389658,0.7971812841396174,0.9759262522748139,3.0,18.773228936677995,-0.06636440186338373,0.7745995651985808,0.996974428981283,ns,True,combat_ols
asthma,Bacteria.Cyanobacteriota.Cyanobacteriia.Chloroplast.Incertae Sedis.Incertae Sedis,Incertae Sedis,-0.0878716985109363,0.6616000138835081,0.9759262522748139,3.0,0.0,-0.08138785583142012,0.6938029859339072,0.996974428981283,ns,True,combat_ols
asthma,Bacteria.Cyanobacteriota.Vampirivibrionia.Gastranaerophilales.Gastranaerophilaceae.CAG-196,,,,,,,0.023582978492939263,0.854210797613994,0.996974428981283,ns,False,combat_ols
asthma,Bacteria.Cyanobacteriota.Vampirivibrionia.Gastranaerophilales.Gastranaerophilaceae.Zag_111,,,,,,,0.016740409442069462,0.9135981071272419,0.996974428981283,ns,False,combat_ols
asthma,Bacteria.Fusobacteriota.Fusobacteriia.Fusobacteriales.Fusobacteriaceae.Fusobacterium,Fusobacterium,-0.28089243948158127,0.13804940620353906,0.9084992829799825,3.0,0.0,-0.2961273568414982,0.25209004556390174,0.996974428981283,ns,True,combat_ols
asthma,Bacteria.Fusobacteriota.Fusobacteriia.Fusobacteriales.Leptotrichiaceae.Incertae Sedis,Incertae Sedis,-0.010995191008250901,0.9577054260595789,0.9787320617617169,3.0,0.0,-0.04673677046043064,0.8404941105492425,0.996974428981283,ns,True,combat_ols
asthma,Bacteria.Fusobacteriota.Fusobacteriia.Fusobacteriales.Leptotrichiaceae.Leptotrichia,Leptotrichia,0.20999250417572102,0.3781337679710103,0.9492584596611647,3.0,0.0,0.1674111414549173,0.509346865657561,0.996974428981283,ns,True,combat_ols
asthma,Bacteria.Fusobacteriota.Fusobacteriia.Fusobacteriales.Leptotrichiaceae.Pseudoleptotrichia,Pseudoleptotrichia,-0.3546707653892758,0.3614618011925651,0.9492584596611647,3.0,52.274763906632934,-0.2359857148556461,0.34602527683662143,0.996974428981283,ns,True,combat_ols
asthma,Bacteria.NA.NA.NA.NA.NA,Bacteria.NA.NA.NA.NA.NA,0.3000651249354598,0.15680976325587834,0.9084992829799825,3.0,0.0,0.35983895814235983,0.15647474461212454,0.996974428981283,ns,True,combat_ols
asthma,Bacteria.Patescibacteria.Saccharimonadia.Saccharimonadales.Incertae Sedis.Incertae Sedis,Incertae Sedis,-0.18987040135066918,0.15877797373917413,0.9084992829799825,3.0,34.57784419696304,-0.16272269748872764,0.09444260518324049,0.996974428981283,ns,True,combat_ols
asthma,Bacteria.Patescibacteria.Saccharimonadia.Saccharimonadales.Saccharimonadaceae.TM7x,TM7x,-0.21865751976840983,0.36526853765397405,0.9492584596611647,3.0,43.36177317938463,-0.13513029077568633,0.3868888961763408,0.996974428981283,ns,True,combat_ols
asthma,Bacteria.Pseudomonadota.Alphaproteobacteria.Caulobacterales.Caulobacteraceae.Brevundimonas,Brevundimonas,-0.26744169392575856,0.025214130044369988,0.7940298764456286,3.0,0.0,-0.24093415340101668,0.06584452365022878,0.996974428981283,ns,True,combat_ols
asthma,Bacteria.Pseudomonadota.Alphaproteobacteria.Caulobacterales.Caulobacteraceae.Incertae Sedis,Incertae Sedis,-0.08199079953599032,0.7118314755240156,0.9759262522748139,2.0,0.0,,,,ns,False,combat_ols
asthma,Bacteria.Pseudomonadota.Alphaproteobacteria.Hyphomicrobiales.Xanthobacteraceae.Bradyrhizobium,Bradyrhizobium,-0.06537755045980743,0.9035194691316708,0.9759262522748139,2.0,66.17750084104338,0.032969736150862884,0.7556051901928743,0.996974428981283,ns,False,combat_ols
asthma,Bacteria.Pseudomonadota.Alphaproteobacteria.NA.NA.NA,Alphaproteobacteria,0.5618925067194197,0.21362990040379826,0.9084992829799825,2.0,47.80117413672631,,,,ns,False,combat_ols
asthma,Bacteria.Pseudomonadota.Alphaproteobacteria.Rhodospirillales.Incertae Sedis.Incertae Sedis,,,,,,,-0.12397584408961998,0.46150859401314703,0.996974428981283,ns,False,combat_ols
asthma,Bacteria.Pseudomonadota.Alphaproteobacteria.Rickettsiales.Mitochondria.Incertae Sedis,Incertae Sedis,0.02076675443078816,0.9169691334819701,0.9759262522748139,3.0,0.0,0.06304223580760468,0.8152115200939349,0.996974428981283,ns,True,combat_ols
asthma,Bacteria.Pseudomonadota.Alphaproteobacteria.Sphingomonadales.Sphingomonadaceae.Sphingomonas,Sphingomonas,-0.08306192906300168,0.5291422240728946,0.9759262522748139,3.0,0.0,-0.03369343411235472,0.832604141595478,0.996974428981283,ns,True,combat_ols
asthma,Bacteria.Pseudomonadota.Gammaproteobacteria.Burkholderiales.Burkholderiaceae.Lautropia,Lautropia,-0.3685873732273406,0.3730438477416367,0.9492584596611647,3.0,70.24072149067172,-0.15666755284169784,0.44921271890528314,0.996974428981283,ns,True,combat_ols
asthma,Bacteria.Pseudomonadota.Gammaproteobacteria.Burkholderiales.Burkholderiaceae.Ralstonia,Ralstonia,0.13678415098025332,0.48403990961399634,0.9759262522748139,3.0,0.0,0.13043028891218855,0.507219347259906,0.996974428981283,ns,True,combat_ols
asthma,Bacteria.Pseudomonadota.Gammaproteobacteria.Burkholderiales.Comamonadaceae.Comamonas,Comamonas,0.32433214597890436,0.2740804477390185,0.9492584596611647,2.0,0.0,0.07288998615223222,0.5254633614806017,0.996974428981283,ns,True,combat_ols
asthma,Bacteria.Pseudomonadota.Gammaproteobacteria.Burkholderiales.Comamonadaceae.Delftia,Delftia,0.7145900609331501,0.092521167339259,0.9084992829799825,2.0,0.0,0.14120290485368478,0.47480631954750885,0.996974428981283,ns,True,combat_ols
asthma,Bacteria.Pseudomonadota.Gammaproteobacteria.Burkholderiales.Comamonadaceae.NA,Comamonadaceae,0.1340362714106136,0.3922620161373379,0.9492584596611647,3.0,21.989255436659715,0.12537343064837983,0.3257721955920967,0.996974428981283,ns,True,combat_ols
asthma,Bacteria.Pseudomonadota.Gammaproteobacteria.Burkholderiales.Comamonadaceae.Paucibacter,Paucibacter,0.30284391480148093,0.35754599756464955,0.9492584596611647,2.0,0.0,-0.0027410200924577856,0.9824742597522914,0.996974428981283,ns,False,combat_ols
asthma,Bacteria.Pseudomonadota.Gammaproteobacteria.Burkholderiales.Neisseriaceae.Eikenella,Eikenella,-0.1615564773588367,0.6330125551555361,0.9759262522748139,3.0,51.88288715874671,-0.057441863576676154,0.7709191856876005,0.996974428981283,ns,True,combat_ols
asthma,Bacteria.Pseudomonadota.Gammaproteobacteria.Burkholderiales.Neisseriaceae.Neisseria,Neisseria,-0.6489832858478423,0.251965521097295,0.9492584596611647,3.0,76.12293194912925,-0.45011169559816266,0.09393471101725348,0.996974428981283,ns,True,combat_ols
asthma,Bacteria.Pseudomonadota.Gammaproteobacteria.Burkholderiales.Oxalobacteraceae.Oxalobacter,,,,,,,0.014337213709592922,0.9002865350700789,0.996974428981283,ns,False,combat_ols
asthma,Bacteria.Pseudomonadota.Gammaproteobacteria.Burkholderiales.Sutterellaceae.Parasutterella,,,,,,,0.27743377387629803,0.14872626986714396,0.996974428981283,ns,False,combat_ols
asthma,Bacteria.Pseudomonadota.Gammaproteobacteria.Burkholderiales.Sutterellaceae.Sutterella,,,,,,,0.16461106471090522,0.4432471302023623,0.996974428981283,ns,False,combat_ols
asthma,Bacteria.Pseudomonadota.Gammaproteobacteria.Enterobacterales.Enterobacteriaceae.Escherichia-Shigella,Escherichia-Shigella,-0.4262481605320447,0.3088750051668008,0.9492584596611647,3.0,57.39920010246756,-0.5152138068114614,0.040748030342736864,0.996974428981283,ns,True,combat_ols
asthma,Bacteria.Pseudomonadota.Gammaproteobacteria.Enterobacterales.Enterobacteriaceae.Klebsiella,Klebsiella,0.14769846422458638,0.5240570559333375,0.9759262522748139,3.0,0.0,0.1501591007301682,0.6335317162172454,0.996974428981283,ns,True,combat_ols
asthma,Bacteria.Pseudomonadota.Gammaproteobacteria.Enterobacterales.Enterobacteriaceae.NA,Enterobacteriaceae,0.4163852751342933,0.19883970823211417,0.9084992829799825,2.0,0.0,0.2363036816907361,0.36485054379573534,0.996974428981283,ns,True,combat_ols
asthma,Bacteria.Pseudomonadota.Gammaproteobacteria.Enterobacterales.NA.NA,,,,,,,-0.01094148624426384,0.9152554817777452,0.996974428981283,ns,False,combat_ols
asthma,Bacteria.Pseudomonadota.Gammaproteobacteria.Enterobacterales.Pasteurellaceae.Actinobacillus,Actinobacillus,-0.09295506665461098,0.8578502636935309,0.9759262522748139,2.0,0.0,0.034287651954421676,0.8355275264977592,0.996974428981283,ns,False,combat_ols
asthma,Bacteria.Pseudomonadota.Gammaproteobacteria.Enterobacterales.Pasteurellaceae.Aggregatibacter,Aggregatibacter,-0.1906930364874263,0.42823263790229105,0.9492584596611647,3.0,0.0,-0.20694367234351016,0.3954776465277994,0.996974428981283,ns,True,combat_ols
asthma,Bacteria.Pseudomonadota.Gammaproteobacteria.Enterobacterales.Pasteurellaceae.Haemophilus,Haemophilus,-0.42613753754854167,0.012236220866586444,0.7280551415618934,3.0,0.0,-0.39754160904290975,0.11705106886354333,0.996974428981283,ns,True,combat_ols
asthma,Bacteria.Pseudomonadota.Gammaproteobacteria.Enterobacterales.Pasteurellaceae.Mannheimia,Mannheimia,-0.17114911503877123,0.3912557064528662,0.9492584596611647,3.0,0.0,-0.17306738346970602,0.47593303537188525,0.996974428981283,ns,True,combat_ols
asthma,Bacteria.Pseudomonadota.Gammaproteobacteria.Enterobacterales.Pasteurellaceae.NA,Pasteurellaceae,0.14891050420215907,0.5231260875520729,0.9759262522748139,3.0,0.0,0.14570883124777667,0.5293787956671228,0.996974428981283,ns,True,combat_ols
asthma,Bacteria.Pseudomonadota.Gammaproteobacteria.Lysobacterales.Lysobacteraceae.Stenotrophomonas,Stenotrophomonas,0.2469455894180644,0.040035119820788,0.7940298764456286,3.0,0.0,0.2653096184258317,0.032922177925753325,0.996974428981283,ns,True,combat_ols
asthma,Bacteria.Pseudomonadota.Gammaproteobacteria.Pseudomonadales.Moraxellaceae.Acinetobacter,Acinetobacter,0.2814475248789738,0.32004633818260153,0.9492584596611647,3.0,29.05483555941674,0.23466195555575078,0.27965049512628615,0.996974428981283,ns,True,combat_ols
asthma,Bacteria.Pseudomonadota.Gammaproteobacteria.Pseudomonadales.Moraxellaceae.Enhydrobacter,Enhydrobacter,-0.3498535201964084,0.03731583199310337,0.7940298764456286,2.0,0.0,-0.28866869597297057,0.03441713646000327,0.996974428981283,ns,True,combat_ols
asthma,Bacteria.Pseudomonadota.Gammaproteobacteria.Pseudomonadales.Moraxellaceae.Moraxella,Moraxella,0.21396432902832555,0.5429893198782372,0.9759262522748139,3.0,31.342226732800793,0.18254693092927715,0.5214372435417719,0.996974428981283,ns,True,combat_ols
asthma,Bacteria.Pseudomonadota.Gammaproteobacteria.Pseudomonadales.Pseudomonadaceae.Pseudomonas,Pseudomonas,0.030645806406561272,0.9256249606372021,0.9759262522748139,3.0,28.008230075988966,-0.0035739297767459727,0.9887349708905286,0.996974428981283,ns,False,combat_ols
asthma,Bacteria.Pseudomonadota.NA.NA.NA.NA,Bacteria.Pseudomonadota.NA.NA.NA.NA,0.20351460982861308,0.45682082592826867,0.9537136541309469,3.0,26.449001914753538,0.11557302916031681,0.5700292546181276,0.996974428981283,ns,True,combat_ols
asthma,Bacteria.Spirochaetota.Spirochaetia.Spirochaetales.Spirochaetaceae.Treponema,Treponema,-0.17975600123219954,0.5995930736484323,0.9759262522748139,3.0,41.35031415663643,-0.08400416864241551,0.7368616423655809,0.996974428981283,ns,True,combat_ols
asthma,Bacteria.Thermodesulfobacteriota.Desulfovibrionia.Desulfovibrionales.Desulfovibrionaceae.Bilophila,,,,,,,0.0057699804953358965,0.9777632718576381,0.996974428981283,ns,False,combat_ols
asthma,Bacteria.Thermodesulfobacteriota.Desulfovibrionia.Desulfovibrionales.Desulfovibrionaceae.Desulfovibrio,,,,,,,-0.13313134971594204,0.45277965662478437,0.996974428981283,ns,False,combat_ols
asthma,Bacteria.Thermodesulfobacteriota.Desulfovibrionia.Desulfovibrionales.Desulfovibrionaceae.NA,,,,,,,0.036902962130025405,0.7514276912051965,0.996974428981283,ns,False,combat_ols
asthma,Bacteria.Verrucomicrobiota.Verrucomicrobiia.Verrucomicrobiales.Akkermansiaceae.Akkermansia,,,,,,,-0.09745087958286185,0.617081478056929,0.996974428981283,ns,False,combat_ols
asthma,Eukaryota.NA.NA.NA.NA.NA,,,,,,,0.058073437666568056,0.6469945688242444,0.996974428981283,ns,False,combat_ols
asthma,NA.NA.NA.NA.NA.NA,,,,,,,0.13800436191369328,0.42987978094484125,0.996974428981283,ns,False,combat_ols
cancer_other,Archaea.Methanobacteriota.Methanobacteria.Methanobacteriales.Methanobacteriaceae.Methanobrevibacter,Methanobrevibacter,0.36418130819702066,0.17890462361418402,0.8331843899746284,3.0,14.908905346432036,-0.2680182214693724,0.25976888584025465,0.6137112458786969,ns,False,combat_ols
cancer_other,Bacteria.Actinomycetota.Actinobacteria.Actinomycetales.Actinomycetaceae.Schaalia,Schaalia,-0.12369414579002586,0.659148230869683,0.918021167412788,3.0,63.30670204495925,-0.0972676614413049,0.5020992422494104,0.7955535201908098,ns,True,combat_ols
cancer_other,Bacteria.Actinomycetota.Actinobacteria.Bifidobacteriales.Bifidobacteriaceae.Bifidobacterium,Bifidobacterium,0.047919003938686644,0.8451839376359997,0.9391262403893145,3.0,0.0,0.05121309014389583,0.8100658865955586,0.8860095634638921,ns,True,combat_ols
cancer_other,Bacteria.Actinomycetota.Actinobacteria.Micrococcales.Micrococcaceae.Rothia,Rothia,-0.12458989478891262,0.3142610964343989,0.918021167412788,3.0,0.0,0.029181694511515636,0.8063424113953732,0.8860095634638921,ns,False,combat_ols
cancer_other,Bacteria.Actinomycetota.Actinobacteria.Mycobacteriales.Corynebacteriaceae.Corynebacterium,Corynebacterium,0.3853876420074988,0.08476353391452275,0.65792647752701,2.0,0.0,-0.21436313412091554,0.02698090784556315,0.19141506692063162,ns,False,combat_ols
cancer_other,Bacteria.Actinomycetota.Actinobacteria.Mycobacteriales.Corynebacteriaceae.Lawsonella,,,,,,,-0.3277159149155684,0.0004959327249775,0.028929408957020834,pooling_only,False,combat_ols
cancer_other,Bacteria.Actinomycetota.Coriobacteriia.Coriobacteriales.Coriobacteriaceae.Collinsella,Collinsella,0.707309099452129,0.039045910666596476,0.5534872166998023,2.0,0.0,-0.40763791065888894,0.034962207497603676,0.19537048930747442,ns,False,combat_ols
cancer_other,Bacteria.Actinomycetota.Coriobacteriia.Coriobacteriales.Coriobacteriales Incertae Sedis.Incertae Sedis,Incertae Sedis,0.17230868118924922,0.47446518476814725,0.918021167412788,2.0,39.33611560747883,-0.004381137296676738,0.9749335408253007,0.9865666530359892,ns,False,combat_ols
cancer_other,Bacteria.Actinomycetota.Coriobacteriia.Coriobacteriales.Eggerthellaceae.Adlercreutzia,,,,,,,0.09715293756760766,0.4359539511458459,0.7603983314254159,ns,False,combat_ols
cancer_other,Bacteria.Actinomycetota.Coriobacteriia.Coriobacteriales.Eggerthellaceae.Asaccharobacter,,,,,,,0.41828092354795626,0.00014297451904368255,0.025020540832644447,pooling_only,False,combat_ols
cancer_other,Bacteria.Actinomycetota.Coriobacteriia.Coriobacteriales.Eggerthellaceae.Eggerthella,Eggerthella,0.2950167676881321,0.22928721749283643,0.918021167412788,2.0,0.0,-0.2415806640404808,0.06426876197551687,0.2811758336428863,ns,False,combat_ols
cancer_other,Bacteria.Actinomycetota.Coriobacteriia.Coriobacteriales.Eggerthellaceae.Gordonibacter,,,,,,,0.022363040504131525,0.8220822144668909,0.8915520476906924,ns,False,combat_ols
cancer_other,Bacteria.Actinomycetota.Coriobacteriia.Coriobacteriales.Eggerthellaceae.Incertae Sedis,,,,,,,-0.07149798818286394,0.5783936300253723,0.8388762154265539,ns,False,combat_ols
cancer_other,Bacteria.Bacillota.Bacilli.Erysipelotrichales.Erysipelatoclostridiaceae.Erysipelotrichaceae UCG-003,Erysipelotrichaceae UCG-003,0.0986893497569832,0.797885660148212,0.9289762876120027,3.0,54.29990041107218,0.06505556536664589,0.7486156845695777,0.8506996415563384,ns,True,combat_ols
cancer_other,Bacteria.Bacillota.Bacilli.Erysipelotrichales.Erysipelatoclostridiaceae.Massiliomicrobiota,,,,,,,0.08961083809364624,0.2969073175221192,0.6414664267453192,ns,False,combat_ols
cancer_other,Bacteria.Bacillota.Bacilli.Erysipelotrichales.Erysipelatoclostridiaceae.Thomasclavelia,Thomasclavelia,-0.3645756943185158,0.07398427034630274,0.6421406064063592,3.0,0.0,0.060473151490738,0.7235441653340039,0.8501805917204877,ns,False,combat_ols
cancer_other,Bacteria.Bacillota.Bacilli.Erysipelotrichales.Erysipelotrichaceae.Faecalitalea,Faecalitalea,-0.1297153912780871,0.6427969893821657,0.918021167412788,3.0,69.72474665418794,-0.19615928112327743,0.16592661453042334,0.4760189761118702,ns,True,combat_ols
cancer_other,Bacteria.Bacillota.Bacilli.Erysipelotrichales.Erysipelotrichaceae.Holdemanella,Holdemanella,-0.2236091127124237,0.28016185179236197,0.918021167412788,3.0,0.0,0.3843685688010622,0.028278742970204798,0.19141506692063162,ns,False,combat_ols
cancer_other,Bacteria.Bacillota.Bacilli.Erysipelotrichales.Erysipelotrichaceae.Holdemania,Holdemania,0.0068747147772626775,0.9530345237285445,0.9648734619115078,3.0,0.0,0.030130937465431766,0.7593113819509032,0.8572870441381165,ns,True,combat_ols
cancer_other,Bacteria.Bacillota.Bacilli.Erysipelotrichales.Erysipelotrichaceae.Turicibacter,Turicibacter,-0.09120415118216711,0.6354951108728804,0.918021167412788,3.0,0.0,0.13588427280025014,0.43592166173870317,0.7603983314254159,ns,False,combat_ols
cancer_other,Bacteria.Bacillota.Bacilli.Erysipelotrichales.Erysipelotrichaceae.[Clostridium] innocuum group,[Clostridium] innocuum group,-0.15428513687482973,0.6359207862996574,0.918021167412788,2.0,47.864264801538525,-0.12412582871253582,0.23232325386397226,0.5626710169961036,ns,True,combat_ols
cancer_other,Bacteria.Bacillota.Bacilli.Izemoplasmatales.Incertae Sedis.Incertae Sedis,Incertae Sedis,-0.06014060780075629,0.6590143040807275,0.918021167412788,2.0,18.848942216638576,0.0173291567259511,0.8595122861631503,0.911603939870008,ns,False,combat_ols
cancer_other,Bacteria.Bacillota.Bacilli.Lactobacillales.Carnobacteriaceae.Granulicatella,Granulicatella,-0.29077591407896736,0.03027938213462995,0.5534872166998023,3.0,0.0,0.23863376202539308,0.037547656797154716,0.19911636180309317,ns,False,combat_ols
cancer_other,Bacteria.Bacillota.Bacilli.Lactobacillales.Enterococcaceae.Enterococcus,Enterococcus,0.3835630651804838,0.05144742085503425,0.555885665739212,3.0,23.33958099596297,-0.20932739918375734,0.1602976475553987,0.4675348053699128,ns,False,combat_ols
cancer_other,Bacteria.Bacillota.Bacilli.Lactobacillales.Lactobacillaceae.HT002,,,,,,,0.12312829146359139,0.20746201998904312,0.5495910598030816,ns,False,combat_ols
cancer_other,Bacteria.Bacillota.Bacilli.Lactobacillales.Lactobacillaceae.Lactobacillus,Lactobacillus,-0.06626263599757974,0.71205536890197,0.9269958124785739,3.0,0.0,0.33024712534341205,0.03032838838297399,0.19141506692063162,ns,False,combat_ols
cancer_other,Bacteria.Bacillota.Bacilli.Lactobacillales.Lactobacillaceae.Ligilactobacillus,Ligilactobacillus,0.12169450178484971,0.43033791530509,0.918021167412788,3.0,0.0,-0.06979941171159229,0.6297014157086451,0.8431736636032097,ns,False,combat_ols
cancer_other,Bacteria.Bacillota.Bacilli.Lactobacillales.Streptococcaceae.Lactococcus,Lactococcus,-0.18762585629697234,0.47067772451546663,0.918021167412788,2.0,34.08017152699325,0.09389757389126173,0.43372122735298335,0.7603983314254159,ns,False,combat_ols
cancer_other,Bacteria.Bacillota.Bacilli.Lactobacillales.Streptococcaceae.Streptococcus,Streptococcus,0.06531365160775825,0.7558879992603121,0.9269958124785739,3.0,0.0,-0.0960977401633767,0.6039908751071188,0.8388762154265539,ns,False,combat_ols
cancer_other,Bacteria.Bacillota.Bacilli.RF39.Incertae Sedis.Incertae Sedis,Incertae Sedis,-0.07114147423531036,0.731821641551256,0.9269958124785739,3.0,0.0,-0.0963094975378583,0.6018147190157911,0.8388762154265539,ns,True,combat_ols
cancer_other,Bacteria.Bacillota.Bacilli.Staphylococcales.Gemellaceae.Gemella,Gemella,0.22725547968701282,0.26540883201333787,0.918021167412788,3.0,44.79287483501309,-0.25797002329542446,0.02980058061272995,0.19141506692063162,ns,False,combat_ols
cancer_other,Bacteria.Bacillota.Bacilli.Staphylococcales.Staphylococcaceae.Staphylococcus,Staphylococcus,0.5883054236781726,0.0367223607170361,0.5534872166998023,2.0,0.0,-0.39105842420799125,0.001152143948170361,0.050406297732453295,ns,False,combat_ols
cancer_other,Bacteria.Bacillota.Clostridia.Christensenellales.Christensenellaceae.Christensenella,Christensenella,0.004512134190961126,0.9798361957233936,0.9858845673019331,2.0,55.11365316972601,-0.02005652893768765,0.8253224670050981,0.8915520476906924,ns,False,combat_ols
cancer_other,Bacteria.Bacillota.Clostridia.Christensenellales.Christensenellaceae.Christensenellaceae R-7 group,Christensenellaceae R-7 group,0.09061932106696564,0.7424984396071028,0.9269958124785739,3.0,30.389236208696058,-0.15812703703687184,0.39750270053411774,0.7479889526179634,ns,False,combat_ols
cancer_other,Bacteria.Bacillota.Clostridia.Christensenellales.Christensenellaceae.Incertae Sedis,Incertae Sedis,-0.17857410477389712,0.2860875305568469,0.918021167412788,3.0,0.0,0.04940920120346143,0.7433007459041978,0.8501805917204877,ns,False,combat_ols
cancer_other,Bacteria.Bacillota.Clostridia.Christensenellales.Christensenellaceae.NA,Christensenellaceae,0.05832384038140773,0.7529727570981409,0.9269958124785739,2.0,0.0,-0.0728937362199099,0.6481907303117691,0.8431736636032097,ns,False,combat_ols
cancer_other,Bacteria.Bacillota.Clostridia.Clostridia UCG-014.Incertae Sedis.Incertae Sedis,Incertae Sedis,0.21375685083215556,0.40660830769955225,0.918021167412788,3.0,0.0,-0.26853608590473,0.23471419566123178,0.5626710169961036,ns,False,combat_ols
cancer_other,Bacteria.Bacillota.Clostridia.Clostridia vadinBB60 group.Incertae Sedis.Incertae Sedis,Incertae Sedis,-0.12807000483385805,0.3977208458470922,0.918021167412788,3.0,0.0,0.12299473836445617,0.31875325969144036,0.6704864309373698,ns,False,combat_ols
cancer_other,Bacteria.Bacillota.Clostridia.Clostridiales.Clostridiaceae.Clostridium,Clostridium,0.33395535677965194,0.10906738264022078,0.6767172538328333,3.0,0.0,-0.4009489468601279,0.022296950162228733,0.19141506692063162,ns,False,combat_ols
cancer_other,Bacteria.Bacillota.Clostridia.Eubacteriales.Anaerofustaceae.Anaerofustis,,,,,,,-0.031145718435689,0.6745389308825678,0.8431736636032097,ns,False,combat_ols
cancer_other,Bacteria.Bacillota.Clostridia.Lachnospirales.Defluviitaleaceae.Defluviitaleaceae UCG-011,Defluviitaleaceae UCG-011,0.10401928107988498,0.40920918160210895,0.918021167412788,2.0,0.0,-0.07586364593435542,0.4519985705455949,0.7649766375601043,ns,False,combat_ols
cancer_other,Bacteria.Bacillota.Clostridia.Lachnospirales.Lachnospiraceae.Agathobacter,Agathobacter,-0.09510775848439286,0.621623337144034,0.918021167412788,3.0,0.0,0.10609542000801407,0.5090102448519562,0.7955535201908098,ns,False,combat_ols
cancer_other,Bacteria.Bacillota.Clostridia.Lachnospirales.Lachnospiraceae.Anaerobutyricum,Anaerobutyricum,0.18945321928531728,0.32437867532649334,0.918021167412788,3.0,0.0,-0.21994603539075674,0.17288543683099003,0.48798308782940736,ns,False,combat_ols
cancer_other,Bacteria.Bacillota.Clostridia.Lachnospirales.Lachnospiraceae.Anaerostipes,Anaerostipes,-0.26390385128717364,0.07432471652842149,0.6421406064063592,3.0,0.0,0.10045259168076721,0.4194533391453611,0.7603983314254159,ns,False,combat_ols
cancer_other,Bacteria.Bacillota.Clostridia.Lachnospirales.Lachnospiraceae.Blautia,Blautia,-0.06292381331780673,0.5199868875033775,0.918021167412788,3.0,0.0,0.035678790623884724,0.6629562046687645,0.8431736636032097,ns,False,combat_ols
cancer_other,Bacteria.Bacillota.Clostridia.Lachnospirales.Lachnospiraceae.Butyribacter,Butyribacter,-0.13006075386582608,0.4655395299243784,0.918021167412788,3.0,0.0,0.10342079724079896,0.5137002730374943,0.7955535201908098,ns,False,combat_ols
cancer_other,Bacteria.Bacillota.Clostridia.Lachnospirales.Lachnospiraceae.CAG-56,CAG-56,-0.11793473559717389,0.5777468249604816,0.918021167412788,3.0,0.0,0.30586810015101784,0.0891150127431082,0.35443470977372576,ns,False,combat_ols
cancer_other,Bacteria.Bacillota.Clostridia.Lachnospirales.Lachnospiraceae.Coprococcus,Coprococcus,-0.12924849287077766,0.7141136474403185,0.9269958124785739,3.0,59.498558312338304,0.0757507906567186,0.6556640356165913,0.8431736636032097,ns,False,combat_ols
cancer_other,Bacteria.Bacillota.Clostridia.Lachnospirales.Lachnospiraceae.Dorea,Dorea,0.05317651093119244,0.778037885590873,0.9289762876120027,3.0,0.0,-0.024106387378692768,0.8782997485514163,0.925918409617457,ns,False,combat_ols
cancer_other,Bacteria.Bacillota.Clostridia.Lachnospirales.Lachnospiraceae.Eisenbergiella,Eisenbergiella,0.11729639973850245,0.5219605083203704,0.918021167412788,3.0,3.2979085403439545,-0.15436750178229924,0.3343486477160069,0.675239995140336,ns,False,combat_ols
cancer_other,Bacteria.Bacillota.Clostridia.Lachnospirales.Lachnospiraceae.Enterocloster,Enterocloster,-0.08152872961865483,0.6561969032857262,0.918021167412788,3.0,0.0,0.14682681309010068,0.36087008786451436,0.7016918375143335,ns,False,combat_ols
cancer_other,Bacteria.Bacillota.Clostridia.Lachnospirales.Lachnospiraceae.Extibacter,Extibacter,0.37419933502047575,0.10151333182943888,0.6767172538328333,3.0,0.0,-0.41589313119981475,0.031114756136254734,0.19141506692063162,ns,False,combat_ols
cancer_other,Bacteria.Bacillota.Clostridia.Lachnospirales.Lachnospiraceae.Faecalicatena,Faecalicatena,-0.12607667439776352,0.4828578762695884,0.918021167412788,2.0,34.09320912368002,0.1843426728456212,0.10371728903249872,0.36301051161374553,ns,False,combat_ols
cancer_other,Bacteria.Bacillota.Clostridia.Lachnospirales.Lachnospiraceae.Faecalimonas,Faecalimonas,0.0790713369417995,0.7596498743611245,0.9269958124785739,3.0,28.491132155446646,0.17391034696915175,0.2899826636311979,0.6414664267453192,ns,True,combat_ols
cancer_other,Bacteria.Bacillota.Clostridia.Lachnospirales.Lachnospiraceae.Frisingicoccus,Frisingicoccus,0.2445478800332173,0.4463491583537216,0.918021167412788,3.0,55.81196578854556,-0.022336331744203426,0.8893737904539851,0.9264310317229012,ns,False,combat_ols
cancer_other,Bacteria.Bacillota.Clostridia.Lachnospirales.Lachnospiraceae.Fusicatenibacter,Fusicatenibacter,-0.23779874307166338,0.21717317001307124,0.918021167412788,3.0,0.0,0.16115476925943722,0.31700753469636567,0.6704864309373698,ns,False,combat_ols
cancer_other,Bacteria.Bacillota.Clostridia.Lachnospirales.Lachnospiraceae.GCA-900066575,GCA-900066575,-0.12408124774614243,0.3734359086221667,0.918021167412788,3.0,0.0,0.05415325062763914,0.6355380578848984,0.8431736636032097,ns,False,combat_ols
cancer_other,Bacteria.Bacillota.Clostridia.Lachnospirales.Lachnospiraceae.Howardella,Howardella,0.19973730786890492,0.4474111875542821,0.918021167412788,3.0,66.21710877588389,-0.08924470346805642,0.44461037266735803,0.7628119138900751,ns,False,combat_ols
cancer_other,Bacteria.Bacillota.Clostridia.Lachnospirales.Lachnospiraceae.Hungatella,Hungatella,0.037882582858211535,0.810560159387342,0.9289762876120027,3.0,0.0,-0.08240701431825702,0.5429207987258045,0.8143732693451258,ns,False,combat_ols
cancer_other,Bacteria.Bacillota.Clostridia.Lachnospirales.Lachnospiraceae.Incertae Sedis,Incertae Sedis,-0.16350218539907954,0.37189535575536126,0.918021167412788,2.0,0.0,,,,ns,False,combat_ols
cancer_other,Bacteria.Bacillota.Clostridia.Lachnospirales.Lachnospiraceae.Lachnoclostridium,Lachnoclostridium,0.234929610282473,0.22760133785798364,0.918021167412788,3.0,0.0,0.0178466418984738,0.9159054054842017,0.9439763816292118,ns,True,combat_ols
cancer_other,Bacteria.Bacillota.Clostridia.Lachnospirales.Lachnospiraceae.Lachnospira,Lachnospira,-0.2268525866076154,0.36066704695608465,0.918021167412788,3.0,26.816095633854886,0.4722698749645878,0.004286169353866575,0.07358377872663796,ns,False,combat_ols
cancer_other,Bacteria.Bacillota.Clostridia.Lachnospirales.Lachnospiraceae.Lachnospiraceae AC2044 group,Lachnospiraceae AC2044 group,-0.13627725668496163,0.29330966299756533,0.918021167412788,2.0,0.0,0.061919377568125544,0.5491202616155705,0.8143732693451258,ns,False,combat_ols
cancer_other,Bacteria.Bacillota.Clostridia.Lachnospirales.Lachnospiraceae.Lachnospiraceae FCS020 group,Lachnospiraceae FCS020 group,0.2788815588671392,0.12454918782199387,0.6767172538328333,3.0,0.0,-0.3909570475947271,0.009860456431570986,0.12325570539463732,ns,False,combat_ols
cancer_other,Bacteria.Bacillota.Clostridia.Lachnospirales.Lachnospiraceae.Lachnospiraceae ND3007 group,Lachnospiraceae ND3007 group,0.14098684645462206,0.4877340453539515,0.918021167412788,3.0,0.0,-0.4996398413821556,0.004625266091388672,0.07358377872663796,ns,False,combat_ols
cancer_other,Bacteria.Bacillota.Clostridia.Lachnospirales.Lachnospiraceae.Lachnospiraceae NK4A136 group,Lachnospiraceae NK4A136 group,-0.1412529697921978,0.4449924362641261,0.918021167412788,3.0,0.0,0.1598053970689036,0.29378323994893224,0.6414664267453192,ns,False,combat_ols
cancer_other,Bacteria.Bacillota.Clostridia.Lachnospirales.Lachnospiraceae.Lachnospiraceae NK4B4 group,Lachnospiraceae NK4B4 group,-0.08606872450781192,0.49253434906183124,0.918021167412788,3.0,0.0,0.039003547531063686,0.7260453274789482,0.8501805917204877,ns,False,combat_ols
cancer_other,Bacteria.Bacillota.Clostridia.Lachnospirales.Lachnospiraceae.Lachnospiraceae UCG-004,Lachnospiraceae UCG-004,-0.23745428942467214,0.14218088116189953,0.7242338634184258,3.0,0.0,0.2794809150628953,0.03572488947336675,0.19537048930747442,ns,False,combat_ols
cancer_other,Bacteria.Bacillota.Clostridia.Lachnospirales.Lachnospiraceae.Lachnospiraceae UCG-010,Lachnospiraceae UCG-010,0.08989143698752906,0.7527221542742673,0.9269958124785739,3.0,46.43936678791544,-0.3150541572284768,0.048790572107701845,0.2307662194283195,ns,False,combat_ols
cancer_other,Bacteria.Bacillota.Clostridia.Lachnospirales.Lachnospiraceae.Lachnotalea,Lachnotalea,-0.08045211908156766,0.5623497956313583,0.918021167412788,2.0,0.0,0.13317262112238193,0.09969513343949621,0.35605404799820073,ns,False,combat_ols
cancer_other,Bacteria.Bacillota.Clostridia.Lachnospirales.Lachnospiraceae.Marvinbryantia,Marvinbryantia,0.20280172065900573,0.2730466035451593,0.918021167412788,3.0,0.0,-0.15669676244952718,0.3470251076687182,0.6823527397980415,ns,False,combat_ols
cancer_other,Bacteria.Bacillota.Clostridia.Lachnospirales.Lachnospiraceae.Mediterraneibacter,Mediterraneibacter,-0.039248685038493956,0.7573422910435079,0.9269958124785739,3.0,0.0,0.05578000323976989,0.5898395641399716,0.8388762154265539,ns,False,combat_ols
cancer_other,Bacteria.Bacillota.Clostridia.Lachnospirales.Lachnospiraceae.NA,Lachnospiraceae,-0.27934092118584697,0.044143152252131466,0.5534872166998023,3.0,16.93807953806034,0.15168365306765969,0.13844101252043378,0.4326281641263556,ns,False,combat_ols
cancer_other,Bacteria.Bacillota.Clostridia.Lachnospirales.Lachnospiraceae.Roseburia,Roseburia,-0.10717447635433279,0.7453029713276783,0.9269958124785739,3.0,66.85146116900138,0.16813006909004866,0.26301910537658435,0.6137112458786969,ns,False,combat_ols
cancer_other,Bacteria.Bacillota.Clostridia.Lachnospirales.Lachnospiraceae.Sellimonas,Sellimonas,0.019465143657057312,0.9111918514031458,0.9550769782389733,3.0,0.0,-0.056061402490805975,0.7122998761362376,0.8501805917204877,ns,False,combat_ols
cancer_other,Bacteria.Bacillota.Clostridia.Lachnospirales.Lachnospiraceae.Shuttleworthia,Shuttleworthia,-0.08739402362917753,0.5869661560441677,0.918021167412788,2.0,0.0,0.004029847058714399,0.9752916055727208,0.9865666530359892,ns,False,combat_ols
cancer_other,Bacteria.Bacillota.Clostridia.Lachnospirales.Lachnospiraceae.Tyzzerella,Tyzzerella,0.2131237339236391,0.10083370404705637,0.6767172538328333,3.0,0.0,-0.19431411822364822,0.08428194505102454,0.3430079159053324,ns,False,combat_ols
cancer_other,Bacteria.Bacillota.Clostridia.Lachnospirales.Lachnospiraceae.UC5-1-2E3,UC5-1-2E3,0.1124040482125461,0.3945178977508189,0.918021167412788,2.0,0.0,-0.1491682605373608,0.15699383009157536,0.46565966552585913,ns,False,combat_ols
cancer_other,Bacteria.Bacillota.Clostridia.Lachnospirales.Lachnospiraceae.[Eubacterium] eligens group,[Eubacterium] eligens group,0.032580026957695775,0.8718772685449188,0.947439965152145,3.0,0.0,-0.07561605090145147,0.6570164943746829,0.8431736636032097,ns,False,combat_ols
cancer_other,Bacteria.Bacillota.Clostridia.Lachnospirales.Lachnospiraceae.[Eubacterium] ruminantium group,[Eubacterium] ruminantium group,0.11027427513920098,0.6106525498210643,0.918021167412788,2.0,0.0,-0.2821048650232078,0.09847106446818882,0.35605404799820073,ns,False,combat_ols
cancer_other,Bacteria.Bacillota.Clostridia.Lachnospirales.Lachnospiraceae.[Eubacterium] ventriosum group,[Eubacterium] ventriosum group,-0.17065795351690466,0.6479009271218235,0.918021167412788,3.0,76.3740432568842,0.12229726679647455,0.43885846556552577,0.7603983314254159,ns,False,combat_ols
cancer_other,Bacteria.Bacillota.Clostridia.Lachnospirales.Lachnospiraceae.[Eubacterium] xylanophilum group,[Eubacterium] xylanophilum group,-0.508701244581493,0.0073489400394284084,0.2994693066067076,3.0,0.0,0.11054511244296134,0.5104339018250037,0.7955535201908098,ns,False,combat_ols
cancer_other,Bacteria.Bacillota.Clostridia.Lachnospirales.Lachnospiraceae.[Ruminococcus] gauvreauii group,[Ruminococcus] gauvreauii group,0.1301184352056039,0.5687257381682314,0.918021167412788,3.0,0.0,-0.07351817344831196,0.7116758495584092,0.8501805917204877,ns,False,combat_ols
cancer_other,Bacteria.Bacillota.Clostridia.Lachnospirales.Lachnospiraceae.[Ruminococcus] gnavus group,[Ruminococcus] gnavus group,-0.11471283641953427,0.6418611779818846,0.918021167412788,3.0,0.0,0.29335382624503176,0.1433824370167041,0.4402092364547933,ns,False,combat_ols
cancer_other,Bacteria.Bacillota.Clostridia.Monoglobales.Monoglobaceae.Monoglobus,Monoglobus,0.16213327504429031,0.33140714609653354,0.918021167412788,3.0,0.0,0.0032267360861958794,0.9825934533643488,0.9882405421767875,ns,True,combat_ols
cancer_other,Bacteria.Bacillota.Clostridia.NA.NA.NA,Clostridia,-0.0856019134704068,0.6326961970457272,0.918021167412788,3.0,16.357332127054367,-0.05869405329537788,0.6923564553548058,0.8501805917204877,ns,True,combat_ols
cancer_other,Bacteria.Bacillota.Clostridia.Oscillospirales.Butyricicoccaceae.Agathobaculum,Agathobaculum,-0.40506572977970723,0.037857028349132245,0.5534872166998023,3.0,0.0,0.10480438803090937,0.5389381579155526,0.8143732693451258,ns,False,combat_ols
cancer_other,Bacteria.Bacillota.Clostridia.Oscillospirales.Butyricicoccaceae.UCG-009,UCG-009,-0.022636551072778188,0.8571997535672523,0.9440781069693387,2.0,0.0,0.07982334709301803,0.3237769992161287,0.6704864309373698,ns,False,combat_ols
cancer_other,Bacteria.Bacillota.Clostridia.Oscillospirales.NA.NA,Oscillospirales,0.028270850140338297,0.8386566288922024,0.9391262403893145,2.0,0.0,-0.08280511031537645,0.455505353767648,0.7649766375601043,ns,False,combat_ols
cancer_other,Bacteria.Bacillota.Clostridia.Oscillospirales.Oscillospiraceae.Colidextribacter,Colidextribacter,0.11442687016706779,0.5230589047057541,0.918021167412788,3.0,0.0,-0.1903337992855375,0.21041486289603695,0.5495910598030816,ns,False,combat_ols
cancer_other,Bacteria.Bacillota.Clostridia.Oscillospirales.Oscillospiraceae.Flavonifractor,Flavonifractor,-0.2484014481417581,0.18924506621979376,0.8568596053840661,3.0,0.0,0.35583715289970813,0.026224982051670388,0.19141506692063162,ns,False,combat_ols
cancer_other,Bacteria.Bacillota.Clostridia.Oscillospirales.Oscillospiraceae.Incertae Sedis,Incertae Sedis,0.03320369257061978,0.9140614024863793,0.9550769782389733,3.0,56.93394618888159,0.1962070298568301,0.19968367510439544,0.5433966891836004,ns,True,combat_ols
cancer_other,Bacteria.Bacillota.Clostridia.Oscillospirales.Oscillospiraceae.Intestinimonas,Intestinimonas,0.03408632420487102,0.863133053623979,0.9442328036289165,3.0,0.0,-0.11562870168602958,0.4831389971346223,0.7828641157273972,ns,False,combat_ols
cancer_other,Bacteria.Bacillota.Clostridia.Oscillospirales.Oscillospiraceae.NA,Oscillospiraceae,-0.042497790358918396,0.7316782562767379,0.9269958124785739,3.0,0.0,-0.019100363958256237,0.8521338944687287,0.9092892166587043,ns,True,combat_ols
cancer_other,Bacteria.Bacillota.Clostridia.Oscillospirales.Oscillospiraceae.NK4A214 group,NK4A214 group,0.35288006275539674,0.08298524426128928,0.65792647752701,3.0,0.0,-0.2554286198556853,0.1528955379299065,0.4613227437540283,ns,False,combat_ols
cancer_other,Bacteria.Bacillota.Clostridia.Oscillospirales.Oscillospiraceae.Oscillibacter,Oscillibacter,-0.21132879841838584,0.2584694456471769,0.918021167412788,3.0,0.0,0.42566443163917556,0.007046778051262915,0.09486047376700077,ns,False,combat_ols
cancer_other,Bacteria.Bacillota.Clostridia.Oscillospirales.Oscillospiraceae.Oscillospira,Oscillospira,-0.2021378975639262,0.1678244617943725,0.8045702138965505,3.0,0.0,0.05949356515580346,0.6267269207909318,0.8431736636032097,ns,False,combat_ols
cancer_other,Bacteria.Bacillota.Clostridia.Oscillospirales.Oscillospiraceae.Ruminiclostridium,Ruminiclostridium,0.1937642247282373,0.1524735509785643,0.7531269336213934,2.0,0.0,-0.10654337336866908,0.32566483788386535,0.6704864309373698,ns,False,combat_ols
cancer_other,Bacteria.Bacillota.Clostridia.Oscillospirales.Oscillospiraceae.UCG-002,UCG-002,0.47824965336588227,0.03207702992630906,0.5534872166998023,3.0,0.0,-0.22727918587952803,0.22764428840629145,0.5626710169961036,ns,False,combat_ols
cancer_other,Bacteria.Bacillota.Clostridia.Oscillospirales.Oscillospiraceae.UCG-003,UCG-003,0.15574534268900658,0.40733715378446933,0.918021167412788,3.0,0.0,-0.48309424136049134,0.0019686258674967176,0.05079272466702109,ns,False,combat_ols
cancer_other,Bacteria.Bacillota.Clostridia.Oscillospirales.Oscillospiraceae.UCG-005,UCG-005,-0.019630853300595674,0.930814509221411,0.9648734619115078,3.0,16.464709109175104,-0.08644192725211666,0.6140116139391545,0.8431736636032097,ns,True,combat_ols
cancer_other,Bacteria.Bacillota.Clostridia.Oscillospirales.Ruminococcaceae.Acutalibacter,Acutalibacter,-0.16538121963280347,0.565749862851886,0.918021167412788,3.0,68.23306578002855,0.17676143422663151,0.12468459344848531,0.4075259230439333,ns,False,combat_ols
cancer_other,Bacteria.Bacillota.Clostridia.Oscillospirales.Ruminococcaceae.Anaerofilum,Anaerofilum,-0.23821003327083778,0.0024296046055209126,0.13200851689996956,2.0,0.0,,,,ns,False,combat_ols
cancer_other,Bacteria.Bacillota.Clostridia.Oscillospirales.Ruminococcaceae.Anaerotruncus,Anaerotruncus,0.061646179874444776,0.7440911534563904,0.9269958124785739,2.0,0.0,-0.12061834052877132,0.23046620458833042,0.5626710169961036,ns,False,combat_ols
cancer_other,Bacteria.Bacillota.Clostridia.Oscillospirales.Ruminococcaceae.Angelakisella,Angelakisella,-0.0930004578791074,0.6358668020115648,0.918021167412788,3.0,53.92943635939269,0.22792359602739806,0.031720211089704665,0.19141506692063162,ns,False,combat_ols
cancer_other,Bacteria.Bacillota.Clostridia.Oscillospirales.Ruminococcaceae.CAG-352,CAG-352,0.46545486775925377,0.10247458076916982,0.6767172538328333,2.0,0.0,-0.2752989386229389,0.22723616448568068,0.5626710169961036,ns,False,combat_ols
cancer_other,Bacteria.Bacillota.Clostridia.Oscillospirales.Ruminococcaceae.Candidatus Soleaferrea,,,,,,,0.2740156751799536,0.0004118681758657144,0.028929408957020834,pooling_only,False,combat_ols
cancer_other,Bacteria.Bacillota.Clostridia.Oscillospirales.Ruminococcaceae.DTU089,DTU089,-0.10607373901036986,0.5052059497652348,0.918021167412788,3.0,0.0,0.36554976656599253,0.015419991675231432,0.17989990287770005,ns,False,combat_ols
cancer_other,Bacteria.Bacillota.Clostridia.Oscillospirales.Ruminococcaceae.Faecalibacterium,Faecalibacterium,-0.1118261420242288,0.48025200337960805,0.918021167412788,3.0,0.0,0.07669437731598956,0.555544265510124,0.8169768610443,ns,False,combat_ols
cancer_other,Bacteria.Bacillota.Clostridia.Oscillospirales.Ruminococcaceae.Fournierella,Fournierella,-0.4385323269193292,0.0003663064609937544,0.029853976570990984,2.0,0.0,-0.009738067150260647,0.9221551235258296,0.9439763816292118,within_only,True,combat_ols
cancer_other,Bacteria.Bacillota.Clostridia.Oscillospirales.Ruminococcaceae.Gemmiger,Gemmiger,-0.01628012856063675,0.9369458755525486,0.9648734619115078,3.0,0.0,0.057626443037488435,0.7366055450472737,0.8501805917204877,ns,False,combat_ols
cancer_other,Bacteria.Bacillota.Clostridia.Oscillospirales.Ruminococcaceae.Incertae Sedis,Incertae Sedis,0.09508829424113212,0.6140449336748423,0.918021167412788,3.0,0.0,-0.24116575947552937,0.12780308456434197,0.4075259230439333,ns,False,combat_ols
cancer_other,Bacteria.Bacillota.Clostridia.Oscillospirales.Ruminococcaceae.NA,Ruminococcaceae,0.18661054309873404,0.40390532071523677,0.918021167412788,3.0,12.769759802497898,-0.2974853262403754,0.08170394806519174,0.3404331169382989,ns,False,combat_ols
cancer_other,Bacteria.Bacillota.Clostridia.Oscillospirales.Ruminococcaceae.Negativibacillus,Negativibacillus,0.1114397335684496,0.6655151673044084,0.918021167412788,2.0,0.0,-0.1817862387093535,0.20183305598248016,0.5433966891836004,ns,False,combat_ols
cancer_other,Bacteria.Bacillota.Clostridia.Oscillospirales.Ruminococcaceae.Paludicola,Paludicola,-0.12384911192957912,0.37618802708399623,0.918021167412788,3.0,0.0,0.024989200195095606,0.8346635534153659,0.8961111769796873,ns,False,combat_ols
cancer_other,Bacteria.Bacillota.Clostridia.Oscillospirales.Ruminococcaceae.Ruminococcus,Ruminococcus,0.20202806157268893,0.47973984743013487,0.918021167412788,3.0,40.966686264342286,-0.36185023312972975,0.03282361451538094,0.19147108467305549,ns,False,combat_ols
cancer_other,Bacteria.Bacillota.Clostridia.Oscillospirales.Ruminococcaceae.Ruthenibacterium,Ruthenibacterium,-0.043220602084543855,0.8060119968295085,0.9289762876120027,3.0,0.0,-0.0014787525618147135,0.99215189851934,0.99215189851934,ns,True,combat_ols
cancer_other,Bacteria.Bacillota.Clostridia.Oscillospirales.Ruminococcaceae.[Clostridium] methylpentosum group,[Clostridium] methylpentosum group,-0.12436309162682942,0.4238317100168536,0.918021167412788,2.0,42.072449856648745,0.19949207252913084,0.028240293455284036,0.19141506692063162,ns,False,combat_ols
cancer_other,Bacteria.Bacillota.Clostridia.Oscillospirales.Ruminococcaceae.[Eubacterium] siraeum group,[Eubacterium] siraeum group,0.014272998806109693,0.9478635636522588,0.9648734619115078,3.0,0.0,-0.085659323467868,0.6489556588566805,0.8431736636032097,ns,False,combat_ols
cancer_other,Bacteria.Bacillota.Clostridia.Oscillospirales.UCG-010.Incertae Sedis,Incertae Sedis,-0.012491339563473619,0.947071512293983,0.9648734619115078,3.0,0.0,-0.11532959137160918,0.4956793350067278,0.7955535201908098,ns,True,combat_ols
cancer_other,Bacteria.Bacillota.Clostridia.Oscillospirales.[Eubacterium] coprostanoligenes group.Incertae Sedis,Incertae Sedis,0.3574842199489003,0.04177224703384357,0.5534872166998023,3.0,0.0,-0.1330862598320662,0.36716335745961837,0.7060833797300353,ns,False,combat_ols
cancer_other,Bacteria.Bacillota.Clostridia.Peptococcales.Peptococcaceae.Incertae Sedis,Incertae Sedis,0.09972644108891102,0.48124042007465007,0.918021167412788,3.0,0.0,-0.1437984191762069,0.23012250892201705,0.5626710169961036,ns,False,combat_ols
cancer_other,Bacteria.Bacillota.Clostridia.Peptococcales.Peptococcaceae.Peptococcus,Peptococcus,0.13030018098988413,0.36972547604832096,0.918021167412788,3.0,0.0,-0.3772261030059909,0.0017319999825028696,0.05079272466702109,ns,False,combat_ols
cancer_other,Bacteria.Bacillota.Clostridia.Peptostreptococcales-Tissierellales.Anaerovoracaceae.Family XIII AD3011 group,Family XIII AD3011 group,0.1059148578359353,0.7155935191974213,0.9269958124785739,3.0,64.1459360257612,-0.15338648582456305,0.2838108389505286,0.6414664267453192,ns,False,combat_ols
cancer_other,Bacteria.Bacillota.Clostridia.Peptostreptococcales-Tissierellales.Anaerovoracaceae.Family XIII UCG-001,Family XIII UCG-001,-0.0009483677532043148,0.9937716415224833,0.9937716415224833,3.0,0.0,-0.27095647320665467,0.017678724501043016,0.18321043850516336,ns,True,combat_ols
cancer_other,Bacteria.Bacillota.Clostridia.Peptostreptococcales-Tissierellales.Anaerovoracaceae.Incertae Sedis,Incertae Sedis,0.01883762054549666,0.8824028349983685,0.9525275636075103,3.0,0.0,-0.06594516789467846,0.5484683066213519,0.8143732693451258,ns,False,combat_ols
cancer_other,Bacteria.Bacillota.Clostridia.Peptostreptococcales-Tissierellales.Anaerovoracaceae.Mogibacterium,Mogibacterium,0.04997632858475493,0.8890965777627685,0.9534390932587584,2.0,76.44344765620887,-0.05503000356792785,0.6036714863441874,0.8388762154265539,ns,False,combat_ols
cancer_other,Bacteria.Bacillota.Clostridia.Peptostreptococcales-Tissierellales.Anaerovoracaceae.NA,,,,,,,-0.026269082625177038,0.7762868532147547,0.8652878937107138,ns,False,combat_ols
cancer_other,Bacteria.Bacillota.Clostridia.Peptostreptococcales-Tissierellales.Anaerovoracaceae.[Eubacterium] brachy group,[Eubacterium] brachy group,0.31831632478154026,0.0748507455320296,0.6421406064063592,2.0,0.0,-0.06574688600632228,0.5452897555204397,0.8143732693451258,ns,False,combat_ols
cancer_other,Bacteria.Bacillota.Clostridia.Peptostreptococcales-Tissierellales.Family XI.Parvimonas,Parvimonas,0.048119340548708874,0.8975176071002777,0.9550007741423713,2.0,77.75131936331474,,,,ns,False,combat_ols
cancer_other,Bacteria.Bacillota.Clostridia.Peptostreptococcales-Tissierellales.Peptostreptococcaceae.Intestinibacter,Intestinibacter,-0.059854052331595936,0.7677572680037268,0.9269958124785739,3.0,0.0,0.05910342832728923,0.7385368588662669,0.8501805917204877,ns,False,combat_ols
cancer_other,Bacteria.Bacillota.Clostridia.Peptostreptococcales-Tissierellales.Peptostreptococcaceae.Romboutsia,Romboutsia,-0.05485464837467638,0.8020179062222584,0.9289762876120027,3.0,0.0,0.25660564054461515,0.17750414790525368,0.49306707751459355,ns,False,combat_ols
cancer_other,Bacteria.Bacillota.Clostridia.Peptostreptococcales-Tissierellales.Peptostreptococcaceae.Terrisporobacter,,,,,,,0.36536647187023763,0.018890449909151827,0.18321043850516336,ns,False,combat_ols
cancer_other,Bacteria.Bacillota.NA.NA.NA.NA,Bacteria.Bacillota.NA.NA.NA.NA,-0.061882203289906776,0.5807825594817848,0.918021167412788,2.0,0.0,-0.05192004306945193,0.6375760239957684,0.8431736636032097,ns,True,combat_ols
cancer_other,Bacteria.Bacillota.Negativicutes.Acidaminococcales.Acidaminococcaceae.Acidaminococcus,Acidaminococcus,-0.15929603368844425,0.7654660179270485,0.9269958124785739,2.0,75.39961642051094,-0.06021226759356823,0.6915418336159929,0.8501805917204877,ns,True,combat_ols
cancer_other,Bacteria.Bacillota.Negativicutes.Acidaminococcales.Acidaminococcaceae.Phascolarctobacterium,Phascolarctobacterium,0.40976592485885344,0.10495625225905952,0.6767172538328333,3.0,0.0,-0.5868026544332092,0.006134843046560552,0.08946646109567472,ns,False,combat_ols
cancer_other,Bacteria.Bacillota.Negativicutes.Veillonellales-Selenomonadales.Veillonellaceae.Dialister,Dialister,-0.3546430606764437,0.12368684335723118,0.6767172538328333,3.0,0.0,0.34990690525380996,0.09687064377048729,0.35605404799820073,ns,False,combat_ols
cancer_other,Bacteria.Bacillota.Negativicutes.Veillonellales-Selenomonadales.Veillonellaceae.Megasphaera,Megasphaera,-0.05376555992765245,0.7981493867627076,0.9289762876120027,2.0,0.0,0.04829672743372534,0.6995951956576665,0.8501805917204877,ns,False,combat_ols
cancer_other,Bacteria.Bacillota.Negativicutes.Veillonellales-Selenomonadales.Veillonellaceae.Veillonella,Veillonella,-0.30959082815254313,0.11750801082253827,0.6767172538328333,3.0,0.0,0.17580480878127755,0.29394308568187827,0.6414664267453192,ns,False,combat_ols
cancer_other,Bacteria.Bacteroidota.Bacteroidia.Bacteroidales.Bacteroidaceae.Bacteroides,Bacteroides,-0.22207427655721254,0.021879544974876104,0.5534872166998023,3.0,0.0,0.18627816656283272,0.04545117276981585,0.2209432009643826,ns,False,combat_ols
cancer_other,Bacteria.Bacteroidota.Bacteroidia.Bacteroidales.Barnesiellaceae.Barnesiella,Barnesiella,0.1947336349804508,0.42328045655182245,0.918021167412788,3.0,0.0,-0.19940178279923895,0.3356907404411956,0.675239995140336,ns,False,combat_ols
cancer_other,Bacteria.Bacteroidota.Bacteroidia.Bacteroidales.Barnesiellaceae.Coprobacter,Coprobacter,0.19528534080406984,0.2977099653816513,0.918021167412788,3.0,0.0,-0.24843256072321163,0.12413910683410813,0.4075259230439333,ns,False,combat_ols
cancer_other,Bacteria.Bacteroidota.Bacteroidia.Bacteroidales.Marinifilaceae.Butyricimonas,Butyricimonas,0.1389264220166129,0.3690394869705874,0.918021167412788,3.0,0.0,-0.12055264195471753,0.3955164258235335,0.7479889526179634,ns,False,combat_ols
cancer_other,Bacteria.Bacteroidota.Bacteroidia.Bacteroidales.Marinifilaceae.Odoribacter,Odoribacter,-0.05949473123216843,0.8206907080744072,0.9289762876120027,3.0,30.186344095018985,-0.08219024631538963,0.6393312513909746,0.8431736636032097,ns,True,combat_ols
cancer_other,Bacteria.Bacteroidota.Bacteroidia.Bacteroidales.Muribaculaceae.Incertae Sedis,Incertae Sedis,0.14207557947407207,0.5151579805644878,0.918021167412788,3.0,0.0,-0.3138738382489061,0.09859860115337174,0.35605404799820073,ns,False,combat_ols
cancer_other,Bacteria.Bacteroidota.Bacteroidia.Bacteroidales.Porphyromonadaceae.Porphyromonas,Porphyromonas,0.954796741468454,5.63486097831517e-07,9.184823394653728e-05,2.0,0.0,0.11521722881426223,0.46335727760783463,0.7649766375601043,within_only,True,combat_ols
cancer_other,Bacteria.Bacteroidota.Bacteroidia.Bacteroidales.Prevotellaceae.Incertae Sedis,Incertae Sedis,0.3248233242812125,0.05456546412164045,0.555885665739212,2.0,0.0,-0.27040239323281906,0.044750609718525236,0.2209432009643826,ns,False,combat_ols
cancer_other,Bacteria.Bacteroidota.Bacteroidia.Bacteroidales.Prevotellaceae.Massiliprevotella,Massiliprevotella,0.3813074614110692,0.028995967670177224,0.5534872166998023,3.0,0.0,-0.020893365303003977,0.8878525302430278,0.9264310317229012,ns,False,combat_ols
cancer_other,Bacteria.Bacteroidota.Bacteroidia.Bacteroidales.Prevotellaceae.Paraprevotella,Paraprevotella,-0.03865737174995525,0.8469420695535536,0.9391262403893145,3.0,0.0,0.134373674245648,0.4247578252079115,0.7603983314254159,ns,False,combat_ols
cancer_other,Bacteria.Bacteroidota.Bacteroidia.Bacteroidales.Prevotellaceae.Prevotella,Prevotella,0.0656031973271554,0.623199025392606,0.918021167412788,3.0,24.27938110831855,-0.28690872054141847,0.00232195312763525,0.05079272466702109,ns,False,combat_ols
cancer_other,Bacteria.Bacteroidota.Bacteroidia.Bacteroidales.Prevotellaceae.Prevotellaceae UCG-001,,,,,,,-0.10164086772826915,0.4595972823093559,0.7649766375601043,ns,False,combat_ols
cancer_other,Bacteria.Bacteroidota.Bacteroidia.Bacteroidales.Prevotellaceae.Segatella,Segatella,0.5012974484629714,0.04863364174359622,0.555885665739212,2.0,0.0,-0.3634925959158875,0.07285262280263632,0.3109563168405209,ns,False,combat_ols
cancer_other,Bacteria.Bacteroidota.Bacteroidia.Bacteroidales.Rikenellaceae.Alistipes,Alistipes,0.22098232990426137,0.21245148365634603,0.918021167412788,3.0,0.0,-0.2846416193968324,0.05597681087308919,0.25267173873048643,ns,False,combat_ols
cancer_other,Bacteria.Bacteroidota.Bacteroidia.Bacteroidales.Tannerellaceae.Incertae Sedis,Incertae Sedis,-0.16404919353808578,0.39356556483137417,0.918021167412788,3.0,0.0,0.07488493649973464,0.6737276527314562,0.8431736636032097,ns,False,combat_ols
cancer_other,Bacteria.Bacteroidota.Bacteroidia.Bacteroidales.Tannerellaceae.Parabacteroides,Parabacteroides,0.2386305724316514,0.29698179730392704,0.918021167412788,3.0,0.0,-0.3794799888438659,0.04500013773362467,0.2209432009643826,ns,False,combat_ols
cancer_other,Bacteria.Campylobacterota.Campylobacteria.Campylobacterales.Helicobacteraceae.Helicobacter,,,,,,,0.26488969734398987,0.025155921535207498,0.19141506692063162,ns,False,combat_ols
cancer_other,Bacteria.Cyanobacteriota.Cyanobacteriia.Chloroplast.Incertae Sedis.Incertae Sedis,Incertae Sedis,-0.18162581814221818,0.12093336943833596,0.6767172538328333,3.0,0.0,0.22945507152058497,0.01809910228740814,0.18321043850516336,ns,False,combat_ols
cancer_other,Bacteria.Cyanobacteriota.Vampirivibrionia.Gastranaerophilales.Gastranaerophilaceae.Zag_111,Zag_111,0.09316704878544672,0.5158056861980633,0.918021167412788,2.0,0.0,-0.10734027167279982,0.3449232356035108,0.6823527397980415,ns,False,combat_ols
cancer_other,Bacteria.Deinococcota.Deinococci.Deinococcales.Deinococcaceae.Deinococcus,,,,,,,-0.20972664194165339,0.01989141903770345,0.18321043850516336,ns,False,combat_ols
cancer_other,Bacteria.Fusobacteriota.Fusobacteriia.Fusobacteriales.Fusobacteriaceae.Fusobacterium,Fusobacterium,0.40675037634270583,0.393286051693681,0.918021167412788,2.0,59.7528810579359,-0.1836428409751662,0.11730976970046893,0.4025335234820012,ns,False,combat_ols
cancer_other,Bacteria.NA.NA.NA.NA.NA,Bacteria.NA.NA.NA.NA.NA,-0.013631767195472315,0.6905337216396064,0.9269958124785739,3.0,0.0,-0.01580131178633998,0.732626519974221,0.8501805917204877,ns,True,combat_ols
cancer_other,Bacteria.Pseudomonadota.Alphaproteobacteria.Rhodospirillales.Incertae Sedis.Incertae Sedis,Incertae Sedis,0.10745925101351925,0.5203237253261077,0.918021167412788,3.0,0.0,-0.45052921157601034,0.0035474963333058367,0.06897909536983572,ns,False,combat_ols
cancer_other,Bacteria.Pseudomonadota.Alphaproteobacteria.Rickettsiales.Mitochondria.Incertae Sedis,Incertae Sedis,0.6246847091742226,0.2940015374374497,0.918021167412788,2.0,51.37270701666588,,,,ns,False,combat_ols
cancer_other,Bacteria.Pseudomonadota.Gammaproteobacteria.Burkholderiales.Neisseriaceae.Neisseria,Neisseria,0.026196434168037696,0.9022706700486207,0.9550007741423713,2.0,17.20486399950993,-0.3005934188633083,0.002072650922326221,0.05079272466702109,ns,False,combat_ols
cancer_other,Bacteria.Pseudomonadota.Gammaproteobacteria.Burkholderiales.Oxalobacteraceae.Oxalobacter,,,,,,,0.04735306261061843,0.5890949059481775,0.8388762154265539,ns,False,combat_ols
cancer_other,Bacteria.Pseudomonadota.Gammaproteobacteria.Burkholderiales.Sutterellaceae.Parasutterella,Parasutterella,-0.19510838993481516,0.5677913434124926,0.918021167412788,3.0,51.354616663861755,0.04846257500378831,0.786204733212664,0.8707963817228874,ns,False,combat_ols
cancer_other,Bacteria.Pseudomonadota.Gammaproteobacteria.Burkholderiales.Sutterellaceae.Sutterella,Sutterella,-0.10832836879370507,0.5415917375735692,0.918021167412788,3.0,0.0,0.014235106001510818,0.9223997786205441,0.9439763816292118,ns,False,combat_ols
cancer_other,Bacteria.Pseudomonadota.Gammaproteobacteria.Enterobacterales.Enterobacteriaceae.Escherichia-Shigella,Escherichia-Shigella,-0.09862678518414598,0.6384965781507732,0.918021167412788,3.0,0.0,0.06037527648716463,0.725689110365187,0.8501805917204877,ns,False,combat_ols
cancer_other,Bacteria.Pseudomonadota.Gammaproteobacteria.Enterobacterales.Enterobacteriaceae.Klebsiella,Klebsiella,0.09258037039804552,0.6314453758053442,0.918021167412788,3.0,7.740220334290221,-0.08289175979916047,0.5809749725773091,0.8388762154265539,ns,False,combat_ols
cancer_other,Bacteria.Pseudomonadota.Gammaproteobacteria.Enterobacterales.Pasteurellaceae.Haemophilus,Haemophilus,0.09823197379647983,0.8017968681318223,0.9289762876120027,3.0,70.21669460128244,-0.2798065211198031,0.09435849419856092,0.35605404799820073,ns,False,combat_ols
cancer_other,Bacteria.Pseudomonadota.Gammaproteobacteria.Pseudomonadales.Moraxellaceae.Acinetobacter,Acinetobacter,0.20008728501243292,0.35521167785951024,0.918021167412788,2.0,0.0,-0.06347608114298602,0.4717772988745095,0.7715983860097118,ns,False,combat_ols
cancer_other,Bacteria.Pseudomonadota.Gammaproteobacteria.Pseudomonadales.Pseudomonadaceae.Pseudomonas,Pseudomonas,0.2304370590536057,0.23755433159776196,0.918021167412788,3.0,17.811667973669017,-0.28449133553953604,0.0563097017742227,0.25267173873048643,ns,False,combat_ols
cancer_other,Bacteria.Pseudomonadota.NA.NA.NA.NA,Bacteria.Pseudomonadota.NA.NA.NA.NA,0.512269462803385,0.13637142486282092,0.7170497500851551,2.0,0.0,-0.10806621022766968,0.1280795758138076,0.4075259230439333,ns,False,combat_ols
cancer_other,Bacteria.Synergistota.Synergistia.Synergistales.Synergistaceae.Cloacibacillus,Cloacibacillus,0.07507477061644434,0.5930272975187236,0.918021167412788,2.0,0.0,-0.0926057226811538,0.4309843360684973,0.7603983314254159,ns,False,combat_ols
cancer_other,Bacteria.Thermodesulfobacteriota.Desulfovibrionia.Desulfovibrionales.Desulfovibrionaceae.Bilophila,Bilophila,0.08624450061074836,0.6702117725283545,0.918021167412788,3.0,0.0,-0.07225282701793241,0.6695112441810226,0.8431736636032097,ns,False,combat_ols
cancer_other,Bacteria.Thermodesulfobacteriota.Desulfovibrionia.Desulfovibrionales.Desulfovibrionaceae.Desulfovibrio,Desulfovibrio,0.29693038272714306,0.3171159102038833,0.918021167412788,3.0,52.99045174336258,-0.06524065312725022,0.697820756109909,0.8501805917204877,ns,False,combat_ols
cancer_other,Bacteria.Thermodesulfobacteriota.Desulfovibrionia.Desulfovibrionales.Desulfovibrionaceae.Incertae Sedis,Incertae Sedis,-0.08297546024841336,0.6204369914999668,0.918021167412788,3.0,53.44173395026163,-0.02502848053276547,0.7746037304430635,0.8652878937107138,ns,True,combat_ols
cancer_other,Bacteria.Verrucomicrobiota.Verrucomicrobiia.Verrucomicrobiales.Akkermansiaceae.Akkermansia,Akkermansia,0.0451179519497357,0.817233751856135,0.9289762876120027,3.0,0.0,-0.1420679613883978,0.41444257807309226,0.7603983314254159,ns,False,combat_ols
cancer_other,NA.NA.NA.NA.NA.NA,,,,,,,-0.032413918515207356,0.27995029484597644,0.6414664267453192,ns,False,combat_ols
HIV,Archaea.Methanobacteriota.Methanobacteria.Methanobacteriales.Methanobacteriaceae.Methanobrevibacter,Methanobrevibacter,-0.07969779690949541,0.8339477146182845,0.9584983473210154,3.0,71.6705326135109,-0.4980509999033288,0.034524318702101896,0.10686510463902162,ns,True,mixedlm
HIV,Archaea.Methanobacteriota.Methanobacteria.Methanobacteriales.Methanobacteriaceae.Methanosphaera,,,,,,,-0.21408530529519018,0.215186123131884,0.3800951146908979,ns,False,mixedlm
HIV,Bacteria.Actinomycetota.Actinobacteria.Actinomycetales.Actinomycetaceae.Schaalia,Schaalia,0.5057489455013963,0.08150141085559519,0.3508285440400437,2.0,21.703669765457416,0.30131092829512857,0.027487324389741934,0.09114218087124958,ns,True,mixedlm
HIV,Bacteria.Actinomycetota.Actinobacteria.Bifidobacteriales.Bifidobacteriaceae.Bifidobacterium,Bifidobacterium,0.07400825763852996,0.8042266650599141,0.9412604332207266,3.0,0.0,0.006701819053616123,0.9837649113980387,0.9889977034799432,ns,True,mixedlm
HIV,Bacteria.Actinomycetota.Coriobacteriia.Coriobacteriales.Atopobiaceae.Incertae Sedis,Incertae Sedis,0.2721324570580484,0.5692810387225526,0.8126027730152566,2.0,67.9074226677503,0.015746649700179645,0.9437961385133439,0.9747402742023059,ns,True,mixedlm
HIV,Bacteria.Actinomycetota.Coriobacteriia.Coriobacteriales.Atopobiaceae.Parolsenella,Parolsenella,0.4374374564374734,0.4510431866053851,0.7988389005546103,2.0,78.57369408794554,-0.004688343754764637,0.9833442919674004,0.9889977034799432,ns,False,mixedlm
HIV,Bacteria.Actinomycetota.Coriobacteriia.Coriobacteriales.Atopobiaceae.Tractidigestivibacter,Tractidigestivibacter,-0.24079190539174758,0.6240219990529423,0.8507726981297069,3.0,88.0308704846894,-0.673558600098872,0.002686425667578651,0.021155602132181876,pooling_only,True,mixedlm
HIV,Bacteria.Actinomycetota.Coriobacteriia.Coriobacteriales.Coriobacteriaceae.Collinsella,Collinsella,-0.031436368761449555,0.9330317875342615,0.9728153676759603,3.0,61.70029764339142,-0.22094793220554862,0.423313413411629,0.606107841930287,ns,True,mixedlm
HIV,Bacteria.Actinomycetota.Coriobacteriia.Coriobacteriales.Coriobacteriales Incertae Sedis.Incertae Sedis,Incertae Sedis,-0.4318738031115933,0.29747849634711365,0.6838142058888197,2.0,74.83902518581753,0.10263994023580551,0.5795053320897458,0.7337245283488637,ns,False,mixedlm
HIV,Bacteria.Actinomycetota.Coriobacteriia.Coriobacteriales.Eggerthellaceae.Adlercreutzia,Adlercreutzia,-0.09601835766211118,0.8083140443477426,0.9412604332207266,3.0,76.99628562352866,-0.45754051477158275,0.02505053056911314,0.08608273231931607,ns,True,mixedlm
HIV,Bacteria.Actinomycetota.Coriobacteriia.Coriobacteriales.Eggerthellaceae.Asaccharobacter,Asaccharobacter,-0.34014450469080254,0.5617292171433569,0.8126027730152566,2.0,84.149194561417,0.10785566869968816,0.5823210542451299,0.7337245283488637,ns,False,mixedlm
HIV,Bacteria.Actinomycetota.Coriobacteriia.Coriobacteriales.Eggerthellaceae.Eggerthella,Eggerthella,0.4104666234198035,0.6947879730996591,0.8660385298495751,2.0,94.97465545005235,0.8262459932392164,1.3890261700220794e-06,0.0001312629730670865,pooling_only,True,mixedlm
HIV,Bacteria.Actinomycetota.Coriobacteriia.Coriobacteriales.Eggerthellaceae.Incertae Sedis,Incertae Sedis,-0.5403647212425783,0.02634130150879329,0.1864964146822565,3.0,35.7230797670407,-0.7586275581193703,0.0008192612751996295,0.011060027215194999,pooling_only,True,mixedlm
HIV,Bacteria.Actinomycetota.Coriobacteriia.Coriobacteriales.Eggerthellaceae.NA,,,,,,,0.06320041747258445,0.6449424413408178,0.7915202689182764,ns,False,mixedlm
HIV,Bacteria.Actinomycetota.Coriobacteriia.Coriobacteriales.Eggerthellaceae.Senegalimassilia,Senegalimassilia,-0.2956018493288947,0.5683492284736191,0.8126027730152566,3.0,84.94369705224565,-0.7370369306514557,0.0012438825265026403,0.01382904691229406,pooling_only,True,mixedlm
HIV,Bacteria.Actinomycetota.Coriobacteriia.Coriobacteriales.Eggerthellaceae.Slackia,Slackia,-0.6705669643888046,0.2430784077680923,0.6167697480388026,3.0,89.06854417526476,-1.123640856229255,7.197520321778088e-07,0.0001312629730670865,pooling_only,True,mixedlm
HIV,Bacteria.Actinomycetota.Coriobacteriia.Coriobacteriales.Incertae Sedis.Incertae Sedis,,,,,,,-0.07740119895632189,0.6534223360133082,0.7967536871388081,ns,False,mixedlm
HIV,Bacteria.Bacillota.Bacilli.Acholeplasmatales.Acholeplasmataceae.Anaeroplasma,Anaeroplasma,-0.3157784927943352,0.04320281952679303,0.2525725501080082,2.0,0.0,-0.38673790662592317,0.07518927927919271,0.18947698378356564,ns,True,mixedlm
HIV,Bacteria.Bacillota.Bacilli.Erysipelotrichales.Erysipelatoclostridiaceae.Asteroleplasma,Asteroleplasma,0.027810985961715443,0.8505954430361311,0.9589515504292688,2.0,0.0,-0.0913994314920044,0.701849684592109,0.8303712961348381,ns,False,mixedlm
HIV,Bacteria.Bacillota.Bacilli.Erysipelotrichales.Erysipelatoclostridiaceae.Catenibacterium,Catenibacterium,0.8023777130905962,0.6392811799505707,0.8507726981297069,3.0,96.2950434614544,-1.1864429147789883,0.0005718614751492637,0.009797175464522821,pooling_only,False,mixedlm
HIV,Bacteria.Bacillota.Bacilli.Erysipelotrichales.Erysipelatoclostridiaceae.Erysipelotrichaceae UCG-003,Erysipelotrichaceae UCG-003,-0.5492171581612239,0.5506857079326901,0.8126027730152566,3.0,89.81377917994807,0.4241704409485686,0.1648148366703973,0.32529043173767563,ns,False,mixedlm
HIV,Bacteria.Bacillota.Bacilli.Erysipelotrichales.Erysipelatoclostridiaceae.Massiliomicrobiota,Massiliomicrobiota,0.1670200512536212,0.6808999534348616,0.8600057325197685,2.0,80.16291723589124,0.3578654264286905,0.011919608212513727,0.054749851304852354,ns,True,mixedlm
HIV,Bacteria.Bacillota.Bacilli.Erysipelotrichales.Erysipelatoclostridiaceae.Thomasclavelia,Thomasclavelia,-0.8010883786645827,0.605207686853205,0.8368887544766975,2.0,97.0426104875938,0.5928144418499393,0.0022734460713153843,0.019645412466277618,pooling_only,False,mixedlm
HIV,Bacteria.Bacillota.Bacilli.Erysipelotrichales.Erysipelatoclostridiaceae.UCG-004,UCG-004,0.17408027455030847,0.8427702405782633,0.9589515504292688,2.0,86.40377167404066,-0.30636244374161176,0.19475380458918912,0.3573637773529781,ns,False,mixedlm
HIV,Bacteria.Bacillota.Bacilli.Erysipelotrichales.Erysipelotrichaceae.Catenisphaera,Catenisphaera,0.41696046368424244,0.1830494960494834,0.5509545417145041,3.0,55.21812887852605,0.1025296646056203,0.6837193084451669,0.8201414209347733,ns,True,mixedlm
HIV,Bacteria.Bacillota.Bacilli.Erysipelotrichales.Erysipelotrichaceae.Dielma,Dielma,0.11804912224500272,0.7284663287252492,0.8892313116163386,2.0,87.833785495632,,,,ns,False,mixedlm
HIV,Bacteria.Bacillota.Bacilli.Erysipelotrichales.Erysipelotrichaceae.Erysipelotrichaceae UCG-006,Erysipelotrichaceae UCG-006,0.15394716343620748,0.5185960441853287,0.8126027730152566,2.0,39.53173736328731,-0.04147454283391627,0.7705028656277151,0.8610088848161392,ns,False,mixedlm
HIV,Bacteria.Bacillota.Bacilli.Erysipelotrichales.Erysipelotrichaceae.Holdemanella,Holdemanella,0.10446782790430854,0.9262656076212528,0.9728153676759603,3.0,92.15716110120263,-1.0900756579705264,0.0014321268737945514,0.01503733217484279,pooling_only,False,mixedlm
HIV,Bacteria.Bacillota.Bacilli.Erysipelotrichales.Erysipelotrichaceae.Holdemania,Holdemania,0.04989322971813556,0.9168519265477151,0.9728153676759603,2.0,80.79354420454263,0.33027286083941215,0.013160205742219626,0.05784369500650022,ns,True,mixedlm
HIV,Bacteria.Bacillota.Bacilli.Erysipelotrichales.Erysipelotrichaceae.Solobacterium,Solobacterium,0.35052981628790203,0.5562878398185558,0.8126027730152566,3.0,83.61834068509906,-0.20767407842367513,0.42660549827624783,0.60622886597151,ns,False,mixedlm
HIV,Bacteria.Bacillota.Bacilli.Erysipelotrichales.Erysipelotrichaceae.Turicibacter,Turicibacter,-0.27941975618631737,0.1836515139048347,0.5509545417145041,3.0,0.0,-0.23998931732049983,0.2831498172254542,0.46843316420504594,ns,True,mixedlm
HIV,Bacteria.Bacillota.Bacilli.Erysipelotrichales.Erysipelotrichaceae.[Clostridium] innocuum group,[Clostridium] innocuum group,0.5029140274686669,0.03413770098352339,0.2237915953364311,2.0,0.0,0.4437341021055215,0.003345083114401054,0.02341558180080738,pooling_only,True,mixedlm
HIV,Bacteria.Bacillota.Bacilli.Izemoplasmatales.Incertae Sedis.Incertae Sedis,Incertae Sedis,-0.34330021671425354,0.34603127478616535,0.7316346344121112,2.0,67.3190200588793,-0.4019698399814605,0.07228587901734933,0.18587788270194575,ns,True,mixedlm
HIV,Bacteria.Bacillota.Bacilli.Lactobacillales.Carnobacteriaceae.Granulicatella,Granulicatella,0.5507456115186219,0.21135378412156014,0.5755326121464023,2.0,60.31754380763709,0.043184865984352755,0.7530524781768676,0.8610088848161392,ns,True,mixedlm
HIV,Bacteria.Bacillota.Bacilli.Lactobacillales.Lactobacillaceae.Lactobacillus,Lactobacillus,0.13814012048437582,0.6389891156694569,0.8507726981297069,2.0,0.0,0.27482976047236307,0.19704844834304502,0.3580976609311107,ns,True,mixedlm
HIV,Bacteria.Bacillota.Bacilli.Lactobacillales.Lactobacillaceae.Ligilactobacillus,Ligilactobacillus,0.2187086937938934,0.4009350977074454,0.754952258449126,2.0,0.0,0.20224101894628152,0.4318433108095746,0.6081769239898067,ns,True,mixedlm
HIV,Bacteria.Bacillota.Bacilli.Lactobacillales.Streptococcaceae.Lactococcus,Lactococcus,0.132186089194423,0.6580850565821987,0.8576032040054947,2.0,61.646492938152356,0.3139228759573582,0.03764394266120733,0.112931827983622,ns,True,mixedlm
HIV,Bacteria.Bacillota.Bacilli.Lactobacillales.Streptococcaceae.Streptococcus,Streptococcus,0.22245543131542994,0.2745862216160496,0.6497096617977507,3.0,0.0,0.11945120326246533,0.6856208704110802,0.8201414209347733,ns,True,mixedlm
HIV,Bacteria.Bacillota.Bacilli.RF39.Incertae Sedis.Incertae Sedis,Incertae Sedis,-0.6993603242885487,0.001909377590708897,0.042244979194434346,3.0,0.0,-0.866145787008809,0.0006409019249856052,0.009797175464522821,replicated,True,mixedlm
HIV,Bacteria.Bacillota.Bacilli.Staphylococcales.Gemellaceae.Gemella,Gemella,0.10264592182628793,0.5466595447725024,0.8126027730152566,2.0,14.269900095992035,,,,ns,False,mixedlm
HIV,Bacteria.Bacillota.Clostridia.Christensenellales.Christensenellaceae.Christensenella,,,,,,,0.2942167601354711,0.006642915612245121,0.03587174430612366,pooling_only,False,mixedlm
HIV,Bacteria.Bacillota.Clostridia.Christensenellales.Christensenellaceae.Christensenellaceae R-7 group,Christensenellaceae R-7 group,-0.9745177691871667,3.4117526308357016e-05,0.003019401078289596,3.0,0.0,-0.9564037044603444,0.000673879793856067,0.009797175464522821,replicated,True,mixedlm
HIV,Bacteria.Bacillota.Clostridia.Christensenellales.Christensenellaceae.Incertae Sedis,Incertae Sedis,-0.4794071004672714,0.005927544106475198,0.09537957334964636,3.0,18.079092206104864,-0.3247808272510682,0.065196939056722,0.17602597303223483,ns,True,mixedlm
HIV,Bacteria.Bacillota.Clostridia.Christensenellales.Christensenellaceae.NA,Christensenellaceae,-0.428600618183198,0.15425657964032635,0.5326100676901487,2.0,0.0,-0.1557215776029938,0.40155033029444764,0.5847105729560768,ns,True,mixedlm
HIV,Bacteria.Bacillota.Clostridia.Clostridia UCG-014.Incertae Sedis.Incertae Sedis,Incertae Sedis,-1.3250582991051145,0.00019953270268285243,0.011772429458288294,3.0,15.598307257924562,-1.1578097176892281,0.002286861276551097,0.019645412466277618,replicated,True,mixedlm
HIV,Bacteria.Bacillota.Clostridia.Clostridia vadinBB60 group.Incertae Sedis.Incertae Sedis,Incertae Sedis,-0.49886932996193556,0.17089877457010827,0.5509545417145041,3.0,45.75340746866481,-0.8192570149038574,0.016022330081374863,0.06533516106404401,ns,True,mixedlm
HIV,Bacteria.Bacillota.Clostridia.Clostridiales.Clostridiaceae.Clostridium,Clostridium,-0.8513229445294825,0.0016997413768626273,0.042244979194434346,3.0,0.0,-0.9741399570222201,0.0019908851063298303,0.018813864254816896,replicated,True,mixedlm
HIV,Bacteria.Bacillota.Clostridia.Eubacteriales.Anaerofustaceae.Anaerofustis,,,,,,,0.14025689888424825,0.22579811848717724,0.3925934575623996,ns,False,mixedlm
HIV,Bacteria.Bacillota.Clostridia.Lachnospirales.Defluviitaleaceae.Defluviitaleaceae UCG-011,Defluviitaleaceae UCG-011,-0.32496382566278575,0.04600220306584542,0.2525725501080082,2.0,0.0,-0.31861989264279217,0.046180455354800094,0.13427855480088027,ns,True,mixedlm
HIV,Bacteria.Bacillota.Clostridia.Lachnospirales.Lachnospiraceae.Agathobacter,Agathobacter,0.01972537870478234,0.947739843405675,0.9728153676759603,3.0,33.216767066855134,-0.2668227765795573,0.47372287382813094,0.6487943706776577,ns,False,mixedlm
HIV,Bacteria.Bacillota.Clostridia.Lachnospirales.Lachnospiraceae.Anaerobutyricum,Anaerobutyricum,-0.31062084084331154,0.398809464466338,0.754952258449126,3.0,67.70488872620544,-0.23044388031985374,0.4344120885641477,0.6081769239898067,ns,True,mixedlm
HIV,Bacteria.Bacillota.Clostridia.Lachnospirales.Lachnospiraceae.Anaerostipes,Anaerostipes,-0.2604104057028509,0.6766702765830037,0.8600057325197685,3.0,90.65846181654042,0.22080281654881434,0.4642708298755931,0.640490414937862,ns,False,mixedlm
HIV,Bacteria.Bacillota.Clostridia.Lachnospirales.Lachnospiraceae.Blautia,Blautia,0.020945457538175286,0.9202485144626623,0.9728153676759603,3.0,45.054463301401015,0.0522631689109756,0.8815713889287893,0.9308211871929675,ns,True,mixedlm
HIV,Bacteria.Bacillota.Clostridia.Lachnospirales.Lachnospiraceae.Butyribacter,Butyribacter,-0.30235308808358397,0.18966973850078295,0.5525906475180666,3.0,0.0,-0.3462788827766481,0.18246678343827538,0.3448622206983405,ns,True,mixedlm
HIV,Bacteria.Bacillota.Clostridia.Lachnospirales.Lachnospiraceae.CAG-56,CAG-56,-0.5327114181507161,0.19044084462487043,0.5525906475180666,3.0,62.03496926855837,-0.1716239662878301,0.5137219090281866,0.686032540166569,ns,True,mixedlm
HIV,Bacteria.Bacillota.Clostridia.Lachnospirales.Lachnospiraceae.Coprococcus,Coprococcus,-0.5857218090473472,0.0030948272953626446,0.060864936808798675,3.0,0.0,-0.5505556690359101,0.08401205354686268,0.20178199566422417,ns,True,mixedlm
HIV,Bacteria.Bacillota.Clostridia.Lachnospirales.Lachnospiraceae.Dorea,Dorea,0.15566599115745616,0.3468299203935664,0.7316346344121112,3.0,0.0,-0.17290192510570299,0.5742208619291105,0.7337245283488637,ns,False,mixedlm
HIV,Bacteria.Bacillota.Clostridia.Lachnospirales.Lachnospiraceae.Eisenbergiella,Eisenbergiella,0.28855373095859255,0.4374567168463178,0.7982457616680233,2.0,56.750945373982105,0.3951953442557375,0.011709939785527115,0.054749851304852354,ns,True,mixedlm
HIV,Bacteria.Bacillota.Clostridia.Lachnospirales.Lachnospiraceae.Enterocloster,Enterocloster,0.33999344593041114,0.1219631058847062,0.455312334326281,3.0,7.988373007662619,0.361759644484182,0.1513453985703685,0.3043008545723367,ns,True,mixedlm
HIV,Bacteria.Bacillota.Clostridia.Lachnospirales.Lachnospiraceae.Extibacter,,,,,,,0.5345070630738099,0.006471936902752723,0.03587174430612366,pooling_only,False,mixedlm
HIV,Bacteria.Bacillota.Clostridia.Lachnospirales.Lachnospiraceae.Faecalimonas,Faecalimonas,0.22585002428361173,0.24266943002404862,0.6167697480388026,3.0,0.0,0.29007289707205486,0.16522688596199397,0.32529043173767563,ns,True,mixedlm
HIV,Bacteria.Bacillota.Clostridia.Lachnospirales.Lachnospiraceae.Fusicatenibacter,Fusicatenibacter,-0.6256824038652092,0.05888279380051036,0.27426985533395615,3.0,43.630886228711695,-0.3321417041839299,0.2989277469738726,0.48704607050053383,ns,True,mixedlm
HIV,Bacteria.Bacillota.Clostridia.Lachnospirales.Lachnospiraceae.GCA-900066575,GCA-900066575,-0.42349305213812255,0.01283934576988402,0.12288450615927964,3.0,0.0,-0.4601165728856708,0.014915298827888486,0.06309901445416385,ns,True,mixedlm
HIV,Bacteria.Bacillota.Clostridia.Lachnospirales.Lachnospiraceae.Howardella,Howardella,-0.21602421487731305,0.5305726625020284,0.8126027730152566,3.0,70.75390974271707,-0.521900423618266,0.011848040618976577,0.054749851304852354,ns,True,mixedlm
HIV,Bacteria.Bacillota.Clostridia.Lachnospirales.Lachnospiraceae.Hungatella,Hungatella,0.18228554001002562,0.3249621011704301,0.7189786488395766,2.0,0.0,,,,ns,False,mixedlm
HIV,Bacteria.Bacillota.Clostridia.Lachnospirales.Lachnospiraceae.Incertae Sedis,Incertae Sedis,-0.5919057851653702,0.02400099252790385,0.184703290323434,2.0,0.0,-0.205886805178524,0.2683092561368585,0.4527718697309488,ns,True,mixedlm
HIV,Bacteria.Bacillota.Clostridia.Lachnospirales.Lachnospiraceae.Lachnoclostridium,Lachnoclostridium,0.04833421455690832,0.817890691622724,0.9461872707007983,3.0,0.0,0.059057751765517946,0.8264421256376403,0.8987946879029197,ns,True,mixedlm
HIV,Bacteria.Bacillota.Clostridia.Lachnospirales.Lachnospiraceae.Lachnospira,Lachnospira,-0.1805394401628638,0.5044046433336172,0.8126027730152566,3.0,0.0,-0.19895124898657948,0.5520758617787422,0.7154847116104083,ns,True,mixedlm
HIV,Bacteria.Bacillota.Clostridia.Lachnospirales.Lachnospiraceae.Lachnospiraceae AC2044 group,Lachnospiraceae AC2044 group,-0.3921259205717647,0.10121738364356107,0.40716992965705245,2.0,0.0,-0.16999454975206155,0.27973191359244576,0.46787019176081635,ns,True,mixedlm
HIV,Bacteria.Bacillota.Clostridia.Lachnospirales.Lachnospiraceae.Lachnospiraceae FCS020 group,Lachnospiraceae FCS020 group,-0.18764546056591988,0.3055960445553183,0.6934679472601454,3.0,0.0,-0.20763367439551478,0.33735370607399984,0.5269409127932725,ns,True,mixedlm
HIV,Bacteria.Bacillota.Clostridia.Lachnospirales.Lachnospiraceae.Lachnospiraceae ND3007 group,Lachnospiraceae ND3007 group,-0.5507990775457143,0.0136414111939892,0.12288450615927964,3.0,0.0,-0.43228136023074787,0.12173348256964542,0.25836866197340025,ns,True,mixedlm
HIV,Bacteria.Bacillota.Clostridia.Lachnospirales.Lachnospiraceae.Lachnospiraceae NK3A20 group,Lachnospiraceae NK3A20 group,0.03378091175468748,0.9486159877365717,0.9728153676759603,3.0,84.39923321443433,-0.37139272322089817,0.10760055605268627,0.23375293211445639,ns,False,mixedlm
HIV,Bacteria.Bacillota.Clostridia.Lachnospirales.Lachnospiraceae.Lachnospiraceae NK4A136 group,Lachnospiraceae NK4A136 group,-0.7273618788721675,0.06891096605774825,0.312749769031319,3.0,62.1654392379168,-0.5282541937911563,0.09688464979827192,0.2260641828626345,ns,True,mixedlm
HIV,Bacteria.Bacillota.Clostridia.Lachnospirales.Lachnospiraceae.Lachnospiraceae UCG-004,Lachnospiraceae UCG-004,-0.011195941710475063,0.961823103634424,0.9728153676759603,3.0,0.0,0.023460805778296304,0.9308300356094068,0.9719716946418667,ns,False,mixedlm
HIV,Bacteria.Bacillota.Clostridia.Lachnospirales.Lachnospiraceae.Lachnospiraceae UCG-010,Lachnospiraceae UCG-010,-0.24179215242016022,0.2712712488741357,0.6497096617977507,3.0,0.0,-0.25145798493643623,0.3169728094249672,0.5034274032043596,ns,True,mixedlm
HIV,Bacteria.Bacillota.Clostridia.Lachnospirales.Lachnospiraceae.Lachnotalea,,,,,,,-0.3490194894506718,0.020862657053995547,0.07731455261186586,ns,False,mixedlm
HIV,Bacteria.Bacillota.Clostridia.Lachnospirales.Lachnospiraceae.Marvinbryantia,Marvinbryantia,-0.318940861486752,0.2482283306361025,0.6167697480388026,3.0,47.9223277680671,-0.4148312888550822,0.050549401166685604,0.1433634697551768,ns,True,mixedlm
HIV,Bacteria.Bacillota.Clostridia.Lachnospirales.Lachnospiraceae.Mediterraneibacter,Mediterraneibacter,0.1374988456272922,0.4221964974220339,0.778424792121875,3.0,6.771471856268891,-0.050147017429345825,0.8645589162261242,0.9231730800380649,ns,False,mixedlm
HIV,Bacteria.Bacillota.Clostridia.Lachnospirales.Lachnospiraceae.NA,Lachnospiraceae,-0.21980145243513866,0.3816830376285214,0.743650704702761,3.0,52.64257729383539,-0.10245045149130334,0.705893275382526,0.8303712961348381,ns,True,mixedlm
HIV,Bacteria.Bacillota.Clostridia.Lachnospirales.Lachnospiraceae.Oribacterium,Oribacterium,-0.22616591710281472,0.7362157964151139,0.8893164539311472,3.0,88.20020594194217,-0.8989820564290346,0.00027807327541370567,0.007507978436170053,pooling_only,True,mixedlm
HIV,Bacteria.Bacillota.Clostridia.Lachnospirales.Lachnospiraceae.Roseburia,Roseburia,-0.28788152749669565,0.17295616874693664,0.5509545417145041,3.0,0.0,-0.23175183095097934,0.4863102100526504,0.6565187835710781,ns,True,mixedlm
HIV,Bacteria.Bacillota.Clostridia.Lachnospirales.Lachnospiraceae.Sellimonas,,,,,,,0.4228697013340689,0.02021759490282646,0.07642250873268402,ns,False,mixedlm
HIV,Bacteria.Bacillota.Clostridia.Lachnospirales.Lachnospiraceae.Shuttleworthia,Shuttleworthia,-0.03427259436473875,0.9299063784050974,0.9728153676759603,2.0,54.44950164787671,0.26718345281412825,0.10052180536542608,0.22889905077187386,ns,False,mixedlm
HIV,Bacteria.Bacillota.Clostridia.Lachnospirales.Lachnospiraceae.Syntrophococcus,,,,,,,0.0775578880185905,0.5265620605952208,0.6941083024933421,ns,False,mixedlm
HIV,Bacteria.Bacillota.Clostridia.Lachnospirales.Lachnospiraceae.[Eubacterium] eligens group,[Eubacterium] eligens group,-0.6783099145305183,0.014295336597442773,0.12288450615927964,3.0,0.0,-0.7053391882367167,0.03505627771227164,0.10686510463902162,ns,True,mixedlm
HIV,Bacteria.Bacillota.Clostridia.Lachnospirales.Lachnospiraceae.[Eubacterium] ruminantium group,[Eubacterium] ruminantium group,-0.6395006648174287,0.04223078145930262,0.2525725501080082,3.0,7.998459243043296,-0.8714929721487978,0.007928027695255687,0.04126399980979282,pooling_only,True,mixedlm
HIV,Bacteria.Bacillota.Clostridia.Lachnospirales.Lachnospiraceae.[Eubacterium] ventriosum group,[Eubacterium] ventriosum group,-0.5648672543666031,0.3865303097890057,0.743650704702761,3.0,86.52860674059201,0.09684816758804318,0.7135143615463481,0.8317042551358932,ns,False,mixedlm
HIV,Bacteria.Bacillota.Clostridia.Lachnospirales.Lachnospiraceae.[Eubacterium] xylanophilum group,[Eubacterium] xylanophilum group,-0.716720987723919,0.05337352024533894,0.2553273806331079,3.0,57.758258075826305,-0.3839927289738344,0.14450256723019725,0.2936665075968525,ns,True,mixedlm
HIV,Bacteria.Bacillota.Clostridia.Lachnospirales.Lachnospiraceae.[Ruminococcus] gauvreauii group,[Ruminococcus] gauvreauii group,-0.03396903377131201,0.8952818520095245,0.9728153676759603,3.0,0.0,-0.08437025338018904,0.7673007870480019,0.8610088848161392,ns,True,mixedlm
HIV,Bacteria.Bacillota.Clostridia.Lachnospirales.Lachnospiraceae.[Ruminococcus] gnavus group,[Ruminococcus] gnavus group,0.4432084718046778,0.5302544474451822,0.8126027730152566,2.0,62.44461474227381,0.820999572733177,0.0011587816071109125,0.013688107733997656,pooling_only,True,mixedlm
HIV,Bacteria.Bacillota.Clostridia.Monoglobales.Monoglobaceae.Monoglobus,Monoglobus,-0.6513632641744767,0.1733053574370197,0.5509545417145041,3.0,79.54149762919195,-0.1818528389155259,0.48281938497919596,0.6564954227414966,ns,True,mixedlm
HIV,Bacteria.Bacillota.Clostridia.NA.NA.NA,Clostridia,-0.19599873526718167,0.47180041056859134,0.8114641581230227,3.0,59.90757034176761,-0.08319544393396827,0.602544017194083,0.7541776109250443,ns,True,mixedlm
HIV,Bacteria.Bacillota.Clostridia.Oscillospirales.Butyricicoccaceae.Agathobaculum,Agathobaculum,-0.03714421861271163,0.9001115368609645,0.9728153676759603,3.0,54.99807009502972,0.010239685811572741,0.9667984901794701,0.9839127225500466,ns,False,mixedlm
HIV,Bacteria.Bacillota.Clostridia.Oscillospirales.Butyricicoccaceae.UCG-008,,,,,,,-0.40279977179747634,0.04437210530864442,0.13103637348959055,ns,False,mixedlm
HIV,Bacteria.Bacillota.Clostridia.Oscillospirales.Butyricicoccaceae.UCG-009,UCG-009,-0.535518715100143,0.005413605742320598,0.09537957334964636,3.0,15.372058358197199,-0.7005890386641015,0.0005723745911503854,0.009797175464522821,pooling_only,True,mixedlm
HIV,Bacteria.Bacillota.Clostridia.Oscillospirales.NA.NA,Oscillospirales,-0.04862656103436263,0.9322373335840699,0.9728153676759603,2.0,85.71429212125541,0.2683889283083391,0.022990292335464214,0.08356087021928339,ns,False,mixedlm
HIV,Bacteria.Bacillota.Clostridia.Oscillospirales.Oscillospiraceae.Colidextribacter,Colidextribacter,-0.2497960996670713,0.21051531602795026,0.5755326121464023,3.0,0.0,-0.22390366585436822,0.3505808637282354,0.5431129774150532,ns,True,mixedlm
HIV,Bacteria.Bacillota.Clostridia.Oscillospirales.Oscillospiraceae.Flavonifractor,Flavonifractor,0.26286866502904055,0.47628567438497893,0.8114641581230227,3.0,65.66757056035951,0.5663378495011012,0.00807813752890124,0.04126399980979282,pooling_only,True,mixedlm
HIV,Bacteria.Bacillota.Clostridia.Oscillospirales.Oscillospiraceae.Incertae Sedis,Incertae Sedis,0.06750171274602691,0.7385848515699358,0.8893164539311472,3.0,0.0,0.20379499646503504,0.36077015959215486,0.554354147665994,ns,True,mixedlm
HIV,Bacteria.Bacillota.Clostridia.Oscillospirales.Oscillospiraceae.Intestinimonas,Intestinimonas,-0.2754225725551151,0.21814443076840218,0.5850237006970785,3.0,0.0,-0.4041313671475286,0.10616074237356986,0.23375293211445639,ns,True,mixedlm
HIV,Bacteria.Bacillota.Clostridia.Oscillospirales.Oscillospiraceae.NA,Oscillospiraceae,-0.43960722130343177,0.011491743327481383,0.12288450615927964,3.0,18.503633434671027,-0.5434291359430526,0.000461256538010876,0.009686387298228396,pooling_only,True,mixedlm
HIV,Bacteria.Bacillota.Clostridia.Oscillospirales.Oscillospiraceae.NK4A214 group,NK4A214 group,-0.5330014364807156,0.05017468029374408,0.2553273806331079,3.0,4.284234890860745,-0.6788141858313715,0.02975563204893834,0.09696231822843701,ns,True,mixedlm
HIV,Bacteria.Bacillota.Clostridia.Oscillospirales.Oscillospiraceae.Oscillibacter,Oscillibacter,-0.17419031632878149,0.5103980005653914,0.8126027730152566,3.0,31.851952057365697,0.009860708196886891,0.9682950602873474,0.9839127225500466,ns,False,mixedlm
HIV,Bacteria.Bacillota.Clostridia.Oscillospirales.Oscillospiraceae.Oscillospira,Oscillospira,-0.6513428484455457,0.05224410782200594,0.2553273806331079,3.0,73.5114263889309,-0.3283750222285007,0.07982550186698446,0.19593532276441641,ns,True,mixedlm
HIV,Bacteria.Bacillota.Clostridia.Oscillospirales.Oscillospiraceae.UCG-002,UCG-002,-0.6182085827650645,0.012816174985366986,0.12288450615927964,3.0,0.0,-0.9114072202246822,0.010811452061342543,0.0537727484103616,ns,True,mixedlm
HIV,Bacteria.Bacillota.Clostridia.Oscillospirales.Oscillospiraceae.UCG-003,UCG-003,-0.8069501544788836,0.008554049341832239,0.10814762382173615,3.0,40.08155190605272,-0.9671710999641471,0.00026139447465270204,0.007507978436170053,pooling_only,True,mixedlm
HIV,Bacteria.Bacillota.Clostridia.Oscillospirales.Oscillospiraceae.UCG-005,UCG-005,-0.8780973653225901,0.0005478840210163011,0.02063494871431292,3.0,0.0,-0.9055454755286954,0.002390711569970292,0.019645412466277618,replicated,True,mixedlm
HIV,Bacteria.Bacillota.Clostridia.Oscillospirales.Ruminococcaceae.Acutalibacter,Acutalibacter,0.06654134489361879,0.8052361449641621,0.9412604332207266,3.0,51.99384749744043,0.14022103943377237,0.5154318555748825,0.686032540166569,ns,True,mixedlm
HIV,Bacteria.Bacillota.Clostridia.Oscillospirales.Ruminococcaceae.Anaerotruncus,Anaerotruncus,-0.17167689474780823,0.8043498045141437,0.9412604332207266,2.0,93.28095818396041,0.3858977685916486,0.004607242275657463,0.027211524690601892,pooling_only,False,mixedlm
HIV,Bacteria.Bacillota.Clostridia.Oscillospirales.Ruminococcaceae.Angelakisella,Angelakisella,-0.47750902462362005,0.014579517679914533,0.12288450615927964,2.0,0.0,-0.02811680100491699,0.8440874558464854,0.9064348247442372,ns,True,mixedlm
HIV,Bacteria.Bacillota.Clostridia.Oscillospirales.Ruminococcaceae.CAG-352,CAG-352,-0.5933693232116592,0.04690780981303542,0.2525725501080082,2.0,0.0,-0.5335361998486257,0.06961883421194295,0.18274943980635025,ns,True,mixedlm
HIV,Bacteria.Bacillota.Clostridia.Oscillospirales.Ruminococcaceae.Candidatus Soleaferrea,Candidatus Soleaferrea,-0.09078750020112997,0.6589753477117745,0.8576032040054947,2.0,19.83813111632074,-0.10988776583024072,0.5527024756355534,0.7154847116104083,ns,True,mixedlm
HIV,Bacteria.Bacillota.Clostridia.Oscillospirales.Ruminococcaceae.Caproiciproducens,Caproiciproducens,-0.06451571697985847,0.6051956257575553,0.8368887544766975,2.0,0.0,-0.038178646162541324,0.7740008788703278,0.8610088848161392,ns,True,mixedlm
HIV,Bacteria.Bacillota.Clostridia.Oscillospirales.Ruminococcaceae.DTU089,DTU089,0.27181054410955385,0.6782718535864152,0.8600057325197685,2.0,90.50367375477579,0.5415203763326556,0.0004588294170776925,0.009686387298228396,pooling_only,True,mixedlm
HIV,Bacteria.Bacillota.Clostridia.Oscillospirales.Ruminococcaceae.Faecalibacterium,Faecalibacterium,-0.246640043898603,0.15647301423665386,0.5326100676901487,3.0,0.0,-0.12088035890543594,0.7073533263370843,0.8303712961348381,ns,True,mixedlm
HIV,Bacteria.Bacillota.Clostridia.Oscillospirales.Ruminococcaceae.Fournierella,Fournierella,-0.4964902451896555,0.17686467220271163,0.5509545417145041,3.0,74.35306985959622,-0.8132177579997973,4.5436216009210976e-05,0.0028624816085802917,pooling_only,True,mixedlm
HIV,Bacteria.Bacillota.Clostridia.Oscillospirales.Ruminococcaceae.Gemmiger,Gemmiger,-0.287357530652794,0.40688532989502957,0.7580916146465287,3.0,41.67185351849529,-0.4358240289252895,0.18654762913439993,0.3490841772911048,ns,True,mixedlm
HIV,Bacteria.Bacillota.Clostridia.Oscillospirales.Ruminococcaceae.Incertae Sedis,Incertae Sedis,-0.5830303385866964,0.011447177820597822,0.12288450615927964,3.0,0.0,-0.641000245988435,0.027119723693899603,0.09114218087124958,ns,True,mixedlm
HIV,Bacteria.Bacillota.Clostridia.Oscillospirales.Ruminococcaceae.NA,Ruminococcaceae,-0.5748217810931386,0.007584373084922705,0.10814762382173615,3.0,0.0,-0.5379589914720839,0.016247368095291367,0.06533516106404401,ns,True,mixedlm
HIV,Bacteria.Bacillota.Clostridia.Oscillospirales.Ruminococcaceae.Negativibacillus,Negativibacillus,0.5322207806792891,0.02097025878513434,0.1687152638622172,3.0,6.768767126556248,0.5563462343115534,0.02377535872380535,0.08478382639243795,ns,True,mixedlm
HIV,Bacteria.Bacillota.Clostridia.Oscillospirales.Ruminococcaceae.Paludicola,Paludicola,-0.2407282948198703,0.19996315526832964,0.5658152986702799,2.0,12.280288039071882,-0.18484164436933412,0.28502547028349356,0.46843316420504594,ns,True,mixedlm
HIV,Bacteria.Bacillota.Clostridia.Oscillospirales.Ruminococcaceae.Ruminococcus,Ruminococcus,-0.4766615181718768,0.08324745112814597,0.3508285440400437,3.0,0.0,-0.3634253263095,0.3116475299327671,0.49916426404485587,ns,True,mixedlm
HIV,Bacteria.Bacillota.Clostridia.Oscillospirales.Ruminococcaceae.Ruthenibacterium,Ruthenibacterium,0.3561633424770441,0.1781217803783638,0.5509545417145041,3.0,45.788878463241744,0.5474876862033397,0.0038207235220460356,0.024900577436782784,pooling_only,True,mixedlm
HIV,Bacteria.Bacillota.Clostridia.Oscillospirales.Ruminococcaceae.Subdoligranulum,,,,,,,-0.23524418953519802,0.1888056105476268,0.3498456901323673,ns,False,mixedlm
HIV,Bacteria.Bacillota.Clostridia.Oscillospirales.Ruminococcaceae.[Clostridium] methylpentosum group,,,,,,,0.15648162991843156,0.20825607829021375,0.37486094092238476,ns,False,mixedlm
HIV,Bacteria.Bacillota.Clostridia.Oscillospirales.Ruminococcaceae.[Eubacterium] siraeum group,[Eubacterium] siraeum group,-0.9226173506589193,0.0006994897869258618,0.02063494871431292,3.0,0.0,-0.9696262456874727,0.0015632630097594492,0.015550353097080838,replicated,True,mixedlm
HIV,Bacteria.Bacillota.Clostridia.Oscillospirales.UCG-010.Incertae Sedis,Incertae Sedis,-0.694719746070387,0.0252428634146329,0.18616611768291766,3.0,23.936722109260046,-0.814451619030053,0.020120385195488377,0.07642250873268402,ns,True,mixedlm
HIV,Bacteria.Bacillota.Clostridia.Oscillospirales.[Eubacterium] coprostanoligenes group.Incertae Sedis,Incertae Sedis,0.02468729248378539,0.9525807727509569,0.9728153676759603,3.0,67.02442801197702,-0.4630823894022681,0.16917870297637838,0.3296368542529434,ns,False,mixedlm
HIV,Bacteria.Bacillota.Clostridia.Peptococcales.Peptococcaceae.Incertae Sedis,Incertae Sedis,-0.32928894376628404,0.12347453134272027,0.455312334326281,3.0,64.75694170117688,-0.13309668230308155,0.37448545192992566,0.5617281778948885,ns,True,mixedlm
HIV,Bacteria.Bacillota.Clostridia.Peptococcales.Peptococcaceae.Peptococcus,Peptococcus,0.02806439996753334,0.9587543505658105,0.9728153676759603,3.0,83.16012053170013,-0.5240784551602873,0.019797432344667628,0.07642250873268402,ns,False,mixedlm
HIV,Bacteria.Bacillota.Clostridia.Peptostreptococcales-Tissierellales.Anaerovoracaceae.Family XIII AD3011 group,Family XIII AD3011 group,-0.029707112832901353,0.9439199583544561,0.9728153676759603,3.0,76.82791581505522,-0.4697210076998783,0.03500677438008865,0.10686510463902162,ns,True,mixedlm
HIV,Bacteria.Bacillota.Clostridia.Peptostreptococcales-Tissierellales.Anaerovoracaceae.Family XIII UCG-001,Family XIII UCG-001,-0.46510005833965345,0.008527852404205609,0.10814762382173615,3.0,0.0,-0.591201561875141,0.0031700131202041927,0.02341558180080738,pooling_only,True,mixedlm
HIV,Bacteria.Bacillota.Clostridia.Peptostreptococcales-Tissierellales.Anaerovoracaceae.Mogibacterium,Mogibacterium,0.8783912802773494,0.4940395197620667,0.8126027730152566,2.0,92.83640377120032,-0.07683032689656871,0.717289913159527,0.8317042551358932,ns,False,mixedlm
HIV,Bacteria.Bacillota.Clostridia.Peptostreptococcales-Tissierellales.Anaerovoracaceae.NA,Anaerovoracaceae,0.13601070560554507,0.5852340026032988,0.828236495801478,2.0,37.83364195714955,0.12548114173109215,0.452888375070136,0.6293816388842332,ns,True,mixedlm
HIV,Bacteria.Bacillota.Clostridia.Peptostreptococcales-Tissierellales.Anaerovoracaceae.[Eubacterium] brachy group,[Eubacterium] brachy group,0.28227569387336304,0.6287311425897307,0.8507726981297069,2.0,87.94481610081034,0.5926933230035791,0.0002583551217973998,0.007507978436170053,pooling_only,True,mixedlm
HIV,Bacteria.Bacillota.Clostridia.Peptostreptococcales-Tissierellales.Peptostreptococcaceae.Intestinibacter,Intestinibacter,-0.330392723850991,0.38574975454503435,0.743650704702761,3.0,43.78096054467842,-0.023958574075480417,0.9404483361358678,0.9747402742023059,ns,True,mixedlm
HIV,Bacteria.Bacillota.Clostridia.Peptostreptococcales-Tissierellales.Peptostreptococcaceae.Romboutsia,Romboutsia,-1.217540479459677,3.880155708224989e-06,0.0006867875603558231,3.0,0.0,-1.212435842279359,0.00010029072312705783,0.004738736667753483,replicated,True,mixedlm
HIV,Bacteria.Bacillota.Clostridia.Peptostreptococcales-Tissierellales.Peptostreptococcaceae.Terrisporobacter,Terrisporobacter,-0.4440121273010412,0.030769711288407265,0.2094707268480033,3.0,0.0,-0.3500755073168696,0.17737762207310914,0.3420854139981391,ns,True,mixedlm
HIV,Bacteria.Bacillota.Incertae Sedis.DTU014.Incertae Sedis.Incertae Sedis,,,,,,,0.26256084848485217,0.09432308879431728,0.2228382972765746,ns,False,mixedlm
HIV,Bacteria.Bacillota.NA.NA.NA.NA,Bacteria.Bacillota.NA.NA.NA.NA,-0.7313867409080061,0.24579900552679346,0.6167697480388026,2.0,90.35640579150225,0.07522263784197908,0.5288444209473082,0.6941083024933421,ns,False,mixedlm
HIV,Bacteria.Bacillota.Negativicutes.Acidaminococcales.Acidaminococcaceae.Acidaminococcus,Acidaminococcus,1.034355333659338,0.10536728607766267,0.41444465857213986,3.0,75.79000987135215,0.6535283798835994,0.05082197075977167,0.1433634697551768,ns,True,mixedlm
HIV,Bacteria.Bacillota.Negativicutes.Acidaminococcales.Acidaminococcaceae.Phascolarctobacterium,Phascolarctobacterium,-0.05530080565739251,0.8926986453244419,0.9728153676759603,3.0,35.298822246541945,-0.2128143363873301,0.5795230048541471,0.7337245283488637,ns,True,mixedlm
HIV,Bacteria.Bacillota.Negativicutes.Veillonellales-Selenomonadales.Selenomonadaceae.Anaerovibrio,Anaerovibrio,0.421782357078929,0.3677931254751752,0.7397657182852955,3.0,70.13369014205385,0.011538691099885236,0.9661181840176446,0.9839127225500466,ns,True,mixedlm
HIV,Bacteria.Bacillota.Negativicutes.Veillonellales-Selenomonadales.Selenomonadaceae.Mitsuokella,Mitsuokella,0.5985477873423657,0.477274773184736,0.8114641581230227,3.0,88.50206642624585,-0.26023027841810525,0.3906027359254751,0.5767493522649594,ns,False,mixedlm
HIV,Bacteria.Bacillota.Negativicutes.Veillonellales-Selenomonadales.Veillonellaceae.Allisonella,Allisonella,0.3244902360344592,0.6850893123462563,0.8600057325197685,3.0,93.82193530507698,-0.5248517638997126,0.015023574870039013,0.06309901445416385,ns,False,mixedlm
HIV,Bacteria.Bacillota.Negativicutes.Veillonellales-Selenomonadales.Veillonellaceae.Dialister,Dialister,0.7513862510383701,0.5199959232708152,0.8126027730152566,3.0,90.64590509481553,-0.3276107360107053,0.41976099799232913,0.605609378782826,ns,False,mixedlm
HIV,Bacteria.Bacillota.Negativicutes.Veillonellales-Selenomonadales.Veillonellaceae.Megasphaera,Megasphaera,1.376045386540428,0.35018385569631405,0.7316346344121112,3.0,94.63956097728575,-0.1169011643530155,0.7582549952903996,0.8610088848161392,ns,False,mixedlm
HIV,Bacteria.Bacillota.Negativicutes.Veillonellales-Selenomonadales.Veillonellaceae.Veillonella,Veillonella,-0.009214087477214958,0.9679072784973695,0.9734067516706499,3.0,0.0,0.12647909652095307,0.6368293493208024,0.7866715491609911,ns,False,mixedlm
HIV,Bacteria.Bacteroidota.Bacteroidia.Bacteroidales.Bacteroidaceae.Bacteroides,Bacteroides,-0.41606703107879806,0.5895920817569843,0.828236495801478,3.0,88.96071284998477,0.40249428720502267,0.2598366820046386,0.44242462071060085,ns,False,mixedlm
HIV,Bacteria.Bacteroidota.Bacteroidia.Bacteroidales.Barnesiellaceae.Barnesiella,Barnesiella,-1.224216427933279,0.07617619835049043,0.3370796777009201,3.0,81.14334171368284,-0.49113445339608286,0.12859062143415972,0.2670728291324856,ns,True,mixedlm
HIV,Bacteria.Bacteroidota.Bacteroidia.Bacteroidales.Barnesiellaceae.Coprobacter,Coprobacter,-0.41623142438948185,0.3548918388764928,0.7316346344121112,3.0,83.83050530374886,0.035128570316632676,0.8787297586582723,0.9308211871929675,ns,False,mixedlm
HIV,Bacteria.Bacteroidota.Bacteroidia.Bacteroidales.Barnesiellaceae.Incertae Sedis,Incertae Sedis,-0.35337588951415205,0.04708979747776424,0.2525725501080082,2.0,0.0,-0.329083415376225,0.10565189058499354,0.23375293211445639,ns,True,mixedlm
HIV,Bacteria.Bacteroidota.Bacteroidia.Bacteroidales.Incertae Sedis.Incertae Sedis,Incertae Sedis,0.6530382215937262,0.5463273762313052,0.8126027730152566,3.0,95.47990838927218,-0.46218810992601894,0.08434273892843232,0.20178199566422417,ns,False,mixedlm
HIV,Bacteria.Bacteroidota.Bacteroidia.Bacteroidales.Marinifilaceae.Butyricimonas,Butyricimonas,-0.30014924310165325,0.32380339400075164,0.7189786488395766,3.0,24.48452155038336,-0.4741015835547208,0.10723546149467392,0.23375293211445639,ns,True,mixedlm
HIV,Bacteria.Bacteroidota.Bacteroidia.Bacteroidales.Marinifilaceae.Odoribacter,Odoribacter,-0.48679057417990373,0.5460923095662531,0.8126027730152566,3.0,89.84402414923555,0.35988015620776576,0.25187860588225564,0.4327732410158756,ns,False,mixedlm
HIV,Bacteria.Bacteroidota.Bacteroidia.Bacteroidales.Muribaculaceae.Incertae Sedis,Incertae Sedis,-0.1044980319214728,0.8999495154531765,0.9728153676759603,3.0,84.08519440854988,-0.9197679678542603,0.012166633623300522,0.054749851304852354,ns,True,mixedlm
HIV,Bacteria.Bacteroidota.Bacteroidia.Bacteroidales.Prevotellaceae.Incertae Sedis,Incertae Sedis,1.4239825321650492,0.3758988628359683,0.743650704702761,3.0,95.13057755587094,-0.3623683018276569,0.36999488706247274,0.5594322692384588,ns,False,mixedlm
HIV,Bacteria.Bacteroidota.Bacteroidia.Bacteroidales.Prevotellaceae.Leyella,Leyella,1.2265720820819876,0.46782623229775055,0.8114641581230227,3.0,96.0483863269264,-0.567323753604046,0.1230055434407059,0.25836866197340025,ns,False,mixedlm
HIV,Bacteria.Bacteroidota.Bacteroidia.Bacteroidales.Prevotellaceae.Massiliprevotella,Massiliprevotella,-0.05782530006657808,0.9301459158537758,0.9728153676759603,3.0,83.00791751444386,-0.7478793782922274,0.003242060417944852,0.02341558180080738,pooling_only,True,mixedlm
HIV,Bacteria.Bacteroidota.Bacteroidia.Bacteroidales.Prevotellaceae.NA,Prevotellaceae,0.3353598011871957,0.45132141274271764,0.7988389005546103,3.0,79.05422098924899,-0.04125071871710358,0.8274617761645927,0.8987946879029197,ns,False,mixedlm
HIV,Bacteria.Bacteroidota.Bacteroidia.Bacteroidales.Prevotellaceae.Paraprevotella,Paraprevotella,0.5327890244989407,0.5216813027347316,0.8126027730152566,3.0,85.62746053762972,-0.310513758596628,0.36470588768976675,0.5558823610755316,ns,False,mixedlm
HIV,Bacteria.Bacteroidota.Bacteroidia.Bacteroidales.Prevotellaceae.Prevotella,,,,,,,0.21884677507713587,0.05917539832612675,0.16447279828879346,ns,False,mixedlm
HIV,Bacteria.Bacteroidota.Bacteroidia.Bacteroidales.Prevotellaceae.Prevotellaceae NK3B31 group,Prevotellaceae NK3B31 group,0.4506789809549058,0.7167065891429786,0.8809518491549111,3.0,95.2787358648376,-0.8562459287176701,0.0037108426146806334,0.024900577436782784,pooling_only,False,mixedlm
HIV,Bacteria.Bacteroidota.Bacteroidia.Bacteroidales.Prevotellaceae.Prevotellaceae UCG-003,Prevotellaceae UCG-003,0.0896454340634235,0.7922520959146445,0.9412604332207266,3.0,63.9430499771609,-0.25623277358379326,0.3055822138880002,0.49363280704984647,ns,False,mixedlm
HIV,Bacteria.Bacteroidota.Bacteroidia.Bacteroidales.Prevotellaceae.Segatella,Segatella,0.8113076192291424,0.5634903256821522,0.8126027730152566,3.0,92.65530503567285,-0.7606794936810508,0.07756605867688865,0.1928945406569994,ns,False,mixedlm
HIV,Bacteria.Bacteroidota.Bacteroidia.Bacteroidales.Rikenellaceae.Alistipes,Alistipes,-0.8470845822097036,0.4813770429543355,0.8114641581230227,3.0,94.03681913016001,0.4377744959669724,0.22641633266826222,0.3925934575623996,ns,False,mixedlm
HIV,Bacteria.Bacteroidota.Bacteroidia.Bacteroidales.Rikenellaceae.Rikenellaceae RC9 gut group,Rikenellaceae RC9 gut group,0.22032944042392583,0.8477999010594869,0.9589515504292688,3.0,92.47757546043042,-1.0158270646071959,0.004595186897917234,0.027211524690601892,pooling_only,False,mixedlm
HIV,Bacteria.Bacteroidota.Bacteroidia.Bacteroidales.Tannerellaceae.Incertae Sedis,Incertae Sedis,0.09623301136144205,0.6299384557665173,0.8507726981297069,2.0,0.0,0.09960105329071953,0.628072812431542,0.7809589575629042,ns,True,mixedlm
HIV,Bacteria.Bacteroidota.Bacteroidia.Bacteroidales.Tannerellaceae.Parabacteroides,Parabacteroides,-0.5527570238475789,0.27530070415158925,0.6497096617977507,3.0,74.39584621938877,-0.044002061590685426,0.9021901516292545,0.9472996592107173,ns,True,mixedlm
HIV,Bacteria.Campylobacterota.Campylobacteria.Campylobacterales.Campylobacteraceae.Campylobacter,Campylobacter,0.23837280978915723,0.6558915531878544,0.8576032040054947,2.0,50.34591642760766,-0.05775592314979906,0.7744524360780088,0.8610088848161392,ns,False,mixedlm
HIV,Bacteria.Cyanobacteriota.Vampirivibrionia.Gastranaerophilales.Gastranaerophilaceae.CAG-196,,,,,,,-0.07918630706218098,0.6639543460843805,0.8044062269868457,ns,False,mixedlm
HIV,Bacteria.Cyanobacteriota.Vampirivibrionia.Gastranaerophilales.Gastranaerophilaceae.Zag_111,Zag_111,-0.37082793943733294,0.11851160116452711,0.455312334326281,3.0,0.0,-0.45875430613037954,0.09901816859776205,0.2282248032314272,ns,True,mixedlm
HIV,Bacteria.Elusimicrobiota.Elusimicrobia.Elusimicrobiales.Elusimicrobiaceae.Elusimicrobium,Elusimicrobium,-0.029095242586376205,0.9753994579256491,0.9753994579256491,2.0,88.25061097755942,-0.5554120546830805,0.02503478890274761,0.08608273231931607,ns,True,mixedlm
HIV,Bacteria.Fusobacteriota.Fusobacteriia.Fusobacteriales.Fusobacteriaceae.Fusobacterium,Fusobacterium,0.6216954499646211,0.0006863040603208554,0.02063494871431292,3.0,0.0,0.5853695442629769,0.005068136603315299,0.02902660054626035,replicated,True,mixedlm
HIV,Bacteria.NA.NA.NA.NA.NA,Bacteria.NA.NA.NA.NA.NA,-0.36127856659093305,0.35961702369408854,0.7316346344121112,2.0,62.00174055445239,0.047039583269672565,0.7535361620565295,0.8610088848161392,ns,False,mixedlm
HIV,Bacteria.Pseudomonadota.Alphaproteobacteria.Rhodospirillales.Incertae Sedis.Incertae Sedis,Incertae Sedis,-0.6800420870099608,0.2503792509907018,0.6167697480388026,3.0,79.19413359965421,-0.28633156603102006,0.38513435703238397,0.5731527045600044,ns,True,mixedlm
HIV,Bacteria.Pseudomonadota.Alphaproteobacteria.Rickettsiales.Mitochondria.Incertae Sedis,Incertae Sedis,0.16530752111069122,0.3592947437465295,0.7316346344121112,2.0,15.045232957225291,0.21728909531465984,0.1401397944833358,0.2878958821451138,ns,True,mixedlm
HIV,Bacteria.Pseudomonadota.Gammaproteobacteria.Burkholderiales.NA.NA,Burkholderiales,0.30899863832714936,0.03582864487143268,0.2264882193658423,2.0,0.0,,,,ns,False,mixedlm
HIV,Bacteria.Pseudomonadota.Gammaproteobacteria.Burkholderiales.Oxalobacteraceae.Oxalobacter,Oxalobacter,-0.1390038738310839,0.5222441181338936,0.8126027730152566,2.0,0.0,-0.041042280080176394,0.7939941078126982,0.8724702696313952,ns,True,mixedlm
HIV,Bacteria.Pseudomonadota.Gammaproteobacteria.Burkholderiales.Sutterellaceae.Parasutterella,Parasutterella,-0.724941937464611,0.2939451974435684,0.6838142058888197,3.0,89.42390640003812,0.04664816610210654,0.8394424326376537,0.9064348247442372,ns,False,mixedlm
HIV,Bacteria.Pseudomonadota.Gammaproteobacteria.Burkholderiales.Sutterellaceae.Sutterella,Sutterella,-0.05640320976139773,0.8939620721719699,0.9728153676759603,3.0,48.14709880472962,-0.5007594916246791,0.1807409216410586,0.3448622206983405,ns,True,mixedlm
HIV,Bacteria.Pseudomonadota.Gammaproteobacteria.Enterobacterales.Enterobacteriaceae.Escherichia-Shigella,Escherichia-Shigella,0.6147727751610755,0.05091606200851783,0.2553273806331079,3.0,22.54224434021956,0.6167880230321161,0.03483898655778098,0.10686510463902162,ns,True,mixedlm
HIV,Bacteria.Pseudomonadota.Gammaproteobacteria.Enterobacterales.Enterobacteriaceae.Klebsiella,Klebsiella,0.10282261276951186,0.6637945703319366,0.8576032040054947,2.0,0.0,,,,ns,False,mixedlm
HIV,Bacteria.Pseudomonadota.Gammaproteobacteria.Enterobacterales.Pasteurellaceae.Haemophilus,Haemophilus,-0.23417359902178547,0.4428702857864485,0.7988389005546103,3.0,53.98244573122547,-0.4032708807588766,0.0607093827688063,0.16629091801890422,ns,True,mixedlm
HIV,Bacteria.Pseudomonadota.Gammaproteobacteria.Enterobacterales.Succinivibrionaceae.Succinivibrio,Succinivibrio,1.0035762911706205,0.14818817354773323,0.5245861343589756,3.0,75.6029847604711,0.32706697245292465,0.4021818755782538,0.5847105729560768,ns,True,mixedlm
HIV,Bacteria.Pseudomonadota.NA.NA.NA.NA,,,,,,,0.19577057342589343,0.07277758370340733,0.18587788270194575,ns,False,mixedlm
HIV,Bacteria.Thermodesulfobacteriota.Desulfovibrionia.Desulfovibrionales.Desulfovibrionaceae.Bilophila,Bilophila,0.19980708411705245,0.7154859469571122,0.8809518491549111,3.0,80.93531421743516,0.7694980550289855,0.0011150739924384759,0.013688107733997656,pooling_only,True,mixedlm
HIV,Bacteria.Thermodesulfobacteriota.Desulfovibrionia.Desulfovibrionales.Desulfovibrionaceae.Desulfovibrio,Desulfovibrio,0.38204158342300076,0.5011264777034584,0.8126027730152566,3.0,74.69320871968964,-0.08027006672907325,0.7934477125415359,0.8724702696313952,ns,False,mixedlm
HIV,Bacteria.Thermodesulfobacteriota.Desulfovibrionia.Desulfovibrionales.Desulfovibrionaceae.Incertae Sedis,Incertae Sedis,0.3540472370543284,0.3510471794408836,0.7316346344121112,3.0,81.20904953080672,0.2403811596892927,0.2124265365518171,0.37876052271974936,ns,True,mixedlm
HIV,Bacteria.Verrucomicrobiota.Lentisphaeria.Victivallales.Victivallaceae.Victivallis,Victivallis,-0.4083730361883376,0.09552602397704409,0.39321177311480937,2.0,0.0,-0.18928878935772087,0.3372672560035105,0.5269409127932725,ns,True,mixedlm
HIV,Bacteria.Verrucomicrobiota.Lentisphaeria.Victivallales.vadinBE97.Incertae Sedis,Incertae Sedis,-0.3776301859600832,0.2508893890327333,0.6167697480388026,3.0,65.07935910702462,-0.7790329847927303,0.004501684910599397,0.027211524690601892,pooling_only,True,mixedlm
HIV,Bacteria.Verrucomicrobiota.Verrucomicrobiia.Opitutales.Puniceicoccaceae.Incertae Sedis,Incertae Sedis,-0.21248002589881565,0.13809517972630767,0.49883360839911134,2.0,0.0,-0.3174663734005713,0.12303269617780964,0.25836866197340025,ns,True,mixedlm
HIV,Bacteria.Verrucomicrobiota.Verrucomicrobiia.Verrucomicrobiales.Akkermansiaceae.Akkermansia,Akkermansia,-1.0127409692875036,0.20139188596738777,0.5658152986702799,2.0,72.82093228729288,0.0032719508910391965,0.98970352254243,0.98970352254243,ns,False,mixedlm
HIV,NA.NA.NA.NA.NA.NA,,,,,,,0.1919154262002855,0.06612615918142155,0.17602597303223483,ns,False,mixedlm
IBD,Archaea.Methanobacteriota.Methanobacteria.Methanobacteriales.Methanobacteriaceae.Methanobrevibacter,Methanobrevibacter,-0.6820864789995275,0.0001609325235212135,0.0010543854989320885,3.0,0.0,-0.5976116481961978,0.00015302315864962636,0.00046161986192637286,replicated,True,mixedlm
IBD,Bacteria.Actinomycetota.Actinobacteria.Actinomycetales.Actinomycetaceae.Actinomyces,Actinomyces,0.5007718315763016,0.21015133759562676,0.30249056169067484,3.0,88.06147879007892,0.5752839185954877,1.3634088146860613e-05,6.018951108736027e-05,pooling_only,True,mixedlm
IBD,Bacteria.Actinomycetota.Actinobacteria.Actinomycetales.Actinomycetaceae.Schaalia,Schaalia,0.6145359779787782,0.00034743164845575544,0.0020003640365634403,4.0,0.0,0.5967225640004487,0.00042797308066382474,0.0011561660835843624,replicated,True,mixedlm
IBD,Bacteria.Actinomycetota.Actinobacteria.Bifidobacteriales.Bifidobacteriaceae.Bifidobacterium,Bifidobacterium,-0.30283523004999685,0.6220077888219755,0.695185175742208,4.0,78.78873954129291,-0.035860642118034844,0.8962430196123944,0.9164970991516576,ns,True,mixedlm
IBD,Bacteria.Actinomycetota.Actinobacteria.Micrococcales.Micrococcaceae.Rothia,Rothia,0.5712448345663838,0.000226871060931946,0.0014368500525689914,4.0,0.0,0.5708727303185183,0.0002085507870163218,0.0006088337491928104,replicated,True,mixedlm
IBD,Bacteria.Actinomycetota.Actinobacteria.Mycobacteriales.Corynebacteriaceae.Corynebacterium,Corynebacterium,0.5425290004654955,0.0003586867521228632,0.0020044259677454122,3.0,36.44801413442542,0.5942976375575918,5.89875662732729e-07,3.558916498487465e-06,replicated,True,mixedlm
IBD,Bacteria.Actinomycetota.Coriobacteriia.Coriobacteriales.Atopobiaceae.Lancefieldella,Lancefieldella,0.36036330967077435,0.15469046763052544,0.2370257165306438,4.0,78.3452869792521,0.33989645954107,0.0018092775505260147,0.003898562341014389,pooling_only,True,mixedlm
IBD,Bacteria.Actinomycetota.Coriobacteriia.Coriobacteriales.Coriobacteriaceae.Collinsella,Collinsella,-0.49164555018541867,0.07737507009219971,0.13612280849553654,4.0,0.0,-0.5508715817881252,0.061060572771213725,0.08436613489763117,ns,True,mixedlm
IBD,Bacteria.Actinomycetota.Coriobacteriia.Coriobacteriales.Coriobacteriales Incertae Sedis.Incertae Sedis,Incertae Sedis,-0.64039917881467,0.0029382548712828254,0.010533366519693148,3.0,0.0,-0.5373483582323895,0.0012238195418524938,0.002734707865127177,replicated,True,mixedlm
IBD,Bacteria.Actinomycetota.Coriobacteriia.Coriobacteriales.Eggerthellaceae.Adlercreutzia,Adlercreutzia,-0.05544782870152983,0.7516796279263872,0.8023546590225481,3.0,0.0,-0.0459342908783397,0.7283167212506025,0.7673854717725467,ns,True,mixedlm
IBD,Bacteria.Actinomycetota.Coriobacteriia.Coriobacteriales.Eggerthellaceae.Asaccharobacter,Asaccharobacter,-0.056583848068999326,0.8535873205909179,0.8814216897406217,3.0,44.696332509331974,-0.23989952512976376,0.1742459255373986,0.22054903861726677,ns,True,mixedlm
IBD,Bacteria.Actinomycetota.Coriobacteriia.Coriobacteriales.Eggerthellaceae.Eggerthella,Eggerthella,0.5286441836035606,0.020010767214879814,0.04693883667687858,4.0,16.747382436542164,0.5537530209241643,0.008143450271635877,0.013965279230804177,replicated,True,mixedlm
IBD,Bacteria.Actinomycetota.Coriobacteriia.Coriobacteriales.Eggerthellaceae.Gordonibacter,Gordonibacter,0.11583042437487738,0.5012640644198417,0.5952510764985621,3.0,0.0,0.09104466886883578,0.49795335450436495,0.5495704705200614,ns,True,mixedlm
IBD,Bacteria.Actinomycetota.Coriobacteriia.Coriobacteriales.Eggerthellaceae.Incertae Sedis,Incertae Sedis,-0.8495312326376467,0.042237615746635045,0.0835952811652152,3.0,82.35359406209184,-0.8405214116782149,1.1928059144688936e-08,1.199432613993721e-07,pooling_only,True,mixedlm
IBD,Bacteria.Actinomycetota.Coriobacteriia.Coriobacteriales.Eggerthellaceae.Senegalimassilia,Senegalimassilia,-0.8467583409696631,0.00014611895685447484,0.0010136359764930665,3.0,0.0,-0.5834108485028011,0.0007015473081582201,0.0017159467942788897,replicated,True,mixedlm
IBD,Bacteria.Actinomycetota.Coriobacteriia.Coriobacteriales.Eggerthellaceae.Slackia,Slackia,-0.5035889575349004,0.010894933175094807,0.02875051810094463,3.0,0.0,-0.2201478433291455,0.16800143687967506,0.2141426765860647,within_only,True,mixedlm
IBD,Bacteria.Bacillota.Bacilli.Erysipelotrichales.Erysipelatoclostridiaceae.Coprobacillus,Coprobacillus,-0.36731225822431485,0.016973935130185035,0.04243483782546258,2.0,0.0,-0.1745781701460819,0.060796428024506265,0.08436613489763117,within_only,True,mixedlm
IBD,Bacteria.Bacillota.Bacilli.Erysipelotrichales.Erysipelatoclostridiaceae.Erysipelotrichaceae UCG-003,Erysipelotrichaceae UCG-003,-1.0712321317864932,0.02186742554570296,0.05041525457563163,4.0,60.80915398874621,-0.8470001891423238,0.0030617123667017665,0.005958816541645373,pooling_only,True,mixedlm
IBD,Bacteria.Bacillota.Bacilli.Erysipelotrichales.Erysipelatoclostridiaceae.Longibaculum,Longibaculum,0.3148783111050503,0.05303719467286523,0.09879477439063131,4.0,0.0,0.3249772742699225,0.05026178525320141,0.0716329380380272,ns,True,mixedlm
IBD,Bacteria.Bacillota.Bacilli.Erysipelotrichales.Erysipelatoclostridiaceae.Massiliomicrobiota,Massiliomicrobiota,0.32856246501558667,0.12033334671979941,0.1937570837013719,2.0,0.0,0.2324143544037342,0.12468898258680915,0.1635413467261772,ns,True,mixedlm
IBD,Bacteria.Bacillota.Bacilli.Erysipelotrichales.Erysipelatoclostridiaceae.Thomasclavelia,Thomasclavelia,0.6534267082507328,0.006320876241892358,0.01847640747630074,4.0,0.0,0.6634940918030557,0.00605352177104406,0.010848390500583909,replicated,True,mixedlm
IBD,Bacteria.Bacillota.Bacilli.Erysipelotrichales.Erysipelotrichaceae.Amedibacillus,Amedibacillus,0.43105594795677843,0.009884922304372686,0.02645260898353254,2.0,0.0,0.3055849371108425,0.012075295654745157,0.019172179943060294,replicated,True,mixedlm
IBD,Bacteria.Bacillota.Bacilli.Erysipelotrichales.Erysipelotrichaceae.Dielma,Dielma,0.3106437617043298,0.03470211345469966,0.07089679092895629,4.0,31.148643332736526,0.33318165385810866,0.0025623403205062767,0.005153151089018178,pooling_only,True,mixedlm
IBD,Bacteria.Bacillota.Bacilli.Erysipelotrichales.Erysipelotrichaceae.Faecalitalea,Faecalitalea,0.3195300636910876,0.15805511066797995,0.2402437682153295,4.0,15.48067672141957,0.40039722651705334,0.05719737324303667,0.08025367873635378,ns,True,mixedlm
IBD,Bacteria.Bacillota.Bacilli.Erysipelotrichales.Erysipelotrichaceae.Holdemanella,Holdemanella,-0.7676292018706982,0.05068757025944904,0.095352854943518,4.0,64.8812154524702,-0.8686908010368017,6.214656569433903e-05,0.00022055938020932084,pooling_only,True,mixedlm
IBD,Bacteria.Bacillota.Bacilli.Erysipelotrichales.Erysipelotrichaceae.Holdemania,Holdemania,-0.2179098388491717,0.16393462685582672,0.24720300875084983,4.0,0.0,-0.2223864729340798,0.1678592660178151,0.2141426765860647,ns,True,mixedlm
IBD,Bacteria.Bacillota.Bacilli.Erysipelotrichales.Erysipelotrichaceae.Merdibacter,Merdibacter,0.12621427188946305,0.5219506807963914,0.6159666419336296,2.0,43.170017396323225,0.16409537082673947,0.09500702445694056,0.12644317225519297,ns,True,mixedlm
IBD,Bacteria.Bacillota.Bacilli.Erysipelotrichales.Erysipelotrichaceae.Solobacterium,Solobacterium,0.3816726382515932,0.0009173697810405188,0.004251225814578014,4.0,0.0,0.37088661123039124,0.0011656920882278038,0.002637378349615406,replicated,True,mixedlm
IBD,Bacteria.Bacillota.Bacilli.Erysipelotrichales.Erysipelotrichaceae.Turicibacter,Turicibacter,-0.3822671499582439,0.1908163034979956,0.281047268717978,3.0,0.0,-0.26653514548514257,0.23013413004377914,0.2795589096504968,ns,True,mixedlm
IBD,Bacteria.Bacillota.Bacilli.Erysipelotrichales.Erysipelotrichaceae.[Clostridium] innocuum group,[Clostridium] innocuum group,0.8365112991160109,0.003643266061320753,0.012361081279481129,4.0,47.00623082470063,0.9436827052492275,3.5698479164738026e-06,1.8461213510907378e-05,replicated,True,mixedlm
IBD,Bacteria.Bacillota.Bacilli.Lactobacillales.Carnobacteriaceae.Granulicatella,Granulicatella,0.7292900395796884,0.0025718777379149078,0.009755407560302947,4.0,38.26397580227415,0.7226944911289553,3.1550931519880764e-05,0.00012150465117230677,replicated,True,mixedlm
IBD,Bacteria.Bacillota.Bacilli.Lactobacillales.Enterococcaceae.Enterococcus,Enterococcus,1.3045221680507975,6.060217931683646e-05,0.0005233824577363149,3.0,0.0,1.0303378072326999,4.491752622595243e-05,0.00016591984177341613,replicated,True,mixedlm
IBD,Bacteria.Bacillota.Bacilli.Lactobacillales.Lactobacillaceae.Lacticaseibacillus,Lacticaseibacillus,0.6275796282405571,0.04825955186266468,0.09261934195864939,3.0,46.29767783134169,0.5615817471563327,0.0005750109884893194,0.001465873083331927,pooling_only,True,mixedlm
IBD,Bacteria.Bacillota.Bacilli.Lactobacillales.Lactobacillaceae.Lactobacillus,Lactobacillus,0.5057381991022881,0.20347811700233476,0.2951209330568214,4.0,68.11313382598304,0.6765321533962974,0.0033048311595428852,0.006363557871034704,pooling_only,True,mixedlm
IBD,Bacteria.Bacillota.Bacilli.Lactobacillales.Lactobacillaceae.Leuconostoc,Leuconostoc,0.09198978604236388,0.4744653290464309,0.5741937103109673,3.0,0.0,0.13756566061335812,0.1943245119077196,0.24257059762273966,ns,True,mixedlm
IBD,Bacteria.Bacillota.Bacilli.Lactobacillales.Lactobacillaceae.Ligilactobacillus,Ligilactobacillus,0.6692383335190738,0.004261107751321631,0.014203692504405436,2.0,0.0,0.48807767894641085,0.002273664382267118,0.004730267278049981,replicated,True,mixedlm
IBD,Bacteria.Bacillota.Bacilli.Lactobacillales.Lactobacillaceae.Limosilactobacillus,Limosilactobacillus,0.9971395392137243,0.035723348295827996,0.07220676783199276,2.0,25.070144774440173,0.7427214492007903,2.4343396423658972e-05,9.578597288439725e-05,pooling_only,True,mixedlm
IBD,Bacteria.Bacillota.Bacilli.Lactobacillales.Lactobacillaceae.Weissella,Weissella,0.01210896626795823,0.9342169227199607,0.9492043599828478,2.0,0.0,,,,ns,False,mixedlm
IBD,Bacteria.Bacillota.Bacilli.Lactobacillales.Streptococcaceae.Lactococcus,Lactococcus,0.7977452257052687,0.0062902405025479415,0.01847640747630074,3.0,32.848984676885856,0.6885449274231934,7.847862130852139e-05,0.0002582660083062249,replicated,True,mixedlm
IBD,Bacteria.Bacillota.Bacilli.Lactobacillales.Streptococcaceae.Streptococcus,Streptococcus,0.5187420881432846,0.06954414544818435,0.12465460033165121,4.0,56.609192812245155,0.5105226883769477,0.0029527028908763932,0.005868535759733389,pooling_only,True,mixedlm
IBD,Bacteria.Bacillota.Bacilli.RF39.Incertae Sedis.Incertae Sedis,Incertae Sedis,-2.0367364640682206,0.0012473544109174754,0.0055115660017283795,2.0,32.477792761651536,-1.142493617814608,2.562926478770389e-11,6.626995609392006e-10,replicated,True,mixedlm
IBD,Bacteria.Bacillota.Bacilli.Staphylococcales.Gemellaceae.Gemella,Gemella,0.6683669496491602,3.5742117703152005e-05,0.00033955011817994406,4.0,0.0,0.6262384452110256,0.00010138229751591541,0.0003163826870755291,replicated,True,mixedlm
IBD,Bacteria.Bacillota.Bacilli.Staphylococcales.Staphylococcaceae.Staphylococcus,Staphylococcus,0.25392641099892727,0.4281383878682927,0.538717176787918,2.0,0.0,0.30717255845474356,0.006760238604946418,0.011879642597041763,pooling_only,True,mixedlm
IBD,Bacteria.Bacillota.Clostridia.Christensenellales.Christensenellaceae.Christensenella,Christensenella,-0.23353687544626922,0.049516232659705214,0.09408084205343992,3.0,3.1597027457081204,-0.11455717283990396,0.21336892640828153,0.2627195624482922,ns,True,mixedlm
IBD,Bacteria.Bacillota.Clostridia.Christensenellales.Christensenellaceae.Christensenellaceae R-7 group,Christensenellaceae R-7 group,-2.117046218168482,1.0530449106224512e-17,2.000785330182657e-15,4.0,0.0,-2.1613378610323433,9.321903197010819e-18,1.6872644786589583e-15,replicated,True,mixedlm
IBD,Bacteria.Bacillota.Clostridia.Christensenellales.Christensenellaceae.Incertae Sedis,Incertae Sedis,-0.5958675163028245,0.004988490470951316,0.015796886491345835,4.0,50.33285072787701,-0.5986640536326996,8.74645425431473e-05,0.000277738284215959,replicated,True,mixedlm
IBD,Bacteria.Bacillota.Clostridia.Christensenellales.Christensenellaceae.NA,Christensenellaceae,-0.911767407208769,0.39726696129208516,0.512319836153058,2.0,84.96867651616735,-0.2514935974725422,0.03516574912649622,0.052172135999146024,ns,True,mixedlm
IBD,Bacteria.Bacillota.Clostridia.Clostridia UCG-014.Incertae Sedis.Incertae Sedis,Incertae Sedis,-1.7867981312736478,0.0006443330138667207,0.0033087370982345116,4.0,74.04001370121418,-1.5339560878098135,2.616882419258167e-10,3.947130982381069e-09,replicated,True,mixedlm
IBD,Bacteria.Bacillota.Clostridia.Clostridia vadinBB60 group.Incertae Sedis.Incertae Sedis,Incertae Sedis,-0.2163142043331466,0.37149058077022656,0.4867807610092624,3.0,59.83070977410949,-0.1054699265166383,0.31352636863106254,0.37334389948830476,ns,True,mixedlm
IBD,Bacteria.Bacillota.Clostridia.Clostridiales.Clostridiaceae.Clostridium,Clostridium,-0.3117305045648396,0.220617328985786,0.3151676128368372,4.0,0.0,-0.2684888982339364,0.2872553882448762,0.3466215018154839,ns,True,mixedlm
IBD,Bacteria.Bacillota.Clostridia.Eubacteriales.Anaerofustaceae.Anaerofustis,Anaerofustis,0.47185631566469177,0.0005584627553697442,0.0029474423200069834,2.0,0.0,0.3695191350167344,0.00020760938642724893,0.0006088337491928104,replicated,True,mixedlm
IBD,Bacteria.Bacillota.Clostridia.Eubacteriales.Eubacteriaceae.Eubacterium,Eubacterium,0.2644686830701069,0.09913761233689518,0.16969501210819896,3.0,0.0,0.11846800426738167,0.3736770275151552,0.436358335356407,ns,True,mixedlm
IBD,Bacteria.Bacillota.Clostridia.Lachnospirales.Defluviitaleaceae.Defluviitaleaceae UCG-011,Defluviitaleaceae UCG-011,-0.5992437584887861,0.018368134139349544,0.044742890852261706,4.0,78.0781332449596,-0.7333721877472437,8.117185700303561e-09,9.623661036393319e-08,replicated,True,mixedlm
IBD,Bacteria.Bacillota.Clostridia.Lachnospirales.Lachnospiraceae.Agathobacter,Agathobacter,-0.963372698698319,0.00242588619897418,0.009406497506226411,4.0,15.597794412912302,-0.9754459761027837,0.000813531349687672,0.0019374891354403767,replicated,True,mixedlm
IBD,Bacteria.Bacillota.Clostridia.Lachnospirales.Lachnospiraceae.Anaerobutyricum,Anaerobutyricum,-1.2385223402466523,0.0008798856816448908,0.004179456987813231,4.0,49.549242663976095,-1.3115692627774584,5.005282366547344e-07,3.218861199495363e-06,replicated,True,mixedlm
IBD,Bacteria.Bacillota.Clostridia.Lachnospirales.Lachnospiraceae.Anaerostipes,Anaerostipes,-0.4359493130115604,0.03230692533839026,0.06745401993729835,4.0,0.0,-0.4498838176928927,0.029443548654643183,0.044410685887420136,pooling_only,True,mixedlm
IBD,Bacteria.Bacillota.Clostridia.Lachnospirales.Lachnospiraceae.Blautia,Blautia,-0.13082218118554034,0.4173978277088223,0.532252263521317,4.0,0.0,-0.11713433376834163,0.46123548747076826,0.5217726452013066,ns,True,mixedlm
IBD,Bacteria.Bacillota.Clostridia.Lachnospirales.Lachnospiraceae.Butyribacter,Butyribacter,-0.9755220012886725,5.444995452624395e-11,2.0690982719972704e-09,4.0,0.0,-0.968584512922814,1.1034893108546675e-10,1.8157415024063166e-09,replicated,True,mixedlm
IBD,Bacteria.Bacillota.Clostridia.Lachnospirales.Lachnospiraceae.CAG-56,CAG-56,-0.8136536509782838,0.00024181945976449527,0.0014821192695243259,4.0,0.0,-0.7623710882280762,0.0006179477411694307,0.0015321717965981775,replicated,True,mixedlm
IBD,Bacteria.Bacillota.Clostridia.Lachnospirales.Lachnospiraceae.Catenibacillus,Catenibacillus,0.18581599311911362,0.2936785602451861,0.4072914339166815,2.0,0.0,0.13680579175712346,0.2965297572348833,0.3554429540365157,ns,True,mixedlm
IBD,Bacteria.Bacillota.Clostridia.Lachnospirales.Lachnospiraceae.Coprococcus,Coprococcus,-1.3890267826248037,0.0044420007737418785,0.014551381845016498,4.0,68.13168141610709,-1.5823008498431061,8.50710367857973e-09,9.623661036393319e-08,replicated,True,mixedlm
IBD,Bacteria.Bacillota.Clostridia.Lachnospirales.Lachnospiraceae.Dorea,Dorea,-0.9023974576098618,0.03121372937691064,0.06745401993729835,4.0,56.56572746750539,-1.09875277063208,6.622198051231339e-05,0.00023050343216786008,pooling_only,True,mixedlm
IBD,Bacteria.Bacillota.Clostridia.Lachnospirales.Lachnospiraceae.Eisenbergiella,Eisenbergiella,0.17096983387114395,0.5577920976402392,0.6462225521441796,4.0,31.8395131960008,0.11926183764758717,0.589942350557177,0.6393985955140662,ns,True,mixedlm
IBD,Bacteria.Bacillota.Clostridia.Lachnospirales.Lachnospiraceae.Enterocloster,Enterocloster,0.4374238958602563,0.045741005559925836,0.08959578408645266,4.0,0.0,0.45693289412434657,0.04146965663223011,0.06006019941453694,ns,True,mixedlm
IBD,Bacteria.Bacillota.Clostridia.Lachnospirales.Lachnospiraceae.Extibacter,Extibacter,0.6814922530978308,0.1108106049189203,0.17994884559482782,4.0,62.42182701872087,0.6566440730800531,0.00856188894527431,0.01448319531864159,pooling_only,True,mixedlm
IBD,Bacteria.Bacillota.Clostridia.Lachnospirales.Lachnospiraceae.Faecalicatena,Faecalicatena,0.33047397788989197,0.03138582039439388,0.06745401993729835,4.0,0.0,0.2855496555278251,0.06430248701931453,0.08750939962778895,ns,True,mixedlm
IBD,Bacteria.Bacillota.Clostridia.Lachnospirales.Lachnospiraceae.Faecalimonas,Faecalimonas,0.40032062122715834,0.10497270396751858,0.1778085901174956,4.0,0.0,0.44769988761253104,0.07817504769257581,0.10559465397280762,ns,True,mixedlm
IBD,Bacteria.Bacillota.Clostridia.Lachnospirales.Lachnospiraceae.Frisingicoccus,Frisingicoccus,0.171489799907217,0.4900365721899983,0.5855782938119476,4.0,50.37769713126876,0.08511025629151427,0.6062253666611428,0.649270954826431,ns,True,mixedlm
IBD,Bacteria.Bacillota.Clostridia.Lachnospirales.Lachnospiraceae.Fusicatenibacter,Fusicatenibacter,-1.2702984529359624,9.778213401574286e-07,1.4948178486282508e-05,4.0,0.0,-1.3480804626082343,2.0648458455562545e-06,1.1679284313927564e-05,replicated,True,mixedlm
IBD,Bacteria.Bacillota.Clostridia.Lachnospirales.Lachnospiraceae.GCA-900066575,GCA-900066575,-0.5683116226155074,0.15016307759524936,0.2319592255536372,4.0,79.26637289396756,-0.5421823921463337,0.0012817114315555314,0.002829143525750624,pooling_only,True,mixedlm
IBD,Bacteria.Bacillota.Clostridia.Lachnospirales.Lachnospiraceae.GCA-900066755,GCA-900066755,0.02487300745426388,0.8321978409709094,0.8640305452703432,3.0,18.473753305082496,0.06954453093306899,0.39601504271158317,0.45655237408150673,ns,True,mixedlm
IBD,Bacteria.Bacillota.Clostridia.Lachnospirales.Lachnospiraceae.Hungatella,Hungatella,0.4066833178268319,0.3420090467243122,0.46086325445120085,4.0,73.74336471240214,0.4082885581714111,0.036421781275135054,0.05359627976259711,ns,True,mixedlm
IBD,Bacteria.Bacillota.Clostridia.Lachnospirales.Lachnospiraceae.Lachnoclostridium,Lachnoclostridium,-0.19790428056174889,0.3626673886550519,0.4785194711420823,4.0,0.0,-0.20661690016754206,0.3453685479568912,0.4085732495437733,ns,True,mixedlm
IBD,Bacteria.Bacillota.Clostridia.Lachnospirales.Lachnospiraceae.Lachnospira,Lachnospira,-0.7857446533090041,0.0016177294964653827,0.0068304134295205056,4.0,3.1730000456440117,-0.7383587964073849,0.0020981085239089514,0.004415786544506048,replicated,True,mixedlm
IBD,Bacteria.Bacillota.Clostridia.Lachnospirales.Lachnospiraceae.Lachnospiraceae FCS020 group,Lachnospiraceae FCS020 group,-1.0171544307315323,0.0032105933611985622,0.011296532196809756,4.0,67.54071564869531,-1.0703777219436976,9.978762065455412e-09,1.0624446669690762e-07,replicated,True,mixedlm
IBD,Bacteria.Bacillota.Clostridia.Lachnospirales.Lachnospiraceae.Lachnospiraceae ND3007 group,Lachnospiraceae ND3007 group,-1.3544148798868618,0.00033912534280044056,0.0020003640365634403,4.0,68.9349678735266,-1.5189350510991106,1.2186056072396964e-12,7.352253830346169e-11,replicated,True,mixedlm
IBD,Bacteria.Bacillota.Clostridia.Lachnospirales.Lachnospiraceae.Lachnospiraceae NK4A136 group,Lachnospiraceae NK4A136 group,-1.225354454215111,0.009877990439449525,0.02645260898353254,4.0,76.8182517999569,-1.1875058075456146,1.6291294325499067e-07,1.2286351137147213e-06,replicated,True,mixedlm
IBD,Bacteria.Bacillota.Clostridia.Lachnospirales.Lachnospiraceae.Lachnospiraceae UCG-004,Lachnospiraceae UCG-004,0.06596821653784185,0.7659095388967555,0.8120650706882283,4.0,0.0,-0.015490351520309921,0.9444164577884419,0.9521346542583554,ns,False,mixedlm
IBD,Bacteria.Bacillota.Clostridia.Lachnospirales.Lachnospiraceae.Lachnospiraceae UCG-010,Lachnospiraceae UCG-010,-0.0038364690815468638,0.9859358281035036,0.9859358281035036,4.0,0.0,0.01453594062937191,0.9468742418038893,0.9521346542583554,ns,False,mixedlm
IBD,Bacteria.Bacillota.Clostridia.Lachnospirales.Lachnospiraceae.Lactonifactor,Lactonifactor,0.34451155993870297,0.036733897456743575,0.07346779491348715,3.0,0.0,0.33508761180020163,0.00955156253064318,0.015860851541710234,pooling_only,True,mixedlm
IBD,Bacteria.Bacillota.Clostridia.Lachnospirales.Lachnospiraceae.Marvinbryantia,Marvinbryantia,-1.033899689327006,0.0052852581860260515,0.015939667545157934,4.0,76.05425325026562,-1.1539000688762875,3.812253240259538e-09,5.3078295114382805e-08,replicated,True,mixedlm
IBD,Bacteria.Bacillota.Clostridia.Lachnospirales.Lachnospiraceae.Mediterraneibacter,Mediterraneibacter,-0.5529993850378571,0.0730913656765146,0.12978840634147454,4.0,42.257416684883395,-0.6550343316011202,0.004315689954549634,0.008052988471891585,pooling_only,True,mixedlm
IBD,Bacteria.Bacillota.Clostridia.Lachnospirales.Lachnospiraceae.NA,Lachnospiraceae,-0.7279972374144552,0.0010216314429576984,0.004621666051475302,4.0,25.855180560361408,-0.6521000782006079,0.000527535313607527,0.0013838245183038025,replicated,True,mixedlm
IBD,Bacteria.Bacillota.Clostridia.Lachnospirales.Lachnospiraceae.Oribacterium,Oribacterium,-0.029288142660311555,0.8732550964233948,0.892034775916371,2.0,0.0,,,,ns,False,mixedlm
IBD,Bacteria.Bacillota.Clostridia.Lachnospirales.Lachnospiraceae.Roseburia,Roseburia,-0.8707620015566385,0.0003888669348417487,0.0021109919319980642,4.0,0.0,-0.869110501186922,0.0006086726900692761,0.0015301355125352638,replicated,True,mixedlm
IBD,Bacteria.Bacillota.Clostridia.Lachnospirales.Lachnospiraceae.Sellimonas,Sellimonas,0.4375160579680048,0.22821743528639382,0.3211949089215913,4.0,55.99618184431011,0.503234548963402,0.03372853280197159,0.050453425100469906,ns,True,mixedlm
IBD,Bacteria.Bacillota.Clostridia.Lachnospirales.Lachnospiraceae.Shuttleworthia,Shuttleworthia,0.0765688888740885,0.6754427308760511,0.7418157159910388,3.0,0.0,0.07362671235138213,0.6005196255193828,0.6469884060655255,ns,True,mixedlm
IBD,Bacteria.Bacillota.Clostridia.Lachnospirales.Lachnospiraceae.Tyzzerella,Tyzzerella,0.1471065725322523,0.4828098281822425,0.5805940971811777,2.0,0.0,0.18335706448503172,0.22236917588450944,0.2719514921290284,ns,True,mixedlm
IBD,Bacteria.Bacillota.Clostridia.Lachnospirales.Lachnospiraceae.UC5-1-2E3,UC5-1-2E3,-0.18322725159471132,0.6178361966379977,0.6946087417823643,2.0,72.42428622024539,,,,ns,False,mixedlm
IBD,Bacteria.Bacillota.Clostridia.Lachnospirales.Lachnospiraceae.[Eubacterium] eligens group,[Eubacterium] eligens group,-1.3270419118467098,0.00014920838564898604,0.0010136359764930665,4.0,49.9041580410235,-1.175922137096037,5.15729142460583e-07,3.218861199495363e-06,replicated,True,mixedlm
IBD,Bacteria.Bacillota.Clostridia.Lachnospirales.Lachnospiraceae.[Eubacterium] ruminantium group,[Eubacterium] ruminantium group,-1.7560371853574628,5.208815363375956e-07,9.896749190414316e-06,2.0,0.0,-0.6125208287889607,3.345740865293624e-05,0.00012616231179544708,replicated,True,mixedlm
IBD,Bacteria.Bacillota.Clostridia.Lachnospirales.Lachnospiraceae.[Eubacterium] ventriosum group,[Eubacterium] ventriosum group,-0.9527013658681667,0.005095064300246627,0.01586987241060425,4.0,56.13740270085573,-0.8316120733306632,8.585592384906982e-05,0.0002774986110121721,replicated,True,mixedlm
IBD,Bacteria.Bacillota.Clostridia.Lachnospirales.Lachnospiraceae.[Eubacterium] xylanophilum group,[Eubacterium] xylanophilum group,-0.7588330898092435,4.516026400670138e-05,0.00040859286482253633,4.0,0.0,-0.7812244099467028,2.394752094505698e-05,9.578597288439725e-05,replicated,True,mixedlm
IBD,Bacteria.Bacillota.Clostridia.Lachnospirales.Lachnospiraceae.[Ruminococcus] gauvreauii group,[Ruminococcus] gauvreauii group,-0.6243669288334663,0.1088995371271199,0.17944711121050044,4.0,56.53079030616326,-0.7115030176383101,0.007202020769701738,0.012534286147269372,pooling_only,True,mixedlm
IBD,Bacteria.Bacillota.Clostridia.Lachnospirales.Lachnospiraceae.[Ruminococcus] gnavus group,[Ruminococcus] gnavus group,1.2326052270143857,0.060487487241969076,0.1094535483426107,4.0,75.59873945187974,1.3726752798900674,7.926823847440725e-06,3.586887790966929e-05,pooling_only,True,mixedlm
IBD,Bacteria.Bacillota.Clostridia.Monoglobales.Monoglobaceae.Monoglobus,Monoglobus,-0.8673241922090309,7.830979570242661e-05,0.0006469070079765676,4.0,0.0,-0.9181658998840693,0.00011070940822369291,0.00033963394726251554,replicated,True,mixedlm
IBD,Bacteria.Bacillota.Clostridia.NA.NA.NA,Clostridia,-0.7184885527877499,1.4895428115469576e-05,0.00016647831423171878,4.0,8.060331793405455,-0.8156159981914939,3.038242148915917e-07,2.0367475146436333e-06,replicated,True,mixedlm
IBD,Bacteria.Bacillota.Clostridia.Oscillospirales.Butyricicoccaceae.Agathobaculum,Agathobaculum,-0.8816296252417487,0.009723363685246364,0.02645260898353254,4.0,51.95422301768073,-0.750557022319759,0.00048439230050045015,0.001289338329273257,replicated,True,mixedlm
IBD,Bacteria.Bacillota.Clostridia.Oscillospirales.Butyricicoccaceae.UCG-009,UCG-009,-0.06920680707082945,0.7950731735140566,0.8300214448773119,3.0,68.2553089931379,-0.16889512565743733,0.14022615854138865,0.18129239068565245,ns,True,mixedlm
IBD,Bacteria.Bacillota.Clostridia.Oscillospirales.Ethanoligenenaceae.Acetanaerobacterium,Acetanaerobacterium,0.22240934984867036,0.10574931938566844,0.1778085901174956,2.0,0.0,0.19917314615084983,0.014465079261924663,0.02276677692529012,pooling_only,True,mixedlm
IBD,Bacteria.Bacillota.Clostridia.Oscillospirales.NA.NA,Oscillospirales,-0.4246382364394702,0.30891662777472595,0.4253199947623038,3.0,74.0801886592234,-0.416280305157996,0.0008383842063082995,0.0019602243854634177,pooling_only,True,mixedlm
IBD,Bacteria.Bacillota.Clostridia.Oscillospirales.Oscillospiraceae.Colidextribacter,Colidextribacter,-0.14979031307329257,0.46162863425010636,0.5622400032533347,4.0,0.0,-0.16329267605564393,0.4163044012493059,0.4739062680888325,ns,True,mixedlm
IBD,Bacteria.Bacillota.Clostridia.Oscillospirales.Oscillospiraceae.Flavonifractor,Flavonifractor,0.8674252552896585,0.02687025639081201,0.06077796088397955,4.0,68.14933197063925,0.8187451695000666,4.7629546153997964e-05,0.00017241895707747261,pooling_only,True,mixedlm
IBD,Bacteria.Bacillota.Clostridia.Oscillospirales.Oscillospiraceae.Incertae Sedis,Incertae Sedis,-0.9968440309555389,6.89253818957943e-06,8.730548373467278e-05,4.0,0.0,-1.008722014952493,5.7325594351227295e-06,2.7305085730453004e-05,replicated,True,mixedlm
IBD,Bacteria.Bacillota.Clostridia.Oscillospirales.Oscillospiraceae.Intestinimonas,Intestinimonas,-0.6107499511355036,0.004755434493235368,0.015314111079910505,4.0,0.0,-0.615615295073925,0.004181126963747008,0.007883166462898005,replicated,True,mixedlm
IBD,Bacteria.Bacillota.Clostridia.Oscillospirales.Oscillospiraceae.NA,Oscillospiraceae,-0.0675249407330551,0.5526595561572172,0.6442043906127072,4.0,0.0,-0.0871743953896721,0.4814944462395654,0.5383315665262498,ns,True,mixedlm
IBD,Bacteria.Bacillota.Clostridia.Oscillospirales.Oscillospiraceae.NK4A214 group,NK4A214 group,-1.5274722140216108,1.8922474303739594e-05,0.00018922474303739592,4.0,56.99048803591569,-1.4237654037061829,8.89359936260481e-11,1.6097414846314707e-09,replicated,True,mixedlm
IBD,Bacteria.Bacillota.Clostridia.Oscillospirales.Oscillospiraceae.Oscillibacter,Oscillibacter,-0.32209614720348556,0.09555862458078546,0.16505580609408396,4.0,0.0,-0.35249782962400095,0.06304278218326202,0.08644502708462444,ns,True,mixedlm
IBD,Bacteria.Bacillota.Clostridia.Oscillospirales.Oscillospiraceae.Oscillospira,Oscillospira,0.32913110566337433,0.019038278882776375,0.04536852792541905,4.0,0.0,0.3250593564682459,0.026581296769313444,0.040430375758367505,replicated,True,mixedlm
IBD,Bacteria.Bacillota.Clostridia.Oscillospirales.Oscillospiraceae.UCG-002,UCG-002,-1.8974024793852655,4.2680910500603834e-12,2.7031243317049094e-10,4.0,5.819521265058605,-1.889081669912361,2.300563485200343e-13,2.0820099541063105e-11,replicated,True,mixedlm
IBD,Bacteria.Bacillota.Clostridia.Oscillospirales.Oscillospiraceae.UCG-003,UCG-003,-0.9375872019973138,1.0758110224594936e-07,2.555051178341297e-06,4.0,0.0,-0.8614913034090378,1.9225290740358685e-06,1.1225089109693296e-05,replicated,True,mixedlm
IBD,Bacteria.Bacillota.Clostridia.Oscillospirales.Oscillospiraceae.UCG-005,UCG-005,-1.6084160072589206,1.2752001528969595e-12,1.2114401452521116e-10,4.0,0.0,-1.5665614741050018,1.8315752503811197e-12,8.287878007974567e-11,replicated,True,mixedlm
IBD,Bacteria.Bacillota.Clostridia.Oscillospirales.Ruminococcaceae.Acutalibacter,Acutalibacter,-0.51725653200246,0.0036140690260771297,0.012361081279481129,4.0,0.0,-0.540222005133419,0.0024667862925898247,0.0050167226849298675,replicated,True,mixedlm
IBD,Bacteria.Bacillota.Clostridia.Oscillospirales.Ruminococcaceae.Anaerofilum,Anaerofilum,-0.1646527021953319,0.42744188197514266,0.538717176787918,3.0,54.44735783794952,-0.21446746131507757,0.022407471635339158,0.03466455013672126,pooling_only,True,mixedlm
IBD,Bacteria.Bacillota.Clostridia.Oscillospirales.Ruminococcaceae.Anaerotruncus,Anaerotruncus,0.08029821218764706,0.6826372284847169,0.7454084678856104,4.0,47.58557953672334,0.01465010844778177,0.9087805111785588,0.9240970366478604,ns,True,mixedlm
IBD,Bacteria.Bacillota.Clostridia.Oscillospirales.Ruminococcaceae.Angelakisella,Angelakisella,-0.5056998807340181,0.10955718368641079,0.17944711121050044,3.0,70.44511392339692,-0.3438363364270621,0.0023740604317264943,0.004883010660710176,pooling_only,True,mixedlm
IBD,Bacteria.Bacillota.Clostridia.Oscillospirales.Ruminococcaceae.CAG-352,CAG-352,-0.41909792641935545,0.23470554632201202,0.327897454420458,3.0,53.825340272029685,-0.39909779202911544,0.025662709273906275,0.039363986259127424,pooling_only,True,mixedlm
IBD,Bacteria.Bacillota.Clostridia.Oscillospirales.Ruminococcaceae.Candidatus Soleaferrea,Candidatus Soleaferrea,0.04137678654811848,0.7302695722974317,0.7903677349986339,4.0,0.0,0.022694417921849865,0.8528379188753237,0.8871474903243309,ns,True,mixedlm
IBD,Bacteria.Bacillota.Clostridia.Oscillospirales.Ruminococcaceae.DTU089,DTU089,0.04772843638278702,0.7321301124197872,0.7903677349986339,4.0,0.0,0.059467354064467265,0.7292281831208731,0.7673854717725467,ns,True,mixedlm
IBD,Bacteria.Bacillota.Clostridia.Oscillospirales.Ruminococcaceae.Faecalibacterium,Faecalibacterium,-0.9530040026206256,0.03144554884123184,0.06745401993729835,4.0,64.37674960649021,-1.155836391618795,7.017698168507774e-05,0.00023522284601850129,pooling_only,True,mixedlm
IBD,Bacteria.Bacillota.Clostridia.Oscillospirales.Ruminococcaceae.Fournierella,Fournierella,-0.24479284821448416,0.4497696838779842,0.5549106489403701,4.0,76.35614883696223,-0.12618822873229518,0.38286787159426094,0.4442249022984694,ns,True,mixedlm
IBD,Bacteria.Bacillota.Clostridia.Oscillospirales.Ruminococcaceae.Gemmiger,Gemmiger,-2.291040683008908,1.8637014068442176e-05,0.00018922474303739592,4.0,67.57025324267089,-2.0783849849215184,4.557556932609582e-12,1.6498356096046688e-10,replicated,True,mixedlm
IBD,Bacteria.Bacillota.Clostridia.Oscillospirales.Ruminococcaceae.Hydrogenoanaerobacterium,Hydrogenoanaerobacterium,0.29683152803047824,0.10706004187893572,0.17843340313155956,3.0,38.32991298231946,0.2431888276835414,0.010690177558228948,0.017123204761410972,pooling_only,True,mixedlm
IBD,Bacteria.Bacillota.Clostridia.Oscillospirales.Ruminococcaceae.Incertae Sedis,Incertae Sedis,-0.9864874713828552,9.41789590057002e-08,2.555051178341297e-06,4.0,0.0,-0.9801568806555242,2.845165583029449e-07,1.980672963570501e-06,replicated,True,mixedlm
IBD,Bacteria.Bacillota.Clostridia.Oscillospirales.Ruminococcaceae.NA,Ruminococcaceae,-1.094539690087927,0.059389252133662127,0.10849959524419042,4.0,80.67254584699764,-1.0436863076001464,2.12134744677764e-05,8.726451996971656e-05,pooling_only,True,mixedlm
IBD,Bacteria.Bacillota.Clostridia.Oscillospirales.Ruminococcaceae.Negativibacillus,Negativibacillus,0.3781284901170907,0.20054748439343306,0.2931078618057868,4.0,50.90084274142011,0.28975986008196425,0.13712580254418896,0.17855949827696546,ns,True,mixedlm
IBD,Bacteria.Bacillota.Clostridia.Oscillospirales.Ruminococcaceae.Paludicola,Paludicola,-0.35012857007213943,0.35056430023149454,0.46844020531976127,3.0,77.37301182195637,-0.49090564317174096,6.990688694533004e-05,0.00023522284601850129,pooling_only,True,mixedlm
IBD,Bacteria.Bacillota.Clostridia.Oscillospirales.Ruminococcaceae.Phocea,Phocea,0.0932108928130474,0.3989780649756891,0.512319836153058,3.0,0.0,0.11812211957494077,0.1981982123510233,0.2457114824351727,ns,True,mixedlm
IBD,Bacteria.Bacillota.Clostridia.Oscillospirales.Ruminococcaceae.Ruminococcus,Ruminococcus,-1.806494346048651,4.529502516874965e-11,2.0690982719972704e-09,4.0,0.0,-1.8837649462885715,7.966429573751452e-11,1.60213750316557e-09,replicated,True,mixedlm
IBD,Bacteria.Bacillota.Clostridia.Oscillospirales.Ruminococcaceae.Ruthenibacterium,Ruthenibacterium,-0.5604656421281754,0.00833618753631378,0.023639934804471914,4.0,1.546434594516643,-0.5596201098638107,0.008178561317487528,0.013965279230804177,replicated,True,mixedlm
IBD,Bacteria.Bacillota.Clostridia.Oscillospirales.Ruminococcaceae.Subdoligranulum,Subdoligranulum,0.01866993411560218,0.9574889267625188,0.9625550057400983,3.0,56.73082391742882,-0.026996991765584677,0.8688521204195017,0.8948369155940342,ns,False,mixedlm
IBD,Bacteria.Bacillota.Clostridia.Oscillospirales.Ruminococcaceae.[Clostridium] methylpentosum group,[Clostridium] methylpentosum group,0.7313019258926678,2.7533119474660674e-06,3.7366376429896634e-05,3.0,0.0,0.5722119629871304,2.8608430217548803e-06,1.5229781968753922e-05,replicated,True,mixedlm
IBD,Bacteria.Bacillota.Clostridia.Oscillospirales.Ruminococcaceae.[Eubacterium] siraeum group,[Eubacterium] siraeum group,-0.9577663903192841,0.001451482723102932,0.006267766304308115,4.0,46.1060909743971,-1.0209090780765722,2.286934807058724e-07,1.6557408003105162e-06,replicated,True,mixedlm
IBD,Bacteria.Bacillota.Clostridia.Oscillospirales.UCG-010.Incertae Sedis,Incertae Sedis,-0.6598462540741624,0.01559105723701636,0.040031092905852814,4.0,69.72856142211174,-0.7299665383545357,4.5916494816355946e-08,3.957564553219251e-07,replicated,True,mixedlm
IBD,Bacteria.Bacillota.Clostridia.Oscillospirales.[Eubacterium] coprostanoligenes group.Incertae Sedis,Incertae Sedis,-1.442834231629352,4.870604269373276e-07,9.896749190414316e-06,4.0,14.246204313344176,-1.4994848292943528,3.449872763977191e-08,3.1221348513993583e-07,replicated,True,mixedlm
IBD,Bacteria.Bacillota.Clostridia.Peptococcales.Peptococcaceae.Incertae Sedis,Incertae Sedis,-0.2626684782484579,0.016256306577128597,0.04118264332872578,4.0,0.0,-0.2946854374576672,0.010458189611154276,0.016920231871513,replicated,True,mixedlm
IBD,Bacteria.Bacillota.Clostridia.Peptococcales.Peptococcaceae.Peptococcus,Peptococcus,-0.12895549847158302,0.31423168110244426,0.4295253194925497,4.0,0.0,-0.1194143149891483,0.36888629185637467,0.43356116120781696,ns,True,mixedlm
IBD,Bacteria.Bacillota.Clostridia.Peptostreptococcales-Tissierellales.Anaerovoracaceae.Family XIII AD3011 group,Family XIII AD3011 group,-1.028556385870274,0.019102538073860652,0.04536852792541905,4.0,79.21417671736305,-1.2260826376849052,5.978447278063597e-11,1.3526236966618888e-09,replicated,True,mixedlm
IBD,Bacteria.Bacillota.Clostridia.Peptostreptococcales-Tissierellales.Anaerovoracaceae.Family XIII UCG-001,Family XIII UCG-001,-0.4370186149972628,0.12364474862756773,0.1957708519936489,4.0,75.81556732896486,-0.5922962897134901,6.4270103642185095e-06,2.9827919895475647e-05,pooling_only,True,mixedlm
IBD,Bacteria.Bacillota.Clostridia.Peptostreptococcales-Tissierellales.Anaerovoracaceae.Incertae Sedis,Incertae Sedis,-0.2412809008107455,0.14082692027715696,0.21932061354639198,2.0,0.0,,,,ns,False,mixedlm
IBD,Bacteria.Bacillota.Clostridia.Peptostreptococcales-Tissierellales.Anaerovoracaceae.Mogibacterium,Mogibacterium,0.15592565298919128,0.4476624507830754,0.5549106489403701,3.0,39.067314609530065,0.10438610714380471,0.4157989315755084,0.4739062680888325,ns,True,mixedlm
IBD,Bacteria.Bacillota.Clostridia.Peptostreptococcales-Tissierellales.Anaerovoracaceae.NA,Anaerovoracaceae,-0.02647234172282142,0.859165541175433,0.8823862314774716,2.0,0.0,0.0009793138193099238,0.9927894560696198,0.9927894560696198,ns,False,mixedlm
IBD,Bacteria.Bacillota.Clostridia.Peptostreptococcales-Tissierellales.Anaerovoracaceae.[Eubacterium] brachy group,[Eubacterium] brachy group,0.08783832463626476,0.745908016360054,0.8006922209514704,3.0,68.55001585261584,-0.04498833647824092,0.7669662853332261,0.8024329343659764,ns,False,mixedlm
IBD,Bacteria.Bacillota.Clostridia.Peptostreptococcales-Tissierellales.Family XI.Anaerococcus,Anaerococcus,0.8346821363666633,1.0851068712242895e-09,3.4361717588769167e-08,3.0,0.0,0.776784695319091,9.01533649377057e-12,2.719626508954122e-10,replicated,True,mixedlm
IBD,Bacteria.Bacillota.Clostridia.Peptostreptococcales-Tissierellales.Family XI.Finegoldia,,,,,,,0.5152939708692776,7.909188450833569e-08,6.224187433047287e-07,pooling_only,False,mixedlm
IBD,Bacteria.Bacillota.Clostridia.Peptostreptococcales-Tissierellales.Family XI.Parvimonas,Parvimonas,0.14336851594412967,0.5788607867099755,0.6625515028608153,3.0,55.139001159166455,0.2150163023612233,0.08096441755338836,0.10855229316417254,ns,True,mixedlm
IBD,Bacteria.Bacillota.Clostridia.Peptostreptococcales-Tissierellales.Family XI.Peptoniphilus,Peptoniphilus,0.5781992388972717,0.002751182891034803,0.010052399024934856,4.0,55.330661090401314,0.7074993049435288,7.542042849033718e-09,9.623661036393319e-08,replicated,True,mixedlm
IBD,Bacteria.Bacillota.Clostridia.Peptostreptococcales-Tissierellales.Peptostreptococcaceae.Intestinibacter,Intestinibacter,0.2182007841030344,0.6085086816556651,0.6881943423486688,4.0,59.08642633190888,0.40515398057517726,0.11398930198372147,0.15059900481061012,ns,True,mixedlm
IBD,Bacteria.Bacillota.Clostridia.Peptostreptococcales-Tissierellales.Peptostreptococcaceae.Peptostreptococcus,Peptostreptococcus,0.7098518887949385,8.009315560202883e-07,1.3834272331259524e-05,3.0,0.0,0.6972422520574766,2.0708756113887436e-08,1.9727815034808559e-07,replicated,True,mixedlm
IBD,Bacteria.Bacillota.Clostridia.Peptostreptococcales-Tissierellales.Peptostreptococcaceae.Romboutsia,Romboutsia,-0.7560470333398378,9.018491561350583e-05,0.0007139639152735878,4.0,0.0,-0.8788652563407854,0.0005639702442511601,0.0014582659172779997,replicated,True,mixedlm
IBD,Bacteria.Bacillota.Clostridia.Peptostreptococcales-Tissierellales.Peptostreptococcaceae.Terrisporobacter,Terrisporobacter,0.23705485640846782,0.3525628913722414,0.46844020531976127,3.0,0.0,0.2694358660406206,0.18440904345278541,0.2317919226732928,ns,True,mixedlm
IBD,Bacteria.Bacillota.NA.NA.NA.NA,Bacteria.Bacillota.NA.NA.NA.NA,-0.308524672139245,0.011782827822574404,0.0306676340587553,4.0,23.60684056079018,-0.3242084363722799,0.002982902154118629,0.005868535759733389,replicated,True,mixedlm
IBD,Bacteria.Bacillota.Negativicutes.Acidaminococcales.Acidaminococcaceae.Acidaminococcus,Acidaminococcus,0.4670684121539344,0.018331155543308726,0.044742890852261706,4.0,0.0,0.5693921870297809,0.0053331163598896395,0.009652940611400247,replicated,True,mixedlm
IBD,Bacteria.Bacillota.Negativicutes.Acidaminococcales.Acidaminococcaceae.Phascolarctobacterium,Phascolarctobacterium,-0.8067784811294157,0.032219205666948206,0.06745401993729835,4.0,50.71831415599723,-0.7053622553243691,0.0018898000879917973,0.004024162540311945,pooling_only,True,mixedlm
IBD,Bacteria.Bacillota.Negativicutes.Veillonellales-Selenomonadales.Veillonellaceae.Dialister,Dialister,0.8042980367146495,0.03384864589892567,0.06990481218256388,4.0,19.80869174711744,0.8384118840491475,0.00876183453897151,0.014684185662535584,pooling_only,True,mixedlm
IBD,Bacteria.Bacillota.Negativicutes.Veillonellales-Selenomonadales.Veillonellaceae.Incertae Sedis,Incertae Sedis,0.9956526602935498,0.0020398133358923527,0.008425315952598848,2.0,0.0,,,,within_only,False,mixedlm
IBD,Bacteria.Bacillota.Negativicutes.Veillonellales-Selenomonadales.Veillonellaceae.Megasphaera,Megasphaera,-0.18948191976562692,0.6273111947623341,0.6970124386248157,4.0,62.95103687219444,-0.14898590547078244,0.489198208806793,0.5432200968958867,ns,True,mixedlm
IBD,Bacteria.Bacillota.Negativicutes.Veillonellales-Selenomonadales.Veillonellaceae.Veillonella,Veillonella,0.8060576114142625,0.005218783746282314,0.015939667545157934,4.0,22.783437908887656,0.8036600577366603,0.0008960634038043636,0.002053006026437846,replicated,True,mixedlm
IBD,Bacteria.Bacteroidota.Bacteroidia.Bacteroidales.Bacteroidaceae.Bacteroides,Bacteroides,0.010694780751735094,0.9551463935239575,0.9625550057400983,4.0,0.0,0.03568905512791534,0.8701176637820442,0.8948369155940342,ns,True,mixedlm
IBD,Bacteria.Bacteroidota.Bacteroidia.Bacteroidales.Barnesiellaceae.Barnesiella,Barnesiella,-0.690446926019211,0.0007340334885531276,0.0036641382370163522,4.0,0.0,-0.7451939723191447,0.0002699157555236603,0.0007754722499965479,replicated,True,mixedlm
IBD,Bacteria.Bacteroidota.Bacteroidia.Bacteroidales.Barnesiellaceae.Coprobacter,Coprobacter,0.12569947826228794,0.6423742818852525,0.7095994974313835,3.0,59.013920680397945,0.06163283211046687,0.5788916580623995,0.6312011452367127,ns,True,mixedlm
IBD,Bacteria.Bacteroidota.Bacteroidia.Bacteroidales.Marinifilaceae.Butyricimonas,Butyricimonas,-0.38038333558015114,0.13705128673248126,0.21520449982786316,4.0,57.40919902208253,-0.5304939432460299,0.00038220519393595355,0.0010809240641001187,pooling_only,True,mixedlm
IBD,Bacteria.Bacteroidota.Bacteroidia.Bacteroidales.Marinifilaceae.Odoribacter,Odoribacter,-0.585526415153612,0.022023505946196977,0.05041525457563163,4.0,48.97705956143906,-0.739820682645235,1.6544172993996257e-05,6.963942585844936e-05,pooling_only,True,mixedlm
IBD,Bacteria.Bacteroidota.Bacteroidia.Bacteroidales.Muribaculaceae.Incertae Sedis,Incertae Sedis,-0.7374257770899767,0.00014937793337792556,0.0010136359764930665,3.0,0.0,-0.6071991007598577,0.0004172075117390785,0.001148651450557494,replicated,True,mixedlm
IBD,Bacteria.Bacteroidota.Bacteroidia.Bacteroidales.Porphyromonadaceae.Porphyromonas,Porphyromonas,0.5788209842478491,0.031002463684478426,0.06745401993729835,3.0,47.994568237206266,0.5493999824952365,2.5927986373974736e-06,1.4221107677846748e-05,pooling_only,True,mixedlm
IBD,Bacteria.Bacteroidota.Bacteroidia.Bacteroidales.Prevotellaceae.Hoylesella,Hoylesella,0.4344791189380447,0.39907018816132933,0.512319836153058,2.0,67.66426636332604,,,,ns,False,mixedlm
IBD,Bacteria.Bacteroidota.Bacteroidia.Bacteroidales.Prevotellaceae.Incertae Sedis,Incertae Sedis,0.3405872646911293,0.18909926501571828,0.28069422150770684,2.0,0.0,,,,ns,False,mixedlm
IBD,Bacteria.Bacteroidota.Bacteroidia.Bacteroidales.Prevotellaceae.Paraprevotella,Paraprevotella,-0.568712874194223,0.002254006241776611,0.008922108040365752,4.0,0.0,-0.5861311070855744,0.0015822403657606541,0.0034504277855744387,replicated,True,mixedlm
IBD,Bacteria.Bacteroidota.Bacteroidia.Bacteroidales.Prevotellaceae.Prevotella,Prevotella,0.36802962738529843,0.17945419922806682,0.26847478624671417,3.0,39.94630215398934,0.28643568400114394,0.01046997773264893,0.016920231871513,pooling_only,True,mixedlm
IBD,Bacteria.Bacteroidota.Bacteroidia.Bacteroidales.Prevotellaceae.Segatella,Segatella,-0.6456666074172326,0.006652485382867845,0.01915109428401349,4.0,0.0,-0.6601922621627225,0.004892149746312653,0.009035501062067249,replicated,True,mixedlm
IBD,Bacteria.Bacteroidota.Bacteroidia.Bacteroidales.Rikenellaceae.Alistipes,Alistipes,-1.119101808385671,1.0845756451141186e-05,0.00012879335785730158,4.0,0.0,-1.1723917820600438,4.2255877318162495e-06,2.067111836374976e-05,replicated,True,mixedlm
IBD,Bacteria.Bacteroidota.Bacteroidia.Bacteroidales.Tannerellaceae.Parabacteroides,Parabacteroides,-0.857699994683125,0.0007521125854928302,0.0036641382370163522,4.0,0.0,-0.8505188838201198,0.000844737580475948,0.0019602243854634177,replicated,True,mixedlm
IBD,Bacteria.Campylobacterota.Campylobacteria.Campylobacterales.Campylobacteraceae.Campylobacter,Campylobacter,0.3032399261816994,0.32529274028686395,0.44146871896074397,2.0,39.510054055843966,,,,ns,False,mixedlm
IBD,Bacteria.Cyanobacteriota.Cyanobacteriia.Chloroplast.Incertae Sedis.Incertae Sedis,Incertae Sedis,0.521412028905454,0.09066471944205683,0.15803941921092474,2.0,0.0,0.2809791681013737,0.005256939578106349,0.009611172359972213,pooling_only,True,mixedlm
IBD,Bacteria.Cyanobacteriota.Vampirivibrionia.Gastranaerophilales.Gastranaerophilaceae.CAG-196,CAG-196,-0.5509367411659362,0.22578889904755484,0.3201484389480255,2.0,35.65189641500464,,,,ns,False,mixedlm
IBD,Bacteria.Fusobacteriota.Fusobacteriia.Fusobacteriales.Fusobacteriaceae.Fusobacterium,Fusobacterium,0.8328014869605211,0.00012507716145547434,0.0009505864270616051,4.0,0.0,0.7952795011724714,0.0004188452803137823,0.001148651450557494,replicated,True,mixedlm
IBD,Bacteria.NA.NA.NA.NA.NA,Bacteria.NA.NA.NA.NA.NA,0.1860527632301974,0.4440536291207038,0.5549106489403701,3.0,0.0,0.06609023979434624,0.6188849096845366,0.6589304038405948,ns,True,mixedlm
IBD,Bacteria.Pseudomonadota.Alphaproteobacteria.Rhodospirillales.Incertae Sedis.Incertae Sedis,Incertae Sedis,-0.4124145043952529,0.00209245068006114,0.008458843174715246,3.0,0.0,-0.30481067653658495,0.016247073327239726,0.025351036829572328,replicated,True,mixedlm
IBD,Bacteria.Pseudomonadota.Alphaproteobacteria.Rickettsiales.Mitochondria.Incertae Sedis,Incertae Sedis,0.45966776817382377,0.009509163759911492,0.02645260898353254,3.0,0.0,0.27879404006015307,0.00381179799992861,0.007262478294600826,replicated,True,mixedlm
IBD,Bacteria.Pseudomonadota.Gammaproteobacteria.Burkholderiales.Sutterellaceae.Parasutterella,Parasutterella,0.19930692090319965,0.45281738277956485,0.5550664692136601,4.0,0.0,0.18405576619978456,0.481821623078743,0.5383315665262498,ns,True,mixedlm
IBD,Bacteria.Pseudomonadota.Gammaproteobacteria.Burkholderiales.Sutterellaceae.Sutterella,Sutterella,0.12466967471394909,0.7765537859713609,0.815166957649495,4.0,68.06864160735044,-0.13342985833341595,0.5690803119259302,0.6242638573248083,ns,False,mixedlm
IBD,Bacteria.Pseudomonadota.Gammaproteobacteria.Enterobacterales.Enterobacteriaceae.Escherichia-Shigella,Escherichia-Shigella,0.8540992198667061,0.053781557358065286,0.09920869803914956,4.0,53.0490308662526,0.9785892061138607,0.0007899645227515034,0.0019064477149069617,pooling_only,True,mixedlm
IBD,Bacteria.Pseudomonadota.Gammaproteobacteria.Enterobacterales.Enterobacteriaceae.Klebsiella,Klebsiella,0.6752078663117923,0.0026185567661865805,0.009755407560302947,4.0,0.0,0.6939124409072822,0.006486311685264717,0.011510023676793272,replicated,True,mixedlm
IBD,Bacteria.Pseudomonadota.Gammaproteobacteria.Enterobacterales.Pasteurellaceae.Haemophilus,Haemophilus,0.4451067575715619,0.03188279854764839,0.06745401993729835,4.0,0.0,0.4458241298397352,0.04302105845268426,0.061800091904252785,ns,True,mixedlm
IBD,Bacteria.Pseudomonadota.Gammaproteobacteria.Enterobacterales.Pasteurellaceae.Mannheimia,Mannheimia,0.11487009870930052,0.5722592606501834,0.6589652092335445,2.0,0.0,,,,ns,False,mixedlm
IBD,Bacteria.Pseudomonadota.Gammaproteobacteria.Enterobacterales.Shewanellaceae.Shewanella,,,,,,,0.38309366493215885,1.5848391867092277e-05,6.829902209389768e-05,pooling_only,False,mixedlm
IBD,Bacteria.Pseudomonadota.Gammaproteobacteria.Pseudomonadales.Halomonadaceae.Halomonas,,,,,,,0.3289023810442486,3.920171321140168e-06,1.970975025351029e-05,pooling_only,False,mixedlm
IBD,Bacteria.Pseudomonadota.Gammaproteobacteria.Pseudomonadales.Moraxellaceae.Acinetobacter,Acinetobacter,0.11923213915087746,0.5434181189398579,0.6373422382627963,2.0,0.0,,,,ns,False,mixedlm
IBD,Bacteria.Pseudomonadota.Gammaproteobacteria.Pseudomonadales.Pseudomonadaceae.Pseudomonas,Pseudomonas,0.1432649432710203,0.606413690698703,0.6881943423486688,2.0,32.27791987575413,0.19598310231075822,0.05185199439130648,0.07332196081895682,ns,True,mixedlm
IBD,Bacteria.Pseudomonadota.NA.NA.NA.NA,Bacteria.Pseudomonadota.NA.NA.NA.NA,0.07156828578487082,0.7693248038099004,0.8120650706882283,2.0,0.0,,,,ns,False,mixedlm
IBD,Bacteria.Thermodesulfobacteriota.Desulfovibrionia.Desulfovibrionales.Desulfovibrionaceae.Bilophila,Bilophila,-0.4577152272206245,0.04678066524104179,0.09069720812038713,4.0,0.0,-0.47254935328927444,0.041478038269707834,0.06006019941453694,ns,True,mixedlm
IBD,Bacteria.Thermodesulfobacteriota.Desulfovibrionia.Desulfovibrionales.Desulfovibrionaceae.Desulfovibrio,Desulfovibrio,-0.42633803190295205,0.12355966927704637,0.1957708519936489,4.0,48.066982552116365,-0.4503408497411881,0.010183403486587797,0.016756327555203555,pooling_only,True,mixedlm
IBD,Bacteria.Verrucomicrobiota.Verrucomicrobiia.Verrucomicrobiales.Akkermansiaceae.Akkermansia,Akkermansia,-1.3838416530703976,1.0227701069561716e-06,1.4948178486282508e-05,4.0,8.450438305373119,-1.439214224554395,7.012558373698805e-08,5.769423025634017e-07,replicated,True,mixedlm
NAFLD,Archaea.Methanobacteriota.Methanobacteria.Methanobacteriales.Methanobacteriaceae.Methanobrevibacter,,,,,,,-0.22870545257981184,0.20684151432168274,0.4071511913489965,ns,False,mixedlm
NAFLD,Bacteria.Actinomycetota.Actinobacteria.Actinomycetales.Actinomycetaceae.Mobiluncus,,,,,,,-0.34414882878847863,0.09718483261606492,0.25241060693339085,ns,False,mixedlm
NAFLD,Bacteria.Actinomycetota.Actinobacteria.Actinomycetales.Actinomycetaceae.Schaalia,Schaalia,0.043625639153198746,0.908092706006076,0.9677927019920806,2.0,0.0,-0.1967739430820586,0.4420370445249213,0.6407823823733356,ns,False,mixedlm
NAFLD,Bacteria.Actinomycetota.Actinobacteria.Actinomycetales.Actinomycetaceae.Varibaculum,,,,,,,-0.3369681020034217,0.12943208574645942,0.3025475004323489,ns,False,mixedlm
NAFLD,Bacteria.Actinomycetota.Actinobacteria.Bifidobacteriales.Bifidobacteriaceae.Bifidobacterium,Bifidobacterium,-0.31485610337671144,0.3890283371490808,0.7800863541706362,3.0,0.0,-0.37633479193667,0.2719869694845869,0.47094040086683103,ns,True,mixedlm
NAFLD,Bacteria.Actinomycetota.Actinobacteria.Bifidobacteriales.Bifidobacteriaceae.Gardnerella,Gardnerella,-1.0288644268128342,0.006093321101077718,0.07249730173434588,2.0,7.98210975577391,-0.6339916077885863,0.01912907800972613,0.0872472582394826,ns,True,mixedlm
NAFLD,Bacteria.Actinomycetota.Actinobacteria.Micrococcales.Micrococcaceae.Rothia,Rothia,-0.04474569267979864,0.9464739825715595,0.9677927019920806,2.0,76.97244937857403,0.06877913244708218,0.7491061580758132,0.8647641636779319,ns,False,mixedlm
NAFLD,Bacteria.Actinomycetota.Actinobacteria.Mycobacteriales.Corynebacteriaceae.Corynebacterium,,,,,,,-0.5399053025566293,0.028266641910465753,0.11012212577618949,ns,False,mixedlm
NAFLD,Bacteria.Actinomycetota.Actinobacteria.Mycobacteriales.Corynebacteriaceae.Lawsonella,,,,,,,-0.14853154405287222,0.4201870682980108,0.6168710671129776,ns,False,mixedlm
NAFLD,Bacteria.Actinomycetota.Coriobacteriia.Coriobacteriales.Atopobiaceae.Atopobium,,,,,,,0.11462660907617055,0.5887014801210444,0.7644942832127452,ns,False,mixedlm
NAFLD,Bacteria.Actinomycetota.Coriobacteriia.Coriobacteriales.Atopobiaceae.Lancefieldella,Lancefieldella,0.3735608700316507,0.04744342298149388,0.23415624890866332,2.0,0.0,,,,ns,False,mixedlm
NAFLD,Bacteria.Actinomycetota.Coriobacteriia.Coriobacteriales.Coriobacteriaceae.Collinsella,Collinsella,-0.38408335245518993,0.6677337546706738,0.9096404987194199,3.0,84.18169660776603,-0.2350662214610074,0.5330225641212867,0.7283691941315278,ns,True,mixedlm
NAFLD,Bacteria.Actinomycetota.Coriobacteriia.Coriobacteriales.Coriobacteriales Incertae Sedis.Incertae Sedis,Incertae Sedis,-0.5865133027198278,0.04697329732320399,0.23415624890866332,2.0,0.0,-0.6805842717144438,0.0016548956955841439,0.01719252750412416,pooling_only,True,mixedlm
NAFLD,Bacteria.Actinomycetota.Coriobacteriia.Coriobacteriales.Eggerthellaceae.Asaccharobacter,Asaccharobacter,-0.3230453883911187,0.161775673114393,0.4500305088454933,2.0,0.0,-0.37388888722972585,0.023885140217416296,0.10064752480095927,ns,True,mixedlm
NAFLD,Bacteria.Actinomycetota.Coriobacteriia.Coriobacteriales.Eggerthellaceae.Eggerthella,Eggerthella,0.16025686000425826,0.6499902373983953,0.9050299200923625,2.0,0.0,0.1717194497753186,0.5323964723769892,0.7283691941315278,ns,True,mixedlm
NAFLD,Bacteria.Actinomycetota.Coriobacteriia.Coriobacteriales.Eggerthellaceae.Gordonibacter,Gordonibacter,0.05821369195208004,0.7935741478345565,0.9485690985834933,2.0,0.0,-0.19523751102915576,0.2914014271126041,0.48653631133979436,ns,False,mixedlm
NAFLD,Bacteria.Actinomycetota.Coriobacteriia.Coriobacteriales.Eggerthellaceae.Senegalimassilia,,,,,,,-0.10031928162827505,0.5853762299122145,0.7644942832127452,ns,False,mixedlm
NAFLD,Bacteria.Actinomycetota.Coriobacteriia.Coriobacteriales.Eggerthellaceae.Slackia,,,,,,,0.10507747423887973,0.5850766695471432,0.7644942832127452,ns,False,mixedlm
NAFLD,Bacteria.Actinomycetota.Coriobacteriia.Coriobacteriales.Incertae Sedis.Incertae Sedis,,,,,,,-0.038638598121658756,0.7676516105376293,0.8647641636779319,ns,False,mixedlm
NAFLD,Bacteria.Bacillota.Bacilli.Erysipelotrichales.Erysipelatoclostridiaceae.Coprobacillus,Coprobacillus,0.0750498836933555,0.8278946924276872,0.9596052116775465,2.0,9.93701568662957,-0.17706577230164014,0.4215135616205593,0.6168710671129776,ns,False,mixedlm
NAFLD,Bacteria.Bacillota.Bacilli.Erysipelotrichales.Erysipelatoclostridiaceae.Erysipelotrichaceae UCG-003,Erysipelotrichaceae UCG-003,0.604710220131535,0.06837738681223939,0.29890686235064645,3.0,0.0,0.3670057872694959,0.25732801505838654,0.4582889411039836,ns,True,mixedlm
NAFLD,Bacteria.Bacillota.Bacilli.Erysipelotrichales.Erysipelatoclostridiaceae.Thomasclavelia,Thomasclavelia,-0.1349896538607935,0.7355245322605471,0.9377937786321976,2.0,0.0,0.012062309860565732,0.9665161942585832,0.9665161942585832,ns,False,mixedlm
NAFLD,Bacteria.Bacillota.Bacilli.Erysipelotrichales.Erysipelotrichaceae.Faecalitalea,Faecalitalea,0.05728534156557629,0.8662375186586975,0.9677927019920806,2.0,0.0,-0.03214519928676759,0.8904364114699479,0.9329834328768188,ns,False,mixedlm
NAFLD,Bacteria.Bacillota.Bacilli.Erysipelotrichales.Erysipelotrichaceae.Holdemanella,Holdemanella,-0.2964981025815718,0.44071975679258657,0.7800863541706362,3.0,9.454746868208568,0.04449900695984463,0.9030481355652631,0.9329834328768188,ns,False,mixedlm
NAFLD,Bacteria.Bacillota.Bacilli.Erysipelotrichales.Erysipelotrichaceae.Holdemania,Holdemania,-0.08554269844862619,0.7131197563660215,0.9212512452157063,3.0,0.0,-0.21132814140976608,0.39364504090091634,0.5984684768168403,ns,True,mixedlm
NAFLD,Bacteria.Bacillota.Bacilli.Erysipelotrichales.Erysipelotrichaceae.Solobacterium,Solobacterium,0.1788482179239526,0.6009540842198385,0.8593081765012645,2.0,0.0,0.03589028611279621,0.8736094942467931,0.9329834328768188,ns,True,mixedlm
NAFLD,Bacteria.Bacillota.Bacilli.Erysipelotrichales.Erysipelotrichaceae.Turicibacter,Turicibacter,0.11643996236049153,0.9214275316668262,0.9677927019920806,2.0,85.74223199098367,0.06880721500246208,0.8214303835264816,0.9035734218791297,ns,True,mixedlm
NAFLD,Bacteria.Bacillota.Bacilli.Erysipelotrichales.Erysipelotrichaceae.[Clostridium] innocuum group,[Clostridium] innocuum group,-0.08722383592372832,0.8238532844259034,0.9596052116775465,2.0,0.0,-0.0852416721346041,0.75418415012943,0.8647641636779319,ns,True,mixedlm
NAFLD,Bacteria.Bacillota.Bacilli.Lactobacillales.Lactobacillaceae.Lactobacillus,Lactobacillus,-0.3640424051869041,0.31852557280846194,0.711703419872371,2.0,0.0,-0.3859590407852865,0.19693012468879023,0.39176524805110396,ns,True,mixedlm
NAFLD,Bacteria.Bacillota.Bacilli.Lactobacillales.Lactobacillaceae.Weissella,,,,,,,0.3979651315846746,0.12042795679312135,0.292467895069009,ns,False,mixedlm
NAFLD,Bacteria.Bacillota.Bacilli.Lactobacillales.P5D1-392.Incertae Sedis,,,,,,,0.17693709463498306,0.354709670685067,0.5574009110765339,ns,False,mixedlm
NAFLD,Bacteria.Bacillota.Bacilli.Lactobacillales.Streptococcaceae.Lactococcus,Lactococcus,0.344611779415393,0.1799904126907237,0.48313216038036355,2.0,0.0,0.12876088944226433,0.4538151976499851,0.6527957073888248,ns,True,mixedlm
NAFLD,Bacteria.Bacillota.Bacilli.Lactobacillales.Streptococcaceae.Streptococcus,Streptococcus,0.1519653431191421,0.7640314416920441,0.9452618316810358,3.0,75.87605750897663,0.09198810236575594,0.7016808198177649,0.8455068739405978,ns,True,mixedlm
NAFLD,Bacteria.Bacillota.Bacilli.RF39.Incertae Sedis.Incertae Sedis,Incertae Sedis,-0.80473333610039,0.04043496684581802,0.22913147879296877,3.0,0.0,-1.2199508922489894,0.0024030965521733404,0.021740894018335403,pooling_only,True,mixedlm
NAFLD,Bacteria.Bacillota.Bacilli.Staphylococcales.Gemellaceae.Gemella,Gemella,-0.2766935550621659,0.7122968413600632,0.9212512452157063,2.0,78.3869666385525,-0.20972715838605244,0.36054983531985074,0.5577519184176072,ns,True,mixedlm
NAFLD,Bacteria.Bacillota.Bacilli.Staphylococcales.Staphylococcaceae.Staphylococcus,,,,,,,-0.5078309857927471,0.04159603485525694,0.1394734264575596,ns,False,mixedlm
NAFLD,Bacteria.Bacillota.Clostridia.Christensenellales.Christensenellaceae.Christensenella,Christensenella,0.07756533117497871,0.6506751059487573,0.9050299200923625,2.0,0.0,-0.18731585627177347,0.23606350019050248,0.4370680647091481,ns,False,mixedlm
NAFLD,Bacteria.Bacillota.Clostridia.Christensenellales.Christensenellaceae.Christensenellaceae R-7 group,Christensenellaceae R-7 group,-1.1250347550311897,0.0061599014545522645,0.07249730173434588,3.0,0.0,-1.3222005843322286,0.0011899470402783256,0.015467137382176978,pooling_only,True,mixedlm
NAFLD,Bacteria.Bacillota.Clostridia.Christensenellales.Christensenellaceae.Incertae Sedis,Incertae Sedis,-0.3514565754008408,0.44287034748925136,0.7800863541706362,3.0,79.76126622737279,-0.6931587787170241,0.0038095539738734435,0.028495463724573355,pooling_only,True,mixedlm
NAFLD,Bacteria.Bacillota.Clostridia.Christensenellales.Christensenellaceae.NA,Christensenellaceae,-0.2691209127324501,0.4272904130798101,0.7800863541706362,2.0,0.0,-0.28145904793058113,0.22058642269522066,0.4252542375670749,ns,True,mixedlm
NAFLD,Bacteria.Bacillota.Clostridia.Clostridia UCG-014.Incertae Sedis.Incertae Sedis,Incertae Sedis,-1.1877978822331479,0.010909505372773694,0.10262643048360633,3.0,0.0,-1.3481589108807823,0.002441490772112532,0.021740894018335403,pooling_only,True,mixedlm
NAFLD,Bacteria.Bacillota.Clostridia.Clostridia vadinBB60 group.Incertae Sedis.Incertae Sedis,Incertae Sedis,-0.6156428137631659,0.04554887953959576,0.23415624890866332,3.0,10.212241883430696,-0.8392076012091721,0.008141821272121163,0.046136987208686586,pooling_only,True,mixedlm
NAFLD,Bacteria.Bacillota.Clostridia.Clostridiales.Clostridiaceae.Clostridium,Clostridium,0.10693053107383918,0.8910827774051039,0.9677927019920806,3.0,77.8308433590249,0.21890784251997455,0.5503737500833513,0.7404308724142928,ns,True,mixedlm
NAFLD,Bacteria.Bacillota.Clostridia.Lachnospirales.Defluviitaleaceae.Defluviitaleaceae UCG-011,Defluviitaleaceae UCG-011,-0.38049790815995915,0.16087614216012402,0.4500305088454933,2.0,0.0,-0.37742612231361855,0.06497163877946763,0.19285232463111818,ns,True,mixedlm
NAFLD,Bacteria.Bacillota.Clostridia.Lachnospirales.Lachnospiraceae.Agathobacter,Agathobacter,-0.08905293963654085,0.856943036686447,0.9677927019920806,2.0,0.0,0.16523031850121436,0.5793797249609284,0.7644942832127452,ns,False,mixedlm
NAFLD,Bacteria.Bacillota.Clostridia.Lachnospirales.Lachnospiraceae.Anaerobutyricum,Anaerobutyricum,-0.03073493985884522,0.9308492986198929,0.9677927019920806,3.0,0.0,-0.01648828633151138,0.963140745657498,0.9665161942585832,ns,True,mixedlm
NAFLD,Bacteria.Bacillota.Clostridia.Lachnospirales.Lachnospiraceae.Anaerostipes,Anaerostipes,-0.3378419300135454,0.41620584274936967,0.7800863541706362,3.0,0.0,-0.6103331607087941,0.18407418346045745,0.37415078594679935,ns,True,mixedlm
NAFLD,Bacteria.Bacillota.Clostridia.Lachnospirales.Lachnospiraceae.Anaerotignum,Anaerotignum,0.24366965974139687,0.6083154741537704,0.8617802550511747,2.0,44.72175368442428,0.42817557231244285,0.0839791305073558,0.2235943154900564,ns,True,mixedlm
NAFLD,Bacteria.Bacillota.Clostridia.Lachnospirales.Lachnospiraceae.Blautia,Blautia,0.018174280777623515,0.9415544922368786,0.9677927019920806,3.0,0.0,0.09730281486017048,0.7043345132717183,0.8455068739405978,ns,True,mixedlm
NAFLD,Bacteria.Bacillota.Clostridia.Lachnospirales.Lachnospiraceae.CAG-56,CAG-56,0.3314531876662657,0.4296451560303276,0.7800863541706362,2.0,0.0,0.43350132854100837,0.12640224960364466,0.3025475004323489,ns,True,mixedlm
NAFLD,Bacteria.Bacillota.Clostridia.Lachnospirales.Lachnospiraceae.Coprococcus,Coprococcus,-0.3035611052487643,0.5264853058209629,0.8293547924538979,2.0,0.0,0.09189381720567008,0.7515382471503314,0.8647641636779319,ns,False,mixedlm
NAFLD,Bacteria.Bacillota.Clostridia.Lachnospirales.Lachnospiraceae.Dorea,Dorea,-0.23216824497967403,0.5420619558522208,0.8293547924538979,3.0,0.0,0.20496303807158484,0.5938270306619025,0.7658321016122466,ns,False,mixedlm
NAFLD,Bacteria.Bacillota.Clostridia.Lachnospirales.Lachnospiraceae.Enterocloster,Enterocloster,0.6647815497081693,0.10832182486677622,0.386079678948254,3.0,17.144407945963998,0.5147456120355911,0.18204765078482332,0.37415078594679935,ns,True,mixedlm
NAFLD,Bacteria.Bacillota.Clostridia.Lachnospirales.Lachnospiraceae.Faecalicatena,Faecalicatena,-0.35547887581237586,0.5221200914500479,0.8293547924538979,2.0,47.443085170941394,-0.37458432976776596,0.21153277943310667,0.4120482266040723,ns,True,mixedlm
NAFLD,Bacteria.Bacillota.Clostridia.Lachnospirales.Lachnospiraceae.Faecalimonas,,,,,,,0.2165573253394115,0.11066886647245326,0.2796632166263346,ns,False,mixedlm
NAFLD,Bacteria.Bacillota.Clostridia.Lachnospirales.Lachnospiraceae.Fusicatenibacter,Fusicatenibacter,-0.1404425518791565,0.708554055197852,0.9212512452157063,3.0,0.0,-0.13629562060705364,0.7053426328060601,0.8455068739405978,ns,True,mixedlm
NAFLD,Bacteria.Bacillota.Clostridia.Lachnospirales.Lachnospiraceae.GCA-900066575,GCA-900066575,-0.21372833082889348,0.59347203674325,0.8566152983180872,2.0,0.0,-0.45938000488175346,0.1830404831608038,0.37415078594679935,ns,True,mixedlm
NAFLD,Bacteria.Bacillota.Clostridia.Lachnospirales.Lachnospiraceae.Howardella,Howardella,0.4704680265370022,0.5373710038835806,0.8293547924538979,2.0,85.5755621103867,0.24346974866171026,0.22597359888972346,0.4268390201250332,ns,True,mixedlm
NAFLD,Bacteria.Bacillota.Clostridia.Lachnospirales.Lachnospiraceae.Hungatella,Hungatella,0.025108951474237917,0.95514181699872,0.9677927019920806,2.0,0.0,-0.46185312687466684,0.1401774784517205,0.31582154783700883,ns,False,mixedlm
NAFLD,Bacteria.Bacillota.Clostridia.Lachnospirales.Lachnospiraceae.Lachnoclostridium,Lachnoclostridium,0.4482825045392983,0.2879702230747069,0.6884288145379711,2.0,0.0,0.4831884413183122,0.057790337190590346,0.1743031137845225,ns,True,mixedlm
NAFLD,Bacteria.Bacillota.Clostridia.Lachnospirales.Lachnospiraceae.Lachnospira,Lachnospira,0.19934617499719534,0.7629678094340708,0.9452618316810358,3.0,60.66174046374774,0.10754015315913458,0.7950082069322643,0.884919849382937,ns,True,mixedlm
NAFLD,Bacteria.Bacillota.Clostridia.Lachnospirales.Lachnospiraceae.Lachnospiraceae FCS020 group,,,,,,,-0.01192382657876681,0.9479647468690123,0.9582130144027314,ns,False,mixedlm
NAFLD,Bacteria.Bacillota.Clostridia.Lachnospirales.Lachnospiraceae.Lachnospiraceae ND3007 group,Lachnospiraceae ND3007 group,-0.1950561258776151,0.7523980543944209,0.9452618316810358,3.0,64.08435322463659,-0.418666371084783,0.27572062123675267,0.47302528597497934,ns,True,mixedlm
NAFLD,Bacteria.Bacillota.Clostridia.Lachnospirales.Lachnospiraceae.Lachnospiraceae NK4A136 group,Lachnospiraceae NK4A136 group,-0.36248027384225684,0.44357851511663626,0.7800863541706362,2.0,0.0,-0.03626580915086036,0.8971246946342446,0.9329834328768188,ns,True,mixedlm
NAFLD,Bacteria.Bacillota.Clostridia.Lachnospirales.Lachnospiraceae.Lachnospiraceae UCG-004,Lachnospiraceae UCG-004,0.34633798776623687,0.42094448937466766,0.7800863541706362,2.0,0.0,0.4805864253588687,0.06910301805520028,0.1988040673280377,ns,True,mixedlm
NAFLD,Bacteria.Bacillota.Clostridia.Lachnospirales.Lachnospiraceae.Lachnospiraceae UCG-010,Lachnospiraceae UCG-010,-0.47239582661991486,0.14109709864970996,0.4151510787193389,3.0,0.0,-0.34094178285016885,0.2612197335470987,0.46083103937082504,ns,True,mixedlm
NAFLD,Bacteria.Bacillota.Clostridia.Lachnospirales.Lachnospiraceae.Marvinbryantia,,,,,,,0.06343394579302747,0.6863643984487309,0.8388898203262266,ns,False,mixedlm
NAFLD,Bacteria.Bacillota.Clostridia.Lachnospirales.Lachnospiraceae.Mediterraneibacter,Mediterraneibacter,-0.37707653152269377,0.48102629938518426,0.8269328517520583,3.0,44.0830764524884,-0.6326427491744102,0.11697000370619469,0.2878077722770843,ns,True,mixedlm
NAFLD,Bacteria.Bacillota.Clostridia.Lachnospirales.Lachnospiraceae.Moryella,,,,,,,0.3456824542533188,0.1774225341871083,0.37415078594679935,ns,False,mixedlm
NAFLD,Bacteria.Bacillota.Clostridia.Lachnospirales.Lachnospiraceae.NA,Lachnospiraceae,0.1596508712766334,0.4656047580319398,0.8095173633964409,3.0,0.0,0.19570052926496026,0.42224329727519316,0.6168710671129776,ns,True,mixedlm
NAFLD,Bacteria.Bacillota.Clostridia.Lachnospirales.Lachnospiraceae.Roseburia,Roseburia,0.4799820559509719,0.3253326758403823,0.711703419872371,3.0,0.0,0.5299371612187438,0.32084684249912454,0.5172272374770369,ns,True,mixedlm
NAFLD,Bacteria.Bacillota.Clostridia.Lachnospirales.Lachnospiraceae.Sellimonas,Sellimonas,0.49527677835709755,0.13760888636360027,0.41282665909080085,2.0,0.0,0.34577192737795176,0.12941840022503182,0.3025475004323489,ns,True,mixedlm
NAFLD,Bacteria.Bacillota.Clostridia.Lachnospirales.Lachnospiraceae.Tyzzerella,Tyzzerella,0.6192307607461475,0.04315006775333683,0.23415624890866332,2.0,0.0,0.8896355938288468,0.008992014700997092,0.046708520807957114,pooling_only,True,mixedlm
NAFLD,Bacteria.Bacillota.Clostridia.Lachnospirales.Lachnospiraceae.[Eubacterium] eligens group,[Eubacterium] eligens group,-0.0984333123104003,0.8990497302770887,0.9677927019920806,3.0,67.4903177705006,-0.13772200860139208,0.7479188827330151,0.8647641636779319,ns,True,mixedlm
NAFLD,Bacteria.Bacillota.Clostridia.Lachnospirales.Lachnospiraceae.[Eubacterium] ruminantium group,[Eubacterium] ruminantium group,-0.8575367052031474,0.031150740516421367,0.19810527173840817,3.0,0.0,-0.9064843817061613,0.05037203503169208,0.15728556739114916,ns,True,mixedlm
NAFLD,Bacteria.Bacillota.Clostridia.Lachnospirales.Lachnospiraceae.[Eubacterium] ventriosum group,[Eubacterium] ventriosum group,-0.8136287761758665,0.12841068923984011,0.40930907195199034,3.0,58.64716224832283,-0.8213014730216451,0.014232071185451006,0.06824095670972662,ns,True,mixedlm
NAFLD,Bacteria.Bacillota.Clostridia.Lachnospirales.Lachnospiraceae.[Eubacterium] xylanophilum group,[Eubacterium] xylanophilum group,-0.8521097413759295,0.03366494813855302,0.19810527173840817,2.0,0.0,-0.42447181390575756,0.07675071518089925,0.21421468266907703,ns,True,mixedlm
NAFLD,Bacteria.Bacillota.Clostridia.Lachnospirales.Lachnospiraceae.[Ruminococcus] gauvreauii group,,,,,,,0.4333480235997316,0.05130705674256737,0.15728556739114916,ns,False,mixedlm
NAFLD,Bacteria.Bacillota.Clostridia.Lachnospirales.Lachnospiraceae.[Ruminococcus] gnavus group,[Ruminococcus] gnavus group,1.0313249478210065,0.03351781932410953,0.19810527173840817,3.0,26.182660917197985,1.0174464629749946,0.02961668795732731,0.11302695200041239,ns,True,mixedlm
NAFLD,Bacteria.Bacillota.Clostridia.Monoglobales.Monoglobaceae.Monoglobus,Monoglobus,-0.5069582078167993,0.12325088525984783,0.40122096690971737,3.0,0.0,-0.4809288755755291,0.13456114394015714,0.3106535051457949,ns,True,mixedlm
NAFLD,Bacteria.Bacillota.Clostridia.NA.NA.NA,Clostridia,-0.35713918338560036,0.2813730158907689,0.6833344671632959,3.0,14.362451629327527,-0.8946529070849755,0.008636418557479302,0.046708520807957114,pooling_only,True,mixedlm
NAFLD,Bacteria.Bacillota.Clostridia.Oscillospirales.Butyricicoccaceae.Agathobaculum,Agathobaculum,0.09820517095445926,0.6777582218020467,0.9096404987194199,3.0,0.0,0.2785566591704636,0.26926252758867497,0.4705803052250675,ns,True,mixedlm
NAFLD,Bacteria.Bacillota.Clostridia.Oscillospirales.Butyricicoccaceae.UCG-009,UCG-009,-0.9401154029913494,0.0006360420444456981,0.019462886560038358,2.0,0.11559995516238655,-0.8785492274028519,9.414717707181118e-05,0.005642531267880771,replicated,True,mixedlm
NAFLD,Bacteria.Bacillota.Clostridia.Oscillospirales.NA.NA,Oscillospirales,-0.3860563232684696,0.40944066696856707,0.7800863541706362,2.0,26.782204001780652,-0.5801366825624732,0.0410990352802502,0.1394734264575596,ns,True,mixedlm
NAFLD,Bacteria.Bacillota.Clostridia.Oscillospirales.Oscillospiraceae.Colidextribacter,Colidextribacter,-0.3357696135573223,0.5165190439955918,0.8293547924538979,3.0,50.30954140121575,-0.5612573841417117,0.1165138272428582,0.2878077722770843,ns,True,mixedlm
NAFLD,Bacteria.Bacillota.Clostridia.Oscillospirales.Oscillospiraceae.Fastidiosipila,,,,,,,-0.8439404119683532,0.0018901834752692217,0.018603384730281287,pooling_only,False,mixedlm
NAFLD,Bacteria.Bacillota.Clostridia.Oscillospirales.Oscillospiraceae.Flavonifractor,Flavonifractor,-0.0911847135206613,0.8037644140028801,0.9533019793987648,3.0,7.353555003622346,-0.15445321560548392,0.6509482126574833,0.8115154384463291,ns,True,mixedlm
NAFLD,Bacteria.Bacillota.Clostridia.Oscillospirales.Oscillospiraceae.Incertae Sedis,Incertae Sedis,0.11018751578815426,0.8736250625621449,0.9677927019920806,2.0,64.31788034929541,-0.1109254023552076,0.6747136673128735,0.8300753670230746,ns,False,mixedlm
NAFLD,Bacteria.Bacillota.Clostridia.Oscillospirales.Oscillospiraceae.Intestinimonas,Intestinimonas,-0.7211194014404555,0.08649996221377436,0.3308623554676869,3.0,38.68454215569068,-0.9749240527759508,0.004616789948232554,0.031975545197018056,pooling_only,True,mixedlm
NAFLD,Bacteria.Bacillota.Clostridia.Oscillospirales.Oscillospiraceae.NA,Oscillospiraceae,-0.1733226737620426,0.6777713519870188,0.9096404987194199,2.0,0.0,-0.30958173822827045,0.2877939501233515,0.48653631133979436,ns,True,mixedlm
NAFLD,Bacteria.Bacillota.Clostridia.Oscillospirales.Oscillospiraceae.NK4A214 group,NK4A214 group,-0.6710136100684293,0.10850605356062042,0.386079678948254,3.0,11.223880020902715,-0.8996375406231936,0.022254395243416693,0.09908504548854574,ns,True,mixedlm
NAFLD,Bacteria.Bacillota.Clostridia.Oscillospirales.Oscillospiraceae.Oscillibacter,Oscillibacter,-0.25861776272515413,0.33182735611061376,0.7150645842947029,3.0,0.0,-0.6536974332393249,0.0668269080403192,0.19525987193030767,ns,True,mixedlm
NAFLD,Bacteria.Bacillota.Clostridia.Oscillospirales.Oscillospiraceae.Oscillospira,Oscillospira,-0.28130024537675835,0.2996431238019207,0.705313814487598,3.0,0.0,-0.3808320957291782,0.23348068039344527,0.43660887233574264,ns,True,mixedlm
NAFLD,Bacteria.Bacillota.Clostridia.Oscillospirales.Oscillospiraceae.UCG-002,UCG-002,-1.4664711573409788,0.0010374799339593114,0.022676347127967806,3.0,0.0,-1.5884150783017228,0.0003657483938337982,0.007599438849657808,replicated,True,mixedlm
NAFLD,Bacteria.Bacillota.Clostridia.Oscillospirales.Oscillospiraceae.UCG-003,UCG-003,-0.8901433410815673,0.025641168521396234,0.17828750130566043,3.0,0.0,-1.0383097702169768,0.008779932130028922,0.046708520807957114,pooling_only,True,mixedlm
NAFLD,Bacteria.Bacillota.Clostridia.Oscillospirales.Oscillospiraceae.UCG-005,UCG-005,-1.3051346309431244,0.011402936720400702,0.10262643048360633,3.0,25.848736029648023,-1.4627542386690318,0.0007327384757739497,0.012456554088157145,pooling_only,True,mixedlm
NAFLD,Bacteria.Bacillota.Clostridia.Oscillospirales.Ruminococcaceae.Acutalibacter,Acutalibacter,-0.5291828033847106,0.026801389085164638,0.17828750130566043,3.0,0.0,-0.6280654972372767,0.012467771709524683,0.061354560781081986,ns,True,mixedlm
NAFLD,Bacteria.Bacillota.Clostridia.Oscillospirales.Ruminococcaceae.Anaerotruncus,Anaerotruncus,-0.3399617700955602,0.191461573105154,0.5050624256049752,3.0,40.8646953103082,-0.5949552288898781,0.007030284602127174,0.043529458036838165,pooling_only,True,mixedlm
NAFLD,Bacteria.Bacillota.Clostridia.Oscillospirales.Ruminococcaceae.CAG-352,CAG-352,-0.11829912046000035,0.776362527815301,0.9485690985834933,3.0,0.0,-0.06358753654350438,0.8860137332747102,0.9329834328768188,ns,True,mixedlm
NAFLD,Bacteria.Bacillota.Clostridia.Oscillospirales.Ruminococcaceae.Candidatus Soleaferrea,Candidatus Soleaferrea,0.19618497103126653,0.43689375274274156,0.7800863541706362,2.0,0.0,-0.01617269563020071,0.9355244563488541,0.9507775724849766,ns,False,mixedlm
NAFLD,Bacteria.Bacillota.Clostridia.Oscillospirales.Ruminococcaceae.DTU089,DTU089,-0.479245892398766,0.11798351135038367,0.40122096690971737,2.0,0.0,-0.5270078810669773,0.01603479660613639,0.07496267413368764,ns,True,mixedlm
NAFLD,Bacteria.Bacillota.Clostridia.Oscillospirales.Ruminococcaceae.Faecalibacterium,Faecalibacterium,0.0708568159387937,0.7831423467252605,0.9485690985834933,3.0,0.0,0.022213862980323296,0.9331719120335593,0.9507775724849766,ns,True,mixedlm
NAFLD,Bacteria.Bacillota.Clostridia.Oscillospirales.Ruminococcaceae.Fournierella,Fournierella,0.07669608753524802,0.7934963768758772,0.9485690985834933,2.0,0.0,0.0897076191300858,0.7202995442651774,0.8525064226429631,ns,True,mixedlm
NAFLD,Bacteria.Bacillota.Clostridia.Oscillospirales.Ruminococcaceae.Gemmiger,Gemmiger,-0.0690596323746957,0.8943841373604601,0.9677927019920806,3.0,48.98440658556903,-0.1993495812783318,0.578303820448884,0.7644942832127452,ns,True,mixedlm
NAFLD,Bacteria.Bacillota.Clostridia.Oscillospirales.Ruminococcaceae.Incertae Sedis,Incertae Sedis,-0.914218552894172,0.022935321695051678,0.1671002009210908,2.0,0.0,-0.3046166301081063,0.2255240027140758,0.4268390201250332,ns,True,mixedlm
NAFLD,Bacteria.Bacillota.Clostridia.Oscillospirales.Ruminococcaceae.NA,Ruminococcaceae,-0.9517944421367652,0.058188961115696804,0.2697851833545943,3.0,40.91925257147729,-1.2342589687534704,0.00154432653157739,0.01698759184735129,pooling_only,True,mixedlm
NAFLD,Bacteria.Bacillota.Clostridia.Oscillospirales.Ruminococcaceae.Negativibacillus,Negativibacillus,0.004945832285738953,0.9849853820544294,0.9849853820544294,3.0,0.0,0.08262282341900168,0.7629423046972146,0.8647641636779319,ns,True,mixedlm
NAFLD,Bacteria.Bacillota.Clostridia.Oscillospirales.Ruminococcaceae.Paludicola,Paludicola,-0.804347115185871,0.01947955351943174,0.15686166781437139,2.0,27.20004568413955,-0.7570877978606587,0.0012752349811429526,0.015467137382176978,pooling_only,True,mixedlm
NAFLD,Bacteria.Bacillota.Clostridia.Oscillospirales.Ruminococcaceae.Phocea,Phocea,0.12320036005703815,0.5825762587062233,0.8566152983180872,2.0,0.0,0.13399607008273753,0.5250969763658296,0.7283691941315278,ns,True,mixedlm
NAFLD,Bacteria.Bacillota.Clostridia.Oscillospirales.Ruminococcaceae.Ruminococcus,Ruminococcus,-1.4722065654696868,0.0005008827019428677,0.019158763349314687,3.0,0.0,-1.2748505560030479,0.0035508749899620068,0.02834364606286033,replicated,True,mixedlm
NAFLD,Bacteria.Bacillota.Clostridia.Oscillospirales.Ruminococcaceae.Ruthenibacterium,Ruthenibacterium,-0.7765040970384832,0.017972253648003266,0.15276415600802776,3.0,10.131034561684366,-0.7935482801353348,0.007216113364395631,0.043529458036838165,pooling_only,True,mixedlm
NAFLD,Bacteria.Bacillota.Clostridia.Oscillospirales.Ruminococcaceae.[Eubacterium] siraeum group,[Eubacterium] siraeum group,-0.7773327767783466,0.21178911938534273,0.5492158519653803,3.0,58.136751747717476,-0.8009362478388239,0.047520480457077775,0.1543079206678858,ns,True,mixedlm
NAFLD,Bacteria.Bacillota.Clostridia.Oscillospirales.UCG-010.Incertae Sedis,Incertae Sedis,-1.1918614284750968,0.0009607005977250869,0.022676347127967806,3.0,0.0,-1.2622397319873688,0.0004905964630461712,0.009174153858963401,replicated,True,mixedlm
NAFLD,Bacteria.Bacillota.Clostridia.Oscillospirales.[Eubacterium] coprostanoligenes group.Incertae Sedis,Incertae Sedis,-1.5472919468352064,0.00023288444256139616,0.01410242718208477,3.0,0.0,-1.5212641008694738,0.00022873497255771025,0.006110491409755974,replicated,True,mixedlm
NAFLD,Bacteria.Bacillota.Clostridia.Peptococcales.Peptococcaceae.Incertae Sedis,Incertae Sedis,-0.5159392130450483,0.1037791985481633,0.386079678948254,2.0,56.90481046149576,-0.45385956665268645,0.0013233914337691531,0.015467137382176978,pooling_only,True,mixedlm
NAFLD,Bacteria.Bacillota.Clostridia.Peptococcales.Peptococcaceae.Peptococcus,Peptococcus,-0.02655517047936998,0.9434434109219636,0.9677927019920806,3.0,42.83852299801203,-0.4876991662973889,0.10894934298464597,0.2790894128510794,ns,True,mixedlm
NAFLD,Bacteria.Bacillota.Clostridia.Peptostreptococcales-Tissierellales.Anaerovoracaceae.Family XIII AD3011 group,Family XIII AD3011 group,-0.7704913344546224,0.006894252423925069,0.07534433006146683,3.0,19.507394411110145,-1.0264884174342532,0.00016584941128562476,0.005642531267880771,pooling_only,True,mixedlm
NAFLD,Bacteria.Bacillota.Clostridia.Peptostreptococcales-Tissierellales.Anaerovoracaceae.Family XIII UCG-001,Family XIII UCG-001,-0.5150382380965646,0.08633379188526548,0.3308623554676869,3.0,22.264571480492673,-0.8124706121252312,0.004012861112343733,0.02886173184647223,pooling_only,True,mixedlm
NAFLD,Bacteria.Bacillota.Clostridia.Peptostreptococcales-Tissierellales.Anaerovoracaceae.Mogibacterium,,,,,,,-0.1400918605021467,0.5413515225351517,0.7335705414063288,ns,False,mixedlm
NAFLD,Bacteria.Bacillota.Clostridia.Peptostreptococcales-Tissierellales.Anaerovoracaceae.NA,Anaerovoracaceae,-0.3937847611798737,0.31142325121342207,0.711703419872371,2.0,0.0,-0.4709387862067899,0.08489409839462035,0.2235943154900564,ns,True,mixedlm
NAFLD,Bacteria.Bacillota.Clostridia.Peptostreptococcales-Tissierellales.Anaerovoracaceae.S5-A14a,,,,,,,-0.4524149311135586,0.0416814116570301,0.1394734264575596,ns,False,mixedlm
NAFLD,Bacteria.Bacillota.Clostridia.Peptostreptococcales-Tissierellales.Anaerovoracaceae.[Eubacterium] brachy group,,,,,,,-0.08645811248176152,0.5336180727059856,0.7283691941315278,ns,False,mixedlm
NAFLD,Bacteria.Bacillota.Clostridia.Peptostreptococcales-Tissierellales.Family XI.Anaerococcus,Anaerococcus,-0.6839326682800122,0.05690069335101863,0.2697851833545943,2.0,25.863876066729745,-0.6529384830783614,0.005029344957377131,0.0335888395367687,pooling_only,True,mixedlm
NAFLD,Bacteria.Bacillota.Clostridia.Peptostreptococcales-Tissierellales.Family XI.Ezakiella,,,,,,,-0.8072065413143766,0.00648085799054403,0.04179036014592185,pooling_only,False,mixedlm
NAFLD,Bacteria.Bacillota.Clostridia.Peptostreptococcales-Tissierellales.Family XI.Fenollaria,,,,,,,-0.6435035075154009,0.027817870728521165,0.11012212577618949,ns,False,mixedlm
NAFLD,Bacteria.Bacillota.Clostridia.Peptostreptococcales-Tissierellales.Family XI.Finegoldia,,,,,,,-0.168688629881411,0.4084142750938309,0.610987755540371,ns,False,mixedlm
NAFLD,Bacteria.Bacillota.Clostridia.Peptostreptococcales-Tissierellales.Family XI.Incertae Sedis,,,,,,,-0.18810483379602772,0.530313614364619,0.7283691941315278,ns,False,mixedlm
NAFLD,Bacteria.Bacillota.Clostridia.Peptostreptococcales-Tissierellales.Family XI.Murdochiella,,,,,,,-0.5083374532545277,0.04786021068843516,0.1543079206678858,ns,False,mixedlm
NAFLD,Bacteria.Bacillota.Clostridia.Peptostreptococcales-Tissierellales.Family XI.Parvimonas,Parvimonas,-0.3269110947265543,0.3151919098828273,0.711703419872371,2.0,0.0,-0.3622242180159691,0.14505984630683652,0.32293084832593366,ns,True,mixedlm
NAFLD,Bacteria.Bacillota.Clostridia.Peptostreptococcales-Tissierellales.Family XI.Peptoniphilus,Peptoniphilus,-1.2209798597193937,0.00027651818004087783,0.01410242718208477,2.0,0.0,-0.9520229859834954,0.00016695638369072964,0.005642531267880771,replicated,True,mixedlm
NAFLD,Bacteria.Bacillota.Clostridia.Peptostreptococcales-Tissierellales.Family XI.W5053,,,,,,,-0.3669410112034031,0.17965060422289758,0.37415078594679935,ns,False,mixedlm
NAFLD,Bacteria.Bacillota.Clostridia.Peptostreptococcales-Tissierellales.Peptostreptococcaceae.Intestinibacter,Intestinibacter,-0.6671961404455281,0.06325886550133232,0.28466489475599543,2.0,16.5300097722582,-0.3117221599687103,0.16127746537301602,0.3506847212180697,ns,True,mixedlm
NAFLD,Bacteria.Bacillota.Clostridia.Peptostreptococcales-Tissierellales.Peptostreptococcaceae.Peptostreptococcus,Peptostreptococcus,-0.18745913522520208,0.5207396103518314,0.8293547924538979,2.0,0.0,-0.025925540106962505,0.9184006526202816,0.9436314397801794,ns,True,mixedlm
NAFLD,Bacteria.Bacillota.Clostridia.Peptostreptococcales-Tissierellales.Peptostreptococcaceae.Romboutsia,Romboutsia,-0.13203303766659386,0.8597164201060523,0.9677927019920806,2.0,66.76751601820365,0.05496629128345929,0.8329739951939994,0.9109130824636134,ns,False,mixedlm
NAFLD,Bacteria.Bacillota.NA.NA.NA.NA,Bacteria.Bacillota.NA.NA.NA.NA,-0.2730944692709381,0.5731004504267305,0.8513045525756288,2.0,45.349065562230365,-0.27764737915428434,0.24439831081842633,0.4442898831860832,ns,True,mixedlm
NAFLD,Bacteria.Bacillota.Negativicutes.Acidaminococcales.Acidaminococcaceae.Phascolarctobacterium,Phascolarctobacterium,-0.050286767382975356,0.9404944820719894,0.9677927019920806,3.0,67.43364951348251,-0.07228306511347737,0.8437280504108009,0.9173089850396497,ns,True,mixedlm
NAFLD,Bacteria.Bacillota.Negativicutes.Veillonellales-Selenomonadales.Selenomonadaceae.Megamonas,Megamonas,2.070040129672638,0.07552769006961017,0.3123172048824421,2.0,67.1791830691167,1.6631984923538587,0.00030441237136555143,0.007115639180669765,pooling_only,True,mixedlm
NAFLD,Bacteria.Bacillota.Negativicutes.Veillonellales-Selenomonadales.Veillonellaceae.Allisonella,Allisonella,0.7712132793525402,0.007443916426000035,0.07592794754520035,3.0,0.0,0.8298619846197757,0.007886020281216443,0.046083931018358594,pooling_only,True,mixedlm
NAFLD,Bacteria.Bacillota.Negativicutes.Veillonellales-Selenomonadales.Veillonellaceae.Dialister,Dialister,-0.27764301306487865,0.5065747378394103,0.8293547924538979,3.0,0.3241718624766701,-0.2000838984424262,0.6382746441045328,0.8064686381591056,ns,True,mixedlm
NAFLD,Bacteria.Bacillota.Negativicutes.Veillonellales-Selenomonadales.Veillonellaceae.Incertae Sedis,,,,,,,0.29232719934220913,0.19514487106525769,0.39176524805110396,ns,False,mixedlm
NAFLD,Bacteria.Bacillota.Negativicutes.Veillonellales-Selenomonadales.Veillonellaceae.Megasphaera,Megasphaera,0.15290823851926608,0.7165287462788827,0.9212512452157063,3.0,0.0,-0.057671961992034344,0.8887212681872309,0.9329834328768188,ns,False,mixedlm
NAFLD,Bacteria.Bacillota.Negativicutes.Veillonellales-Selenomonadales.Veillonellaceae.Negativicoccus,,,,,,,-0.11581687670827973,0.6242937516592706,0.7941696024509088,ns,False,mixedlm
NAFLD,Bacteria.Bacillota.Negativicutes.Veillonellales-Selenomonadales.Veillonellaceae.Veillonella,Veillonella,0.3985813129108201,0.26565930550471606,0.655578608745509,3.0,0.0,0.2847843410025013,0.40067229788181324,0.6042396750314442,ns,True,mixedlm
NAFLD,Bacteria.Bacteroidota.Bacteroidia.Bacteroidales.Bacteroidaceae.Bacteroides,Bacteroides,0.20150161769386638,0.4240447409880632,0.7800863541706362,3.0,49.81677419699162,0.40381125990368166,0.050838525775676935,0.15728556739114916,ns,True,mixedlm
NAFLD,Bacteria.Bacteroidota.Bacteroidia.Bacteroidales.Barnesiellaceae.Barnesiella,Barnesiella,-1.0112451896648473,0.022342704818370467,0.1671002009210908,3.0,0.0,-1.2521359522638038,0.003637687195233412,0.02834364606286033,pooling_only,True,mixedlm
NAFLD,Bacteria.Bacteroidota.Bacteroidia.Bacteroidales.Barnesiellaceae.Coprobacter,Coprobacter,0.051492416392284295,0.8696461110458074,0.9677927019920806,3.0,0.0,-0.49026369256327074,0.1694014440061432,0.36411574746148023,ns,False,mixedlm
NAFLD,Bacteria.Bacteroidota.Bacteroidia.Bacteroidales.Marinifilaceae.Butyricimonas,Butyricimonas,-1.1380485841129704,0.001861759470201403,0.028484919894081463,3.0,0.0,-1.3348038516369756,0.00018104378399617447,0.005642531267880771,replicated,True,mixedlm
NAFLD,Bacteria.Bacteroidota.Bacteroidia.Bacteroidales.Marinifilaceae.Odoribacter,Odoribacter,-1.1288341864779619,0.11958349195574586,0.40122096690971737,3.0,74.49672364542039,-1.2060551483659587,0.0008922495315799176,0.012834666338880352,pooling_only,True,mixedlm
NAFLD,Bacteria.Bacteroidota.Bacteroidia.Bacteroidales.Muribaculaceae.Incertae Sedis,Incertae Sedis,0.3343920946037996,0.3832113124635059,0.7800863541706362,3.0,0.0,0.23526954128111272,0.5242822307059742,0.7283691941315278,ns,True,mixedlm
NAFLD,Bacteria.Bacteroidota.Bacteroidia.Bacteroidales.NA.NA,,,,,,,-0.5414357135256024,0.08234062705977217,0.2235943154900564,ns,False,mixedlm
NAFLD,Bacteria.Bacteroidota.Bacteroidia.Bacteroidales.Porphyromonadaceae.Porphyromonas,Porphyromonas,-0.4571906992600776,0.0822119215664296,0.3308623554676869,2.0,0.0,-0.476260381351425,0.07061832614883991,0.20008525742171307,ns,True,mixedlm
NAFLD,Bacteria.Bacteroidota.Bacteroidia.Bacteroidales.Prevotellaceae.Hoylesella,Hoylesella,-0.19938107416911682,0.590040559975991,0.8566152983180872,2.0,0.0,-0.3085288366724292,0.24471581801158593,0.4442898831860832,ns,True,mixedlm
NAFLD,Bacteria.Bacteroidota.Bacteroidia.Bacteroidales.Prevotellaceae.Incertae Sedis,Incertae Sedis,-0.43196889451078974,0.4898676491607562,0.8293547924538979,2.0,78.34849487261224,-0.27890256334333474,0.3157139789505239,0.5133783831630258,ns,True,mixedlm
NAFLD,Bacteria.Bacteroidota.Bacteroidia.Bacteroidales.Prevotellaceae.Leyella,Leyella,0.4167180096621369,0.3256159437324573,0.711703419872371,2.0,0.0,0.7592134003214929,0.02421999259916132,0.10064752480095927,ns,True,mixedlm
NAFLD,Bacteria.Bacteroidota.Bacteroidia.Bacteroidales.Prevotellaceae.NA,Prevotellaceae,-0.5821997327026383,0.1667747680661289,0.45565249132353075,2.0,0.0,-0.6689490464106131,0.037740678769907984,0.1357212871148614,ns,True,mixedlm
NAFLD,Bacteria.Bacteroidota.Bacteroidia.Bacteroidales.Prevotellaceae.Paraprevotella,Paraprevotella,-0.3149720529530565,0.5018314603696838,0.8293547924538979,3.0,0.0,-0.16848606527360804,0.7136938635916119,0.8500684872078434,ns,True,mixedlm
NAFLD,Bacteria.Bacteroidota.Bacteroidia.Bacteroidales.Prevotellaceae.Prevotella,Prevotella,-0.09504121250331932,0.8182931133613772,0.9596052116775465,2.0,0.0,-0.09308997099746595,0.7444752373284085,0.8647641636779319,ns,True,mixedlm
NAFLD,Bacteria.Bacteroidota.Bacteroidia.Bacteroidales.Prevotellaceae.Segatella,Segatella,-0.7340246020959829,0.37749683130778555,0.7800863541706362,3.0,44.77349479294115,-0.5138731549272992,0.37697278605896023,0.5778189425657833,ns,True,mixedlm
NAFLD,Bacteria.Bacteroidota.Bacteroidia.Bacteroidales.Rikenellaceae.Alistipes,Alistipes,-0.6987273299600255,0.13531571695633673,0.41282665909080085,3.0,25.929921542909852,-0.7684409564246634,0.0417674432172371,0.1394734264575596,ns,True,mixedlm
NAFLD,Bacteria.Bacteroidota.Bacteroidia.Bacteroidales.Rikenellaceae.Rikenellaceae RC9 gut group,,,,,,,-0.26469087366984434,0.33843285006833335,0.536330025108291,ns,False,mixedlm
NAFLD,Bacteria.Bacteroidota.Bacteroidia.Bacteroidales.Tannerellaceae.Incertae Sedis,Incertae Sedis,-0.6895013174770179,0.1222194106921228,0.40122096690971737,2.0,24.121847729400667,-0.5490795765301267,0.03650389231595408,0.1338476051584983,ns,True,mixedlm
NAFLD,Bacteria.Bacteroidota.Bacteroidia.Bacteroidales.Tannerellaceae.Parabacteroides,Parabacteroides,-0.21521455465640862,0.37419545747535377,0.7800863541706362,3.0,0.0,-0.1370715175668844,0.614042572293142,0.7864791850603942,ns,True,mixedlm
NAFLD,Bacteria.Bacteroidota.Bacteroidia.NA.NA.NA,Bacteroidia,0.14018088724557135,0.5702618227361848,0.8513045525756288,2.0,18.03537720282913,,,,ns,False,mixedlm
NAFLD,Bacteria.Campylobacterota.Campylobacteria.Campylobacterales.Campylobacteraceae.Campylobacter,Campylobacter,0.10802286810495176,0.7660945563950878,0.9452618316810358,2.0,0.0,-0.12404158201526393,0.6470190078147853,0.8115154384463291,ns,False,mixedlm
NAFLD,Bacteria.Cyanobacteriota.Cyanobacteriia.Chloroplast.Incertae Sedis.Incertae Sedis,Incertae Sedis,0.7051833814330197,0.15018189157283343,0.4335439511442173,2.0,63.786505662141536,0.47731297634424136,0.023237248387685552,0.10064752480095927,ns,True,mixedlm
NAFLD,Bacteria.Fusobacteriota.Fusobacteriia.Fusobacteriales.Fusobacteriaceae.Fusobacterium,Fusobacterium,1.3429381234082547,0.0016795694302465184,0.028484919894081463,3.0,0.0,0.9793991221969808,0.02505651343571462,0.10186017418431813,within_only,True,mixedlm
NAFLD,Bacteria.NA.NA.NA.NA.NA,Bacteria.NA.NA.NA.NA.NA,-1.1128065970286263,0.005946568013476771,0.07249730173434588,2.0,0.0,-0.9157992351663274,0.0008039448372937031,0.012528140381160206,pooling_only,True,mixedlm
NAFLD,Bacteria.Patescibacteria.Saccharimonadia.Saccharimonadales.Incertae Sedis.Incertae Sedis,,,,,,,0.051050322988653966,0.7785281516939794,0.8717650560884679,ns,False,mixedlm
NAFLD,Bacteria.Patescibacteria.Saccharimonadia.Saccharimonadales.Saccharimonadaceae.TM7x,,,,,,,0.1954330192692197,0.2471094047908633,0.4443217182297253,ns,False,mixedlm
NAFLD,Bacteria.Pseudomonadota.Alphaproteobacteria.Rhodospirillales.Incertae Sedis.Incertae Sedis,Incertae Sedis,0.29951869337813003,0.2583997060353882,0.6481172954658097,3.0,0.0,0.3433995786508855,0.30629261344187064,0.5063532753860381,ns,True,mixedlm
NAFLD,Bacteria.Pseudomonadota.Alphaproteobacteria.Rickettsiales.Mitochondria.Incertae Sedis,Incertae Sedis,0.22834325797419824,0.6949621950010507,0.9212512452157063,2.0,72.24120134233651,0.04621718740271477,0.8176919316247532,0.9035734218791297,ns,True,mixedlm
NAFLD,Bacteria.Pseudomonadota.Gammaproteobacteria.Burkholderiales.Neisseriaceae.Neisseria,Neisseria,-0.3058455714197391,0.5319361568208506,0.8293547924538979,2.0,63.77461893441257,-0.19588545291453954,0.3086859539786543,0.5063532753860381,ns,True,mixedlm
NAFLD,Bacteria.Pseudomonadota.Gammaproteobacteria.Burkholderiales.Oxalobacteraceae.Oxalobacter,Oxalobacter,0.050342180839037354,0.9198681279834388,0.9677927019920806,2.0,79.70852660827342,-0.02065641259419805,0.9024141096709963,0.9329834328768188,ns,False,mixedlm
NAFLD,Bacteria.Pseudomonadota.Gammaproteobacteria.Burkholderiales.Sutterellaceae.Parasutterella,Parasutterella,0.40881401371579473,0.662288193013963,0.9096404987194199,3.0,76.06132084570379,0.3196951924269915,0.46701337411621036,0.6666526790819186,ns,True,mixedlm
NAFLD,Bacteria.Pseudomonadota.Gammaproteobacteria.Burkholderiales.Sutterellaceae.Sutterella,Sutterella,0.03001482800459979,0.9497369568924765,0.9677927019920806,3.0,0.0,0.07214994297050005,0.8772232079358115,0.9329834328768188,ns,True,mixedlm
NAFLD,Bacteria.Pseudomonadota.Gammaproteobacteria.Enterobacterales.Enterobacteriaceae.Citrobacter,Citrobacter,-0.8885745809747625,0.00024111634626329428,0.01410242718208477,3.0,0.0,-0.9351839904651797,5.123578948978465e-05,0.004790546317294865,replicated,True,mixedlm
NAFLD,Bacteria.Pseudomonadota.Gammaproteobacteria.Enterobacterales.Enterobacteriaceae.Enterobacter,,,,,,,0.08402667583525467,0.7663046839325894,0.8647641636779319,ns,False,mixedlm
NAFLD,Bacteria.Pseudomonadota.Gammaproteobacteria.Enterobacterales.Enterobacteriaceae.Escherichia-Shigella,Escherichia-Shigella,0.3993620755324309,0.42443229465125987,0.7800863541706362,3.0,45.24117428829816,0.36764615007892765,0.28914938871443385,0.48653631133979436,ns,True,mixedlm
NAFLD,Bacteria.Pseudomonadota.Gammaproteobacteria.Enterobacterales.Enterobacteriaceae.Klebsiella,Klebsiella,0.21058009890797763,0.5551213267246394,0.840926366226434,3.0,0.0,0.36188710440393473,0.3608983001525694,0.5577519184176072,ns,True,mixedlm
NAFLD,Bacteria.Pseudomonadota.Gammaproteobacteria.Enterobacterales.Enterobacteriaceae.NA,,,,,,,0.42083475910244583,0.13742659717327857,0.31339967891954995,ns,False,mixedlm
NAFLD,Bacteria.Pseudomonadota.Gammaproteobacteria.Enterobacterales.Pasteurellaceae.Haemophilus,Haemophilus,-0.060499340084683384,0.9108400225778067,0.9677927019920806,3.0,56.05332883060028,0.06028642629746307,0.8619657674726765,0.9317202226438758,ns,False,mixedlm
NAFLD,Bacteria.Pseudomonadota.Gammaproteobacteria.Pseudomonadales.Moraxellaceae.Acinetobacter,Acinetobacter,0.6253743373478955,0.24630011660057616,0.6280652973314692,2.0,70.7902902434726,0.4253876137830272,0.031240445134297867,0.11683926480227401,ns,True,mixedlm
NAFLD,Bacteria.Pseudomonadota.NA.NA.NA.NA,,,,,,,-0.19092686483565277,0.33039325794892904,0.5280644379183738,ns,False,mixedlm
NAFLD,Bacteria.Synergistota.Synergistia.Synergistales.Synergistaceae.Cloacibacillus,Cloacibacillus,-0.18086906089622928,0.43110609275974743,0.7800863541706362,2.0,0.0,-0.2688095409335456,0.08440086468219639,0.2235943154900564,ns,True,mixedlm
NAFLD,Bacteria.Thermodesulfobacteriota.Desulfovibrionia.Desulfovibrionales.Desulfovibrionaceae.Bilophila,Bilophila,-0.5398437695473575,0.1313941452483243,0.4102715147549718,3.0,0.0,-0.48708882305737716,0.15717611985830815,0.34578746368827795,ns,True,mixedlm
NAFLD,Bacteria.Thermodesulfobacteriota.Desulfovibrionia.Desulfovibrionales.Desulfovibrionaceae.Desulfovibrio,Desulfovibrio,-0.016454561413429405,0.9671922069812928,0.9735553136061698,3.0,0.0,-0.161441960315625,0.6646590809543498,0.8231208485990954,ns,True,mixedlm
NAFLD,Bacteria.Verrucomicrobiota.Lentisphaeria.Victivallales.Victivallaceae.Victivallis,Victivallis,-0.5205784355525003,0.0721491771038587,0.30663400269139945,2.0,0.0,-0.5307334970048467,0.009721901121302877,0.04913501377523346,pooling_only,True,mixedlm
NAFLD,Bacteria.Verrucomicrobiota.Lentisphaeria.Victivallales.vadinBE97.Incertae Sedis,Incertae Sedis,-0.21821202637966275,0.5089885965468978,0.8293547924538979,2.0,43.37334679932767,,,,ns,False,mixedlm
NAFLD,Bacteria.Verrucomicrobiota.Verrucomicrobiia.Verrucomicrobiales.Akkermansiaceae.Akkermansia,Akkermansia,-1.239096392239352,0.001261718331283905,0.024130363085804685,3.0,0.0,-1.2224265253254056,0.0025628308516860076,0.021784062239331065,replicated,True,mixedlm
NAFLD,Eukaryota.NA.NA.NA.NA.NA,,,,,,,0.6481387915251148,2.0805413124983287e-05,0.003890612254371875,pooling_only,False,mixedlm
T1D,Archaea.Methanobacteriota.Methanobacteria.Methanobacteriales.Methanobacteriaceae.Methanobrevibacter,,,,,,,-0.14689860482559322,0.5297669517266035,0.9270921655215562,ns,False,mixedlm
T1D,Bacteria.Actinomycetota.Actinobacteria.Actinomycetales.Actinomycetaceae.Schaalia,Schaalia,-0.10353899267127929,0.6607641664097734,0.9882664771433028,2.0,38.75089183795377,-0.12795816973723118,0.4889887401131068,0.8952255395916879,ns,True,mixedlm
T1D,Bacteria.Actinomycetota.Actinobacteria.Bifidobacteriales.Bifidobacteriaceae.Bifidobacterium,Bifidobacterium,-0.078940981406382,0.8754856321529151,0.9882664771433028,2.0,60.48792538029273,-0.1431110832029579,0.6516367304067563,0.9566208040531422,ns,True,mixedlm
T1D,Bacteria.Actinomycetota.Coriobacteriia.Coriobacteriales.Coriobacteriaceae.Collinsella,Collinsella,-0.9347406154671283,0.0020562367894077878,0.11720549699624391,2.0,0.0,-0.9444994036609916,0.002060797406500602,0.12261744568678581,ns,True,mixedlm
T1D,Bacteria.Actinomycetota.Coriobacteriia.Coriobacteriales.Eggerthellaceae.Adlercreutzia,,,,,,,-0.46280466247437785,0.03848129743660056,0.5895068123104015,ns,False,mixedlm
T1D,Bacteria.Actinomycetota.Coriobacteriia.Coriobacteriales.Eggerthellaceae.Eggerthella,Eggerthella,0.03817781726807767,0.8452490315646872,0.9882664771433028,2.0,0.0,0.06010912785850568,0.7602720008451626,0.9566208040531422,ns,True,mixedlm
T1D,Bacteria.Actinomycetota.Coriobacteriia.Coriobacteriales.Eggerthellaceae.Incertae Sedis,,,,,,,-0.6729794794576484,0.0001981416616477109,0.023578857736077596,pooling_only,False,mixedlm
T1D,Bacteria.Actinomycetota.Coriobacteriia.Coriobacteriales.Eggerthellaceae.Senegalimassilia,,,,,,,-0.3804114734563621,0.08590891527090858,0.7573897110116106,ns,False,mixedlm
T1D,Bacteria.Actinomycetota.Coriobacteriia.Coriobacteriales.Eggerthellaceae.Slackia,,,,,,,-0.1312600681219714,0.3484851798196936,0.876266316084593,ns,False,mixedlm
T1D,Bacteria.Bacillota.Bacilli.Erysipelotrichales.Erysipelatoclostridiaceae.Catenibacterium,,,,,,,-0.0993047819688014,0.7023772897323548,0.9566208040531422,ns,False,mixedlm
T1D,Bacteria.Bacillota.Bacilli.Erysipelotrichales.Erysipelatoclostridiaceae.Erysipelotrichaceae UCG-003,Erysipelotrichaceae UCG-003,-0.33918430614582346,0.5174746450550063,0.9882664771433028,2.0,68.45806081854673,-0.40478532575397014,0.16834898842825285,0.8389698114565759,ns,True,mixedlm
T1D,Bacteria.Bacillota.Bacilli.Erysipelotrichales.Erysipelatoclostridiaceae.Thomasclavelia,Thomasclavelia,0.11607135599833611,0.6896189215721907,0.9882664771433028,2.0,35.53697838038448,0.009367216731633972,0.9681142348616273,0.9763185927841834,ns,True,mixedlm
T1D,Bacteria.Bacillota.Bacilli.Erysipelotrichales.Erysipelotrichaceae.Holdemanella,,,,,,,-0.1788346364108094,0.42677989775983693,0.8791913675324967,ns,False,mixedlm
T1D,Bacteria.Bacillota.Bacilli.Erysipelotrichales.Erysipelotrichaceae.Turicibacter,Turicibacter,-0.05257270247939662,0.8219802110838155,0.9882664771433028,2.0,0.0,-0.08939190851816653,0.7378215253140668,0.9566208040531422,ns,True,mixedlm
T1D,Bacteria.Bacillota.Bacilli.Erysipelotrichales.Erysipelotrichaceae.[Clostridium] innocuum group,,,,,,,0.04112726511654082,0.8274796508051534,0.9566208040531422,ns,False,mixedlm
T1D,Bacteria.Bacillota.Bacilli.Lactobacillales.Enterococcaceae.Enterococcus,Enterococcus,-0.2924516720088015,0.43269962910227966,0.9882664771433028,2.0,0.0,-0.3504216653994085,0.39671631589618495,0.876266316084593,ns,True,mixedlm
T1D,Bacteria.Bacillota.Bacilli.Lactobacillales.Lactobacillaceae.Lacticaseibacillus,,,,,,,0.027302427498521676,0.9038453561902268,0.9566208040531422,ns,False,mixedlm
T1D,Bacteria.Bacillota.Bacilli.Lactobacillales.Lactobacillaceae.Lactobacillus,,,,,,,0.1052414480030686,0.6455174034275742,0.9566208040531422,ns,False,mixedlm
T1D,Bacteria.Bacillota.Bacilli.Lactobacillales.Lactobacillaceae.Ligilactobacillus,,,,,,,-0.37830713928984666,0.1900435561237911,0.8389698114565759,ns,False,mixedlm
T1D,Bacteria.Bacillota.Bacilli.Lactobacillales.Lactobacillaceae.Pediococcus,,,,,,,-0.1709981775136766,0.4856771478496327,0.8952255395916879,ns,False,mixedlm
T1D,Bacteria.Bacillota.Bacilli.Lactobacillales.Lactobacillaceae.Weissella,,,,,,,-0.3184022301788039,0.19325537627342304,0.8389698114565759,ns,False,mixedlm
T1D,Bacteria.Bacillota.Bacilli.Lactobacillales.Streptococcaceae.Streptococcus,Streptococcus,0.3451844498402749,0.274508912325341,0.9204122354437906,2.0,0.0,0.34710474834369653,0.292930895172293,0.876266316084593,ns,True,mixedlm
T1D,Bacteria.Bacillota.Bacilli.RF39.Incertae Sedis.Incertae Sedis,,,,,,,-0.37164088182146204,0.13714338948126323,0.8389698114565759,ns,False,mixedlm
T1D,Bacteria.Bacillota.Bacilli.Staphylococcales.Staphylococcaceae.Staphylococcus,Staphylococcus,-0.019958975229664912,0.9139312332480215,0.9882664771433028,2.0,0.0,0.07699607574179329,0.7401789827773719,0.9566208040531422,ns,False,mixedlm
T1D,Bacteria.Bacillota.Clostridia.Christensenellales.Christensenellaceae.Christensenellaceae R-7 group,,,,,,,-0.06712084005750725,0.7914565494154289,0.9566208040531422,ns,False,mixedlm
T1D,Bacteria.Bacillota.Clostridia.Christensenellales.Christensenellaceae.NA,,,,,,,0.049936066183311284,0.808096715744192,0.9566208040531422,ns,False,mixedlm
T1D,Bacteria.Bacillota.Clostridia.Clostridia UCG-014.Incertae Sedis.Incertae Sedis,,,,,,,-0.2833542617886417,0.36948629470587624,0.876266316084593,ns,False,mixedlm
T1D,Bacteria.Bacillota.Clostridia.Clostridiales.Clostridiaceae.Clostridium,Clostridium,-0.48882419074778505,0.14534770556534257,0.9204122354437906,2.0,0.0,-0.4612358853414308,0.1695839527811247,0.8389698114565759,ns,True,mixedlm
T1D,Bacteria.Bacillota.Clostridia.Clostridiales.Clostridiaceae.Sarcina,,,,,,,-0.10892165767262835,0.7124356556032594,0.9566208040531422,ns,False,mixedlm
T1D,Bacteria.Bacillota.Clostridia.Lachnospirales.Lachnospiraceae.Agathobacter,Agathobacter,0.13553695917334754,0.780288597429901,0.9882664771433028,2.0,38.900157454792904,0.12316644185678768,0.7441600015644511,0.9566208040531422,ns,True,mixedlm
T1D,Bacteria.Bacillota.Clostridia.Lachnospirales.Lachnospiraceae.Anaerobutyricum,Anaerobutyricum,-0.5283392154592957,0.5137448988700343,0.9882664771433028,2.0,88.14133457031325,-0.6483029047765548,0.020522376839881545,0.4315855707887673,ns,True,mixedlm
T1D,Bacteria.Bacillota.Clostridia.Lachnospirales.Lachnospiraceae.Anaerostipes,Anaerostipes,-0.7110903256688275,0.07655116496275584,0.8726832805754166,2.0,32.373355153392964,-0.6646460560035083,0.03963071007128749,0.5895068123104015,ns,True,mixedlm
T1D,Bacteria.Bacillota.Clostridia.Lachnospirales.Lachnospiraceae.Blautia,Blautia,0.3502280932833797,0.6080426300854604,0.9882664771433028,2.0,73.11232489918638,0.3669352996144858,0.2523070974313958,0.876266316084593,ns,True,mixedlm
T1D,Bacteria.Bacillota.Clostridia.Lachnospirales.Lachnospiraceae.CAG-56,,,,,,,0.019082871011421185,0.9311250944055381,0.9566208040531422,ns,False,mixedlm
T1D,Bacteria.Bacillota.Clostridia.Lachnospirales.Lachnospiraceae.Coprococcus,,,,,,,-0.38025320262027396,0.11221388575745125,0.8345907753210438,ns,False,mixedlm
T1D,Bacteria.Bacillota.Clostridia.Lachnospirales.Lachnospiraceae.Dorea,Dorea,-0.6399315669568327,0.053985999874636016,0.8726832805754166,2.0,38.89172324526349,-0.6760612794229107,0.009087898715056367,0.3604866490305692,ns,True,mixedlm
T1D,Bacteria.Bacillota.Clostridia.Lachnospirales.Lachnospiraceae.Enterocloster,Enterocloster,0.665294292015346,0.025084325710702314,0.714903282755016,2.0,0.0,0.6986747057238238,0.021760617014559697,0.4315855707887673,ns,True,mixedlm
T1D,Bacteria.Bacillota.Clostridia.Lachnospirales.Lachnospiraceae.Faecalimonas,Faecalimonas,-0.10323118012531514,0.6436063144728339,0.9882664771433028,2.0,0.0,-0.1001828119914819,0.6516185743658265,0.9566208040531422,ns,True,mixedlm
T1D,Bacteria.Bacillota.Clostridia.Lachnospirales.Lachnospiraceae.Fusicatenibacter,Fusicatenibacter,-0.1596872826065606,0.7056740905986214,0.9882664771433028,2.0,28.59047075460717,-0.1452806385450156,0.6806201165555545,0.9566208040531422,ns,True,mixedlm
T1D,Bacteria.Bacillota.Clostridia.Lachnospirales.Lachnospiraceae.GCA-900066575,,,,,,,0.05525956113837302,0.6584318666692641,0.9566208040531422,ns,False,mixedlm
T1D,Bacteria.Bacillota.Clostridia.Lachnospirales.Lachnospiraceae.Hungatella,,,,,,,0.21532409615574857,0.3355828125689124,0.876266316084593,ns,False,mixedlm
T1D,Bacteria.Bacillota.Clostridia.Lachnospirales.Lachnospiraceae.Lachnoclostridium,Lachnoclostridium,0.07881441400275858,0.8418899447251182,0.9882664771433028,2.0,47.40934788171489,0.030011230566249766,0.9164876912073205,0.9566208040531422,ns,True,mixedlm
T1D,Bacteria.Bacillota.Clostridia.Lachnospirales.Lachnospiraceae.Lachnospira,Lachnospira,-0.4155284326402357,0.18725954320208016,0.9204122354437906,2.0,0.0,-0.39439917413612113,0.21855516096767946,0.8389698114565759,ns,True,mixedlm
T1D,Bacteria.Bacillota.Clostridia.Lachnospirales.Lachnospiraceae.Lachnospiraceae FCS020 group,,,,,,,-0.19013094213086557,0.36180119568665003,0.876266316084593,ns,False,mixedlm
T1D,Bacteria.Bacillota.Clostridia.Lachnospirales.Lachnospiraceae.Lachnospiraceae ND3007 group,Lachnospiraceae ND3007 group,0.043925589550701076,0.8468403385287209,0.9882664771433028,2.0,0.0,0.05520014125368758,0.8178111993372341,0.9566208040531422,ns,True,mixedlm
T1D,Bacteria.Bacillota.Clostridia.Lachnospirales.Lachnospiraceae.Lachnospiraceae NK4A136 group,Lachnospiraceae NK4A136 group,0.3883937021646796,0.42063822361532655,0.9882664771433028,2.0,55.715757309302205,0.32285384070288214,0.31562275891921765,0.876266316084593,ns,True,mixedlm
T1D,Bacteria.Bacillota.Clostridia.Lachnospirales.Lachnospiraceae.Lachnospiraceae UCG-004,Lachnospiraceae UCG-004,-0.06496951024954364,0.8607560930224329,0.9882664771433028,2.0,59.753983367397154,-0.036802895716387916,0.8728309895830598,0.9566208040531422,ns,True,mixedlm
T1D,Bacteria.Bacillota.Clostridia.Lachnospirales.Lachnospiraceae.Lachnospiraceae UCG-010,,,,,,,0.2258713181353677,0.15402307012643168,0.8389698114565759,ns,False,mixedlm
T1D,Bacteria.Bacillota.Clostridia.Lachnospirales.Lachnospiraceae.Marvinbryantia,,,,,,,0.12843920154307667,0.4739539238412168,0.8952255395916879,ns,False,mixedlm
T1D,Bacteria.Bacillota.Clostridia.Lachnospirales.Lachnospiraceae.Mediterraneibacter,Mediterraneibacter,-0.5718461864323932,0.20587582500117507,0.9204122354437906,2.0,46.596549103354825,-0.5461849567115017,0.08647948475136602,0.7573897110116106,ns,True,mixedlm
T1D,Bacteria.Bacillota.Clostridia.Lachnospirales.Lachnospiraceae.NA,Lachnospiraceae,0.39235409756268735,0.38397437060647777,0.9882664771433028,2.0,46.13060276054172,0.3940311160920014,0.2175661024454293,0.8389698114565759,ns,True,mixedlm
T1D,Bacteria.Bacillota.Clostridia.Lachnospirales.Lachnospiraceae.Roseburia,Roseburia,0.28446198824516344,0.5058504763346946,0.9882664771433028,2.0,28.41868718914176,0.3062675550308587,0.3900830062893408,0.876266316084593,ns,True,mixedlm
T1D,Bacteria.Bacillota.Clostridia.Lachnospirales.Lachnospiraceae.Sellimonas,Sellimonas,0.009979355923547588,0.9623015395521156,0.9882664771433028,2.0,0.0,0.030636761723288372,0.891600017381697,0.9566208040531422,ns,True,mixedlm
T1D,Bacteria.Bacillota.Clostridia.Lachnospirales.Lachnospiraceae.Tyzzerella,,,,,,,-0.11241979578954751,0.44983155527222396,0.8791913675324967,ns,False,mixedlm
T1D,Bacteria.Bacillota.Clostridia.Lachnospirales.Lachnospiraceae.[Eubacterium] eligens group,[Eubacterium] eligens group,-0.017209065611308767,0.954917514133498,0.9882664771433028,2.0,0.0,-0.029197525556123583,0.9232536662424607,0.9566208040531422,ns,True,mixedlm
T1D,Bacteria.Bacillota.Clostridia.Lachnospirales.Lachnospiraceae.[Eubacterium] ruminantium group,,,,,,,0.23337095654702164,0.20724011605432158,0.8389698114565759,ns,False,mixedlm
T1D,Bacteria.Bacillota.Clostridia.Lachnospirales.Lachnospiraceae.[Eubacterium] ventriosum group,,,,,,,-0.014756166985874293,0.9325043131946597,0.9566208040531422,ns,False,mixedlm
T1D,Bacteria.Bacillota.Clostridia.Lachnospirales.Lachnospiraceae.[Eubacterium] xylanophilum group,,,,,,,-0.19364022429066677,0.30536147707370265,0.876266316084593,ns,False,mixedlm
T1D,Bacteria.Bacillota.Clostridia.Lachnospirales.Lachnospiraceae.[Ruminococcus] gauvreauii group,,,,,,,-0.2201194896356941,0.3900835521621957,0.876266316084593,ns,False,mixedlm
T1D,Bacteria.Bacillota.Clostridia.Lachnospirales.Lachnospiraceae.[Ruminococcus] gnavus group,[Ruminococcus] gnavus group,0.27287816211519805,0.3633204525749565,0.9882664771433028,2.0,0.0,0.20300691998909123,0.5223033466036946,0.9270921655215562,ns,True,mixedlm
T1D,Bacteria.Bacillota.Clostridia.Monoglobales.Monoglobaceae.Monoglobus,Monoglobus,0.4589006338866718,0.09208049778733433,0.8747647289796762,2.0,0.0,0.4521304743882368,0.09546929130398452,0.7573897110116106,ns,True,mixedlm
T1D,Bacteria.Bacillota.Clostridia.NA.NA.NA,,,,,,,-0.14565243734293656,0.3263768385585456,0.876266316084593,ns,False,mixedlm
T1D,Bacteria.Bacillota.Clostridia.Oscillospirales.Butyricicoccaceae.Agathobaculum,Agathobaculum,0.34141345914632937,0.3768030423928621,0.9882664771433028,2.0,57.65403221997987,0.4444841469281228,0.09502121165691024,0.7573897110116106,ns,True,mixedlm
T1D,Bacteria.Bacillota.Clostridia.Oscillospirales.Oscillospiraceae.Colidextribacter,,,,,,,0.10387419404131772,0.5503283511401746,0.9355581969382969,ns,False,mixedlm
T1D,Bacteria.Bacillota.Clostridia.Oscillospirales.Oscillospiraceae.Flavonifractor,Flavonifractor,0.29362707670374755,0.19765912122246965,0.9204122354437906,2.0,0.0,0.21434865321435828,0.38643433072637945,0.876266316084593,ns,True,mixedlm
T1D,Bacteria.Bacillota.Clostridia.Oscillospirales.Oscillospiraceae.Intestinimonas,,,,,,,0.38938528219890217,0.05412557993560682,0.7156604458152458,ns,False,mixedlm
T1D,Bacteria.Bacillota.Clostridia.Oscillospirales.Oscillospiraceae.NK4A214 group,,,,,,,-0.11626195729740313,0.6088851788194845,0.9566208040531422,ns,False,mixedlm
T1D,Bacteria.Bacillota.Clostridia.Oscillospirales.Oscillospiraceae.Oscillibacter,Oscillibacter,0.03175067380382601,0.9123268802115723,0.9882664771433028,2.0,44.097820158819815,0.05478971206687545,0.7984956050477214,0.9566208040531422,ns,True,mixedlm
T1D,Bacteria.Bacillota.Clostridia.Oscillospirales.Oscillospiraceae.UCG-002,,,,,,,-0.05121719000728792,0.8529624057961978,0.9566208040531422,ns,False,mixedlm
T1D,Bacteria.Bacillota.Clostridia.Oscillospirales.Oscillospiraceae.UCG-003,,,,,,,-0.08109155523916906,0.6551209073488564,0.9566208040531422,ns,False,mixedlm
T1D,Bacteria.Bacillota.Clostridia.Oscillospirales.Oscillospiraceae.UCG-005,,,,,,,-0.18340664325531988,0.4287258474001715,0.8791913675324967,ns,False,mixedlm
T1D,Bacteria.Bacillota.Clostridia.Oscillospirales.Ruminococcaceae.Acutalibacter,Acutalibacter,-0.22007725425429614,0.3362978066048721,0.9882664771433028,2.0,0.0,-0.20235585171100853,0.3800339250420687,0.876266316084593,ns,True,mixedlm
T1D,Bacteria.Bacillota.Clostridia.Oscillospirales.Ruminococcaceae.CAG-352,,,,,,,0.0923143442707666,0.6683153119592953,0.9566208040531422,ns,False,mixedlm
T1D,Bacteria.Bacillota.Clostridia.Oscillospirales.Ruminococcaceae.Faecalibacterium,Faecalibacterium,-0.09230235998683468,0.8004921419842912,0.9882664771433028,2.0,0.0,-0.08816262613146245,0.8198722502494082,0.9566208040531422,ns,True,mixedlm
T1D,Bacteria.Bacillota.Clostridia.Oscillospirales.Ruminococcaceae.Fournierella,,,,,,,0.17412539974209673,0.23715673988519625,0.8552015771617683,ns,False,mixedlm
T1D,Bacteria.Bacillota.Clostridia.Oscillospirales.Ruminococcaceae.Gemmiger,Gemmiger,0.2025307056485185,0.6129394664980718,0.9882664771433028,2.0,40.49165918080356,0.18470470590695826,0.544120750495946,0.9355581969382969,ns,True,mixedlm
T1D,Bacteria.Bacillota.Clostridia.Oscillospirales.Ruminococcaceae.Incertae Sedis,,,,,,,0.08003290067927331,0.6959599777078554,0.9566208040531422,ns,False,mixedlm
T1D,Bacteria.Bacillota.Clostridia.Oscillospirales.Ruminococcaceae.NA,Ruminococcaceae,-0.027683544534684745,0.8944920621142585,0.9882664771433028,2.0,0.0,-0.07239343844202598,0.7410794137279656,0.9566208040531422,ns,True,mixedlm
T1D,Bacteria.Bacillota.Clostridia.Oscillospirales.Ruminococcaceae.Ruminococcus,Ruminococcus,-0.12918589724895713,0.7701496620761226,0.9882664771433028,2.0,36.4533181207686,-0.1045754239323292,0.7614411220902703,0.9566208040531422,ns,True,mixedlm
T1D,Bacteria.Bacillota.Clostridia.Oscillospirales.Ruminococcaceae.Ruthenibacterium,Ruthenibacterium,0.6445645598077004,0.27189886457794143,0.9204122354437906,2.0,84.04109477336351,0.5728616804487585,0.01224581018522647,0.3643128530104875,ns,True,mixedlm
T1D,Bacteria.Bacillota.Clostridia.Oscillospirales.Ruminococcaceae.[Eubacterium] siraeum group,,,,,,,0.25784059556832595,0.20494151607629385,0.8389698114565759,ns,False,mixedlm
T1D,Bacteria.Bacillota.Clostridia.Oscillospirales.UCG-010.Incertae Sedis,,,,,,,-0.1589628865679874,0.405936909135972,0.8782998579487394,ns,False,mixedlm
T1D,Bacteria.Bacillota.Clostridia.Oscillospirales.[Eubacterium] coprostanoligenes group.Incertae Sedis,Incertae Sedis,0.3122335924057612,0.3005125488682665,0.9516230714161773,2.0,0.0,0.32647711741910584,0.30587045096348064,0.876266316084593,ns,True,mixedlm
T1D,Bacteria.Bacillota.Clostridia.Peptococcales.Peptococcaceae.Peptococcus,,,,,,,-0.1083774520317639,0.39763345435771447,0.876266316084593,ns,False,mixedlm
T1D,Bacteria.Bacillota.Clostridia.Peptostreptococcales-Tissierellales.Anaerovoracaceae.Family XIII AD3011 group,,,,,,,-0.199621045556038,0.2856006281543182,0.876266316084593,ns,False,mixedlm
T1D,Bacteria.Bacillota.Clostridia.Peptostreptococcales-Tissierellales.Anaerovoracaceae.Mogibacterium,,,,,,,-0.033699852706627724,0.8584961021885569,0.9566208040531422,ns,False,mixedlm
T1D,Bacteria.Bacillota.Clostridia.Peptostreptococcales-Tissierellales.Family XI.Anaerococcus,,,,,,,-0.27440857955221504,0.28487436934379917,0.876266316084593,ns,False,mixedlm
T1D,Bacteria.Bacillota.Clostridia.Peptostreptococcales-Tissierellales.Family XI.Fenollaria,,,,,,,0.09711337399360906,0.509188360142903,0.9180820432879615,ns,False,mixedlm
T1D,Bacteria.Bacillota.Clostridia.Peptostreptococcales-Tissierellales.Family XI.Finegoldia,,,,,,,0.10629164519171606,0.6031331242530767,0.9566208040531422,ns,False,mixedlm
T1D,Bacteria.Bacillota.Clostridia.Peptostreptococcales-Tissierellales.Family XI.Peptoniphilus,,,,,,,-0.23465783464839696,0.22714594465556104,0.8446989816878676,ns,False,mixedlm
T1D,Bacteria.Bacillota.Clostridia.Peptostreptococcales-Tissierellales.Peptostreptococcaceae.Clostridioides,,,,,,,-0.20136323171016712,0.33302993360170763,0.876266316084593,ns,False,mixedlm
T1D,Bacteria.Bacillota.Clostridia.Peptostreptococcales-Tissierellales.Peptostreptococcaceae.Intestinibacter,Intestinibacter,-0.36916666389167596,0.25312240417882614,0.9204122354437906,2.0,0.0,-0.35756769438239916,0.26597013940870073,0.876266316084593,ns,True,mixedlm
T1D,Bacteria.Bacillota.Clostridia.Peptostreptococcales-Tissierellales.Peptostreptococcaceae.Romboutsia,Romboutsia,-0.47195325962134144,0.2005886231570725,0.9204122354437906,2.0,0.0,-0.476206759813436,0.19401341007664885,0.8389698114565759,ns,True,mixedlm
T1D,Bacteria.Bacillota.Clostridia.Peptostreptococcales-Tissierellales.Peptostreptococcaceae.Terrisporobacter,Terrisporobacter,-0.3991848534501319,0.2386472297017086,0.9204122354437906,2.0,0.0,-0.43657706007447034,0.20517611458393148,0.8389698114565759,ns,True,mixedlm
T1D,Bacteria.Bacillota.Negativicutes.Acidaminococcales.Acidaminococcaceae.Phascolarctobacterium,,,,,,,-0.28519335993056594,0.35011575308449394,0.876266316084593,ns,False,mixedlm
T1D,Bacteria.Bacillota.Negativicutes.Veillonellales-Selenomonadales.Veillonellaceae.Dialister,Dialister,-0.002480347827792591,0.9948076975103662,0.9948076975103662,2.0,0.0,-0.04404503021922392,0.9104823922023874,0.9566208040531422,ns,True,mixedlm
T1D,Bacteria.Bacillota.Negativicutes.Veillonellales-Selenomonadales.Veillonellaceae.Megasphaera,Megasphaera,0.636627081097504,0.06253967501489016,0.8726832805754166,2.0,0.0,0.6360898535431806,0.06227719812201294,0.7302864369269745,ns,True,mixedlm
T1D,Bacteria.Bacillota.Negativicutes.Veillonellales-Selenomonadales.Veillonellaceae.Veillonella,Veillonella,0.11457425847600727,0.8792301879548112,0.9882664771433028,2.0,81.69939746997524,0.23587712243483686,0.47221277732618316,0.8952255395916879,ns,True,mixedlm
T1D,Bacteria.Bacteroidota.Bacteroidia.Bacteroidales.Bacteroidaceae.Bacteroides,Bacteroides,0.5233566261812792,0.21747135816271268,0.9204122354437906,2.0,0.0,0.5294391127236637,0.21549841163341055,0.8389698114565759,ns,True,mixedlm
T1D,Bacteria.Bacteroidota.Bacteroidia.Bacteroidales.Barnesiellaceae.Barnesiella,,,,,,,-0.14960215036277977,0.4506779278948092,0.8791913675324967,ns,False,mixedlm
T1D,Bacteria.Bacteroidota.Bacteroidia.Bacteroidales.Marinifilaceae.Odoribacter,,,,,,,0.06355966999770335,0.7633353244024179,0.9566208040531422,ns,False,mixedlm
T1D,Bacteria.Bacteroidota.Bacteroidia.Bacteroidales.Prevotellaceae.Hoylesella,Hoylesella,0.028643282067278616,0.883669073523391,0.9882664771433028,2.0,21.397322525453948,0.039524181602089224,0.8185297058137264,0.9566208040531422,ns,True,mixedlm
T1D,Bacteria.Bacteroidota.Bacteroidia.Bacteroidales.Prevotellaceae.Incertae Sedis,,,,,,,0.14430423600712333,0.5775699514932165,0.9566208040531422,ns,False,mixedlm
T1D,Bacteria.Bacteroidota.Bacteroidia.Bacteroidales.Prevotellaceae.Leyella,,,,,,,0.07269066862367933,0.7301604194555678,0.9566208040531422,ns,False,mixedlm
T1D,Bacteria.Bacteroidota.Bacteroidia.Bacteroidales.Prevotellaceae.Segatella,,,,,,,0.07690340082079962,0.8381082276199282,0.9566208040531422,ns,False,mixedlm
T1D,Bacteria.Bacteroidota.Bacteroidia.Bacteroidales.Rikenellaceae.Alistipes,Alistipes,0.01733796077984016,0.9625836886218754,0.9882664771433028,2.0,3.809865353474469,0.045939847274739556,0.8991136639273678,0.9566208040531422,ns,True,mixedlm
T1D,Bacteria.Bacteroidota.Bacteroidia.Bacteroidales.Tannerellaceae.Parabacteroides,Parabacteroides,0.09672771089829749,0.8951333157348311,0.9882664771433028,2.0,78.80005893927833,0.0033240977711469087,0.9921066899451949,0.9921066899451949,ns,True,mixedlm
T1D,Bacteria.Cyanobacteriota.Vampirivibrionia.Gastranaerophilales.Gastranaerophilaceae.Zag_111,,,,,,,-0.17090602739145422,0.43660904296984837,0.8791913675324967,ns,False,mixedlm
T1D,Bacteria.Pseudomonadota.Gammaproteobacteria.Burkholderiales.Sutterellaceae.Parasutterella,,,,,,,0.009925655455148438,0.9626809269318521,0.9763185927841834,ns,False,mixedlm
T1D,Bacteria.Pseudomonadota.Gammaproteobacteria.Burkholderiales.Sutterellaceae.Sutterella,Sutterella,0.31411896359383057,0.16477552569891019,0.9204122354437906,2.0,0.0,0.30609994061889845,0.1749886101576218,0.8389698114565759,ns,True,mixedlm
T1D,Bacteria.Pseudomonadota.Gammaproteobacteria.Enterobacterales.Enterobacteriaceae.Citrobacter,,,,,,,0.3402081475076606,0.16061045765219406,0.8389698114565759,ns,False,mixedlm
T1D,Bacteria.Pseudomonadota.Gammaproteobacteria.Enterobacterales.Enterobacteriaceae.Escherichia-Shigella,Escherichia-Shigella,-0.10985926511183065,0.8593520105133184,0.9882664771433028,2.0,72.24846152869742,-0.030856199948436133,0.9239783057481723,0.9566208040531422,ns,True,mixedlm
T1D,Bacteria.Pseudomonadota.Gammaproteobacteria.Enterobacterales.Enterobacteriaceae.Klebsiella,Klebsiella,0.03896991863434714,0.9709284687723676,0.9882664771433028,2.0,88.1292505177042,0.17692142964298244,0.6207869614485787,0.9566208040531422,ns,True,mixedlm
T1D,Bacteria.Pseudomonadota.Gammaproteobacteria.Enterobacterales.Enterobacteriaceae.NA,,,,,,,0.06075433321658256,0.8281149735093977,0.9566208040531422,ns,False,mixedlm
T1D,Bacteria.Pseudomonadota.Gammaproteobacteria.Enterobacterales.Pasteurellaceae.Haemophilus,Haemophilus,0.04642742047903739,0.8558914383819152,0.9882664771433028,2.0,0.0,0.08358704176569541,0.770377835339775,0.9566208040531422,ns,True,mixedlm
T1D,Bacteria.Pseudomonadota.Gammaproteobacteria.Pseudomonadales.Pseudomonadaceae.Pseudomonas,,,,,,,0.1872069372646413,0.0675054689596363,0.7302864369269745,ns,False,mixedlm
T1D,Bacteria.Thermodesulfobacteriota.Desulfovibrionia.Desulfovibrionales.Desulfovibrionaceae.Bilophila,Bilophila,-0.14290121808251047,0.4385932835486519,0.9882664771433028,2.0,0.0,-0.14841127385926084,0.4254870357953041,0.8791913675324967,ns,True,mixedlm
T1D,Bacteria.Thermodesulfobacteriota.Desulfovibrionia.Desulfovibrionales.Desulfovibrionaceae.Desulfovibrio,,,,,,,-0.049321748055323675,0.7714866544732186,0.9566208040531422,ns,False,mixedlm
T1D,Bacteria.Verrucomicrobiota.Verrucomicrobiia.Verrucomicrobiales.Akkermansiaceae.Akkermansia,Akkermansia,-0.2078489437887347,0.5813796669617071,0.9882664771433028,2.0,0.0,-0.20794917442851998,0.5799971517380715,0.9566208040531422,ns,True,mixedlm
asthma,Archaea.Methanobacteriota.Methanobacteria.Methanobacteriales.Methanobacteriaceae.Methanobrevibacter,,,,,,,-0.09896544105397348,0.5453178630506023,0.9459094406443006,ns,False,mixedlm
asthma,Bacteria.Actinomycetota.Actinobacteria.Actinomycetales.Actinomycetaceae.Actinomyces,Actinomyces,0.1124103513234941,0.5817387755403675,0.9759262522748139,3.0,0.0,0.10605791234466162,0.6632310053112466,0.9727388077898284,ns,True,mixedlm
asthma,Bacteria.Actinomycetota.Actinobacteria.Actinomycetales.Actinomycetaceae.F0332,F0332,0.0469996699663325,0.7695651305254665,0.9759262522748139,3.0,0.0,0.03809572246990871,0.8195036524772077,0.9785387808767378,ns,True,mixedlm
asthma,Bacteria.Actinomycetota.Actinobacteria.Actinomycetales.Actinomycetaceae.Mobiluncus,Mobiluncus,-0.21518345661589658,0.3340115262872916,0.9492584596611647,2.0,0.0,-0.05265558052825275,0.6282696129668703,0.9695408481960222,ns,True,mixedlm
asthma,Bacteria.Actinomycetota.Actinobacteria.Actinomycetales.Actinomycetaceae.Schaalia,Schaalia,0.005895396924499273,0.9626315414967267,0.9787320617617169,3.0,0.0,0.03687265209711793,0.8848840652390181,0.9785387808767378,ns,True,mixedlm
asthma,Bacteria.Actinomycetota.Actinobacteria.Bifidobacteriales.Bifidobacteriaceae.Alloscardovia,Alloscardovia,0.053189803812971545,0.728062136173504,0.9759262522748139,3.0,0.0,0.0480425304596796,0.7748618524513514,0.9785387808767378,ns,True,mixedlm
asthma,Bacteria.Actinomycetota.Actinobacteria.Bifidobacteriales.Bifidobacteriaceae.Bifidobacterium,Bifidobacterium,0.191523382313014,0.6600437309971365,0.9759262522748139,3.0,62.26986633443424,0.1037020947816229,0.6712716925610792,0.9785387808767378,ns,True,mixedlm
asthma,Bacteria.Actinomycetota.Actinobacteria.Bifidobacteriales.Bifidobacteriaceae.Scardovia,Scardovia,0.20263331587231337,0.20719120684273906,0.9084992829799825,3.0,0.0,0.1866246976225441,0.25159118017013804,0.9091449215282793,ns,True,mixedlm
asthma,Bacteria.Actinomycetota.Actinobacteria.Micrococcales.Micrococcaceae.Micrococcus,Micrococcus,-0.3555967521972908,0.09373127935232943,0.9084992829799825,2.0,0.0,-0.18772986224776564,0.25932276822162637,0.9091449215282793,ns,True,mixedlm
asthma,Bacteria.Actinomycetota.Actinobacteria.Micrococcales.Micrococcaceae.Rothia,Rothia,-0.022437461320332752,0.9150697702170285,0.9759262522748139,3.0,3.096219274664248,-0.03634454299898204,0.8867726834592425,0.9785387808767378,ns,True,mixedlm
asthma,Bacteria.Actinomycetota.Actinobacteria.Micrococcales.NA.NA,Micrococcales,0.025449883058973662,0.9626540700040406,0.9787320617617169,2.0,78.65655133309262,0.03121812888101385,0.7674024809823375,0.9785387808767378,ns,True,mixedlm
asthma,Bacteria.Actinomycetota.Actinobacteria.Mycobacteriales.Corynebacteriaceae.Corynebacterium,Corynebacterium,0.45130915117644227,0.09086802244045891,0.9084992829799825,3.0,14.074508029497554,0.1779623178517871,0.5678763875732151,0.9459094406443006,ns,True,mixedlm
asthma,Bacteria.Actinomycetota.Actinobacteria.Mycobacteriales.Corynebacteriaceae.Lawsonella,Lawsonella,0.20549910071071467,0.24605743883656794,0.9492584596611647,3.0,0.0,0.21506803398644278,0.3283702750421934,0.9091449215282793,ns,True,mixedlm
asthma,Bacteria.Actinomycetota.Actinobacteria.NA.NA.NA,Actinobacteria,0.04423851496680288,0.76300237263175,0.9759262522748139,2.0,0.0,,,,ns,False,mixedlm
asthma,Bacteria.Actinomycetota.Actinobacteria.Propionibacteriales.Propionibacteriaceae.Cutibacterium,Cutibacterium,0.04084298765457421,0.914712366011822,0.9759262522748139,2.0,40.74442112707487,-0.02903114474905155,0.8654118199380206,0.9785387808767378,ns,False,mixedlm
asthma,Bacteria.Actinomycetota.Coriobacteriia.Coriobacteriales.Atopobiaceae.Lancefieldella,Lancefieldella,0.2538503068858482,0.21547951987014113,0.9084992829799825,3.0,16.979348990251395,0.10181661782155789,0.6340196088060288,0.9695408481960222,ns,True,mixedlm
asthma,Bacteria.Actinomycetota.Coriobacteriia.Coriobacteriales.Atopobiaceae.Olsenella,Olsenella,-0.035491072939756035,0.832110602938721,0.9759262522748139,3.0,0.0,-0.03625263982496355,0.8332095912377129,0.9785387808767378,ns,True,mixedlm
asthma,Bacteria.Actinomycetota.Coriobacteriia.Coriobacteriales.Coriobacteriaceae.Collinsella,,,,,,,-0.03555191034104637,0.8621377697544237,0.9785387808767378,ns,False,mixedlm
asthma,Bacteria.Actinomycetota.Coriobacteriia.Coriobacteriales.Coriobacteriales Incertae Sedis.Incertae Sedis,,,,,,,-0.05282738713144361,0.5974571883663763,0.963897597231087,ns,False,mixedlm
asthma,Bacteria.Actinomycetota.Coriobacteriia.Coriobacteriales.Eggerthellaceae.Adlercreutzia,,,,,,,-0.14408253814167216,0.3577741333676353,0.9091449215282793,ns,False,mixedlm
asthma,Bacteria.Actinomycetota.Coriobacteriia.Coriobacteriales.Eggerthellaceae.Asaccharobacter,,,,,,,0.1260604574962376,0.22438246947374674,0.9091449215282793,ns,False,mixedlm
asthma,Bacteria.Actinomycetota.Coriobacteriia.Coriobacteriales.Eggerthellaceae.Eggerthella,,,,,,,0.10667014390386505,0.3335279955247299,0.9091449215282793,ns,False,mixedlm
asthma,Bacteria.Actinomycetota.Coriobacteriia.Coriobacteriales.Eggerthellaceae.Gordonibacter,,,,,,,0.12520519074878872,0.10628816942432875,0.9091449215282793,ns,False,mixedlm
asthma,Bacteria.Actinomycetota.Coriobacteriia.Coriobacteriales.Eggerthellaceae.Senegalimassilia,,,,,,,-0.008538924308690592,0.9405111124544603,0.980000755153281,ns,False,mixedlm
asthma,Bacteria.Actinomycetota.Coriobacteriia.Coriobacteriales.Eggerthellaceae.Slackia,Slackia,-0.27398933937384945,0.1408589148967969,0.9084992829799825,3.0,0.0,-0.27984146080562006,0.1390149998990282,0.9091449215282793,ns,True,mixedlm
asthma,Bacteria.Bacillota.Bacilli.Acholeplasmatales.Acholeplasmataceae.Anaeroplasma,,,,,,,0.26494626507635594,0.12460546511958923,0.9091449215282793,ns,False,mixedlm
asthma,Bacteria.Bacillota.Bacilli.Bacillales.Bacillaceae.Bacillus,,,,,,,-0.11052253823856469,0.5188927311430975,0.9459094406443006,ns,False,mixedlm
asthma,Bacteria.Bacillota.Bacilli.Erysipelotrichales.Erysipelatoclostridiaceae.Erysipelotrichaceae UCG-003,,,,,,,0.23081237941527924,0.06486933685259005,0.9091449215282793,ns,False,mixedlm
asthma,Bacteria.Bacillota.Bacilli.Erysipelotrichales.Erysipelatoclostridiaceae.Thomasclavelia,,,,,,,-0.09463947281358823,0.3563302263217182,0.9091449215282793,ns,False,mixedlm
asthma,Bacteria.Bacillota.Bacilli.Erysipelotrichales.Erysipelotrichaceae.Erysipelotrichaceae UCG-006,Erysipelotrichaceae UCG-006,-0.13419542478019159,0.43464818726239607,0.9492584596611647,2.0,0.0,,,,ns,False,mixedlm
asthma,Bacteria.Bacillota.Bacilli.Erysipelotrichales.Erysipelotrichaceae.Holdemanella,,,,,,,-0.16292978660458227,0.17099783546901826,0.9091449215282793,ns,False,mixedlm
asthma,Bacteria.Bacillota.Bacilli.Erysipelotrichales.Erysipelotrichaceae.Holdemania,,,,,,,0.07376045541257285,0.41502057494941946,0.9409801694858807,ns,False,mixedlm
asthma,Bacteria.Bacillota.Bacilli.Erysipelotrichales.Erysipelotrichaceae.Solobacterium,Solobacterium,-0.05982115559475528,0.6754641759073345,0.9759262522748139,3.0,0.0,-0.15064733337530087,0.3626860005795295,0.9091449215282793,ns,True,mixedlm
asthma,Bacteria.Bacillota.Bacilli.Erysipelotrichales.Erysipelotrichaceae.Turicibacter,,,,,,,0.13585928201848785,0.4363089255813667,0.9409801694858807,ns,False,mixedlm
asthma,Bacteria.Bacillota.Bacilli.Izemoplasmatales.Incertae Sedis.Incertae Sedis,,,,,,,-0.1514647577857693,0.13579217860755188,0.9091449215282793,ns,False,mixedlm
asthma,Bacteria.Bacillota.Bacilli.Lactobacillales.Aerococcaceae.Abiotrophia,Abiotrophia,-0.2388432483433369,0.5611677919239304,0.9759262522748139,3.0,71.35682727108087,-0.06690334406488674,0.7149099546980306,0.9785387808767378,ns,True,mixedlm
asthma,Bacteria.Bacillota.Bacilli.Lactobacillales.Carnobacteriaceae.Dolosigranulum,Dolosigranulum,0.279928634906264,0.7517228561161594,0.9759262522748139,2.0,63.36288423997382,0.08457605094455009,0.745626050299647,0.9785387808767378,ns,True,mixedlm
asthma,Bacteria.Bacillota.Bacilli.Lactobacillales.Carnobacteriaceae.Granulicatella,Granulicatella,-0.27844081242857943,0.15834500216728753,0.9084992829799825,3.0,18.373607725927414,-0.2260234369359186,0.37567971963978486,0.9091449215282793,ns,True,mixedlm
asthma,Bacteria.Bacillota.Bacilli.Lactobacillales.Enterococcaceae.Enterococcus,,,,,,,0.09610528975630181,0.5697578971177686,0.9459094406443006,ns,False,mixedlm
asthma,Bacteria.Bacillota.Bacilli.Lactobacillales.Lactobacillaceae.HT002,HT002,-0.3400039890392516,0.11141699956901599,0.9084992829799825,2.0,0.0,-0.12645643720824526,0.4578858731486162,0.9409801694858807,ns,True,mixedlm
asthma,Bacteria.Bacillota.Bacilli.Lactobacillales.Lactobacillaceae.Lactobacillus,Lactobacillus,0.22471699296497147,0.5203054283336933,0.9759262522748139,3.0,57.59599888482381,0.05017635933393989,0.8197928123345037,0.9785387808767378,ns,True,mixedlm
asthma,Bacteria.Bacillota.Bacilli.Lactobacillales.Lactobacillaceae.Latilactobacillus,Latilactobacillus,-0.1808889651608196,0.4093209422457539,0.9492584596611647,2.0,34.43477858725779,,,,ns,False,mixedlm
asthma,Bacteria.Bacillota.Bacilli.Lactobacillales.Lactobacillaceae.Ligilactobacillus,Ligilactobacillus,-0.08996012558617797,0.731532195947003,0.9759262522748139,3.0,55.66867295783177,-0.15778267602841176,0.33524306274988647,0.9091449215282793,ns,True,mixedlm
asthma,Bacteria.Bacillota.Bacilli.Lactobacillales.Lactobacillaceae.Limosilactobacillus,Limosilactobacillus,0.22386459940391468,0.27250678421675,0.9492584596611647,2.0,0.0,0.1207736623342052,0.5736077986320053,0.9459094406443006,ns,True,mixedlm
asthma,Bacteria.Bacillota.Bacilli.Lactobacillales.NA.NA,Lactobacillales,-0.01017177393884471,0.9519468746987769,0.9787320617617169,2.0,0.0,,,,ns,False,mixedlm
asthma,Bacteria.Bacillota.Bacilli.Lactobacillales.Streptococcaceae.Lactococcus,,,,,,,0.09327776911881892,0.482155128166319,0.9409801694858807,ns,False,mixedlm
asthma,Bacteria.Bacillota.Bacilli.Lactobacillales.Streptococcaceae.Streptococcus,Streptococcus,-0.026241064831400537,0.8983267543817689,0.9759262522748139,3.0,40.34235599060847,-0.07364572555812238,0.7066100903986579,0.9785387808767378,ns,True,mixedlm
asthma,Bacteria.Bacillota.Bacilli.RF39.Incertae Sedis.Incertae Sedis,Incertae Sedis,-0.03325858016067922,0.8696651749303017,0.9759262522748139,3.0,0.0,-0.06160807001114234,0.763392614452441,0.9785387808767378,ns,True,mixedlm
asthma,Bacteria.Bacillota.Bacilli.Staphylococcales.Gemellaceae.Gemella,Gemella,-0.1487505529533125,0.5777649616917029,0.9759262522748139,3.0,42.99474211140564,-0.08388075803296827,0.7192554383942722,0.9785387808767378,ns,True,mixedlm
asthma,Bacteria.Bacillota.Bacilli.Staphylococcales.Staphylococcaceae.Staphylococcus,Staphylococcus,0.6370299181873289,0.183003963991891,0.9084992829799825,3.0,58.928224134496354,0.4263493787201183,0.16040765256478795,0.9091449215282793,ns,True,mixedlm
asthma,Bacteria.Bacillota.Clostridia.Christensenellales.Christensenellaceae.Christensenellaceae R-7 group,,,,,,,-0.2757599441539007,0.16498302535622655,0.9091449215282793,ns,False,mixedlm
asthma,Bacteria.Bacillota.Clostridia.Christensenellales.Christensenellaceae.Incertae Sedis,,,,,,,0.12492290459420617,0.23320027274349497,0.9091449215282793,ns,False,mixedlm
asthma,Bacteria.Bacillota.Clostridia.Christensenellales.Christensenellaceae.NA,,,,,,,-0.18925130500785714,0.18283296857209208,0.9091449215282793,ns,False,mixedlm
asthma,Bacteria.Bacillota.Clostridia.Clostridia UCG-014.Incertae Sedis.Incertae Sedis,Incertae Sedis,-0.3302902576310332,0.1639080965248514,0.9084992829799825,3.0,0.0,-0.4056054087799584,0.09437640475970321,0.9091449215282793,ns,True,mixedlm
asthma,Bacteria.Bacillota.Clostridia.Clostridia vadinBB60 group.Incertae Sedis.Incertae Sedis,Incertae Sedis,-0.38045228372513235,0.03441335189013226,0.7940298764456286,3.0,0.0,-0.3598660516267164,0.10173485010169077,0.9091449215282793,ns,True,mixedlm
asthma,Bacteria.Bacillota.Clostridia.Clostridiales.Clostridiaceae.Clostridium,,,,,,,-0.0006881783120242293,0.9965790454932111,0.9965790454932111,ns,False,mixedlm
asthma,Bacteria.Bacillota.Clostridia.Lachnospirales.Defluviitaleaceae.Defluviitaleaceae UCG-011,Defluviitaleaceae UCG-011,-0.43771095027089524,0.32739673311889106,0.9492584596611647,3.0,84.20058966675681,-0.2233344937294136,0.18498078413208585,0.9091449215282793,ns,True,mixedlm
asthma,Bacteria.Bacillota.Clostridia.Lachnospirales.Lachnospiraceae.Agathobacter,,,,,,,-0.16634151450694887,0.4629502054435647,0.9409801694858807,ns,False,mixedlm
asthma,Bacteria.Bacillota.Clostridia.Lachnospirales.Lachnospiraceae.Anaerobutyricum,,,,,,,-0.001730948975008697,0.9895572371375768,0.9936632837647037,ns,False,mixedlm
asthma,Bacteria.Bacillota.Clostridia.Lachnospirales.Lachnospiraceae.Anaerostipes,,,,,,,0.07795798655303755,0.6357743209396087,0.9695408481960222,ns,False,mixedlm
asthma,Bacteria.Bacillota.Clostridia.Lachnospirales.Lachnospiraceae.Blautia,Blautia,0.04976575572374559,0.840405964273897,0.9759262522748139,2.0,0.0,-0.014642710094854136,0.9374922774454846,0.980000755153281,ns,False,mixedlm
asthma,Bacteria.Bacillota.Clostridia.Lachnospirales.Lachnospiraceae.Butyribacter,,,,,,,0.15868824095745668,0.29700053897233647,0.9091449215282793,ns,False,mixedlm
asthma,Bacteria.Bacillota.Clostridia.Lachnospirales.Lachnospiraceae.Butyrivibrio,Butyrivibrio,0.04480373719120599,0.713368938061798,0.9759262522748139,3.0,0.0,-0.04626760280445793,0.7717444401397769,0.9785387808767378,ns,False,mixedlm
asthma,Bacteria.Bacillota.Clostridia.Lachnospirales.Lachnospiraceae.CAG-56,,,,,,,0.08559967600140325,0.5226129354689435,0.9459094406443006,ns,False,mixedlm
asthma,Bacteria.Bacillota.Clostridia.Lachnospirales.Lachnospiraceae.Coprococcus,,,,,,,0.024811316337185706,0.8988980258929709,0.9785387808767378,ns,False,mixedlm
asthma,Bacteria.Bacillota.Clostridia.Lachnospirales.Lachnospiraceae.Dorea,,,,,,,0.022443898650877217,0.8982771871922286,0.9785387808767378,ns,False,mixedlm
asthma,Bacteria.Bacillota.Clostridia.Lachnospirales.Lachnospiraceae.Eisenbergiella,,,,,,,0.11468709031028274,0.45438622055634514,0.9409801694858807,ns,False,mixedlm
asthma,Bacteria.Bacillota.Clostridia.Lachnospirales.Lachnospiraceae.Enterocloster,,,,,,,0.1275604282989077,0.5384147759281404,0.9459094406443006,ns,False,mixedlm
asthma,Bacteria.Bacillota.Clostridia.Lachnospirales.Lachnospiraceae.Extibacter,,,,,,,0.0873438875431307,0.4339025264414569,0.9409801694858807,ns,False,mixedlm
asthma,Bacteria.Bacillota.Clostridia.Lachnospirales.Lachnospiraceae.Faecalimonas,,,,,,,-0.023005732120258526,0.8311611299644405,0.9785387808767378,ns,False,mixedlm
asthma,Bacteria.Bacillota.Clostridia.Lachnospirales.Lachnospiraceae.Fusicatenibacter,,,,,,,-0.03577005855396323,0.8308938313680876,0.9785387808767378,ns,False,mixedlm
asthma,Bacteria.Bacillota.Clostridia.Lachnospirales.Lachnospiraceae.GCA-900066575,,,,,,,0.04476369498081666,0.7683910070592446,0.9785387808767378,ns,False,mixedlm
asthma,Bacteria.Bacillota.Clostridia.Lachnospirales.Lachnospiraceae.Howardella,Howardella,-0.02581183648307586,0.8751432255983733,0.9759262522748139,3.0,36.51724771887934,-0.07245803267531564,0.5784900711378367,0.9459094406443006,ns,True,mixedlm
asthma,Bacteria.Bacillota.Clostridia.Lachnospirales.Lachnospiraceae.Hungatella,,,,,,,0.1024348875013117,0.3751976649554366,0.9091449215282793,ns,False,mixedlm
asthma,Bacteria.Bacillota.Clostridia.Lachnospirales.Lachnospiraceae.Incertae Sedis,Incertae Sedis,-0.05804709934457127,0.7313247458985457,0.9759262522748139,3.0,0.0,0.0410800832969256,0.8418851129341881,0.9785387808767378,ns,False,mixedlm
asthma,Bacteria.Bacillota.Clostridia.Lachnospirales.Lachnospiraceae.Johnsonella,Johnsonella,-0.8658255696480496,0.003942885799844392,0.4692034101814827,2.0,0.0,-0.3790617131601815,0.010505924411639037,0.8436266906125302,ns,True,mixedlm
asthma,Bacteria.Bacillota.Clostridia.Lachnospirales.Lachnospiraceae.Lachnoanaerobaculum,Lachnoanaerobaculum,0.07055389690644044,0.6930858885552545,0.9759262522748139,3.0,0.0,-0.03991814174659246,0.8489578550864975,0.9785387808767378,ns,False,mixedlm
asthma,Bacteria.Bacillota.Clostridia.Lachnospirales.Lachnospiraceae.Lachnoclostridium,,,,,,,-0.009133828807650141,0.9636626992129491,0.980000755153281,ns,False,mixedlm
asthma,Bacteria.Bacillota.Clostridia.Lachnospirales.Lachnospiraceae.Lachnospira,,,,,,,0.192717780087806,0.37087534561326396,0.9091449215282793,ns,False,mixedlm
asthma,Bacteria.Bacillota.Clostridia.Lachnospirales.Lachnospiraceae.Lachnospiraceae AC2044 group,,,,,,,-0.08045202183131658,0.49895785717801067,0.9459094406443006,ns,False,mixedlm
asthma,Bacteria.Bacillota.Clostridia.Lachnospirales.Lachnospiraceae.Lachnospiraceae FCS020 group,,,,,,,0.08356736600990457,0.5737991563305586,0.9459094406443006,ns,False,mixedlm
asthma,Bacteria.Bacillota.Clostridia.Lachnospirales.Lachnospiraceae.Lachnospiraceae NC2004 group,,,,,,,-0.01357182889522395,0.8874323460118303,0.9785387808767378,ns,False,mixedlm
asthma,Bacteria.Bacillota.Clostridia.Lachnospirales.Lachnospiraceae.Lachnospiraceae ND3007 group,,,,,,,-0.07400163231027064,0.5706828833160902,0.9459094406443006,ns,False,mixedlm
asthma,Bacteria.Bacillota.Clostridia.Lachnospirales.Lachnospiraceae.Lachnospiraceae NK4A136 group,,,,,,,0.1858306386657303,0.3641005353231017,0.9091449215282793,ns,False,mixedlm
asthma,Bacteria.Bacillota.Clostridia.Lachnospirales.Lachnospiraceae.Lachnospiraceae UCG-004,,,,,,,0.22936030517231634,0.21924455091143236,0.9091449215282793,ns,False,mixedlm
asthma,Bacteria.Bacillota.Clostridia.Lachnospirales.Lachnospiraceae.Lachnospiraceae UCG-010,,,,,,,0.12956366611577347,0.471955198664438,0.9409801694858807,ns,False,mixedlm
asthma,Bacteria.Bacillota.Clostridia.Lachnospirales.Lachnospiraceae.Mediterraneibacter,,,,,,,-0.07543529774560173,0.7016528383429678,0.9785387808767378,ns,False,mixedlm
asthma,Bacteria.Bacillota.Clostridia.Lachnospirales.Lachnospiraceae.NA,Lachnospiraceae,-0.5061300999943871,0.37078193947511096,0.9492584596611647,3.0,73.54161974045059,-0.3105367932323617,0.2064209159825885,0.9091449215282793,ns,True,mixedlm
asthma,Bacteria.Bacillota.Clostridia.Lachnospirales.Lachnospiraceae.Oribacterium,Oribacterium,-0.11716075336982015,0.45621891280457283,0.9537136541309469,3.0,12.840466892923747,-0.10700838674492094,0.6067979909242662,0.9660862750241607,ns,True,mixedlm
asthma,Bacteria.Bacillota.Clostridia.Lachnospirales.Lachnospiraceae.Roseburia,,,,,,,0.025692672131089753,0.9021420775870784,0.9785387808767378,ns,False,mixedlm
asthma,Bacteria.Bacillota.Clostridia.Lachnospirales.Lachnospiraceae.Shuttleworthia,Shuttleworthia,-0.24103345976567958,0.43873290152406774,0.9492584596611647,3.0,73.2487149893774,-0.07619895156161116,0.6021446411692319,0.9650265110129412,ns,True,mixedlm
asthma,Bacteria.Bacillota.Clostridia.Lachnospirales.Lachnospiraceae.Stomatobaculum,Stomatobaculum,0.10985021560681477,0.5231271048353325,0.9759262522748139,3.0,0.0,0.0489748628755549,0.8114744656745607,0.9785387808767378,ns,True,mixedlm
asthma,Bacteria.Bacillota.Clostridia.Lachnospirales.Lachnospiraceae.Syntrophococcus,,,,,,,-0.0952302756133807,0.47766234137041186,0.9409801694858807,ns,False,mixedlm
asthma,Bacteria.Bacillota.Clostridia.Lachnospirales.Lachnospiraceae.Tyzzerella,,,,,,,0.326117609745423,0.03690064788263705,0.8436266906125302,ns,False,mixedlm
asthma,Bacteria.Bacillota.Clostridia.Lachnospirales.Lachnospiraceae.UC5-1-2E3,,,,,,,-0.022030587468914526,0.847963123183454,0.9785387808767378,ns,False,mixedlm
asthma,Bacteria.Bacillota.Clostridia.Lachnospirales.Lachnospiraceae.[Eubacterium] eligens group,,,,,,,-0.03142163148187345,0.884288720517655,0.9785387808767378,ns,False,mixedlm
asthma,Bacteria.Bacillota.Clostridia.Lachnospirales.Lachnospiraceae.[Eubacterium] ruminantium group,,,,,,,-0.1384619268091937,0.41878199574458985,0.9409801694858807,ns,False,mixedlm
asthma,Bacteria.Bacillota.Clostridia.Lachnospirales.Lachnospiraceae.[Eubacterium] ventriosum group,,,,,,,-0.042478744497836486,0.7964065566061324,0.9785387808767378,ns,False,mixedlm
asthma,Bacteria.Bacillota.Clostridia.Lachnospirales.Lachnospiraceae.[Eubacterium] xylanophilum group,,,,,,,-0.08701464829400843,0.6227388985777207,0.9695408481960222,ns,False,mixedlm
asthma,Bacteria.Bacillota.Clostridia.Lachnospirales.Lachnospiraceae.[Ruminococcus] gauvreauii group,,,,,,,-0.06872154622273785,0.532757796461,0.9459094406443006,ns,False,mixedlm
asthma,Bacteria.Bacillota.Clostridia.Lachnospirales.Lachnospiraceae.[Ruminococcus] gnavus group,,,,,,,-0.2337866774058133,0.18338058290477832,0.9091449215282793,ns,False,mixedlm
asthma,Bacteria.Bacillota.Clostridia.Monoglobales.Monoglobaceae.Monoglobus,,,,,,,0.19125614129771584,0.2637384592774067,0.9091449215282793,ns,False,mixedlm
asthma,Bacteria.Bacillota.Clostridia.NA.NA.NA,,,,,,,0.007494851126263588,0.9585010744081877,0.980000755153281,ns,False,mixedlm
asthma,Bacteria.Bacillota.Clostridia.Oscillospirales.Butyricicoccaceae.Agathobaculum,,,,,,,0.07678766022170011,0.6580618415634207,0.9727388077898284,ns,False,mixedlm
asthma,Bacteria.Bacillota.Clostridia.Oscillospirales.Butyricicoccaceae.UCG-009,,,,,,,0.255074113240987,0.04239512389924423,0.8436266906125302,ns,False,mixedlm
asthma,Bacteria.Bacillota.Clostridia.Oscillospirales.Ethanoligenenaceae.Acetanaerobacterium,,,,,,,0.04652294613215395,0.5619496616316142,0.9459094406443006,ns,False,mixedlm
asthma,Bacteria.Bacillota.Clostridia.Oscillospirales.NA.NA,,,,,,,0.30717300556383126,0.028578805379090192,0.8436266906125302,ns,False,mixedlm
asthma,Bacteria.Bacillota.Clostridia.Oscillospirales.Oscillospiraceae.Colidextribacter,,,,,,,0.221925944461646,0.22182221630500376,0.9091449215282793,ns,False,mixedlm
asthma,Bacteria.Bacillota.Clostridia.Oscillospirales.Oscillospiraceae.Flavonifractor,,,,,,,0.14967420453488747,0.42930511587979037,0.9409801694858807,ns,False,mixedlm
asthma,Bacteria.Bacillota.Clostridia.Oscillospirales.Oscillospiraceae.Incertae Sedis,,,,,,,0.4523521485149547,0.008526032271583908,0.8436266906125302,ns,False,mixedlm
asthma,Bacteria.Bacillota.Clostridia.Oscillospirales.Oscillospiraceae.Intestinimonas,,,,,,,0.2036061206458107,0.2787745096533406,0.9091449215282793,ns,False,mixedlm
asthma,Bacteria.Bacillota.Clostridia.Oscillospirales.Oscillospiraceae.NA,,,,,,,0.012429905974828752,0.9421361935652895,0.980000755153281,ns,False,mixedlm
asthma,Bacteria.Bacillota.Clostridia.Oscillospirales.Oscillospiraceae.NK4A214 group,,,,,,,0.15198273369189477,0.4458612032885405,0.9409801694858807,ns,False,mixedlm
asthma,Bacteria.Bacillota.Clostridia.Oscillospirales.Oscillospiraceae.Oscillibacter,,,,,,,0.2471530806849111,0.1859350430774972,0.9091449215282793,ns,False,mixedlm
asthma,Bacteria.Bacillota.Clostridia.Oscillospirales.Oscillospiraceae.Oscillospira,,,,,,,0.3237773885270114,0.05416783442124478,0.9091449215282793,ns,False,mixedlm
asthma,Bacteria.Bacillota.Clostridia.Oscillospirales.Oscillospiraceae.Pseudoflavonifractor,,,,,,,0.12355803290464346,0.22943303206060606,0.9091449215282793,ns,False,mixedlm
asthma,Bacteria.Bacillota.Clostridia.Oscillospirales.Oscillospiraceae.UCG-002,,,,,,,-0.4339640661021078,0.058608329588318464,0.9091449215282793,ns,False,mixedlm
asthma,Bacteria.Bacillota.Clostridia.Oscillospirales.Oscillospiraceae.UCG-003,,,,,,,0.029169655848001134,0.8778624342011707,0.9785387808767378,ns,False,mixedlm
asthma,Bacteria.Bacillota.Clostridia.Oscillospirales.Oscillospiraceae.UCG-005,,,,,,,-0.13956839104602684,0.45395877272678464,0.9409801694858807,ns,False,mixedlm
asthma,Bacteria.Bacillota.Clostridia.Oscillospirales.Ruminococcaceae.Acutalibacter,,,,,,,0.03735949574823808,0.8380731316855978,0.9785387808767378,ns,False,mixedlm
asthma,Bacteria.Bacillota.Clostridia.Oscillospirales.Ruminococcaceae.Anaerofilum,,,,,,,0.012954061948487373,0.8867497080027532,0.9785387808767378,ns,False,mixedlm
asthma,Bacteria.Bacillota.Clostridia.Oscillospirales.Ruminococcaceae.Anaerotruncus,,,,,,,0.20971733582895966,0.14078138387833913,0.9091449215282793,ns,False,mixedlm
asthma,Bacteria.Bacillota.Clostridia.Oscillospirales.Ruminococcaceae.Angelakisella,,,,,,,-0.033324274253457846,0.7973853837928365,0.9785387808767378,ns,False,mixedlm
asthma,Bacteria.Bacillota.Clostridia.Oscillospirales.Ruminococcaceae.Candidatus Soleaferrea,,,,,,,0.08995147811117679,0.31592104118140707,0.9091449215282793,ns,False,mixedlm
asthma,Bacteria.Bacillota.Clostridia.Oscillospirales.Ruminococcaceae.DTU089,,,,,,,-0.005287139072750399,0.9678519854612982,0.980000755153281,ns,False,mixedlm
asthma,Bacteria.Bacillota.Clostridia.Oscillospirales.Ruminococcaceae.Faecalibacterium,,,,,,,-0.12513093447952847,0.5971378976563132,0.963897597231087,ns,False,mixedlm
asthma,Bacteria.Bacillota.Clostridia.Oscillospirales.Ruminococcaceae.Fournierella,,,,,,,-0.1408301592790115,0.2600717805386866,0.9091449215282793,ns,False,mixedlm
asthma,Bacteria.Bacillota.Clostridia.Oscillospirales.Ruminococcaceae.Gemmiger,,,,,,,-0.22212576121778035,0.3098871658169233,0.9091449215282793,ns,False,mixedlm
asthma,Bacteria.Bacillota.Clostridia.Oscillospirales.Ruminococcaceae.Incertae Sedis,,,,,,,0.04522773876724367,0.7986276782086428,0.9785387808767378,ns,False,mixedlm
asthma,Bacteria.Bacillota.Clostridia.Oscillospirales.Ruminococcaceae.NA,,,,,,,0.009458264756931178,0.964702063667708,0.980000755153281,ns,False,mixedlm
asthma,Bacteria.Bacillota.Clostridia.Oscillospirales.Ruminococcaceae.Negativibacillus,,,,,,,0.14788875540155388,0.28780711993913066,0.9091449215282793,ns,False,mixedlm
asthma,Bacteria.Bacillota.Clostridia.Oscillospirales.Ruminococcaceae.Paludicola,,,,,,,0.059075985471058086,0.5671587140077596,0.9459094406443006,ns,False,mixedlm
asthma,Bacteria.Bacillota.Clostridia.Oscillospirales.Ruminococcaceae.Ruminococcus,,,,,,,-0.04272104888334046,0.8417292038536439,0.9785387808767378,ns,False,mixedlm
asthma,Bacteria.Bacillota.Clostridia.Oscillospirales.Ruminococcaceae.Ruthenibacterium,,,,,,,0.1459427162254138,0.3703132876256269,0.9091449215282793,ns,False,mixedlm
asthma,Bacteria.Bacillota.Clostridia.Oscillospirales.Ruminococcaceae.[Clostridium] methylpentosum group,,,,,,,-0.013003377612230908,0.907376836460856,0.9785387808767378,ns,False,mixedlm
asthma,Bacteria.Bacillota.Clostridia.Oscillospirales.Ruminococcaceae.[Eubacterium] siraeum group,,,,,,,-0.0027956369067105753,0.9873871852715994,0.9936632837647037,ns,False,mixedlm
asthma,Bacteria.Bacillota.Clostridia.Oscillospirales.UCG-010.Incertae Sedis,,,,,,,-0.17589971896466255,0.29608254449530236,0.9091449215282793,ns,False,mixedlm
asthma,Bacteria.Bacillota.Clostridia.Oscillospirales.[Eubacterium] coprostanoligenes group.Incertae Sedis,,,,,,,-0.11773818790438897,0.5716950793539275,0.9459094406443006,ns,False,mixedlm
asthma,Bacteria.Bacillota.Clostridia.Peptococcales.Peptococcaceae.Incertae Sedis,,,,,,,0.27837962994672805,0.11470772786932108,0.9091449215282793,ns,False,mixedlm
asthma,Bacteria.Bacillota.Clostridia.Peptococcales.Peptococcaceae.Peptococcus,Peptococcus,-0.9466828889052298,0.18661133592107482,0.9084992829799825,3.0,89.78546487309299,-0.537052369425065,0.00638140790315851,0.8436266906125302,ns,True,mixedlm
asthma,Bacteria.Bacillota.Clostridia.Peptostreptococcales-Tissierellales.Anaerovoracaceae.Family XIII AD3011 group,,,,,,,0.12837588969746097,0.3444158639991167,0.9091449215282793,ns,False,mixedlm
asthma,Bacteria.Bacillota.Clostridia.Peptostreptococcales-Tissierellales.Anaerovoracaceae.Family XIII UCG-001,Family XIII UCG-001,-0.48599424814599834,0.05050854446552473,0.8586452559139205,3.0,47.70291835240916,-0.3788128792569736,0.03231586012719718,0.8436266906125302,ns,True,mixedlm
asthma,Bacteria.Bacillota.Clostridia.Peptostreptococcales-Tissierellales.Anaerovoracaceae.Incertae Sedis,Incertae Sedis,0.007625603940014639,0.9705074225872488,0.9787320617617169,3.0,51.85344953116465,0.08957851198221178,0.5063972732681609,0.9459094406443006,ns,True,mixedlm
asthma,Bacteria.Bacillota.Clostridia.Peptostreptococcales-Tissierellales.Anaerovoracaceae.Mogibacterium,Mogibacterium,0.192715806200383,0.2935505527688538,0.9492584596611647,3.0,0.0,0.11498814182984214,0.5522099462557671,0.9459094406443006,ns,True,mixedlm
asthma,Bacteria.Bacillota.Clostridia.Peptostreptococcales-Tissierellales.Anaerovoracaceae.NA,,,,,,,-0.03697761647155208,0.7507960019839679,0.9785387808767378,ns,False,mixedlm
asthma,Bacteria.Bacillota.Clostridia.Peptostreptococcales-Tissierellales.Anaerovoracaceae.[Eubacterium] brachy group,[Eubacterium] brachy group,0.0649491236438585,0.8309874989028658,0.9759262522748139,3.0,43.68040257177005,0.15908166854822337,0.4412311111888203,0.9409801694858807,ns,True,mixedlm
asthma,Bacteria.Bacillota.Clostridia.Peptostreptococcales-Tissierellales.Anaerovoracaceae.[Eubacterium] sulci group,[Eubacterium] sulci group,-0.2507930434968416,0.4147692203178218,0.9492584596611647,3.0,40.82766351233705,-0.21060383077357053,0.30689515477478113,0.9091449215282793,ns,True,mixedlm
asthma,Bacteria.Bacillota.Clostridia.Peptostreptococcales-Tissierellales.Family XI.Anaerococcus,Anaerococcus,0.051458494345896055,0.8716591846315549,0.9759262522748139,2.0,0.0,0.21048301812210582,0.40702424361498835,0.9409801694858807,ns,True,mixedlm
asthma,Bacteria.Bacillota.Clostridia.Peptostreptococcales-Tissierellales.Family XI.Fenollaria,,,,,,,0.09894263384545977,0.22364632884524072,0.9091449215282793,ns,False,mixedlm
asthma,Bacteria.Bacillota.Clostridia.Peptostreptococcales-Tissierellales.Family XI.Finegoldia,Finegoldia,-0.0022327706196840573,0.9931648923069684,0.9931648923069684,2.0,0.0,0.06255439431739415,0.7654588910983576,0.9785387808767378,ns,False,mixedlm
asthma,Bacteria.Bacillota.Clostridia.Peptostreptococcales-Tissierellales.Family XI.Parvimonas,Parvimonas,-0.08745537097563004,0.7961195903358932,0.9759262522748139,3.0,48.12941056299089,-0.07351201817449297,0.739388497490078,0.9785387808767378,ns,True,mixedlm
asthma,Bacteria.Bacillota.Clostridia.Peptostreptococcales-Tissierellales.Family XI.Peptoniphilus,Peptoniphilus,0.26583502356420535,0.2157731749187125,0.9084992829799825,3.0,15.755627485139955,0.16790993789797493,0.47449950896963744,0.9409801694858807,ns,True,mixedlm
asthma,Bacteria.Bacillota.Clostridia.Peptostreptococcales-Tissierellales.Peptostreptococcaceae.Clostridioides,,,,,,,0.07151377709030059,0.6964565716516204,0.9785387808767378,ns,False,mixedlm
asthma,Bacteria.Bacillota.Clostridia.Peptostreptococcales-Tissierellales.Peptostreptococcaceae.Intestinibacter,,,,,,,-0.17288766261106184,0.2088081998447734,0.9091449215282793,ns,False,mixedlm
asthma,Bacteria.Bacillota.Clostridia.Peptostreptococcales-Tissierellales.Peptostreptococcaceae.Peptostreptococcus,Peptostreptococcus,-0.5844041161665597,0.14920710480298136,0.9084992829799825,3.0,54.000953902637065,-0.48799627326477474,0.03782539590666868,0.8436266906125302,ns,True,mixedlm
asthma,Bacteria.Bacillota.Clostridia.Peptostreptococcales-Tissierellales.Peptostreptococcaceae.Romboutsia,,,,,,,-0.09944445220445744,0.5621978472452824,0.9459094406443006,ns,False,mixedlm
asthma,Bacteria.Bacillota.NA.NA.NA.NA,Bacteria.Bacillota.NA.NA.NA.NA,-0.03714535774892443,0.831532490404882,0.9759262522748139,2.0,44.048136299144204,0.07500990712498437,0.6166363032588686,0.9689999051210794,ns,False,mixedlm
asthma,Bacteria.Bacillota.Negativicutes.Acidaminococcales.Acidaminococcaceae.Acidaminococcus,,,,,,,-0.27852979788084564,0.15605787358026907,0.9091449215282793,ns,False,mixedlm
asthma,Bacteria.Bacillota.Negativicutes.Acidaminococcales.Acidaminococcaceae.Phascolarctobacterium,,,,,,,0.2598977095533897,0.2809815749122463,0.9091449215282793,ns,False,mixedlm
asthma,Bacteria.Bacillota.Negativicutes.Veillonellales-Selenomonadales.Selenomonadaceae.Centipeda,Centipeda,-0.18952697162561757,0.592944022997909,0.9759262522748139,3.0,51.57051142536526,-0.0486261506294493,0.8348024496697724,0.9785387808767378,ns,True,mixedlm
asthma,Bacteria.Bacillota.Negativicutes.Veillonellales-Selenomonadales.Selenomonadaceae.Incertae Sedis,Incertae Sedis,0.2118600356337051,0.29755322934820216,0.9492584596611647,3.0,0.0,0.22126436884214384,0.2797010673699015,0.9091449215282793,ns,True,mixedlm
asthma,Bacteria.Bacillota.Negativicutes.Veillonellales-Selenomonadales.Selenomonadaceae.Megamonas,,,,,,,-0.22612538066786583,0.3024670724917279,0.9091449215282793,ns,False,mixedlm
asthma,Bacteria.Bacillota.Negativicutes.Veillonellales-Selenomonadales.Selenomonadaceae.Selenomonas,Selenomonas,0.12570236860137932,0.65986940072433,0.9759262522748139,3.0,24.928838521491386,0.1027423476938062,0.6913799861645051,0.9785387808767378,ns,True,mixedlm
asthma,Bacteria.Bacillota.Negativicutes.Veillonellales-Selenomonadales.Veillonellaceae.Allisonella,,,,,,,-0.13345124058438695,0.3276231371684295,0.9091449215282793,ns,False,mixedlm
asthma,Bacteria.Bacillota.Negativicutes.Veillonellales-Selenomonadales.Veillonellaceae.Anaeroglobus,Anaeroglobus,-0.05349299329200953,0.8470876168288621,0.9759262522748139,3.0,55.516037667112094,-0.008832703329466207,0.9598111836219885,0.980000755153281,ns,True,mixedlm
asthma,Bacteria.Bacillota.Negativicutes.Veillonellales-Selenomonadales.Veillonellaceae.Dialister,Dialister,-0.2569124736060531,0.3814019679759134,0.9492584596611647,3.0,24.423856433776066,-0.28096458104324473,0.26413080061316574,0.9091449215282793,ns,True,mixedlm
asthma,Bacteria.Bacillota.Negativicutes.Veillonellales-Selenomonadales.Veillonellaceae.Incertae Sedis,Incertae Sedis,0.043659329426728524,0.8856222703946955,0.9759262522748139,3.0,38.185426283908406,0.0935943975625704,0.6620976677108943,0.9727388077898284,ns,True,mixedlm
asthma,Bacteria.Bacillota.Negativicutes.Veillonellales-Selenomonadales.Veillonellaceae.Megasphaera,Megasphaera,-0.11102927588768395,0.612926094044117,0.9759262522748139,3.0,0.0,-0.26477687268770944,0.30796737661466556,0.9091449215282793,ns,True,mixedlm
asthma,Bacteria.Bacillota.Negativicutes.Veillonellales-Selenomonadales.Veillonellaceae.Veillonella,Veillonella,0.03184033308659628,0.825811925291095,0.9759262522748139,3.0,0.0,0.02498648155254108,0.9101899567621445,0.9785387808767378,ns,True,mixedlm
asthma,Bacteria.Bacteroidota.Bacteroidia.Bacteroidales.Bacteroidaceae.Bacteroides,Bacteroides,0.15709187006263603,0.6592089505518147,0.9759262522748139,3.0,53.51652331160408,0.0795247482301985,0.7752613373480864,0.9785387808767378,ns,True,mixedlm
asthma,Bacteria.Bacteroidota.Bacteroidia.Bacteroidales.Barnesiellaceae.Barnesiella,,,,,,,-0.2254524932773967,0.3253510830392857,0.9091449215282793,ns,False,mixedlm
asthma,Bacteria.Bacteroidota.Bacteroidia.Bacteroidales.Barnesiellaceae.Coprobacter,,,,,,,0.016705479672855243,0.9306250791060747,0.980000755153281,ns,False,mixedlm
asthma,Bacteria.Bacteroidota.Bacteroidia.Bacteroidales.Barnesiellaceae.Incertae Sedis,,,,,,,0.17377991284901695,0.16658143200265074,0.9091449215282793,ns,False,mixedlm
asthma,Bacteria.Bacteroidota.Bacteroidia.Bacteroidales.Incertae Sedis.Incertae Sedis,,,,,,,-0.12483288189525682,0.48014556544700215,0.9409801694858807,ns,False,mixedlm
asthma,Bacteria.Bacteroidota.Bacteroidia.Bacteroidales.Marinifilaceae.Butyricimonas,,,,,,,-0.2155915941378594,0.257261878305851,0.9091449215282793,ns,False,mixedlm
asthma,Bacteria.Bacteroidota.Bacteroidia.Bacteroidales.Marinifilaceae.Odoribacter,,,,,,,-0.20468209364783882,0.3398723066659841,0.9091449215282793,ns,False,mixedlm
asthma,Bacteria.Bacteroidota.Bacteroidia.Bacteroidales.Muribaculaceae.Incertae Sedis,Incertae Sedis,0.32567282421720745,0.09485019136222271,0.9084992829799825,3.0,0.0,0.09547157640998634,0.746601665636276,0.9785387808767378,ns,True,mixedlm
asthma,Bacteria.Bacteroidota.Bacteroidia.Bacteroidales.NA.NA,Bacteroidales,-0.3005196857594719,0.3581923879135265,0.9492584596611647,3.0,74.99404459192776,-0.16130442402431303,0.3005427458148181,0.9091449215282793,ns,True,mixedlm
asthma,Bacteria.Bacteroidota.Bacteroidia.Bacteroidales.Porphyromonadaceae.Porphyromonas,Porphyromonas,-0.39248755671013835,0.16114392908981567,0.9084992829799825,3.0,23.75370822095477,-0.3089174004080237,0.22610118702822868,0.9091449215282793,ns,True,mixedlm
asthma,Bacteria.Bacteroidota.Bacteroidia.Bacteroidales.Prevotellaceae.Alloprevotella,Alloprevotella,-0.02344318951684359,0.9267198866138988,0.9759262522748139,3.0,0.0,-0.03517179501625338,0.8941116035702857,0.9785387808767378,ns,True,mixedlm
asthma,Bacteria.Bacteroidota.Bacteroidia.Bacteroidales.Prevotellaceae.Hoylesella,Hoylesella,-0.3807307986535306,0.16309611204519692,0.9084992829799825,3.0,21.86341923178155,-0.2487969579292563,0.3563326932704485,0.9091449215282793,ns,True,mixedlm
asthma,Bacteria.Bacteroidota.Bacteroidia.Bacteroidales.Prevotellaceae.Incertae Sedis,Incertae Sedis,-0.19860342907506698,0.5733347503753724,0.9759262522748139,3.0,52.868846575200145,-0.05789291307733305,0.8283423957828688,0.9785387808767378,ns,True,mixedlm
asthma,Bacteria.Bacteroidota.Bacteroidia.Bacteroidales.Prevotellaceae.Leyella,,,,,,,-0.24859134340388014,0.04531878916513592,0.8436266906125302,ns,False,mixedlm
asthma,Bacteria.Bacteroidota.Bacteroidia.Bacteroidales.Prevotellaceae.Massiliprevotella,,,,,,,-0.17913632484632702,0.39316925007583314,0.9409801694858807,ns,False,mixedlm
asthma,Bacteria.Bacteroidota.Bacteroidia.Bacteroidales.Prevotellaceae.NA,Prevotellaceae,-0.07860465878431434,0.6327173258732269,0.9759262522748139,3.0,0.0,-0.06285798498644207,0.7643550554876617,0.9785387808767378,ns,True,mixedlm
asthma,Bacteria.Bacteroidota.Bacteroidia.Bacteroidales.Prevotellaceae.Paraprevotella,,,,,,,-0.010859639251882476,0.9624629868081025,0.980000755153281,ns,False,mixedlm
asthma,Bacteria.Bacteroidota.Bacteroidia.Bacteroidales.Prevotellaceae.Prevotella,Prevotella,0.054935877251363625,0.7054044285995352,0.9759262522748139,3.0,0.0,-0.01985761286978619,0.9493998383891159,0.980000755153281,ns,False,mixedlm
asthma,Bacteria.Bacteroidota.Bacteroidia.Bacteroidales.Prevotellaceae.Prevotellaceae NK3B31 group,,,,,,,-0.09936305798311575,0.6370123754676345,0.9695408481960222,ns,False,mixedlm
asthma,Bacteria.Bacteroidota.Bacteroidia.Bacteroidales.Prevotellaceae.Prevotellaceae UCG-001,Prevotellaceae UCG-001,-0.07923077428075372,0.7174204127069774,0.9759262522748139,3.0,0.0,0.029338481374514377,0.9058476127553516,0.9785387808767378,ns,False,mixedlm
asthma,Bacteria.Bacteroidota.Bacteroidia.Bacteroidales.Prevotellaceae.Segatella,Segatella,0.0384721519587503,0.9055921579061144,0.9759262522748139,3.0,49.25932781044318,-0.19868621473806516,0.45241123773037584,0.9409801694858807,ns,False,mixedlm
asthma,Bacteria.Bacteroidota.Bacteroidia.Bacteroidales.Rikenellaceae.Alistipes,,,,,,,-0.14562047023044095,0.5679385644638011,0.9459094406443006,ns,False,mixedlm
asthma,Bacteria.Bacteroidota.Bacteroidia.Bacteroidales.Rikenellaceae.Rikenellaceae RC9 gut group,Rikenellaceae RC9 gut group,0.3346441270903747,0.2213989849278949,0.9084992829799825,3.0,34.610106383117326,0.34220551187156595,0.11090239840871381,0.9091449215282793,ns,True,mixedlm
asthma,Bacteria.Bacteroidota.Bacteroidia.Bacteroidales.Tannerellaceae.Parabacteroides,Parabacteroides,0.2188050651203232,0.700000177691843,0.9759262522748139,2.0,79.09301762861526,-0.11350893926276807,0.6491094537083671,0.9727388077898284,ns,False,mixedlm
asthma,Bacteria.Bacteroidota.Bacteroidia.Flavobacteriales.Flavobacteriaceae.Capnocytophaga,Capnocytophaga,-0.2695667790258325,0.4167175907267857,0.9492584596611647,3.0,46.56324138221296,-0.21638947285725166,0.334699054913945,0.9091449215282793,ns,True,mixedlm
asthma,Bacteria.Bacteroidota.Bacteroidia.Flavobacteriales.Flavobacteriaceae.Flavobacterium,,,,,,,-0.02112150895515198,0.847169224415875,0.9785387808767378,ns,False,mixedlm
asthma,Bacteria.Bacteroidota.Bacteroidia.Flavobacteriales.Weeksellaceae.Bergeyella,Bergeyella,-0.13306275948505755,0.614017033012468,0.9759262522748139,3.0,32.391300017917864,-0.16181282023618257,0.4311548343235898,0.9409801694858807,ns,True,mixedlm
asthma,Bacteria.Bacteroidota.Bacteroidia.NA.NA.NA,Bacteroidia,0.040180777599488855,0.8971323442454213,0.9759262522748139,2.0,74.24469695933487,0.13419170964741592,0.32154655726536907,0.9091449215282793,ns,True,mixedlm
asthma,Bacteria.Campylobacterota.Campylobacteria.Campylobacterales.Campylobacteraceae.Campylobacter,Campylobacter,-0.05682396427389658,0.7971812841396174,0.9759262522748139,3.0,18.773228936677995,-0.11722802884399657,0.6145531747335263,0.9689999051210794,ns,True,mixedlm
asthma,Bacteria.Cyanobacteriota.Cyanobacteriia.Chloroplast.Incertae Sedis.Incertae Sedis,Incertae Sedis,-0.0878716985109363,0.6616000138835081,0.9759262522748139,3.0,0.0,-0.08366939399219067,0.6880877102106414,0.9785387808767378,ns,True,mixedlm
asthma,Bacteria.Cyanobacteriota.Vampirivibrionia.Gastranaerophilales.Gastranaerophilaceae.CAG-196,,,,,,,0.011358601059321646,0.9358868635617128,0.980000755153281,ns,False,mixedlm
asthma,Bacteria.Cyanobacteriota.Vampirivibrionia.Gastranaerophilales.Gastranaerophilaceae.Zag_111,,,,,,,-0.10724354442549641,0.5127834713723792,0.9459094406443006,ns,False,mixedlm
asthma,Bacteria.Fusobacteriota.Fusobacteriia.Fusobacteriales.Fusobacteriaceae.Fusobacterium,Fusobacterium,-0.28089243948158127,0.13804940620353906,0.9084992829799825,3.0,0.0,-0.3404722205700093,0.19108010651232532,0.9091449215282793,ns,True,mixedlm
asthma,Bacteria.Fusobacteriota.Fusobacteriia.Fusobacteriales.Leptotrichiaceae.Incertae Sedis,Incertae Sedis,-0.010995191008250901,0.9577054260595789,0.9787320617617169,3.0,0.0,-0.10570667864940751,0.6570649015922443,0.9727388077898284,ns,True,mixedlm
asthma,Bacteria.Fusobacteriota.Fusobacteriia.Fusobacteriales.Leptotrichiaceae.Leptotrichia,Leptotrichia,0.20999250417572102,0.3781337679710103,0.9492584596611647,3.0,0.0,0.11479302826440188,0.6525721833441491,0.9727388077898284,ns,True,mixedlm
asthma,Bacteria.Fusobacteriota.Fusobacteriia.Fusobacteriales.Leptotrichiaceae.Pseudoleptotrichia,Pseudoleptotrichia,-0.3546707653892758,0.3614618011925651,0.9492584596611647,3.0,52.274763906632934,-0.2498056630335163,0.32192454863260034,0.9091449215282793,ns,True,mixedlm
asthma,Bacteria.NA.NA.NA.NA.NA,Bacteria.NA.NA.NA.NA.NA,0.3000651249354598,0.15680976325587834,0.9084992829799825,3.0,0.0,0.4446708422869345,0.08974002543832983,0.9091449215282793,ns,True,mixedlm
asthma,Bacteria.Patescibacteria.Saccharimonadia.Saccharimonadales.Incertae Sedis.Incertae Sedis,Incertae Sedis,-0.18987040135066918,0.15877797373917413,0.9084992829799825,3.0,34.57784419696304,-0.17408387070342837,0.07585417803079188,0.9091449215282793,ns,True,mixedlm
asthma,Bacteria.Patescibacteria.Saccharimonadia.Saccharimonadales.Saccharimonadaceae.TM7x,TM7x,-0.21865751976840983,0.36526853765397405,0.9492584596611647,3.0,43.36177317938463,-0.17832959650794983,0.2593614379422058,0.9091449215282793,ns,True,mixedlm
asthma,Bacteria.Pseudomonadota.Alphaproteobacteria.Caulobacterales.Caulobacteraceae.Brevundimonas,Brevundimonas,-0.26744169392575856,0.025214130044369988,0.7940298764456286,3.0,0.0,-0.22055785893198968,0.09814244962756727,0.9091449215282793,ns,True,mixedlm
asthma,Bacteria.Pseudomonadota.Alphaproteobacteria.Caulobacterales.Caulobacteraceae.Incertae Sedis,Incertae Sedis,-0.08199079953599032,0.7118314755240156,0.9759262522748139,2.0,0.0,,,,ns,False,mixedlm
asthma,Bacteria.Pseudomonadota.Alphaproteobacteria.Hyphomicrobiales.Xanthobacteraceae.Bradyrhizobium,Bradyrhizobium,-0.06537755045980743,0.9035194691316708,0.9759262522748139,2.0,66.17750084104338,0.005134294315589707,0.9669971971205618,0.980000755153281,ns,False,mixedlm
asthma,Bacteria.Pseudomonadota.Alphaproteobacteria.NA.NA.NA,Alphaproteobacteria,0.5618925067194197,0.21362990040379826,0.9084992829799825,2.0,47.80117413672631,,,,ns,False,mixedlm
asthma,Bacteria.Pseudomonadota.Alphaproteobacteria.Rhodospirillales.Incertae Sedis.Incertae Sedis,,,,,,,-0.31858607145428836,0.06601307069461698,0.9091449215282793,ns,False,mixedlm
asthma,Bacteria.Pseudomonadota.Alphaproteobacteria.Rickettsiales.Mitochondria.Incertae Sedis,Incertae Sedis,0.02076675443078816,0.9169691334819701,0.9759262522748139,3.0,0.0,0.20259548324091622,0.4754097714649015,0.9409801694858807,ns,True,mixedlm
asthma,Bacteria.Pseudomonadota.Alphaproteobacteria.Sphingomonadales.Sphingomonadaceae.Sphingomonas,Sphingomonas,-0.08306192906300168,0.5291422240728946,0.9759262522748139,3.0,0.0,0.022511016744179147,0.8915057020525803,0.9785387808767378,ns,False,mixedlm
asthma,Bacteria.Pseudomonadota.Gammaproteobacteria.Burkholderiales.Burkholderiaceae.Lautropia,Lautropia,-0.3685873732273406,0.3730438477416367,0.9492584596611647,3.0,70.24072149067172,-0.17273204107142345,0.4058957504538463,0.9409801694858807,ns,True,mixedlm
asthma,Bacteria.Pseudomonadota.Gammaproteobacteria.Burkholderiales.Burkholderiaceae.Ralstonia,Ralstonia,0.13678415098025332,0.48403990961399634,0.9759262522748139,3.0,0.0,0.12586581261717644,0.523679005837236,0.9459094406443006,ns,True,mixedlm
asthma,Bacteria.Pseudomonadota.Gammaproteobacteria.Burkholderiales.Comamonadaceae.Comamonas,Comamonas,0.32433214597890436,0.2740804477390185,0.9492584596611647,2.0,0.0,0.1680266449399579,0.1967694510364889,0.9091449215282793,ns,True,mixedlm
asthma,Bacteria.Pseudomonadota.Gammaproteobacteria.Burkholderiales.Comamonadaceae.Delftia,Delftia,0.7145900609331501,0.092521167339259,0.9084992829799825,2.0,0.0,0.35462752751667176,0.0925994069843007,0.9091449215282793,ns,True,mixedlm
asthma,Bacteria.Pseudomonadota.Gammaproteobacteria.Burkholderiales.Comamonadaceae.NA,Comamonadaceae,0.1340362714106136,0.3922620161373379,0.9492584596611647,3.0,21.989255436659715,0.1362119010786641,0.2899019374558389,0.9091449215282793,ns,True,mixedlm
asthma,Bacteria.Pseudomonadota.Gammaproteobacteria.Burkholderiales.Comamonadaceae.Paucibacter,Paucibacter,0.30284391480148093,0.35754599756464955,0.9492584596611647,2.0,0.0,0.16588309409788302,0.28306286444855233,0.9091449215282793,ns,True,mixedlm
asthma,Bacteria.Pseudomonadota.Gammaproteobacteria.Burkholderiales.Neisseriaceae.Eikenella,Eikenella,-0.1615564773588367,0.6330125551555361,0.9759262522748139,3.0,51.88288715874671,-0.11499014724907317,0.5655642879045316,0.9459094406443006,ns,True,mixedlm
asthma,Bacteria.Pseudomonadota.Gammaproteobacteria.Burkholderiales.Neisseriaceae.Neisseria,Neisseria,-0.6489832858478423,0.251965521097295,0.9492584596611647,3.0,76.12293194912925,-0.36967627109832185,0.17031617040838187,0.9091449215282793,ns,True,mixedlm
asthma,Bacteria.Pseudomonadota.Gammaproteobacteria.Burkholderiales.Oxalobacteraceae.Oxalobacter,,,,,,,0.022733970615661004,0.8543392569938704,0.9785387808767378,ns,False,mixedlm
asthma,Bacteria.Pseudomonadota.Gammaproteobacteria.Burkholderiales.Sutterellaceae.Parasutterella,,,,,,,-0.15377263804260247,0.4742772321804797,0.9409801694858807,ns,False,mixedlm
asthma,Bacteria.Pseudomonadota.Gammaproteobacteria.Burkholderiales.Sutterellaceae.Sutterella,,,,,,,-0.21344487538882886,0.34144700321512356,0.9091449215282793,ns,False,mixedlm
asthma,Bacteria.Pseudomonadota.Gammaproteobacteria.Enterobacterales.Enterobacteriaceae.Escherichia-Shigella,Escherichia-Shigella,-0.4262481605320447,0.3088750051668008,0.9492584596611647,3.0,57.39920010246756,-0.5184363143668385,0.0404488685879593,0.8436266906125302,ns,True,mixedlm
asthma,Bacteria.Pseudomonadota.Gammaproteobacteria.Enterobacterales.Enterobacteriaceae.Klebsiella,Klebsiella,0.14769846422458638,0.5240570559333375,0.9759262522748139,3.0,0.0,0.17685227836052694,0.5757157433015969,0.9459094406443006,ns,True,mixedlm
asthma,Bacteria.Pseudomonadota.Gammaproteobacteria.Enterobacterales.Enterobacteriaceae.NA,Enterobacteriaceae,0.4163852751342933,0.19883970823211417,0.9084992829799825,2.0,0.0,0.39325246010024345,0.13341010039073437,0.9091449215282793,ns,True,mixedlm
asthma,Bacteria.Pseudomonadota.Gammaproteobacteria.Enterobacterales.NA.NA,,,,,,,-0.04308171755815577,0.6776443687787619,0.9785387808767378,ns,False,mixedlm
asthma,Bacteria.Pseudomonadota.Gammaproteobacteria.Enterobacterales.Pasteurellaceae.Actinobacillus,Actinobacillus,-0.09295506665461098,0.8578502636935309,0.9759262522748139,2.0,0.0,-0.03149778425233189,0.8861412061898188,0.9785387808767378,ns,True,mixedlm
asthma,Bacteria.Pseudomonadota.Gammaproteobacteria.Enterobacterales.Pasteurellaceae.Aggregatibacter,Aggregatibacter,-0.1906930364874263,0.42823263790229105,0.9492584596611647,3.0,0.0,-0.22453993604762287,0.35948411424931226,0.9091449215282793,ns,True,mixedlm
asthma,Bacteria.Pseudomonadota.Gammaproteobacteria.Enterobacterales.Pasteurellaceae.Haemophilus,Haemophilus,-0.42613753754854167,0.012236220866586444,0.7280551415618934,3.0,0.0,-0.38627540825585016,0.1308118952943271,0.9091449215282793,ns,True,mixedlm
asthma,Bacteria.Pseudomonadota.Gammaproteobacteria.Enterobacterales.Pasteurellaceae.Mannheimia,Mannheimia,-0.17114911503877123,0.3912557064528662,0.9492584596611647,3.0,0.0,-0.2022963278887782,0.4209565491784907,0.9409801694858807,ns,True,mixedlm
asthma,Bacteria.Pseudomonadota.Gammaproteobacteria.Enterobacterales.Pasteurellaceae.NA,Pasteurellaceae,0.14891050420215907,0.5231260875520729,0.9759262522748139,3.0,0.0,0.14303205084077347,0.5392746149078445,0.9459094406443006,ns,True,mixedlm
asthma,Bacteria.Pseudomonadota.Gammaproteobacteria.Lysobacterales.Lysobacteraceae.Stenotrophomonas,Stenotrophomonas,0.2469455894180644,0.040035119820788,0.7940298764456286,3.0,0.0,0.28049004571795266,0.02556375061546287,0.8436266906125302,ns,True,mixedlm
asthma,Bacteria.Pseudomonadota.Gammaproteobacteria.Pseudomonadales.Moraxellaceae.Acinetobacter,Acinetobacter,0.2814475248789738,0.32004633818260153,0.9492584596611647,3.0,29.05483555941674,0.26206705955392656,0.2312439543455409,0.9091449215282793,ns,True,mixedlm
asthma,Bacteria.Pseudomonadota.Gammaproteobacteria.Pseudomonadales.Moraxellaceae.Enhydrobacter,Enhydrobacter,-0.3498535201964084,0.03731583199310337,0.7940298764456286,2.0,0.0,-0.2902145309125483,0.03368059789195278,0.8436266906125302,ns,True,mixedlm
asthma,Bacteria.Pseudomonadota.Gammaproteobacteria.Pseudomonadales.Moraxellaceae.Moraxella,Moraxella,0.21396432902832555,0.5429893198782372,0.9759262522748139,3.0,31.342226732800793,0.25813013129703993,0.3684960573464995,0.9091449215282793,ns,True,mixedlm
asthma,Bacteria.Pseudomonadota.Gammaproteobacteria.Pseudomonadales.Pseudomonadaceae.Pseudomonas,Pseudomonas,0.030645806406561272,0.9256249606372021,0.9759262522748139,3.0,28.008230075988966,0.07393018900127572,0.7733571676879365,0.9785387808767378,ns,True,mixedlm
asthma,Bacteria.Pseudomonadota.NA.NA.NA.NA,Bacteria.Pseudomonadota.NA.NA.NA.NA,0.20351460982861308,0.45682082592826867,0.9537136541309469,3.0,26.449001914753538,0.34555330333128814,0.11660659201172165,0.9091449215282793,ns,True,mixedlm
asthma,Bacteria.Spirochaetota.Spirochaetia.Spirochaetales.Spirochaetaceae.Treponema,Treponema,-0.17975600123219954,0.5995930736484323,0.9759262522748139,3.0,41.35031415663643,-0.07652102298763785,0.7601682169476213,0.9785387808767378,ns,True,mixedlm
asthma,Bacteria.Thermodesulfobacteriota.Desulfovibrionia.Desulfovibrionales.Desulfovibrionaceae.Bilophila,,,,,,,0.023329737930835384,0.9138420019757965,0.9785387808767378,ns,False,mixedlm
asthma,Bacteria.Thermodesulfobacteriota.Desulfovibrionia.Desulfovibrionales.Desulfovibrionaceae.Desulfovibrio,,,,,,,-0.401731772758197,0.026114281556712474,0.8436266906125302,ns,False,mixedlm
asthma,Bacteria.Thermodesulfobacteriota.Desulfovibrionia.Desulfovibrionales.Desulfovibrionaceae.NA,,,,,,,0.20595998497329873,0.08701955682951149,0.9091449215282793,ns,False,mixedlm
asthma,Bacteria.Verrucomicrobiota.Verrucomicrobiia.Verrucomicrobiales.Akkermansiaceae.Akkermansia,,,,,,,0.0633064463225846,0.7558667998962818,0.9785387808767378,ns,False,mixedlm
asthma,Eukaryota.NA.NA.NA.NA.NA,,,,,,,0.17014638084236147,0.19635457690135028,0.9091449215282793,ns,False,mixedlm
asthma,NA.NA.NA.NA.NA.NA,,,,,,,-0.03397231519367927,0.8570931484459674,0.9785387808767378,ns,False,mixedlm
cancer_other,Archaea.Methanobacteriota.Methanobacteria.Methanobacteriales.Methanobacteriaceae.Methanobrevibacter,Methanobrevibacter,0.36418130819702066,0.17890462361418402,0.8331843899746284,3.0,14.908905346432036,0.482699034828468,0.046947366825137046,0.45643273302216575,ns,True,mixedlm
cancer_other,Bacteria.Actinomycetota.Actinobacteria.Actinomycetales.Actinomycetaceae.Schaalia,Schaalia,-0.12369414579002586,0.659148230869683,0.918021167412788,3.0,63.30670204495925,0.09176204596768195,0.5385015853414568,0.8747916545596529,ns,False,mixedlm
cancer_other,Bacteria.Actinomycetota.Actinobacteria.Bifidobacteriales.Bifidobacteriaceae.Bifidobacterium,Bifidobacterium,0.047919003938686644,0.8451839376359997,0.9391262403893145,3.0,0.0,0.1005074700071834,0.6438384896410227,0.9135388781789552,ns,True,mixedlm
cancer_other,Bacteria.Actinomycetota.Actinobacteria.Micrococcales.Micrococcaceae.Rothia,Rothia,-0.12458989478891262,0.3142610964343989,0.918021167412788,3.0,0.0,-0.03903365526551256,0.7550391753761441,0.9500415974468729,ns,True,mixedlm
cancer_other,Bacteria.Actinomycetota.Actinobacteria.Mycobacteriales.Corynebacteriaceae.Corynebacterium,Corynebacterium,0.3853876420074988,0.08476353391452275,0.65792647752701,2.0,0.0,0.09948592291158821,0.3312679982589497,0.8148889887203902,ns,True,mixedlm
cancer_other,Bacteria.Actinomycetota.Actinobacteria.Mycobacteriales.Corynebacteriaceae.Lawsonella,,,,,,,0.1537559074469489,0.1378849046582443,0.6521583328430474,ns,False,mixedlm
cancer_other,Bacteria.Actinomycetota.Coriobacteriia.Coriobacteriales.Coriobacteriaceae.Collinsella,Collinsella,0.707309099452129,0.039045910666596476,0.5534872166998023,2.0,0.0,0.42229189609015055,0.035600875799688576,0.4223712852365875,ns,True,mixedlm
cancer_other,Bacteria.Actinomycetota.Coriobacteriia.Coriobacteriales.Coriobacteriales Incertae Sedis.Incertae Sedis,Incertae Sedis,0.17230868118924922,0.47446518476814725,0.918021167412788,2.0,39.33611560747883,-0.02422099787982061,0.8673057656723823,0.9741090977580703,ns,False,mixedlm
cancer_other,Bacteria.Actinomycetota.Coriobacteriia.Coriobacteriales.Eggerthellaceae.Adlercreutzia,,,,,,,-0.205739597868415,0.11591899727029287,0.6367233236019552,ns,False,mixedlm
cancer_other,Bacteria.Actinomycetota.Coriobacteriia.Coriobacteriales.Eggerthellaceae.Asaccharobacter,,,,,,,-0.27850324705965646,0.0307316051196375,0.4223712852365875,ns,False,mixedlm
cancer_other,Bacteria.Actinomycetota.Coriobacteriia.Coriobacteriales.Eggerthellaceae.Eggerthella,Eggerthella,0.2950167676881321,0.22928721749283643,0.918021167412788,2.0,0.0,0.19689026697702453,0.15419555698193982,0.6530852994009175,ns,True,mixedlm
cancer_other,Bacteria.Actinomycetota.Coriobacteriia.Coriobacteriales.Eggerthellaceae.Gordonibacter,,,,,,,-0.01428947563580979,0.8903334417528066,0.9826775494053449,ns,False,mixedlm
cancer_other,Bacteria.Actinomycetota.Coriobacteriia.Coriobacteriales.Eggerthellaceae.Incertae Sedis,,,,,,,0.04761766837877057,0.7266669998577298,0.9294135141273498,ns,False,mixedlm
cancer_other,Bacteria.Bacillota.Bacilli.Erysipelotrichales.Erysipelatoclostridiaceae.Erysipelotrichaceae UCG-003,Erysipelotrichaceae UCG-003,0.0986893497569832,0.797885660148212,0.9289762876120027,3.0,54.29990041107218,0.007501344898675932,0.9712709728229612,0.9948210799732836,ns,True,mixedlm
cancer_other,Bacteria.Bacillota.Bacilli.Erysipelotrichales.Erysipelatoclostridiaceae.Massiliomicrobiota,,,,,,,-0.03133397137440699,0.7275980082025538,0.9294135141273498,ns,False,mixedlm
cancer_other,Bacteria.Bacillota.Bacilli.Erysipelotrichales.Erysipelatoclostridiaceae.Thomasclavelia,Thomasclavelia,-0.3645756943185158,0.07398427034630274,0.6421406064063592,3.0,0.0,-0.29316167219609207,0.0931829783253504,0.603963748405049,ns,True,mixedlm
cancer_other,Bacteria.Bacillota.Bacilli.Erysipelotrichales.Erysipelotrichaceae.Faecalitalea,Faecalitalea,-0.1297153912780871,0.6427969893821657,0.918021167412788,3.0,69.72474665418794,0.1343600921528857,0.3568073136696065,0.8148889887203902,ns,False,mixedlm
cancer_other,Bacteria.Bacillota.Bacilli.Erysipelotrichales.Erysipelotrichaceae.Holdemanella,Holdemanella,-0.2236091127124237,0.28016185179236197,0.918021167412788,3.0,0.0,-0.1111372353373711,0.5466299654193242,0.8776169169576306,ns,True,mixedlm
cancer_other,Bacteria.Bacillota.Bacilli.Erysipelotrichales.Erysipelotrichaceae.Holdemania,Holdemania,0.0068747147772626775,0.9530345237285445,0.9648734619115078,3.0,0.0,-0.029441141966020823,0.7739332126620908,0.950942802595719,ns,False,mixedlm
cancer_other,Bacteria.Bacillota.Bacilli.Erysipelotrichales.Erysipelotrichaceae.Turicibacter,Turicibacter,-0.09120415118216711,0.6354951108728804,0.918021167412788,3.0,0.0,-0.08413453705710366,0.6380367788467325,0.9135388781789552,ns,True,mixedlm
cancer_other,Bacteria.Bacillota.Bacilli.Erysipelotrichales.Erysipelotrichaceae.[Clostridium] innocuum group,[Clostridium] innocuum group,-0.15428513687482973,0.6359207862996574,0.918021167412788,2.0,47.864264801538525,0.09284887192133058,0.3861769281099946,0.8148889887203902,ns,False,mixedlm
cancer_other,Bacteria.Bacillota.Bacilli.Izemoplasmatales.Incertae Sedis.Incertae Sedis,Incertae Sedis,-0.06014060780075629,0.6590143040807275,0.918021167412788,2.0,18.848942216638576,-0.0639878679212238,0.5239335928486089,0.8747916545596529,ns,True,mixedlm
cancer_other,Bacteria.Bacillota.Bacilli.Lactobacillales.Carnobacteriaceae.Granulicatella,Granulicatella,-0.29077591407896736,0.03027938213462995,0.5534872166998023,3.0,0.0,-0.23101472661698919,0.05005480619524438,0.4592233709802949,ns,True,mixedlm
cancer_other,Bacteria.Bacillota.Bacilli.Lactobacillales.Enterococcaceae.Enterococcus,Enterococcus,0.3835630651804838,0.05144742085503425,0.555885665739212,3.0,23.33958099596297,0.19262334784352053,0.2072154417754214,0.7110333786411519,ns,True,mixedlm
cancer_other,Bacteria.Bacillota.Bacilli.Lactobacillales.Lactobacillaceae.HT002,,,,,,,-0.05005550507730083,0.6212174333982649,0.9135388781789552,ns,False,mixedlm
cancer_other,Bacteria.Bacillota.Bacilli.Lactobacillales.Lactobacillaceae.Lactobacillus,Lactobacillus,-0.06626263599757974,0.71205536890197,0.9269958124785739,3.0,0.0,-0.10976329834069623,0.49433977278714036,0.8684218429991075,ns,True,mixedlm
cancer_other,Bacteria.Bacillota.Bacilli.Lactobacillales.Lactobacillaceae.Ligilactobacillus,Ligilactobacillus,0.12169450178484971,0.43033791530509,0.918021167412788,3.0,0.0,0.06035361849944433,0.6893839219090954,0.9294135141273498,ns,True,mixedlm
cancer_other,Bacteria.Bacillota.Bacilli.Lactobacillales.Streptococcaceae.Lactococcus,Lactococcus,-0.18762585629697234,0.47067772451546663,0.918021167412788,2.0,34.08017152699325,-0.21643796167569695,0.0784205400818886,0.5489437805732202,ns,True,mixedlm
cancer_other,Bacteria.Bacillota.Bacilli.Lactobacillales.Streptococcaceae.Streptococcus,Streptococcus,0.06531365160775825,0.7558879992603121,0.9269958124785739,3.0,0.0,0.005317836705479487,0.9777804582845075,0.9948210799732836,ns,True,mixedlm
cancer_other,Bacteria.Bacillota.Bacilli.RF39.Incertae Sedis.Incertae Sedis,Incertae Sedis,-0.07114147423531036,0.731821641551256,0.9269958124785739,3.0,0.0,-0.019620529814767862,0.9176673319775155,0.9831296810369236,ns,True,mixedlm
cancer_other,Bacteria.Bacillota.Bacilli.Staphylococcales.Gemellaceae.Gemella,Gemella,0.22725547968701282,0.26540883201333787,0.918021167412788,3.0,44.79287483501309,0.3026296264310769,0.013287513112739797,0.2583683105254961,ns,True,mixedlm
cancer_other,Bacteria.Bacillota.Bacilli.Staphylococcales.Staphylococcaceae.Staphylococcus,Staphylococcus,0.5883054236781726,0.0367223607170361,0.5534872166998023,2.0,0.0,0.20774475788906072,0.11700177582222064,0.6367233236019552,ns,True,mixedlm
cancer_other,Bacteria.Bacillota.Clostridia.Christensenellales.Christensenellaceae.Christensenella,Christensenella,0.004512134190961126,0.9798361957233936,0.9858845673019331,2.0,55.11365316972601,0.011485335698510336,0.9040633454529173,0.9826775494053449,ns,True,mixedlm
cancer_other,Bacteria.Bacillota.Clostridia.Christensenellales.Christensenellaceae.Christensenellaceae R-7 group,Christensenellaceae R-7 group,0.09061932106696564,0.7424984396071028,0.9269958124785739,3.0,30.389236208696058,0.2082342325785459,0.27535473612776673,0.7727362661791959,ns,True,mixedlm
cancer_other,Bacteria.Bacillota.Clostridia.Christensenellales.Christensenellaceae.Incertae Sedis,Incertae Sedis,-0.17857410477389712,0.2860875305568469,0.918021167412788,3.0,0.0,-0.14175659562182522,0.359125903121728,0.8148889887203902,ns,True,mixedlm
cancer_other,Bacteria.Bacillota.Clostridia.Christensenellales.Christensenellaceae.NA,Christensenellaceae,0.05832384038140773,0.7529727570981409,0.9269958124785739,2.0,0.0,0.0070295528014716335,0.9656572107498016,0.9948210799732836,ns,True,mixedlm
cancer_other,Bacteria.Bacillota.Clostridia.Clostridia UCG-014.Incertae Sedis.Incertae Sedis,Incertae Sedis,0.21375685083215556,0.40660830769955225,0.918021167412788,3.0,0.0,0.18545242045684046,0.42217160055383784,0.8351355062641516,ns,True,mixedlm
cancer_other,Bacteria.Bacillota.Clostridia.Clostridia vadinBB60 group.Incertae Sedis.Incertae Sedis,Incertae Sedis,-0.12807000483385805,0.3977208458470922,0.918021167412788,3.0,0.0,-0.11247701295800991,0.3764898069496909,0.8148889887203902,ns,True,mixedlm
cancer_other,Bacteria.Bacillota.Clostridia.Clostridiales.Clostridiaceae.Clostridium,Clostridium,0.33395535677965194,0.10906738264022078,0.6767172538328333,3.0,0.0,0.2519840063127108,0.16253573623598017,0.6530852994009175,ns,True,mixedlm
cancer_other,Bacteria.Bacillota.Clostridia.Eubacteriales.Anaerofustaceae.Anaerofustis,,,,,,,0.013307873048632984,0.8618891089204465,0.9741090977580703,ns,False,mixedlm
cancer_other,Bacteria.Bacillota.Clostridia.Lachnospirales.Defluviitaleaceae.Defluviitaleaceae UCG-011,Defluviitaleaceae UCG-011,0.10401928107988498,0.40920918160210895,0.918021167412788,2.0,0.0,0.0789511788935801,0.443950507439993,0.8444710739347693,ns,True,mixedlm
cancer_other,Bacteria.Bacillota.Clostridia.Lachnospirales.Lachnospiraceae.Agathobacter,Agathobacter,-0.09510775848439286,0.621623337144034,0.918021167412788,3.0,0.0,-0.06145687029719987,0.7080506952845187,0.9294135141273498,ns,True,mixedlm
cancer_other,Bacteria.Bacillota.Clostridia.Lachnospirales.Lachnospiraceae.Anaerobutyricum,Anaerobutyricum,0.18945321928531728,0.32437867532649334,0.918021167412788,3.0,0.0,0.17523425302088702,0.2914319632447253,0.7727362661791959,ns,True,mixedlm
cancer_other,Bacteria.Bacillota.Clostridia.Lachnospirales.Lachnospiraceae.Anaerostipes,Anaerostipes,-0.26390385128717364,0.07432471652842149,0.6421406064063592,3.0,0.0,-0.22117405516451938,0.08214402140963531,0.5528924517956223,ns,True,mixedlm
cancer_other,Bacteria.Bacillota.Clostridia.Lachnospirales.Lachnospiraceae.Blautia,Blautia,-0.06292381331780673,0.5199868875033775,0.918021167412788,3.0,0.0,-0.013233047064612143,0.8739150191315259,0.9741090977580703,ns,True,mixedlm
cancer_other,Bacteria.Bacillota.Clostridia.Lachnospirales.Lachnospiraceae.Butyribacter,Butyribacter,-0.13006075386582608,0.4655395299243784,0.918021167412788,3.0,0.0,-0.1737447778354433,0.28371309076849704,0.7727362661791959,ns,True,mixedlm
cancer_other,Bacteria.Bacillota.Clostridia.Lachnospirales.Lachnospiraceae.CAG-56,CAG-56,-0.11793473559717389,0.5777468249604816,0.918021167412788,3.0,0.0,-0.12681731427060727,0.4962410531423471,0.8684218429991075,ns,True,mixedlm
cancer_other,Bacteria.Bacillota.Clostridia.Lachnospirales.Lachnospiraceae.Coprococcus,Coprococcus,-0.12924849287077766,0.7141136474403185,0.9269958124785739,3.0,59.498558312338304,0.00746320224000634,0.9658635290028647,0.9948210799732836,ns,False,mixedlm
cancer_other,Bacteria.Bacillota.Clostridia.Lachnospirales.Lachnospiraceae.Dorea,Dorea,0.05317651093119244,0.778037885590873,0.9289762876120027,3.0,0.0,0.08082499587398594,0.6170078128683134,0.9135388781789552,ns,True,mixedlm
cancer_other,Bacteria.Bacillota.Clostridia.Lachnospirales.Lachnospiraceae.Eisenbergiella,Eisenbergiella,0.11729639973850245,0.5219605083203704,0.918021167412788,3.0,3.2979085403439545,0.038711804225117025,0.8136124429513468,0.9561965232021069,ns,True,mixedlm
cancer_other,Bacteria.Bacillota.Clostridia.Lachnospirales.Lachnospiraceae.Enterocloster,Enterocloster,-0.08152872961865483,0.6561969032857262,0.918021167412788,3.0,0.0,-0.04143423113562533,0.804736529834947,0.9561965232021069,ns,True,mixedlm
cancer_other,Bacteria.Bacillota.Clostridia.Lachnospirales.Lachnospiraceae.Extibacter,Extibacter,0.37419933502047575,0.10151333182943888,0.6767172538328333,3.0,0.0,0.3083130901772697,0.11990412231116161,0.6367233236019552,ns,True,mixedlm
cancer_other,Bacteria.Bacillota.Clostridia.Lachnospirales.Lachnospiraceae.Faecalicatena,Faecalicatena,-0.12607667439776352,0.4828578762695884,0.918021167412788,2.0,34.09320912368002,-0.10533964742450265,0.3677549443172299,0.8148889887203902,ns,True,mixedlm
cancer_other,Bacteria.Bacillota.Clostridia.Lachnospirales.Lachnospiraceae.Faecalimonas,Faecalimonas,0.0790713369417995,0.7596498743611245,0.9269958124785739,3.0,28.491132155446646,-0.04852552460193768,0.7807074576512106,0.950942802595719,ns,False,mixedlm
cancer_other,Bacteria.Bacillota.Clostridia.Lachnospirales.Lachnospiraceae.Frisingicoccus,Frisingicoccus,0.2445478800332173,0.4463491583537216,0.918021167412788,3.0,55.81196578854556,0.3380287048190709,0.03861680322163086,0.4223712852365875,ns,True,mixedlm
cancer_other,Bacteria.Bacillota.Clostridia.Lachnospirales.Lachnospiraceae.Fusicatenibacter,Fusicatenibacter,-0.23779874307166338,0.21717317001307124,0.918021167412788,3.0,0.0,-0.19568014226041971,0.23437311475323264,0.7595425015151058,ns,True,mixedlm
cancer_other,Bacteria.Bacillota.Clostridia.Lachnospirales.Lachnospiraceae.GCA-900066575,GCA-900066575,-0.12408124774614243,0.3734359086221667,0.918021167412788,3.0,0.0,-0.12675032692495625,0.2785514492616391,0.7727362661791959,ns,True,mixedlm
cancer_other,Bacteria.Bacillota.Clostridia.Lachnospirales.Lachnospiraceae.Howardella,Howardella,0.19973730786890492,0.4474111875542821,0.918021167412788,3.0,66.21710877588389,0.3258020558794564,0.006292184978905938,0.19200368124250072,ns,True,mixedlm
cancer_other,Bacteria.Bacillota.Clostridia.Lachnospirales.Lachnospiraceae.Hungatella,Hungatella,0.037882582858211535,0.810560159387342,0.9289762876120027,3.0,0.0,0.016998214448292276,0.9022801826673877,0.9826775494053449,ns,True,mixedlm
cancer_other,Bacteria.Bacillota.Clostridia.Lachnospirales.Lachnospiraceae.Incertae Sedis,Incertae Sedis,-0.16350218539907954,0.37189535575536126,0.918021167412788,2.0,0.0,,,,ns,False,mixedlm
cancer_other,Bacteria.Bacillota.Clostridia.Lachnospirales.Lachnospiraceae.Lachnoclostridium,Lachnoclostridium,0.234929610282473,0.22760133785798364,0.918021167412788,3.0,0.0,0.2248615001150481,0.19118750602466794,0.6818043776758497,ns,True,mixedlm
cancer_other,Bacteria.Bacillota.Clostridia.Lachnospirales.Lachnospiraceae.Lachnospira,Lachnospira,-0.2268525866076154,0.36066704695608465,0.918021167412788,3.0,26.816095633854886,-0.25449905444292764,0.1366068050927535,0.6521583328430474,ns,True,mixedlm
cancer_other,Bacteria.Bacillota.Clostridia.Lachnospirales.Lachnospiraceae.Lachnospiraceae AC2044 group,Lachnospiraceae AC2044 group,-0.13627725668496163,0.29330966299756533,0.918021167412788,2.0,0.0,-0.11274563248800742,0.28706677448943463,0.7727362661791959,ns,True,mixedlm
cancer_other,Bacteria.Bacillota.Clostridia.Lachnospirales.Lachnospiraceae.Lachnospiraceae FCS020 group,Lachnospiraceae FCS020 group,0.2788815588671392,0.12454918782199387,0.6767172538328333,3.0,0.0,0.20310177514409317,0.19480125076452848,0.6818043776758497,ns,True,mixedlm
cancer_other,Bacteria.Bacillota.Clostridia.Lachnospirales.Lachnospiraceae.Lachnospiraceae ND3007 group,Lachnospiraceae ND3007 group,0.14098684645462206,0.4877340453539515,0.918021167412788,3.0,0.0,0.13126515254251028,0.4811022969368064,0.8684218429991075,ns,True,mixedlm
cancer_other,Bacteria.Bacillota.Clostridia.Lachnospirales.Lachnospiraceae.Lachnospiraceae NK4A136 group,Lachnospiraceae NK4A136 group,-0.1412529697921978,0.4449924362641261,0.918021167412788,3.0,0.0,-0.11509206258882128,0.4628383506540481,0.8684218429991075,ns,True,mixedlm
cancer_other,Bacteria.Bacillota.Clostridia.Lachnospirales.Lachnospiraceae.Lachnospiraceae NK4B4 group,Lachnospiraceae NK4B4 group,-0.08606872450781192,0.49253434906183124,0.918021167412788,3.0,0.0,-0.09038618778674726,0.42881452745879467,0.8351355062641516,ns,True,mixedlm
cancer_other,Bacteria.Bacillota.Clostridia.Lachnospirales.Lachnospiraceae.Lachnospiraceae UCG-004,Lachnospiraceae UCG-004,-0.23745428942467214,0.14218088116189953,0.7242338634184258,3.0,0.0,-0.12755041194754163,0.3546481235044837,0.8148889887203902,ns,True,mixedlm
cancer_other,Bacteria.Bacillota.Clostridia.Lachnospirales.Lachnospiraceae.Lachnospiraceae UCG-010,Lachnospiraceae UCG-010,0.08989143698752906,0.7527221542742673,0.9269958124785739,3.0,46.43936678791544,0.13731889343956266,0.4084826511864932,0.8220538355573326,ns,True,mixedlm
cancer_other,Bacteria.Bacillota.Clostridia.Lachnospirales.Lachnospiraceae.Lachnotalea,Lachnotalea,-0.08045211908156766,0.5623497956313583,0.918021167412788,2.0,0.0,-0.08234016006093636,0.3272543811269021,0.8148889887203902,ns,True,mixedlm
cancer_other,Bacteria.Bacillota.Clostridia.Lachnospirales.Lachnospiraceae.Marvinbryantia,Marvinbryantia,0.20280172065900573,0.2730466035451593,0.918021167412788,3.0,0.0,0.09179858595614482,0.5893149255433334,0.9135388781789552,ns,True,mixedlm
cancer_other,Bacteria.Bacillota.Clostridia.Lachnospirales.Lachnospiraceae.Mediterraneibacter,Mediterraneibacter,-0.039248685038493956,0.7573422910435079,0.9269958124785739,3.0,0.0,-0.017065308362813603,0.8721709306655642,0.9741090977580703,ns,True,mixedlm
cancer_other,Bacteria.Bacillota.Clostridia.Lachnospirales.Lachnospiraceae.NA,Lachnospiraceae,-0.27934092118584697,0.044143152252131466,0.5534872166998023,3.0,16.93807953806034,-0.2801149212872509,0.007680147249700029,0.19200368124250072,ns,True,mixedlm
cancer_other,Bacteria.Bacillota.Clostridia.Lachnospirales.Lachnospiraceae.Roseburia,Roseburia,-0.10717447635433279,0.7453029713276783,0.9269958124785739,3.0,66.85146116900138,-0.14197339789482652,0.35623827762280147,0.8148889887203902,ns,True,mixedlm
cancer_other,Bacteria.Bacillota.Clostridia.Lachnospirales.Lachnospiraceae.Sellimonas,Sellimonas,0.019465143657057312,0.9111918514031458,0.9550769782389733,3.0,0.0,0.036252926525265974,0.8162393505762118,0.9561965232021069,ns,True,mixedlm
cancer_other,Bacteria.Bacillota.Clostridia.Lachnospirales.Lachnospiraceae.Shuttleworthia,Shuttleworthia,-0.08739402362917753,0.5869661560441677,0.918021167412788,2.0,0.0,-0.05687134383970657,0.6681447730684911,0.9279788514840154,ns,True,mixedlm
cancer_other,Bacteria.Bacillota.Clostridia.Lachnospirales.Lachnospiraceae.Tyzzerella,Tyzzerella,0.2131237339236391,0.10083370404705637,0.6767172538328333,3.0,0.0,0.16956222455643616,0.14237093465247266,0.6530852994009175,ns,True,mixedlm
cancer_other,Bacteria.Bacillota.Clostridia.Lachnospirales.Lachnospiraceae.UC5-1-2E3,UC5-1-2E3,0.1124040482125461,0.3945178977508189,0.918021167412788,2.0,0.0,0.07675131767040018,0.4797558951018295,0.8684218429991075,ns,True,mixedlm
cancer_other,Bacteria.Bacillota.Clostridia.Lachnospirales.Lachnospiraceae.[Eubacterium] eligens group,[Eubacterium] eligens group,0.032580026957695775,0.8718772685449188,0.947439965152145,3.0,0.0,-0.002764634444673564,0.9876886060220837,0.9948210799732836,ns,False,mixedlm
cancer_other,Bacteria.Bacillota.Clostridia.Lachnospirales.Lachnospiraceae.[Eubacterium] ruminantium group,[Eubacterium] ruminantium group,0.11027427513920098,0.6106525498210643,0.918021167412788,2.0,0.0,0.08671334158190654,0.624176510678994,0.9135388781789552,ns,True,mixedlm
cancer_other,Bacteria.Bacillota.Clostridia.Lachnospirales.Lachnospiraceae.[Eubacterium] ventriosum group,[Eubacterium] ventriosum group,-0.17065795351690466,0.6479009271218235,0.918021167412788,3.0,76.3740432568842,-0.43370143243717574,0.007282170526594784,0.19200368124250072,ns,True,mixedlm
cancer_other,Bacteria.Bacillota.Clostridia.Lachnospirales.Lachnospiraceae.[Eubacterium] xylanophilum group,[Eubacterium] xylanophilum group,-0.508701244581493,0.0073489400394284084,0.2994693066067076,3.0,0.0,-0.4289891889755042,0.012509578307214397,0.2583683105254961,ns,True,mixedlm
cancer_other,Bacteria.Bacillota.Clostridia.Lachnospirales.Lachnospiraceae.[Ruminococcus] gauvreauii group,[Ruminococcus] gauvreauii group,0.1301184352056039,0.5687257381682314,0.918021167412788,3.0,0.0,0.09004704227173699,0.6593326873432575,0.9230657622805604,ns,True,mixedlm
cancer_other,Bacteria.Bacillota.Clostridia.Lachnospirales.Lachnospiraceae.[Ruminococcus] gnavus group,[Ruminococcus] gnavus group,-0.11471283641953427,0.6418611779818846,0.918021167412788,3.0,0.0,-0.10693194254861554,0.6141522006907241,0.9135388781789552,ns,True,mixedlm
cancer_other,Bacteria.Bacillota.Clostridia.Monoglobales.Monoglobaceae.Monoglobus,Monoglobus,0.16213327504429031,0.33140714609653354,0.918021167412788,3.0,0.0,0.1282112044415291,0.39580322309276095,0.8148889887203902,ns,True,mixedlm
cancer_other,Bacteria.Bacillota.Clostridia.NA.NA.NA,Clostridia,-0.0856019134704068,0.6326961970457272,0.918021167412788,3.0,16.357332127054367,-0.13310104579872123,0.37807726590690494,0.8148889887203902,ns,True,mixedlm
cancer_other,Bacteria.Bacillota.Clostridia.Oscillospirales.Butyricicoccaceae.Agathobaculum,Agathobaculum,-0.40506572977970723,0.037857028349132245,0.5534872166998023,3.0,0.0,-0.32182776458450646,0.06431504764216782,0.5115969698808803,ns,True,mixedlm
cancer_other,Bacteria.Bacillota.Clostridia.Oscillospirales.Butyricicoccaceae.UCG-009,UCG-009,-0.022636551072778188,0.8571997535672523,0.9440781069693387,2.0,0.0,-0.05477392529586642,0.5134175399241063,0.8732170327339118,ns,True,mixedlm
cancer_other,Bacteria.Bacillota.Clostridia.Oscillospirales.NA.NA,Oscillospirales,0.028270850140338297,0.8386566288922024,0.9391262403893145,2.0,0.0,0.014889824138524216,0.8955142412184541,0.9826775494053449,ns,True,mixedlm
cancer_other,Bacteria.Bacillota.Clostridia.Oscillospirales.Oscillospiraceae.Colidextribacter,Colidextribacter,0.11442687016706779,0.5230589047057541,0.918021167412788,3.0,0.0,0.0638698414303173,0.6834645603900471,0.9294135141273498,ns,True,mixedlm
cancer_other,Bacteria.Bacillota.Clostridia.Oscillospirales.Oscillospiraceae.Flavonifractor,Flavonifractor,-0.2484014481417581,0.18924506621979376,0.8568596053840661,3.0,0.0,-0.23028042260223003,0.162501117815118,0.6530852994009175,ns,True,mixedlm
cancer_other,Bacteria.Bacillota.Clostridia.Oscillospirales.Oscillospiraceae.Incertae Sedis,Incertae Sedis,0.03320369257061978,0.9140614024863793,0.9550769782389733,3.0,56.93394618888159,-0.07626576711246522,0.637850473015017,0.9135388781789552,ns,False,mixedlm
cancer_other,Bacteria.Bacillota.Clostridia.Oscillospirales.Oscillospiraceae.Intestinimonas,Intestinimonas,0.03408632420487102,0.863133053623979,0.9442328036289165,3.0,0.0,0.0149098385821139,0.9299812969891206,0.9831296810369236,ns,True,mixedlm
cancer_other,Bacteria.Bacillota.Clostridia.Oscillospirales.Oscillospiraceae.NA,Oscillospiraceae,-0.042497790358918396,0.7316782562767379,0.9269958124785739,3.0,0.0,-0.02280975302724151,0.8298572366745662,0.9573563298694544,ns,True,mixedlm
cancer_other,Bacteria.Bacillota.Clostridia.Oscillospirales.Oscillospiraceae.NK4A214 group,NK4A214 group,0.35288006275539674,0.08298524426128928,0.65792647752701,3.0,0.0,0.33351949655208846,0.06805281972230738,0.5177931935392953,ns,True,mixedlm
cancer_other,Bacteria.Bacillota.Clostridia.Oscillospirales.Oscillospiraceae.Oscillibacter,Oscillibacter,-0.21132879841838584,0.2584694456471769,0.918021167412788,3.0,0.0,-0.22860262404106885,0.1627942079432675,0.6530852994009175,ns,True,mixedlm
cancer_other,Bacteria.Bacillota.Clostridia.Oscillospirales.Oscillospiraceae.Oscillospira,Oscillospira,-0.2021378975639262,0.1678244617943725,0.8045702138965505,3.0,0.0,-0.1698487100556193,0.17458587281889226,0.6641853857240467,ns,True,mixedlm
cancer_other,Bacteria.Bacillota.Clostridia.Oscillospirales.Oscillospiraceae.Ruminiclostridium,Ruminiclostridium,0.1937642247282373,0.1524735509785643,0.7531269336213934,2.0,0.0,0.14780109989601875,0.18167336166155212,0.6764433678887579,ns,True,mixedlm
cancer_other,Bacteria.Bacillota.Clostridia.Oscillospirales.Oscillospiraceae.UCG-002,UCG-002,0.47824965336588227,0.03207702992630906,0.5534872166998023,3.0,0.0,0.3868862843614984,0.04457967994066531,0.45643273302216575,ns,True,mixedlm
cancer_other,Bacteria.Bacillota.Clostridia.Oscillospirales.Oscillospiraceae.UCG-003,UCG-003,0.15574534268900658,0.40733715378446933,0.918021167412788,3.0,0.0,0.16800359061689302,0.3021125913128344,0.7891000519365078,ns,True,mixedlm
cancer_other,Bacteria.Bacillota.Clostridia.Oscillospirales.Oscillospiraceae.UCG-005,UCG-005,-0.019630853300595674,0.930814509221411,0.9648734619115078,3.0,16.464709109175104,-0.03527685263337371,0.8395061670230368,0.9602194720851728,ns,True,mixedlm
cancer_other,Bacteria.Bacillota.Clostridia.Oscillospirales.Ruminococcaceae.Acutalibacter,Acutalibacter,-0.16538121963280347,0.565749862851886,0.918021167412788,3.0,68.23306578002855,-0.322243505497155,0.0064478803927984765,0.19200368124250072,ns,True,mixedlm
cancer_other,Bacteria.Bacillota.Clostridia.Oscillospirales.Ruminococcaceae.Anaerofilum,Anaerofilum,-0.23821003327083778,0.0024296046055209126,0.13200851689996956,2.0,0.0,,,,ns,False,mixedlm
cancer_other,Bacteria.Bacillota.Clostridia.Oscillospirales.Ruminococcaceae.Anaerotruncus,Anaerotruncus,0.061646179874444776,0.7440911534563904,0.9269958124785739,2.0,0.0,0.041217085263324946,0.6928510615541725,0.9294135141273498,ns,True,mixedlm
cancer_other,Bacteria.Bacillota.Clostridia.Oscillospirales.Ruminococcaceae.Angelakisella,Angelakisella,-0.0930004578791074,0.6358668020115648,0.918021167412788,3.0,53.92943635939269,-0.12131287411540781,0.27091884906353303,0.7727362661791959,ns,True,mixedlm
cancer_other,Bacteria.Bacillota.Clostridia.Oscillospirales.Ruminococcaceae.CAG-352,CAG-352,0.46545486775925377,0.10247458076916982,0.6767172538328333,2.0,0.0,0.3597341599847127,0.12232576608667327,0.6367233236019552,ns,True,mixedlm
cancer_other,Bacteria.Bacillota.Clostridia.Oscillospirales.Ruminococcaceae.Candidatus Soleaferrea,,,,,,,-0.11532235961180919,0.15805849500757196,0.6530852994009175,ns,False,mixedlm
cancer_other,Bacteria.Bacillota.Clostridia.Oscillospirales.Ruminococcaceae.DTU089,DTU089,-0.10607373901036986,0.5052059497652348,0.918021167412788,3.0,0.0,-0.16533466773323444,0.2907882557729905,0.7727362661791959,ns,True,mixedlm
cancer_other,Bacteria.Bacillota.Clostridia.Oscillospirales.Ruminococcaceae.Faecalibacterium,Faecalibacterium,-0.1118261420242288,0.48025200337960805,0.918021167412788,3.0,0.0,-0.07278453502301316,0.5830660215125315,0.9135388781789552,ns,True,mixedlm
cancer_other,Bacteria.Bacillota.Clostridia.Oscillospirales.Ruminococcaceae.Fournierella,Fournierella,-0.4385323269193292,0.0003663064609937544,0.029853976570990984,2.0,0.0,-0.36787032183587615,0.000295377133887085,0.025845499215119937,replicated,True,mixedlm
cancer_other,Bacteria.Bacillota.Clostridia.Oscillospirales.Ruminococcaceae.Gemmiger,Gemmiger,-0.01628012856063675,0.9369458755525486,0.9648734619115078,3.0,0.0,0.013660958119719827,0.9381866099038071,0.9831296810369236,ns,False,mixedlm
cancer_other,Bacteria.Bacillota.Clostridia.Oscillospirales.Ruminococcaceae.Incertae Sedis,Incertae Sedis,0.09508829424113212,0.6140449336748423,0.918021167412788,3.0,0.0,0.05799152090046532,0.7244464738669227,0.9294135141273498,ns,True,mixedlm
cancer_other,Bacteria.Bacillota.Clostridia.Oscillospirales.Ruminococcaceae.NA,Ruminococcaceae,0.18661054309873404,0.40390532071523677,0.918021167412788,3.0,12.769759802497898,0.08901130854768274,0.6164321026803294,0.9135388781789552,ns,True,mixedlm
cancer_other,Bacteria.Bacillota.Clostridia.Oscillospirales.Ruminococcaceae.Negativibacillus,Negativibacillus,0.1114397335684496,0.6655151673044084,0.918021167412788,2.0,0.0,0.09104327248220494,0.5398714210996715,0.8747916545596529,ns,True,mixedlm
cancer_other,Bacteria.Bacillota.Clostridia.Oscillospirales.Ruminococcaceae.Paludicola,Paludicola,-0.12384911192957912,0.37618802708399623,0.918021167412788,3.0,0.0,-0.09681255822460749,0.42949826036442074,0.8351355062641516,ns,True,mixedlm
cancer_other,Bacteria.Bacillota.Clostridia.Oscillospirales.Ruminococcaceae.Ruminococcus,Ruminococcus,0.20202806157268893,0.47973984743013487,0.918021167412788,3.0,40.966686264342286,0.1357985576436681,0.44116442562347746,0.8444710739347693,ns,True,mixedlm
cancer_other,Bacteria.Bacillota.Clostridia.Oscillospirales.Ruminococcaceae.Ruthenibacterium,Ruthenibacterium,-0.043220602084543855,0.8060119968295085,0.9289762876120027,3.0,0.0,-0.06199707494342802,0.6882047331609483,0.9294135141273498,ns,True,mixedlm
cancer_other,Bacteria.Bacillota.Clostridia.Oscillospirales.Ruminococcaceae.[Clostridium] methylpentosum group,[Clostridium] methylpentosum group,-0.12436309162682942,0.4238317100168536,0.918021167412788,2.0,42.072449856648745,-0.10232691704011021,0.28002553561562427,0.7727362661791959,ns,True,mixedlm
cancer_other,Bacteria.Bacillota.Clostridia.Oscillospirales.Ruminococcaceae.[Eubacterium] siraeum group,[Eubacterium] siraeum group,0.014272998806109693,0.9478635636522588,0.9648734619115078,3.0,0.0,-0.05033583152026272,0.7930006458296275,0.9561965232021069,ns,False,mixedlm
cancer_other,Bacteria.Bacillota.Clostridia.Oscillospirales.UCG-010.Incertae Sedis,Incertae Sedis,-0.012491339563473619,0.947071512293983,0.9648734619115078,3.0,0.0,0.052719842678828205,0.7600332779574983,0.9500415974468729,ns,False,mixedlm
cancer_other,Bacteria.Bacillota.Clostridia.Oscillospirales.[Eubacterium] coprostanoligenes group.Incertae Sedis,Incertae Sedis,0.3574842199489003,0.04177224703384357,0.5534872166998023,3.0,0.0,0.22755034912049893,0.1318806342737942,0.6521583328430474,ns,True,mixedlm
cancer_other,Bacteria.Bacillota.Clostridia.Peptococcales.Peptococcaceae.Incertae Sedis,Incertae Sedis,0.09972644108891102,0.48124042007465007,0.918021167412788,3.0,0.0,0.06839146065805965,0.5773298449138569,0.9135388781789552,ns,True,mixedlm
cancer_other,Bacteria.Bacillota.Clostridia.Peptococcales.Peptococcaceae.Peptococcus,Peptococcus,0.13030018098988413,0.36972547604832096,0.918021167412788,3.0,0.0,0.1410191869072382,0.25440738070379276,0.7727362661791959,ns,True,mixedlm
cancer_other,Bacteria.Bacillota.Clostridia.Peptostreptococcales-Tissierellales.Anaerovoracaceae.Family XIII AD3011 group,Family XIII AD3011 group,0.1059148578359353,0.7155935191974213,0.9269958124785739,3.0,64.1459360257612,0.05409938474340094,0.7142899549143609,0.9294135141273498,ns,True,mixedlm
cancer_other,Bacteria.Bacillota.Clostridia.Peptostreptococcales-Tissierellales.Anaerovoracaceae.Family XIII UCG-001,Family XIII UCG-001,-0.0009483677532043148,0.9937716415224833,0.9937716415224833,3.0,0.0,0.08244709213083345,0.4879062724872806,0.8684218429991075,ns,False,mixedlm
cancer_other,Bacteria.Bacillota.Clostridia.Peptostreptococcales-Tissierellales.Anaerovoracaceae.Incertae Sedis,Incertae Sedis,0.01883762054549666,0.8824028349983685,0.9525275636075103,3.0,0.0,0.00218012396931078,0.9847305550031208,0.9948210799732836,ns,True,mixedlm
cancer_other,Bacteria.Bacillota.Clostridia.Peptostreptococcales-Tissierellales.Anaerovoracaceae.Mogibacterium,Mogibacterium,0.04997632858475493,0.8890965777627685,0.9534390932587584,2.0,76.44344765620887,0.2308636097243634,0.033598888011215564,0.4223712852365875,ns,True,mixedlm
cancer_other,Bacteria.Bacillota.Clostridia.Peptostreptococcales-Tissierellales.Anaerovoracaceae.NA,,,,,,,-0.03689769184806979,0.7029214630086444,0.9294135141273498,ns,False,mixedlm
cancer_other,Bacteria.Bacillota.Clostridia.Peptostreptococcales-Tissierellales.Anaerovoracaceae.[Eubacterium] brachy group,[Eubacterium] brachy group,0.31831632478154026,0.0748507455320296,0.6421406064063592,2.0,0.0,0.023984805763306534,0.8315323550866118,0.9573563298694544,ns,True,mixedlm
cancer_other,Bacteria.Bacillota.Clostridia.Peptostreptococcales-Tissierellales.Family XI.Parvimonas,Parvimonas,0.048119340548708874,0.8975176071002777,0.9550007741423713,2.0,77.75131936331474,,,,ns,False,mixedlm
cancer_other,Bacteria.Bacillota.Clostridia.Peptostreptococcales-Tissierellales.Peptostreptococcaceae.Intestinibacter,Intestinibacter,-0.059854052331595936,0.7677572680037268,0.9269958124785739,3.0,0.0,-0.08325119244077714,0.6473075479668025,0.9135388781789552,ns,True,mixedlm
cancer_other,Bacteria.Bacillota.Clostridia.Peptostreptococcales-Tissierellales.Peptostreptococcaceae.Romboutsia,Romboutsia,-0.05485464837467638,0.8020179062222584,0.9289762876120027,3.0,0.0,-0.12301243208617643,0.5307833040533414,0.8747916545596529,ns,True,mixedlm
cancer_other,Bacteria.Bacillota.Clostridia.Peptostreptococcales-Tissierellales.Peptostreptococcaceae.Terrisporobacter,,,,,,,-0.33482154378985873,0.03737287552606252,0.4223712852365875,ns,False,mixedlm
cancer_other,Bacteria.Bacillota.NA.NA.NA.NA,Bacteria.Bacillota.NA.NA.NA.NA,-0.061882203289906776,0.5807825594817848,0.918021167412788,2.0,0.0,-0.03273535540801347,0.773950527281853,0.950942802595719,ns,True,mixedlm
cancer_other,Bacteria.Bacillota.Negativicutes.Acidaminococcales.Acidaminococcaceae.Acidaminococcus,Acidaminococcus,-0.15929603368844425,0.7654660179270485,0.9269958124785739,2.0,75.39961642051094,0.13388994034881488,0.3915687279708866,0.8148889887203902,ns,False,mixedlm
cancer_other,Bacteria.Bacillota.Negativicutes.Acidaminococcales.Acidaminococcaceae.Phascolarctobacterium,Phascolarctobacterium,0.40976592485885344,0.10495625225905952,0.6767172538328333,3.0,0.0,0.35035714527456974,0.11286496406540539,0.6367233236019552,ns,True,mixedlm
cancer_other,Bacteria.Bacillota.Negativicutes.Veillonellales-Selenomonadales.Veillonellaceae.Dialister,Dialister,-0.3546430606764437,0.12368684335723118,0.6767172538328333,3.0,0.0,-0.2837470585941899,0.18900062922924266,0.6818043776758497,ns,True,mixedlm
cancer_other,Bacteria.Bacillota.Negativicutes.Veillonellales-Selenomonadales.Veillonellaceae.Megasphaera,Megasphaera,-0.05376555992765245,0.7981493867627076,0.9289762876120027,2.0,0.0,0.1092180500226588,0.3922974320749333,0.8148889887203902,ns,False,mixedlm
cancer_other,Bacteria.Bacillota.Negativicutes.Veillonellales-Selenomonadales.Veillonellaceae.Veillonella,Veillonella,-0.30959082815254313,0.11750801082253827,0.6767172538328333,3.0,0.0,-0.23878721430083721,0.16420430384937357,0.6530852994009175,ns,True,mixedlm
cancer_other,Bacteria.Bacteroidota.Bacteroidia.Bacteroidales.Bacteroidaceae.Bacteroides,Bacteroides,-0.22207427655721254,0.021879544974876104,0.5534872166998023,3.0,0.0,-0.1700625256488263,0.07685360375127596,0.5489437805732202,ns,True,mixedlm
cancer_other,Bacteria.Bacteroidota.Bacteroidia.Bacteroidales.Barnesiellaceae.Barnesiella,Barnesiella,0.1947336349804508,0.42328045655182245,0.918021167412788,3.0,0.0,0.2315220014342509,0.2745583193284289,0.7727362661791959,ns,True,mixedlm
cancer_other,Bacteria.Bacteroidota.Bacteroidia.Bacteroidales.Barnesiellaceae.Coprobacter,Coprobacter,0.19528534080406984,0.2977099653816513,0.918021167412788,3.0,0.0,0.16157317638237176,0.331704884388193,0.8148889887203902,ns,True,mixedlm
cancer_other,Bacteria.Bacteroidota.Bacteroidia.Bacteroidales.Marinifilaceae.Butyricimonas,Butyricimonas,0.1389264220166129,0.3690394869705874,0.918021167412788,3.0,0.0,0.16381564739563453,0.2600892114454031,0.7727362661791959,ns,True,mixedlm
cancer_other,Bacteria.Bacteroidota.Bacteroidia.Bacteroidales.Marinifilaceae.Odoribacter,Odoribacter,-0.05949473123216843,0.8206907080744072,0.9289762876120027,3.0,30.186344095018985,-0.014792265700466614,0.9359804995700519,0.9831296810369236,ns,True,mixedlm
cancer_other,Bacteria.Bacteroidota.Bacteroidia.Bacteroidales.Muribaculaceae.Incertae Sedis,Incertae Sedis,0.14207557947407207,0.5151579805644878,0.918021167412788,3.0,0.0,0.17415383997552913,0.3752684623801288,0.8148889887203902,ns,True,mixedlm
cancer_other,Bacteria.Bacteroidota.Bacteroidia.Bacteroidales.Porphyromonadaceae.Porphyromonas,Porphyromonas,0.954796741468454,5.63486097831517e-07,9.184823394653728e-05,2.0,0.0,0.7918682237239649,8.087396427960444e-07,0.00014152943748930777,replicated,True,mixedlm
cancer_other,Bacteria.Bacteroidota.Bacteroidia.Bacteroidales.Prevotellaceae.Incertae Sedis,Incertae Sedis,0.3248233242812125,0.05456546412164045,0.555885665739212,2.0,0.0,0.26103708650820245,0.05914697258254776,0.492891438187898,ns,True,mixedlm
cancer_other,Bacteria.Bacteroidota.Bacteroidia.Bacteroidales.Prevotellaceae.Massiliprevotella,Massiliprevotella,0.3813074614110692,0.028995967670177224,0.5534872166998023,3.0,0.0,0.325868122635338,0.031003732163064335,0.4223712852365875,ns,True,mixedlm
cancer_other,Bacteria.Bacteroidota.Bacteroidia.Bacteroidales.Prevotellaceae.Paraprevotella,Paraprevotella,-0.03865737174995525,0.8469420695535536,0.9391262403893145,3.0,0.0,-0.039642389866648926,0.8195970198875202,0.9561965232021069,ns,True,mixedlm
cancer_other,Bacteria.Bacteroidota.Bacteroidia.Bacteroidales.Prevotellaceae.Prevotella,Prevotella,0.0656031973271554,0.623199025392606,0.918021167412788,3.0,24.27938110831855,0.12137620354426107,0.216045510781398,0.7133578186178235,ns,True,mixedlm
cancer_other,Bacteria.Bacteroidota.Bacteroidia.Bacteroidales.Prevotellaceae.Prevotellaceae UCG-001,,,,,,,-0.0011010627177360471,0.9939948607356986,0.9948210799732836,ns,False,mixedlm
cancer_other,Bacteria.Bacteroidota.Bacteroidia.Bacteroidales.Prevotellaceae.Segatella,Segatella,0.5012974484629714,0.04863364174359622,0.555885665739212,2.0,0.0,0.40274693979460324,0.05248267096917656,0.4592233709802949,ns,True,mixedlm
cancer_other,Bacteria.Bacteroidota.Bacteroidia.Bacteroidales.Rikenellaceae.Alistipes,Alistipes,0.22098232990426137,0.21245148365634603,0.918021167412788,3.0,0.0,0.2356167268153704,0.12370624572837986,0.6367233236019552,ns,True,mixedlm
cancer_other,Bacteria.Bacteroidota.Bacteroidia.Bacteroidales.Tannerellaceae.Incertae Sedis,Incertae Sedis,-0.16404919353808578,0.39356556483137417,0.918021167412788,3.0,0.0,-0.22602352978066356,0.21538857701722547,0.7133578186178235,ns,True,mixedlm
cancer_other,Bacteria.Bacteroidota.Bacteroidia.Bacteroidales.Tannerellaceae.Parabacteroides,Parabacteroides,0.2386305724316514,0.29698179730392704,0.918021167412788,3.0,0.0,0.2136193002824594,0.2748997161134056,0.7727362661791959,ns,True,mixedlm
cancer_other,Bacteria.Campylobacterota.Campylobacteria.Campylobacterales.Helicobacteraceae.Helicobacter,,,,,,,-0.07938529712826506,0.5910038448291657,0.9135388781789552,ns,False,mixedlm
cancer_other,Bacteria.Cyanobacteriota.Cyanobacteriia.Chloroplast.Incertae Sedis.Incertae Sedis,Incertae Sedis,-0.18162581814221818,0.12093336943833596,0.6767172538328333,3.0,0.0,-0.15618412721057762,0.11846536112715446,0.6367233236019552,ns,True,mixedlm
cancer_other,Bacteria.Cyanobacteriota.Vampirivibrionia.Gastranaerophilales.Gastranaerophilaceae.Zag_111,Zag_111,0.09316704878544672,0.5158056861980633,0.918021167412788,2.0,0.0,0.08042550103531318,0.4922559686323621,0.8684218429991075,ns,True,mixedlm
cancer_other,Bacteria.Deinococcota.Deinococci.Deinococcales.Deinococcaceae.Deinococcus,,,,,,,0.06694246775131948,0.5115566839148171,0.8732170327339118,ns,False,mixedlm
cancer_other,Bacteria.Fusobacteriota.Fusobacteriia.Fusobacteriales.Fusobacteriaceae.Fusobacterium,Fusobacterium,0.40675037634270583,0.393286051693681,0.918021167412788,2.0,59.7528810579359,0.3874226537714662,0.0012885317417817787,0.07516435160393709,ns,True,mixedlm
cancer_other,Bacteria.NA.NA.NA.NA.NA,Bacteria.NA.NA.NA.NA.NA,-0.013631767195472315,0.6905337216396064,0.9269958124785739,3.0,0.0,-0.04160714279485855,0.37361836391742986,0.8148889887203902,ns,True,mixedlm
cancer_other,Bacteria.Pseudomonadota.Alphaproteobacteria.Rhodospirillales.Incertae Sedis.Incertae Sedis,Incertae Sedis,0.10745925101351925,0.5203237253261077,0.918021167412788,3.0,0.0,0.13802536332679838,0.3953077281724976,0.8148889887203902,ns,True,mixedlm
cancer_other,Bacteria.Pseudomonadota.Alphaproteobacteria.Rickettsiales.Mitochondria.Incertae Sedis,Incertae Sedis,0.6246847091742226,0.2940015374374497,0.918021167412788,2.0,51.37270701666588,,,,ns,False,mixedlm
cancer_other,Bacteria.Pseudomonadota.Gammaproteobacteria.Burkholderiales.Neisseriaceae.Neisseria,Neisseria,0.026196434168037696,0.9022706700486207,0.9550007741423713,2.0,17.20486399950993,0.07618182277589716,0.47493034452577143,0.8684218429991075,ns,True,mixedlm
cancer_other,Bacteria.Pseudomonadota.Gammaproteobacteria.Burkholderiales.Oxalobacteraceae.Oxalobacter,,,,,,,-0.07397936051416054,0.4086781925342168,0.8220538355573326,ns,False,mixedlm
cancer_other,Bacteria.Pseudomonadota.Gammaproteobacteria.Burkholderiales.Sutterellaceae.Parasutterella,Parasutterella,-0.19510838993481516,0.5677913434124926,0.918021167412788,3.0,51.354616663861755,-0.24898953998094553,0.1705894305043708,0.663403340850331,ns,True,mixedlm
cancer_other,Bacteria.Pseudomonadota.Gammaproteobacteria.Burkholderiales.Sutterellaceae.Sutterella,Sutterella,-0.10832836879370507,0.5415917375735692,0.918021167412788,3.0,0.0,-0.045806159612010816,0.759648729272544,0.9500415974468729,ns,True,mixedlm
cancer_other,Bacteria.Pseudomonadota.Gammaproteobacteria.Enterobacterales.Enterobacteriaceae.Escherichia-Shigella,Escherichia-Shigella,-0.09862678518414598,0.6384965781507732,0.918021167412788,3.0,0.0,-0.06520229847287648,0.7121077740958558,0.9294135141273498,ns,True,mixedlm
cancer_other,Bacteria.Pseudomonadota.Gammaproteobacteria.Enterobacterales.Enterobacteriaceae.Klebsiella,Klebsiella,0.09258037039804552,0.6314453758053442,0.918021167412788,3.0,7.740220334290221,0.015094814504747256,0.921450393676835,0.9831296810369236,ns,True,mixedlm
cancer_other,Bacteria.Pseudomonadota.Gammaproteobacteria.Enterobacterales.Pasteurellaceae.Haemophilus,Haemophilus,0.09823197379647983,0.8017968681318223,0.9289762876120027,3.0,70.21669460128244,0.08594168682184783,0.6272284647799284,0.9135388781789552,ns,True,mixedlm
cancer_other,Bacteria.Pseudomonadota.Gammaproteobacteria.Pseudomonadales.Moraxellaceae.Acinetobacter,Acinetobacter,0.20008728501243292,0.35521167785951024,0.918021167412788,2.0,0.0,-0.000670220373218379,0.9948210799732836,0.9948210799732836,ns,False,mixedlm
cancer_other,Bacteria.Pseudomonadota.Gammaproteobacteria.Pseudomonadales.Pseudomonadaceae.Pseudomonas,Pseudomonas,0.2304370590536057,0.23755433159776196,0.918021167412788,3.0,17.811667973669017,0.14689022216558184,0.34192090190456603,0.8148889887203902,ns,True,mixedlm
cancer_other,Bacteria.Pseudomonadota.NA.NA.NA.NA,Bacteria.Pseudomonadota.NA.NA.NA.NA,0.512269462803385,0.13637142486282092,0.7170497500851551,2.0,0.0,0.06165905289899596,0.5139505964091023,0.8732170327339118,ns,True,mixedlm
cancer_other,Bacteria.Synergistota.Synergistia.Synergistales.Synergistaceae.Cloacibacillus,Cloacibacillus,0.07507477061644434,0.5930272975187236,0.918021167412788,2.0,0.0,0.029512612695903717,0.8072251298558344,0.9561965232021069,ns,True,mixedlm
cancer_other,Bacteria.Thermodesulfobacteriota.Desulfovibrionia.Desulfovibrionales.Desulfovibrionaceae.Bilophila,Bilophila,0.08624450061074836,0.6702117725283545,0.918021167412788,3.0,0.0,0.0875967090593742,0.6134719832082192,0.9135388781789552,ns,True,mixedlm
cancer_other,Bacteria.Thermodesulfobacteriota.Desulfovibrionia.Desulfovibrionales.Desulfovibrionaceae.Desulfovibrio,Desulfovibrio,0.29693038272714306,0.3171159102038833,0.918021167412788,3.0,52.99045174336258,0.41690683928629746,0.014908994636830781,0.26090740614453867,ns,True,mixedlm
cancer_other,Bacteria.Thermodesulfobacteriota.Desulfovibrionia.Desulfovibrionales.Desulfovibrionaceae.Incertae Sedis,Incertae Sedis,-0.08297546024841336,0.6204369914999668,0.918021167412788,3.0,53.44173395026163,0.00747708306869669,0.9336315436225361,0.9831296810369236,ns,False,mixedlm
cancer_other,Bacteria.Verrucomicrobiota.Verrucomicrobiia.Verrucomicrobiales.Akkermansiaceae.Akkermansia,Akkermansia,0.0451179519497357,0.817233751856135,0.9289762876120027,3.0,0.0,0.049283029765599985,0.7824900775644773,0.950942802595719,ns,True,mixedlm
cancer_other,NA.NA.NA.NA.NA.NA,,,,,,,-0.019448608252778457,0.5314367126441226,0.8747916545596529,ns,False,mixedlm
