analysis,method,disease_category,taxon,genus,effect,se,stat,p,q,ci_low,ci_high,n_case,n_control,k_projects,n_taxa_tested,converged
pooled,combat_ols,cancer_other,Bacteria.Actinomycetota.Coriobacteriia.Coriobacteriales.Coriobacteriaceae.Collinsella,Collinsella,-0.40763791065888894,0.19300621451580935,-2.112045519785576,0.034962207497603676,0.19537048930747442,-0.7859300911098752,-0.0293457302079026,629,260,3,175,
pooled,combat_ols,cancer_other,Bacteria.Actinomycetota.Coriobacteriia.Coriobacteriales.Eggerthellaceae.Adlercreutzia,Adlercreutzia,0.09715293756760766,0.12465133039854195,0.7793975183175748,0.4359539511458459,0.7603983314254159,-0.1471636700135346,0.3414695451487499,629,260,3,175,
pooled,combat_ols,cancer_other,Bacteria.Bacillota.Bacilli.Erysipelotrichales.Erysipelotrichaceae.Holdemanella,Holdemanella,0.3843685688010622,0.17495124880738455,2.19700385919645,0.028278742970204798,0.19141506692063162,0.041464121138588494,0.7272730164635359,629,260,3,175,
pooled,combat_ols,cancer_other,Bacteria.Bacillota.Bacilli.Lactobacillales.Streptococcaceae.Streptococcus,Streptococcus,-0.0960977401633767,0.18521081005508463,-0.518856000547677,0.6039908751071188,0.8388762154265539,-0.45911092787134256,0.2669154475445892,629,260,3,175,
pooled,combat_ols,cancer_other,Bacteria.Bacillota.Bacilli.RF39.Incertae Sedis.Incertae Sedis,Incertae Sedis,-0.0963094975378583,0.1845079452019156,-0.5219802184261623,0.6018147190157911,0.8388762154265539,-0.45794507013361285,0.2653260750578963,629,260,3,175,
pooled,combat_ols,cancer_other,Bacteria.Bacillota.Clostridia.Christensenellales.Christensenellaceae.Christensenellaceae R-7 group,Christensenellaceae R-7 group,-0.15812703703687184,0.18680098693914102,-0.8465000085271978,0.39750270053411774,0.7479889526179634,-0.5242569714375882,0.20800289736384456,629,260,3,175,
pooled,combat_ols,cancer_other,Bacteria.Bacillota.Clostridia.Clostridia UCG-014.Incertae Sedis.Incertae Sedis,Incertae Sedis,-0.26853608590473,0.2258289258782273,-1.189112886493254,0.23471419566123178,0.5626710169961036,-0.7111607806260556,0.17408860881659555,629,260,3,175,
pooled,combat_ols,cancer_other,Bacteria.Bacillota.Clostridia.Clostridiales.Clostridiaceae.Clostridium,Clostridium,-0.4009489468601279,0.17514082563737726,-2.289294602791688,0.022296950162228733,0.19141506692063162,-0.7442249651093873,-0.05767292861086848,629,260,3,175,
pooled,combat_ols,cancer_other,Bacteria.Bacillota.Clostridia.Lachnospirales.Lachnospiraceae.Agathobacter,Agathobacter,0.10609542000801407,0.1605930553218967,0.6606476213766143,0.5090102448519562,0.7955535201908098,-0.20866696842290344,0.4208578084389316,629,260,3,175,
pooled,combat_ols,cancer_other,Bacteria.Bacillota.Clostridia.Lachnospirales.Lachnospiraceae.Blautia,Blautia,0.035678790623884724,0.08183549056450262,0.4359818750736607,0.6629562046687645,0.8431736636032097,-0.12471877088254042,0.19607635213030988,629,260,3,175,
pooled,combat_ols,cancer_other,Bacteria.Bacillota.Clostridia.Lachnospirales.Lachnospiraceae.Coprococcus,Coprococcus,0.0757507906567186,0.1698225144833588,0.4460585858545955,0.6556640356165913,0.8431736636032097,-0.2571013377306647,0.40860291904410184,629,260,3,175,
pooled,combat_ols,cancer_other,Bacteria.Bacillota.Clostridia.Lachnospirales.Lachnospiraceae.Dorea,Dorea,-0.024106387378692768,0.15738402205172794,-0.1531692166995811,0.8782997485514163,0.925918409617457,-0.3325790706000795,0.284366295842694,629,260,3,175,
pooled,combat_ols,cancer_other,Bacteria.Bacillota.Clostridia.Lachnospirales.Lachnospiraceae.Howardella,Howardella,-0.08924470346805642,0.1166943113547451,-0.7647733846833099,0.44461037266735803,0.7628119138900751,-0.31796555372335683,0.13947614678724396,629,260,3,175,
pooled,combat_ols,cancer_other,Bacteria.Bacillota.Clostridia.Lachnospirales.Lachnospiraceae.Lachnospiraceae NK4A136 group,Lachnospiraceae NK4A136 group,0.1598053970689036,0.15212575711080545,1.0504821806901803,0.29378323994893224,0.6414664267453192,-0.13836108686827506,0.4579718810060822,629,260,3,175,
pooled,combat_ols,cancer_other,Bacteria.Bacillota.Clostridia.Lachnospirales.Lachnospiraceae.Mediterraneibacter,Mediterraneibacter,0.05578000323976989,0.10343706751014824,0.5392651259597755,0.5898395641399716,0.8388762154265539,-0.14695664908012065,0.2585166555596604,629,260,3,175,
pooled,combat_ols,cancer_other,Bacteria.Bacillota.Clostridia.Lachnospirales.Lachnospiraceae.Roseburia,Roseburia,0.16813006909004866,0.15011660157203993,1.1199965049126441,0.26301910537658435,0.6137112458786969,-0.12609846999114963,0.46235860817124697,629,260,3,175,
pooled,combat_ols,cancer_other,Bacteria.Bacillota.Clostridia.Lachnospirales.Lachnospiraceae.[Eubacterium] eligens group,[Eubacterium] eligens group,-0.07561605090145147,0.17023499554303506,-0.4441862888429183,0.6570164943746829,0.8431736636032097,-0.4092766421658002,0.25804454036289726,629,260,3,175,
pooled,combat_ols,cancer_other,Bacteria.Bacillota.Clostridia.Lachnospirales.Lachnospiraceae.[Eubacterium] ruminantium group,[Eubacterium] ruminantium group,-0.2821048650232078,0.1705535579864354,-1.6540544117270446,0.09847106446818882,0.35605404799820073,-0.6163898386766211,0.05218010863020556,629,260,3,175,
pooled,combat_ols,cancer_other,Bacteria.Bacillota.Clostridia.NA.NA.NA,Clostridia,-0.05869405329537788,0.14829651077510717,-0.39578849824988716,0.6923564553548058,0.8501805917204877,-0.3493552144145879,0.23196710782383215,629,260,3,175,
pooled,combat_ols,cancer_other,Bacteria.Bacillota.Clostridia.Oscillospirales.Oscillospiraceae.Colidextribacter,Colidextribacter,-0.1903337992855375,0.15186188357788902,-1.2533349040670663,0.21041486289603695,0.5495910598030816,-0.4879830910982,0.10731549252712497,629,260,3,175,
pooled,combat_ols,cancer_other,Bacteria.Bacillota.Clostridia.Oscillospirales.Oscillospiraceae.UCG-002,UCG-002,-0.22727918587952803,0.18825617252616791,-1.2072867669076606,0.22764428840629145,0.5626710169961036,-0.5962612840308171,0.1417029122717611,629,260,3,175,
pooled,combat_ols,cancer_other,Bacteria.Bacillota.Clostridia.Oscillospirales.Ruminococcaceae.CAG-352,CAG-352,-0.2752989386229389,0.22783082050515013,-1.2083480979989525,0.22723616448568068,0.5626710169961036,-0.7218473468130331,0.1712494695671553,629,260,3,175,
pooled,combat_ols,cancer_other,Bacteria.Bacillota.Clostridia.Oscillospirales.Ruminococcaceae.Faecalibacterium,Faecalibacterium,0.07669437731598956,0.13005724375800864,0.5896970833757723,0.555544265510124,0.8169768610443,-0.1782178204497074,0.3316065750816865,629,260,3,175,
pooled,combat_ols,cancer_other,Bacteria.Bacillota.Clostridia.Oscillospirales.Ruminococcaceae.Gemmiger,Gemmiger,0.057626443037488435,0.17127398751599868,0.33645764820011304,0.7366055450472737,0.8501805917204877,-0.27807057249386896,0.3933234585688458,629,260,3,175,
pooled,combat_ols,cancer_other,Bacteria.Bacillota.Clostridia.Oscillospirales.Ruminococcaceae.NA,Ruminococcaceae,-0.2974853262403754,0.17068721430988676,-1.7428682484692941,0.08170394806519174,0.3404331169382989,-0.6320322662877534,0.03706161380700268,629,260,3,175,
pooled,combat_ols,cancer_other,Bacteria.Bacillota.Clostridia.Oscillospirales.Ruminococcaceae.Ruminococcus,Ruminococcus,-0.36185023312972975,0.1692796629446113,-2.1375883365748902,0.03282361451538094,0.19147108467305549,-0.6936383725011679,-0.030062093758291608,629,260,3,175,
pooled,combat_ols,cancer_other,Bacteria.Bacillota.Clostridia.Oscillospirales.Ruminococcaceae.[Eubacterium] siraeum group,[Eubacterium] siraeum group,-0.085659323467868,0.18810979194210434,-0.45536876407918137,0.6489556588566805,0.8431736636032097,-0.45435451567439245,0.2830358687386565,629,260,3,175,
pooled,combat_ols,cancer_other,Bacteria.Bacillota.Clostridia.Oscillospirales.UCG-010.Incertae Sedis,Incertae Sedis,-0.11532959137160918,0.1692077851844142,-0.6815856093495646,0.4956793350067278,0.7955535201908098,-0.44697685033306106,0.21631766758984267,629,260,3,175,
pooled,combat_ols,cancer_other,Bacteria.Bacillota.Clostridia.Peptostreptococcales-Tissierellales.Peptostreptococcaceae.Romboutsia,Romboutsia,0.25660564054461515,0.19014104587286787,1.3495541657858916,0.17750414790525368,0.49306707751459355,-0.11607080936620584,0.6292820904554361,629,260,3,175,
pooled,combat_ols,cancer_other,Bacteria.Bacillota.NA.NA.NA.NA,Bacteria.Bacillota.NA.NA.NA.NA,-0.05192004306945193,0.1101743929501821,-0.47125327110201354,0.6375760239957684,0.8431736636032097,-0.26786185325180883,0.16402176711290495,629,260,3,175,
pooled,combat_ols,cancer_other,Bacteria.Bacillota.Negativicutes.Acidaminococcales.Acidaminococcaceae.Phascolarctobacterium,Phascolarctobacterium,-0.5868026544332092,0.21360891267190002,-2.7470888133517586,0.006134843046560552,0.08946646109567472,-1.0054761232701332,-0.1681291855962852,629,260,3,175,
pooled,combat_ols,cancer_other,Bacteria.Bacteroidota.Bacteroidia.Bacteroidales.Bacteroidaceae.Bacteroides,Bacteroides,0.18627816656283272,0.09298634031178935,2.0032852775819516,0.04545117276981585,0.2209432009643826,0.004024939551725615,0.3685313935739398,629,260,3,175,
pooled,combat_ols,cancer_other,Bacteria.Bacteroidota.Bacteroidia.Bacteroidales.Prevotellaceae.Incertae Sedis,Incertae Sedis,-0.27040239323281906,0.1345388822873522,-2.009845693940622,0.044750609718525236,0.2209432009643826,-0.5340986025160294,-0.006706183949608757,629,260,3,175,
pooled,combat_ols,cancer_other,Bacteria.Bacteroidota.Bacteroidia.Bacteroidales.Prevotellaceae.Segatella,Segatella,-0.3634925959158875,0.20240220404180573,-1.795892478724238,0.07285262280263632,0.3109563168405209,-0.7602009158378267,0.03321572400605172,629,260,3,175,
pooled,combat_ols,cancer_other,Bacteria.Bacteroidota.Bacteroidia.Bacteroidales.Rikenellaceae.Alistipes,Alistipes,-0.2846416193968324,0.14873645421985307,-1.9137313773534812,0.05597681087308919,0.25267173873048643,-0.5761650696677445,0.00688183087407962,629,260,3,175,
pooled,combat_ols,cancer_other,Bacteria.Bacteroidota.Bacteroidia.Bacteroidales.Tannerellaceae.Parabacteroides,Parabacteroides,-0.3794799888438659,0.18903121159437958,-2.0074991089733296,0.04500013773362467,0.2209432009643826,-0.7499811635688498,-0.008978814118881961,629,260,3,175,
pooled,combat_ols,cancer_other,Bacteria.NA.NA.NA.NA.NA,Bacteria.NA.NA.NA.NA.NA,-0.01580131178633998,0.04623760616984571,-0.3417415626643093,0.732626519974221,0.8501805917204877,-0.10642701987923757,0.07482439630655761,629,260,3,175,
pooled,combat_ols,cancer_other,Bacteria.Pseudomonadota.Gammaproteobacteria.Burkholderiales.Oxalobacteraceae.Oxalobacter,Oxalobacter,0.04735306261061843,0.08763482659138085,0.5403452537358675,0.5890949059481775,0.8388762154265539,-0.12441119750848802,0.2191173227297249,629,260,3,175,
pooled,combat_ols,cancer_other,Bacteria.Pseudomonadota.Gammaproteobacteria.Enterobacterales.Enterobacteriaceae.Klebsiella,Klebsiella,-0.08289175979916047,0.15012145801932833,-0.552164633176478,0.5809749725773091,0.8388762154265539,-0.377129817517044,0.21134629791872306,629,260,3,175,
pooled,combat_ols,cancer_other,Bacteria.Pseudomonadota.Gammaproteobacteria.Enterobacterales.Pasteurellaceae.Haemophilus,Haemophilus,-0.2798065211198031,0.16708473691560266,-1.6746384276927588,0.09435849419856092,0.35605404799820073,-0.6072926054743844,0.04767956323477812,629,260,3,175,
pooled,combat_ols,cancer_other,Archaea.Methanobacteriota.Methanobacteria.Methanobacteriales.Methanobacteriaceae.Methanobrevibacter,Methanobrevibacter,-0.2680182214693724,0.2376763077659418,-1.1276606574236696,0.25976888584025465,0.6137112458786969,-0.7338637846906183,0.19782734175187355,629,260,3,175,
pooled,combat_ols,cancer_other,Bacteria.Actinomycetota.Actinobacteria.Micrococcales.Micrococcaceae.Rothia,Rothia,0.029181694511515636,0.11900176586955892,0.24522068473759026,0.8063424113953732,0.8860095634638921,-0.20406176659281983,0.2624251556158511,629,260,3,175,
pooled,combat_ols,cancer_other,Bacteria.Actinomycetota.Coriobacteriia.Coriobacteriales.Eggerthellaceae.Eggerthella,Eggerthella,-0.2415806640404808,0.13039905471118463,-1.8526258842561985,0.06426876197551687,0.2811758336428863,-0.49716281127440265,0.01400148319344105,629,260,3,175,
pooled,combat_ols,cancer_other,Bacteria.Bacillota.Bacilli.Lactobacillales.Enterococcaceae.Enterococcus,Enterococcus,-0.20932739918375734,0.14896088603951538,-1.4052507658166609,0.1602976475553987,0.4675348053699128,-0.5012907358212074,0.08263593745369277,629,260,3,175,
pooled,combat_ols,cancer_other,Bacteria.Bacillota.Bacilli.Lactobacillales.Lactobacillaceae.HT002,HT002,0.12312829146359139,0.09760485521159923,1.2614976088705778,0.20746201998904312,0.5495910598030816,-0.0681772247511431,0.31443380767832585,629,260,3,175,
pooled,combat_ols,cancer_other,Bacteria.Bacillota.Bacilli.Lactobacillales.Lactobacillaceae.Lactobacillus,Lactobacillus,0.33024712534341205,0.1522393994653707,2.169261876381298,0.03032838838297399,0.19141506692063162,0.03185790239128544,0.6286363482955386,629,260,3,175,
pooled,combat_ols,cancer_other,Bacteria.Bacillota.Bacilli.Staphylococcales.Gemellaceae.Gemella,Gemella,-0.25797002329542446,0.11853891496956663,-2.1762475501117504,0.02980058061272995,0.19141506692063162,-0.4903062966357751,-0.025633749955073865,629,260,3,175,
pooled,combat_ols,cancer_other,Bacteria.Bacillota.Bacilli.Staphylococcales.Staphylococcaceae.Staphylococcus,Staphylococcus,-0.39105842420799125,0.11991532465697548,-3.2611213398006957,0.001152143948170361,0.050406297732453295,-0.6260924605356631,-0.15602438788031933,629,260,3,175,
pooled,combat_ols,cancer_other,Bacteria.Bacillota.Clostridia.Lachnospirales.Lachnospiraceae.NA,Lachnospiraceae,0.15168365306765969,0.1022843775724887,1.4829601222353026,0.13844101252043378,0.4326281641263556,-0.04879372697441817,0.35216103310973756,629,260,3,175,
pooled,combat_ols,cancer_other,Bacteria.Bacillota.Clostridia.Oscillospirales.Butyricicoccaceae.Agathobaculum,Agathobaculum,0.10480438803090937,0.17050827529503534,0.6146586601123221,0.5389381579155526,0.8143732693451258,-0.22939183154735993,0.43900060760917864,629,260,3,175,
pooled,combat_ols,cancer_other,Bacteria.Bacillota.Clostridia.Oscillospirales.Oscillospiraceae.Intestinimonas,Intestinimonas,-0.11562870168602958,0.16481691318427022,-0.7015584714704203,0.4831389971346223,0.7828641157273972,-0.4386698515271992,0.20741244815514004,629,260,3,175,
pooled,combat_ols,cancer_other,Bacteria.Bacillota.Clostridia.Oscillospirales.Oscillospiraceae.NA,Oscillospiraceae,-0.019100363958256237,0.10244177952958508,-0.1864509192046988,0.8521338944687287,0.9092892166587043,-0.219886251836243,0.18168552391973053,629,260,3,175,
pooled,combat_ols,cancer_other,Bacteria.Bacillota.Clostridia.Oscillospirales.Oscillospiraceae.NK4A214 group,NK4A214 group,-0.2554286198556853,0.17854548638781995,-1.4306081045413097,0.1528955379299065,0.4613227437540283,-0.6053777731758124,0.09452053346444178,629,260,3,175,
pooled,combat_ols,cancer_other,Bacteria.Bacillota.Clostridia.Oscillospirales.Ruminococcaceae.Acutalibacter,Acutalibacter,0.17676143422663151,0.11501453162260417,1.5368617489713103,0.12468459344848531,0.4075259230439333,-0.04866704775367264,0.40218991620693567,629,260,3,175,
pooled,combat_ols,cancer_other,Bacteria.Bacillota.Clostridia.Oscillospirales.Ruminococcaceae.Incertae Sedis,Incertae Sedis,-0.24116575947552937,0.15821911324327917,-1.5242517451397333,0.12780308456434197,0.4075259230439333,-0.5512752214323565,0.06894370248129778,629,260,3,175,
pooled,combat_ols,cancer_other,Bacteria.Bacillota.Clostridia.Peptostreptococcales-Tissierellales.Anaerovoracaceae.Mogibacterium,Mogibacterium,-0.05503000356792785,0.10596668044705947,-0.519314215900352,0.6036714863441874,0.8388762154265539,-0.2627246972441644,0.1526646901083087,629,260,3,175,
pooled,combat_ols,cancer_other,Bacteria.Bacteroidota.Bacteroidia.Bacteroidales.Prevotellaceae.Massiliprevotella,Massiliprevotella,-0.020893365303003977,0.14811405741552197,-0.14106267607259812,0.8878525302430278,0.9264310317229012,-0.31119691783742703,0.26941018723141913,629,260,3,175,
pooled,combat_ols,cancer_other,Bacteria.Pseudomonadota.Gammaproteobacteria.Enterobacterales.Enterobacteriaceae.Escherichia-Shigella,Escherichia-Shigella,0.06037527648716463,0.17202059071599554,0.3509770326672327,0.725689110365187,0.8501805917204877,-0.2767850813161866,0.39753563429051586,629,260,3,175,
pooled,combat_ols,cancer_other,Bacteria.Verrucomicrobiota.Verrucomicrobiia.Verrucomicrobiales.Akkermansiaceae.Akkermansia,Akkermansia,-0.1420679613883978,0.17399949823581085,-0.8164848912142368,0.41444257807309226,0.7603983314254159,-0.4831069779305871,0.19897105515379146,629,260,3,175,
pooled,combat_ols,cancer_other,Bacteria.Actinomycetota.Coriobacteriia.Coriobacteriales.Eggerthellaceae.Incertae Sedis,Incertae Sedis,-0.07149798818286394,0.12860780188482976,-0.5559381867586188,0.5783936300253723,0.8388762154265539,-0.3235692798771303,0.18057330351140238,629,260,3,175,
pooled,combat_ols,cancer_other,Bacteria.Bacillota.Bacilli.Erysipelotrichales.Erysipelatoclostridiaceae.Erysipelotrichaceae UCG-003,Erysipelotrichaceae UCG-003,0.06505556536664589,0.20294027893523678,0.3205650731731118,0.7486156845695777,0.8506996415563384,-0.3327073813464182,0.4628185120797099,629,260,3,175,
pooled,combat_ols,cancer_other,Bacteria.Bacillota.Bacilli.Erysipelotrichales.Erysipelatoclostridiaceae.Massiliomicrobiota,Massiliomicrobiota,0.08961083809364624,0.08585847118149809,1.043704096526666,0.2969073175221192,0.6414664267453192,-0.07867176542208999,0.2578934416093825,629,260,3,175,
pooled,combat_ols,cancer_other,Bacteria.Bacillota.Clostridia.Oscillospirales.Ruminococcaceae.Fournierella,Fournierella,-0.009738067150260647,0.0996249675864182,-0.0977472553937195,0.9221551235258296,0.9439763816292118,-0.20500300361964033,0.18552686931911902,629,260,3,175,
pooled,combat_ols,cancer_other,Bacteria.Bacillota.Clostridia.Oscillospirales.[Eubacterium] coprostanoligenes group.Incertae Sedis,Incertae Sedis,-0.1330862598320662,0.14750294712515355,-0.9022617000265422,0.36716335745961837,0.7060833797300353,-0.4221920361973671,0.15601951653323473,629,260,3,175,
pooled,combat_ols,cancer_other,Bacteria.Bacillota.Clostridia.Peptococcales.Peptococcaceae.Peptococcus,Peptococcus,-0.3772261030059909,0.12004748950986459,-3.142307303102689,0.0017319999825028696,0.05079272466702109,-0.6125191824453255,-0.14193302356665632,629,260,3,175,
pooled,combat_ols,cancer_other,Bacteria.Bacillota.Clostridia.Peptostreptococcales-Tissierellales.Anaerovoracaceae.Family XIII AD3011 group,Family XIII AD3011 group,-0.15338648582456305,0.14302452737101765,-1.0724488214994454,0.2838108389505286,0.6414664267453192,-0.43371455947175763,0.12694158782263154,629,260,3,175,
pooled,combat_ols,cancer_other,Bacteria.Bacillota.Clostridia.Peptostreptococcales-Tissierellales.Peptostreptococcaceae.Intestinibacter,Intestinibacter,0.05910342832728923,0.17701129326318912,0.33389637032599573,0.7385368588662669,0.8501805917204877,-0.28783870646856147,0.4060455631231399,629,260,3,175,
pooled,combat_ols,cancer_other,Bacteria.Bacteroidota.Bacteroidia.Bacteroidales.Muribaculaceae.Incertae Sedis,Incertae Sedis,-0.3138738382489061,0.1898322738752069,-1.6534271641040468,0.09859860115337174,0.35605404799820073,-0.6859450950443116,0.05819741854649946,629,260,3,175,
pooled,combat_ols,cancer_other,Bacteria.Actinomycetota.Actinobacteria.Actinomycetales.Actinomycetaceae.Schaalia,Schaalia,-0.0972676614413049,0.14485875848637383,-0.6714655189486136,0.5020992422494104,0.7955535201908098,-0.3811908280745976,0.1866555051919878,629,260,3,175,
pooled,combat_ols,cancer_other,Bacteria.Bacillota.Clostridia.Lachnospirales.Lachnospiraceae.Anaerostipes,Anaerostipes,0.10045259168076721,0.12436146732672024,0.8077469158261051,0.4194533391453611,0.7603983314254159,-0.14329588427960444,0.3442010676411389,629,260,3,175,
pooled,combat_ols,cancer_other,Bacteria.Bacillota.Clostridia.Lachnospirales.Lachnospiraceae.Fusicatenibacter,Fusicatenibacter,0.16115476925943722,0.16096286143693367,1.0011922490740435,0.31700753469636567,0.6704864309373698,-0.15433243915695277,0.4766419776758272,629,260,3,175,
pooled,combat_ols,cancer_other,Bacteria.Bacillota.Clostridia.Lachnospirales.Lachnospiraceae.Marvinbryantia,Marvinbryantia,-0.15669676244952718,0.16654346569709644,-0.9408760757658418,0.3470251076687182,0.6823527397980415,-0.4831219552158362,0.1697284303167818,629,260,3,175,
pooled,combat_ols,cancer_other,Bacteria.Bacillota.Negativicutes.Veillonellales-Selenomonadales.Veillonellaceae.Dialister,Dialister,0.34990690525380996,0.21053599892151845,1.6619813573271374,0.09687064377048729,0.35605404799820073,-0.0627436526323662,0.7625574631399861,629,260,3,175,
pooled,combat_ols,cancer_other,Bacteria.Bacillota.Negativicutes.Veillonellales-Selenomonadales.Veillonellaceae.Megasphaera,Megasphaera,0.04829672743372534,0.12512357505220623,0.3859922273925928,0.6995951956576665,0.8501805917204877,-0.19694547966859885,0.2935389345360495,629,260,3,175,
pooled,combat_ols,cancer_other,Bacteria.Bacillota.Bacilli.Erysipelotrichales.Erysipelotrichaceae.Turicibacter,Turicibacter,0.13588427280025014,0.17433300147325947,0.7794523793654359,0.43592166173870317,0.7603983314254159,-0.20580841008733844,0.47757695568783876,629,260,3,175,
pooled,combat_ols,cancer_other,Bacteria.Bacillota.Clostridia.Lachnospirales.Lachnospiraceae.Faecalimonas,Faecalimonas,0.17391034696915175,0.1642532971850912,1.0587936434127003,0.2899826636311979,0.6414664267453192,-0.14802611551362704,0.49584680945193055,629,260,3,175,
pooled,combat_ols,cancer_other,Bacteria.Bacillota.Clostridia.Peptostreptococcales-Tissierellales.Peptostreptococcaceae.Terrisporobacter,Terrisporobacter,0.36536647187023763,0.1553421073522921,2.3520118150685474,0.018890449909151827,0.18321043850516336,0.06089594145974514,0.6698370022807301,629,260,3,175,
pooled,combat_ols,cancer_other,Bacteria.Cyanobacteriota.Vampirivibrionia.Gastranaerophilales.Gastranaerophilaceae.Zag_111,Zag_111,-0.10734027167279982,0.11358910548015633,-0.9449873843011453,0.3449232356035108,0.6823527397980415,-0.3299749184139062,0.11529437506830657,629,260,3,175,
pooled,combat_ols,cancer_other,Bacteria.Bacillota.Bacilli.Lactobacillales.Streptococcaceae.Lactococcus,Lactococcus,0.09389757389126173,0.1198901768495804,0.7831965583724999,0.43372122735298335,0.7603983314254159,-0.14108717273391586,0.3288823205164393,629,260,3,175,
pooled,combat_ols,cancer_other,Bacteria.Bacillota.Clostridia.Lachnospirales.Lachnospiraceae.CAG-56,CAG-56,0.30586810015101784,0.17971574148764857,1.7019549741113769,0.0891150127431082,0.35443470977372576,-0.04637475316477335,0.658110953466809,629,260,3,175,
pooled,combat_ols,cancer_other,Bacteria.Bacillota.Clostridia.Lachnospirales.Lachnospiraceae.Lachnoclostridium,Lachnoclostridium,0.0178466418984738,0.16896547994266237,0.10562300598045217,0.9159054054842017,0.9439763816292118,-0.31332569878914446,0.34901898258609204,629,260,3,175,
pooled,combat_ols,cancer_other,Bacteria.Bacillota.Clostridia.Lachnospirales.Lachnospiraceae.Lachnospira,Lachnospira,0.4722698749645878,0.16491584990374822,2.8637021562222444,0.004286169353866575,0.07358377872663796,0.1490348091532413,0.7955049407759343,629,260,3,175,
pooled,combat_ols,cancer_other,Bacteria.Bacillota.Clostridia.Lachnospirales.Lachnospiraceae.Lachnospiraceae FCS020 group,Lachnospiraceae FCS020 group,-0.3909570475947271,0.151165765627398,-2.586280339150204,0.009860456431570986,0.12325570539463732,-0.6872419482244272,-0.09467214696502702,629,260,3,175,
pooled,combat_ols,cancer_other,Bacteria.Bacillota.Clostridia.Oscillospirales.Ruminococcaceae.Ruthenibacterium,Ruthenibacterium,-0.0014787525618147135,0.15029386891519253,-0.009839074424580423,0.99215189851934,0.99215189851934,-0.2960547356355921,0.2930972305119626,629,260,3,175,
pooled,combat_ols,cancer_other,Bacteria.Actinomycetota.Actinobacteria.Bifidobacteriales.Bifidobacteriaceae.Bifidobacterium,Bifidobacterium,0.05121309014389583,0.21302142441600166,0.24041286121476532,0.8100658865955586,0.8860095634638921,-0.36630890171146746,0.46873508199925906,629,260,3,175,
pooled,combat_ols,cancer_other,Bacteria.Bacillota.Bacilli.Lactobacillales.Lactobacillaceae.Ligilactobacillus,Ligilactobacillus,-0.06979941171159229,0.1447174631067534,-0.4823150586885531,0.6297014157086451,0.8431736636032097,-0.35344563940082896,0.21384681597764435,629,260,3,175,
pooled,combat_ols,cancer_other,Bacteria.Bacillota.Clostridia.Oscillospirales.Ruminococcaceae.Candidatus Soleaferrea,Candidatus Soleaferrea,0.2740156751799536,0.07727774985349925,3.545854734375988,0.0004118681758657144,0.028929408957020834,0.1225512854670951,0.42548006489281215,629,260,3,175,
pooled,combat_ols,cancer_other,Bacteria.Thermodesulfobacteriota.Desulfovibrionia.Desulfovibrionales.Desulfovibrionaceae.Bilophila,Bilophila,-0.07225282701793241,0.16922564045660818,-0.42696146294957615,0.6695112441810226,0.8431736636032097,-0.40393508231288444,0.25942942827701965,629,260,3,175,
pooled,combat_ols,cancer_other,Bacteria.Actinomycetota.Coriobacteriia.Coriobacteriales.Eggerthellaceae.Gordonibacter,Gordonibacter,0.022363040504131525,0.09942026726658197,0.22493442352320442,0.8220822144668909,0.8915520476906924,-0.17250068333836915,0.21722676434663218,629,260,3,175,
pooled,combat_ols,cancer_other,Bacteria.Bacillota.Bacilli.Lactobacillales.Carnobacteriaceae.Granulicatella,Granulicatella,0.23863376202539308,0.11456846889520883,2.082892128406305,0.037547656797154716,0.19911636180309317,0.014079562990783778,0.4631879610600024,629,260,3,175,
pooled,combat_ols,cancer_other,Bacteria.Bacillota.Clostridia.Lachnospirales.Lachnospiraceae.Anaerobutyricum,Anaerobutyricum,-0.21994603539075674,0.16123989238323969,-1.3640919262584386,0.17288543683099003,0.48798308782940736,-0.5359762244619065,0.09608415368039303,629,260,3,175,
pooled,combat_ols,cancer_other,Bacteria.Bacillota.Clostridia.Lachnospirales.Lachnospiraceae.Extibacter,Extibacter,-0.41589313119981475,0.19262822048959563,-2.159045700275668,0.031114756136254734,0.19141506692063162,-0.7934444433594221,-0.03834181904020734,629,260,3,175,
pooled,combat_ols,cancer_other,Bacteria.Bacillota.Clostridia.Lachnospirales.Lachnospiraceae.Lachnospiraceae UCG-004,Lachnospiraceae UCG-004,0.2794809150628953,0.13287992021503853,2.1032592028247272,0.03572488947336675,0.19537048930747442,0.019036271441419783,0.5399255586843708,629,260,3,175,
pooled,combat_ols,cancer_other,Bacteria.Bacillota.Clostridia.Lachnospirales.Lachnospiraceae.[Eubacterium] ventriosum group,[Eubacterium] ventriosum group,0.12229726679647455,0.1579104705062972,0.7744721829044107,0.43885846556552577,0.7603983314254159,-0.1872072553958679,0.43180178898881705,629,260,3,175,
pooled,combat_ols,cancer_other,Bacteria.Bacillota.Clostridia.Lachnospirales.Lachnospiraceae.[Ruminococcus] gnavus group,[Ruminococcus] gnavus group,0.29335382624503176,0.20029481843930994,1.4646101608161124,0.1433824370167041,0.4402092364547933,-0.0992240178960157,0.6859316703860792,629,260,3,175,
pooled,combat_ols,cancer_other,Bacteria.Bacillota.Clostridia.Monoglobales.Monoglobaceae.Monoglobus,Monoglobus,0.0032267360861958794,0.14785421014882374,0.021823768717495324,0.9825934533643488,0.9882405421767875,-0.28656751580549866,0.29302098797789045,629,260,3,175,
pooled,combat_ols,cancer_other,Bacteria.Bacillota.Clostridia.Oscillospirales.Oscillospiraceae.UCG-005,UCG-005,-0.08644192725211666,0.1713301570921919,-0.504534220473531,0.6140116139391545,0.8431736636032097,-0.42224903515281276,0.24936518064857946,629,260,3,175,
pooled,combat_ols,cancer_other,Bacteria.Bacillota.Clostridia.Peptostreptococcales-Tissierellales.Anaerovoracaceae.Family XIII UCG-001,Family XIII UCG-001,-0.27095647320665467,0.11400395861888264,-2.3767286372262495,0.017678724501043016,0.18321043850516336,-0.49440423209966466,-0.0475087143136447,629,260,3,175,
pooled,combat_ols,cancer_other,Bacteria.Bacillota.Clostridia.Lachnospirales.Lachnospiraceae.Butyribacter,Butyribacter,0.10342079724079896,0.15829306552542394,0.6533501445405278,0.5137002730374943,0.7955535201908098,-0.20683361118903199,0.4136752056706299,629,260,3,175,
pooled,combat_ols,cancer_other,Bacteria.Bacillota.Clostridia.Lachnospirales.Lachnospiraceae.[Eubacterium] xylanophilum group,[Eubacterium] xylanophilum group,0.11054511244296134,0.16789228807122636,0.6584287683068794,0.5104339018250037,0.7955535201908098,-0.21852377217664232,0.439613997062565,629,260,3,175,
pooled,combat_ols,cancer_other,Bacteria.Bacillota.Clostridia.Lachnospirales.Lachnospiraceae.[Ruminococcus] gauvreauii group,[Ruminococcus] gauvreauii group,-0.07351817344831196,0.1988455531011876,-0.36972500667842634,0.7116758495584092,0.8501805917204877,-0.46325545752663966,0.31621911063001573,629,260,3,175,
pooled,combat_ols,cancer_other,Bacteria.Bacillota.Clostridia.Oscillospirales.Oscillospiraceae.UCG-003,UCG-003,-0.48309424136049134,0.15562605207453972,-3.1041990394327112,0.0019686258674967176,0.05079272466702109,-0.7881213034265893,-0.17806717929439347,629,260,3,175,
pooled,combat_ols,cancer_other,Bacteria.Bacillota.Clostridia.Oscillospirales.Ruminococcaceae.Paludicola,Paludicola,0.024989200195095606,0.11968825577716821,0.2087857328426584,0.8346635534153659,0.8961111769796873,-0.20959978112815408,0.2595781815183453,629,260,3,175,
pooled,combat_ols,cancer_other,Bacteria.Bacillota.Bacilli.Erysipelotrichales.Erysipelatoclostridiaceae.Thomasclavelia,Thomasclavelia,0.060473151490738,0.17090606076645673,0.35383854276165555,0.7235441653340039,0.8501805917204877,-0.27450272761151717,0.3954490305929932,629,260,3,175,
pooled,combat_ols,cancer_other,Bacteria.Bacillota.Bacilli.Erysipelotrichales.Erysipelotrichaceae.[Clostridium] innocuum group,[Clostridium] innocuum group,-0.12412582871253582,0.10385230957744478,-1.1952149087254786,0.23232325386397226,0.5626710169961036,-0.32767635548432755,0.07942469805925594,629,260,3,175,
pooled,combat_ols,cancer_other,Bacteria.Bacillota.Negativicutes.Veillonellales-Selenomonadales.Veillonellaceae.Veillonella,Veillonella,0.17580480878127755,0.1674117537965271,1.0501342038083623,0.29394308568187827,0.6414664267453192,-0.15232222865991554,0.5039318462224707,629,260,3,175,
pooled,combat_ols,cancer_other,Bacteria.Bacteroidota.Bacteroidia.Bacteroidales.Barnesiellaceae.Barnesiella,Barnesiella,-0.19940178279923895,0.20701175372376815,-0.9632389427767286,0.3356907404411956,0.675239995140336,-0.6051448200978246,0.20634125449934662,629,260,3,175,
pooled,combat_ols,cancer_other,Bacteria.Bacillota.Clostridia.Lachnospirales.Lachnospiraceae.Hungatella,Hungatella,-0.08240701431825702,0.1353958450314206,-0.6086376897247715,0.5429207987258045,0.8143732693451258,-0.3477828705798414,0.18296884194332735,629,260,3,175,
pooled,combat_ols,cancer_other,Bacteria.Bacillota.Clostridia.Oscillospirales.Ruminococcaceae.DTU089,DTU089,0.36554976656599253,0.15061360815532776,2.427069977561398,0.015419991675231432,0.17989990287770005,0.07034709458155014,0.6607524385504349,629,260,3,175,
pooled,combat_ols,cancer_other,Bacteria.Pseudomonadota.Gammaproteobacteria.Pseudomonadales.Moraxellaceae.Acinetobacter,Acinetobacter,-0.06347608114298602,0.08817360099011327,-0.7198989315419188,0.4717772988745095,0.7715983860097118,-0.23629633908360803,0.10934417679763599,629,260,3,175,
pooled,combat_ols,cancer_other,Bacteria.Bacillota.Clostridia.Lachnospirales.Lachnospiraceae.GCA-900066575,GCA-900066575,0.05415325062763914,0.11422073653174249,0.47411050105240476,0.6355380578848984,0.8431736636032097,-0.1697193929745761,0.2780258942298544,629,260,3,175,
pooled,combat_ols,cancer_other,Bacteria.Bacillota.Clostridia.Lachnospirales.Lachnospiraceae.Lachnospiraceae UCG-010,Lachnospiraceae UCG-010,-0.3150541572284768,0.1596715783810874,-1.973138616294871,0.048790572107701845,0.2307662194283195,-0.6280104508554081,-0.002097863601545513,629,260,3,175,
pooled,combat_ols,cancer_other,Bacteria.Bacillota.Clostridia.Oscillospirales.Butyricicoccaceae.UCG-009,UCG-009,0.07982334709301803,0.08085207745444954,0.9872763892552906,0.3237769992161287,0.6704864309373698,-0.07864672471770306,0.23829341890373912,629,260,3,175,
pooled,combat_ols,cancer_other,Bacteria.Thermodesulfobacteriota.Desulfovibrionia.Desulfovibrionales.Desulfovibrionaceae.Desulfovibrio,Desulfovibrio,-0.06524065312725022,0.16797711284407285,-0.388390132576042,0.697820756109909,0.8501805917204877,-0.39447579430163304,0.26399448804713255,629,260,3,175,
pooled,combat_ols,cancer_other,Bacteria.Actinomycetota.Coriobacteriia.Coriobacteriales.Coriobacteriales Incertae Sedis.Incertae Sedis,Incertae Sedis,-0.004381137296676738,0.13939258508516847,-0.03143020336411636,0.9749335408253007,0.9865666530359892,-0.2775906040636069,0.2688283294702535,629,260,3,175,
pooled,combat_ols,cancer_other,Bacteria.Bacillota.Clostridia.Lachnospirales.Lachnospiraceae.Lachnospiraceae NK4B4 group,Lachnospiraceae NK4B4 group,0.039003547531063686,0.1112790718047546,0.3505020926081915,0.7260453274789482,0.8501805917204877,-0.17910343320625532,0.2571105282683827,629,260,3,175,
pooled,combat_ols,cancer_other,Bacteria.Bacillota.Clostridia.Clostridia vadinBB60 group.Incertae Sedis.Incertae Sedis,Incertae Sedis,0.12299473836445617,0.12329247616100254,0.9975851097664907,0.31875325969144036,0.6704864309373698,-0.1186585149111088,0.36464799164002115,629,260,3,175,
pooled,combat_ols,cancer_other,Bacteria.Pseudomonadota.Alphaproteobacteria.Rhodospirillales.Incertae Sedis.Incertae Sedis,Incertae Sedis,-0.45052921157601034,0.15409710235907012,-2.9236708846491317,0.0035474963333058367,0.06897909536983572,-0.7525595321997878,-0.1484988909522329,629,260,3,175,
pooled,combat_ols,cancer_other,Bacteria.Pseudomonadota.Gammaproteobacteria.Burkholderiales.Sutterellaceae.Sutterella,Sutterella,0.014235106001510818,0.14609237876348202,0.09743907329044803,0.9223997786205441,0.9439763816292118,-0.2721059563749139,0.3005761683779356,629,260,3,175,
pooled,combat_ols,cancer_other,Bacteria.Actinomycetota.Actinobacteria.Mycobacteriales.Corynebacteriaceae.Corynebacterium,Corynebacterium,-0.21436313412091554,0.09675691961554791,-2.215481176671001,0.02698090784556315,0.19141506692063162,-0.4040066965673894,-0.024719571674441637,629,260,3,175,
pooled,combat_ols,cancer_other,Bacteria.Bacillota.Bacilli.Izemoplasmatales.Incertae Sedis.Incertae Sedis,Incertae Sedis,0.0173291567259511,0.09787906410351732,0.17704661241574304,0.8595122861631503,0.911603939870008,-0.17451380891694285,0.20917212236884503,629,260,3,175,
pooled,combat_ols,cancer_other,Bacteria.Bacillota.Clostridia.Lachnospirales.Lachnospiraceae.Lachnospiraceae ND3007 group,Lachnospiraceae ND3007 group,-0.4996398413821556,0.17597479258117754,-2.83926938656098,0.004625266091388672,0.07358377872663796,-0.8445504348412636,-0.15472924792304765,629,260,3,175,
pooled,combat_ols,cancer_other,Bacteria.Bacillota.Clostridia.Oscillospirales.Oscillospiraceae.Oscillibacter,Oscillibacter,0.42566443163917556,0.15759935596624233,2.700927481774434,0.007046778051262915,0.09486047376700077,0.11676969394534059,0.7345591693330105,629,260,3,175,
pooled,combat_ols,cancer_other,Bacteria.Bacillota.Clostridia.Peptococcales.Peptococcaceae.Incertae Sedis,Incertae Sedis,-0.1437984191762069,0.11974509053000842,-1.2008711049424665,0.23012250892201705,0.5626710169961036,-0.3784987966150234,0.0909019582626096,629,260,3,175,
pooled,combat_ols,cancer_other,Bacteria.Bacteroidota.Bacteroidia.Bacteroidales.Prevotellaceae.Paraprevotella,Paraprevotella,0.134373674245648,0.16826925033544787,0.7985634569463618,0.4247578252079115,0.7603983314254159,-0.19543405641182982,0.4641814049031258,629,260,3,175,
pooled,combat_ols,cancer_other,Bacteria.Thermodesulfobacteriota.Desulfovibrionia.Desulfovibrionales.Desulfovibrionaceae.Incertae Sedis,Incertae Sedis,-0.02502848053276547,0.08737596861849385,-0.2864458148904341,0.7746037304430635,0.8652878937107138,-0.19628537902501342,0.1462284179594825,629,260,3,175,
pooled,combat_ols,cancer_other,Bacteria.Bacillota.Clostridia.Lachnospirales.Defluviitaleaceae.Defluviitaleaceae UCG-011,Defluviitaleaceae UCG-011,-0.07586364593435542,0.10082618923631258,-0.7524200459123681,0.4519985705455949,0.7649766375601043,-0.2734829768375281,0.12175568496881724,629,260,3,175,
pooled,combat_ols,cancer_other,Bacteria.Bacteroidota.Bacteroidia.Bacteroidales.Marinifilaceae.Odoribacter,Odoribacter,-0.08219024631538963,0.17532216505640352,-0.46879552445036204,0.6393312513909746,0.8431736636032097,-0.42582168982594054,0.2614411971951613,629,260,3,175,
pooled,combat_ols,cancer_other,Bacteria.Bacteroidota.Bacteroidia.Bacteroidales.Porphyromonadaceae.Porphyromonas,Porphyromonas,0.11521722881426223,0.15704690245835717,0.7336485279919063,0.46335727760783463,0.7649766375601043,-0.19259470000411782,0.42302915763264226,629,260,3,175,
pooled,combat_ols,cancer_other,Bacteria.Bacteroidota.Bacteroidia.Bacteroidales.Prevotellaceae.Prevotella,Prevotella,-0.28690872054141847,0.09393009730716781,-3.054491890955642,0.00232195312763525,0.05079272466702109,-0.4710117112634674,-0.10280572981936956,629,260,3,175,
pooled,combat_ols,cancer_other,Bacteria.Bacillota.Clostridia.Lachnospirales.Lachnospiraceae.Enterocloster,Enterocloster,0.14682681309010068,0.16061000397107783,0.9141822393363542,0.36087008786451436,0.7016918375143335,-0.16796879469321188,0.4616224208734132,629,260,3,175,
pooled,combat_ols,cancer_other,Bacteria.Bacteroidota.Bacteroidia.Bacteroidales.Tannerellaceae.Incertae Sedis,Incertae Sedis,0.07488493649973464,0.17779894576107072,0.4211776182315856,0.6737276527314562,0.8431736636032097,-0.27360099719196396,0.42337087019143327,629,260,3,175,
pooled,combat_ols,cancer_other,Bacteria.Bacillota.Clostridia.Eubacteriales.Anaerofustaceae.Anaerofustis,Anaerofustis,-0.031145718435689,0.0741447554742135,-0.42006637201091107,0.6745389308825678,0.8431736636032097,-0.17646943916514746,0.11417800229376945,629,260,3,175,
pooled,combat_ols,cancer_other,Bacteria.Bacillota.Clostridia.Oscillospirales.Oscillospiraceae.Incertae Sedis,Incertae Sedis,0.1962070298568301,0.15287920668198302,1.283412140311383,0.19968367510439544,0.5433966891836004,-0.1034362152398566,0.49585027495351686,629,260,3,175,
pooled,combat_ols,cancer_other,Bacteria.Bacteroidota.Bacteroidia.Bacteroidales.Prevotellaceae.Prevotellaceae UCG-001,Prevotellaceae UCG-001,-0.10164086772826915,0.13738345039391955,-0.7398334183399405,0.4595972823093559,0.7649766375601043,-0.37091243050035144,0.16763069504381317,629,260,3,175,
pooled,combat_ols,cancer_other,Bacteria.Bacillota.Clostridia.Oscillospirales.Ruminococcaceae.Angelakisella,Angelakisella,0.22792359602739806,0.10594543426408587,2.151330046552664,0.031720211089704665,0.19141506692063162,0.02027054486978977,0.4355766471850063,629,260,3,175,
pooled,combat_ols,cancer_other,Bacteria.Pseudomonadota.Gammaproteobacteria.Pseudomonadales.Pseudomonadaceae.Pseudomonas,Pseudomonas,-0.28449133553953604,0.1488596848897982,-1.9111375638753154,0.0563097017742227,0.25267173873048643,-0.5762563179235405,0.007273646844468407,629,260,3,175,
pooled,combat_ols,cancer_other,Bacteria.Bacillota.Bacilli.Erysipelotrichales.Erysipelotrichaceae.Holdemania,Holdemania,0.030130937465431766,0.09831293673653634,0.3064798841903999,0.7593113819509032,0.8572870441381165,-0.16256241853817943,0.22282429346904298,629,260,3,175,
pooled,combat_ols,cancer_other,Bacteria.Bacillota.Negativicutes.Acidaminococcales.Acidaminococcaceae.Acidaminococcus,Acidaminococcus,-0.06021226759356823,0.15170895391405853,-0.39689330154947755,0.6915418336159929,0.8501805917204877,-0.3575618172651229,0.23713728207798646,629,260,3,175,
pooled,combat_ols,cancer_other,Bacteria.Bacillota.Clostridia.Peptostreptococcales-Tissierellales.Anaerovoracaceae.[Eubacterium] brachy group,[Eubacterium] brachy group,-0.06574688600632228,0.10866055001440635,-0.6050667514346787,0.5452897555204397,0.8143732693451258,-0.2787215640345587,0.14722779202191416,629,260,3,175,
pooled,combat_ols,cancer_other,Bacteria.Bacteroidota.Bacteroidia.Bacteroidales.Marinifilaceae.Butyricimonas,Butyricimonas,-0.12055264195471753,0.14181506274864952,-0.8500693763989152,0.3955164258235335,0.7479889526179634,-0.3985101649420706,0.1574048810326355,629,260,3,175,
pooled,combat_ols,cancer_other,Bacteria.Fusobacteriota.Fusobacteriia.Fusobacteriales.Fusobacteriaceae.Fusobacterium,Fusobacterium,-0.1836428409751662,0.11714193815944188,-1.5676950873495874,0.11730976970046893,0.4025335234820012,-0.41324103976767224,0.045955357817339865,629,260,3,175,
pooled,combat_ols,cancer_other,Bacteria.Actinomycetota.Actinobacteria.Mycobacteriales.Corynebacteriaceae.Lawsonella,Lawsonella,-0.3277159149155684,0.09374276439590222,-3.4959062390301545,0.0004959327249775,0.028929408957020834,-0.5114517331315367,-0.14398009669960005,629,260,3,175,
pooled,combat_ols,cancer_other,Bacteria.Bacillota.Clostridia.Christensenellales.Christensenellaceae.Incertae Sedis,Incertae Sedis,0.04940920120346143,0.15082730726533683,0.32758790234543067,0.7433007459041978,0.8501805917204877,-0.24621232103659874,0.3450307234435216,629,260,3,175,
pooled,combat_ols,cancer_other,Bacteria.Bacillota.Clostridia.Lachnospirales.Lachnospiraceae.Faecalicatena,Faecalicatena,0.1843426728456212,0.11317896590710554,1.6287714891910663,0.10371728903249872,0.36301051161374553,-0.03748810033230565,0.40617344602354805,629,260,3,175,
pooled,combat_ols,cancer_other,Bacteria.Bacillota.Clostridia.Oscillospirales.Ruminococcaceae.Anaerotruncus,Anaerotruncus,-0.12061834052877132,0.10051652066919484,-1.1999852335292487,0.23046620458833042,0.5626710169961036,-0.3176307210403932,0.07639403998285055,629,260,3,175,
pooled,combat_ols,cancer_other,Bacteria.Bacillota.Clostridia.Lachnospirales.Lachnospiraceae.Sellimonas,Sellimonas,-0.056061402490805975,0.1519742891558649,-0.3688874138000368,0.7122998761362376,0.8501805917204877,-0.35393100923630116,0.24180820425468919,629,260,3,175,
pooled,combat_ols,cancer_other,Bacteria.Bacillota.Clostridia.Oscillospirales.Oscillospiraceae.Oscillospira,Oscillospira,0.05949356515580346,0.1222867196382281,0.4865087994167206,0.6267269207909318,0.8431736636032097,-0.18018840533512362,0.29917553564673055,629,260,3,175,
pooled,combat_ols,cancer_other,Bacteria.Pseudomonadota.Gammaproteobacteria.Burkholderiales.Sutterellaceae.Parasutterella,Parasutterella,0.04846257500378831,0.17861480904618354,0.271324506980032,0.786204733212664,0.8707963817228874,-0.30162245072673144,0.39854760073430806,629,260,3,175,
pooled,combat_ols,cancer_other,NA.NA.NA.NA.NA.NA,NA.NA.NA.NA.NA.NA,-0.032413918515207356,0.029982546866716562,-1.0810928991222506,0.27995029484597644,0.6414664267453192,-0.09117971037397182,0.026351873343557104,629,260,3,175,
pooled,combat_ols,cancer_other,Bacteria.Pseudomonadota.Gammaproteobacteria.Burkholderiales.Neisseriaceae.Neisseria,Neisseria,-0.3005934188633083,0.09731831736663515,-3.088765064965709,0.002072650922326221,0.05079272466702109,-0.4913373209019132,-0.10984951682470342,629,260,3,175,
pooled,combat_ols,cancer_other,Bacteria.Bacillota.Bacilli.Erysipelotrichales.Erysipelotrichaceae.Faecalitalea,Faecalitalea,-0.19615928112327743,0.14147239379779858,-1.386555184777893,0.16592661453042334,0.4760189761118702,-0.47344517296696265,0.08112661072040775,629,260,3,175,
pooled,combat_ols,cancer_other,Bacteria.Bacillota.Clostridia.Lachnospirales.Lachnospiraceae.Shuttleworthia,Shuttleworthia,0.004029847058714399,0.13007441139502493,0.030981090096776194,0.9752916055727208,0.9865666530359892,-0.2509159992755345,0.2589756933929633,629,260,3,175,
pooled,combat_ols,cancer_other,Bacteria.Bacillota.Clostridia.Lachnospirales.Lachnospiraceae.Lachnospiraceae AC2044 group,Lachnospiraceae AC2044 group,0.061919377568125544,0.10331795783074975,0.5993089572052782,0.5491202616155705,0.8143732693451258,-0.14058381978014395,0.26442257491639504,629,260,3,175,
pooled,combat_ols,cancer_other,Bacteria.Bacillota.Clostridia.Peptostreptococcales-Tissierellales.Anaerovoracaceae.NA,Anaerovoracaceae,-0.026269082625177038,0.09241608045571588,-0.2842479630778619,0.7762868532147547,0.8652878937107138,-0.20740460031838018,0.15486643506802608,629,260,3,175,
pooled,combat_ols,cancer_other,Bacteria.Actinomycetota.Coriobacteriia.Coriobacteriales.Eggerthellaceae.Asaccharobacter,Asaccharobacter,0.41828092354795626,0.10950791033704832,3.819641177158368,0.00014297451904368255,0.025020540832644447,0.20364541928734156,0.6329164278085709,629,260,3,175,
pooled,combat_ols,cancer_other,Bacteria.Pseudomonadota.NA.NA.NA.NA,Bacteria.Pseudomonadota.NA.NA.NA.NA,-0.10806621022766968,0.07094937521704342,-1.5231453398579058,0.1280795758138076,0.4075259230439333,-0.24712698565307478,0.030994565197735413,629,260,3,175,
pooled,combat_ols,cancer_other,Bacteria.Bacillota.Clostridia.Lachnospirales.Lachnospiraceae.Frisingicoccus,Frisingicoccus,-0.022336331744203426,0.1605351666872245,-0.13913669014168076,0.8893737904539851,0.9264310317229012,-0.33698525845116345,0.29231259496275663,629,260,3,175,
pooled,combat_ols,cancer_other,Bacteria.Bacillota.Clostridia.Oscillospirales.Ruminococcaceae.Negativibacillus,Negativibacillus,-0.1817862387093535,0.1423212487099083,-1.2772951358787346,0.20183305598248016,0.5433966891836004,-0.46073588618077377,0.09716340876206675,629,260,3,175,
pooled,combat_ols,cancer_other,Bacteria.Bacillota.Clostridia.Lachnospirales.Lachnospiraceae.Tyzzerella,Tyzzerella,-0.19431411822364822,0.11243030547215092,-1.7283073047576125,0.08428194505102454,0.3430079159053324,-0.414677516949064,0.02604928050176758,629,260,3,175,
pooled,combat_ols,cancer_other,Bacteria.Bacillota.Clostridia.Lachnospirales.Lachnospiraceae.Eisenbergiella,Eisenbergiella,-0.15436750178229924,0.15981414784586476,-0.9659188742862828,0.3343486477160069,0.675239995140336,-0.4676032315601942,0.1588682279955957,629,260,3,175,
pooled,combat_ols,cancer_other,Bacteria.Bacillota.Clostridia.Oscillospirales.Oscillospiraceae.Flavonifractor,Flavonifractor,0.35583715289970813,0.15981185435917167,2.2266004879711634,0.026224982051670388,0.19141506692063162,0.04260591835573169,0.6690683874436846,629,260,3,175,
pooled,combat_ols,cancer_other,Bacteria.Bacteroidota.Bacteroidia.Bacteroidales.Barnesiellaceae.Coprobacter,Coprobacter,-0.24843256072321163,0.1614149402668283,-1.5390927278016406,0.12413910683410813,0.4075259230439333,-0.5648058436461951,0.06794072219977182,629,260,3,175,
pooled,combat_ols,cancer_other,Bacteria.Campylobacterota.Campylobacteria.Campylobacterales.Helicobacteraceae.Helicobacter,Helicobacter,0.26488969734398987,0.11810620298050455,2.2428093585204367,0.025155921535207498,0.19141506692063162,0.033401539502200955,0.4963778551857788,629,260,3,175,
pooled,combat_ols,cancer_other,Bacteria.Bacillota.Clostridia.Lachnospirales.Lachnospiraceae.UC5-1-2E3,UC5-1-2E3,-0.1491682605373608,0.10531088155672001,-1.416456289533759,0.15699383009157536,0.46565966552585913,-0.35557758838853204,0.05724106731381043,629,260,3,175,
pooled,combat_ols,cancer_other,Bacteria.Bacillota.Clostridia.Oscillospirales.NA.NA,Oscillospirales,-0.08280511031537645,0.11091010125317524,-0.7465966524217362,0.455505353767648,0.7649766375601043,-0.3001889087715999,0.134578688140847,629,260,3,175,
pooled,combat_ols,cancer_other,Bacteria.Bacillota.Clostridia.Oscillospirales.Oscillospiraceae.Ruminiclostridium,Ruminiclostridium,-0.10654337336866908,0.10833859133466234,-0.9834295614897949,0.32566483788386535,0.6704864309373698,-0.31888701238460726,0.10580026564726909,629,260,3,175,
pooled,combat_ols,cancer_other,Bacteria.Bacillota.Clostridia.Peptostreptococcales-Tissierellales.Anaerovoracaceae.Incertae Sedis,Incertae Sedis,-0.06594516789467846,0.10985596837455884,-0.6002875298484963,0.5484683066213519,0.8143732693451258,-0.2812628659088138,0.1493725301194569,629,260,3,175,
pooled,combat_ols,cancer_other,Bacteria.Bacillota.Clostridia.Christensenellales.Christensenellaceae.Christensenella,Christensenella,-0.02005652893768765,0.09084808411464156,-0.22076997146553182,0.8253224670050981,0.8915520476906924,-0.19811877380238507,0.1580057159270098,629,260,3,175,
pooled,combat_ols,cancer_other,Bacteria.Bacillota.Clostridia.Christensenellales.Christensenellaceae.NA,Christensenellaceae,-0.0728937362199099,0.15970308454589036,-0.45643286369314945,0.6481907303117691,0.8431736636032097,-0.385911781929855,0.24012430949003516,629,260,3,175,
pooled,combat_ols,cancer_other,Bacteria.Bacillota.Clostridia.Oscillospirales.Ruminococcaceae.[Clostridium] methylpentosum group,[Clostridium] methylpentosum group,0.19949207252913084,0.09077969675659414,2.1975406358100655,0.028240293455284036,0.19141506692063162,0.021563866886206318,0.37742027817205537,629,260,3,175,
pooled,combat_ols,cancer_other,Bacteria.Synergistota.Synergistia.Synergistales.Synergistaceae.Cloacibacillus,Cloacibacillus,-0.0926057226811538,0.11753950192119202,-0.7878689391013769,0.4309843360684973,0.7603983314254159,-0.32298314644669013,0.13777170108438255,629,260,3,175,
pooled,combat_ols,cancer_other,Bacteria.Cyanobacteriota.Cyanobacteriia.Chloroplast.Incertae Sedis.Incertae Sedis,Incertae Sedis,0.22945507152058497,0.09689866838308947,2.3679899357691165,0.01809910228740814,0.18321043850516336,0.039533681489729605,0.41937646155144037,629,260,3,175,
pooled,combat_ols,cancer_other,Bacteria.Bacillota.Clostridia.Lachnospirales.Lachnospiraceae.Lachnotalea,Lachnotalea,0.13317262112238193,0.08080564699936495,1.6480608233163276,0.09969513343949621,0.35605404799820073,-0.025206446996373366,0.2915516892411372,629,260,3,175,
pooled,combat_ols,cancer_other,Bacteria.Deinococcota.Deinococci.Deinococcales.Deinococcaceae.Deinococcus,Deinococcus,-0.20972664194165339,0.08991030828009837,-2.332620652220323,0.01989141903770345,0.18321043850516336,-0.3859508461706462,-0.03350243771266059,629,260,3,175,
pooled,mixedlm,cancer_other,Bacteria.Actinomycetota.Coriobacteriia.Coriobacteriales.Coriobacteriaceae.Collinsella,Collinsella,0.42229189609015055,0.2009519642864737,2.10145692076012,0.035600875799688576,0.4223712852365875,0.028426046088662116,0.8161577460916389,629,260,3,175,True
pooled,mixedlm,cancer_other,Bacteria.Actinomycetota.Coriobacteriia.Coriobacteriales.Eggerthellaceae.Adlercreutzia,Adlercreutzia,-0.205739597868415,0.13086627897359263,-1.5721360726542166,0.11591899727029287,0.6367233236019552,-0.46223750465665653,0.05075830891982652,629,260,3,175,True
pooled,mixedlm,cancer_other,Bacteria.Bacillota.Bacilli.Erysipelotrichales.Erysipelotrichaceae.Holdemanella,Holdemanella,-0.1111372353373711,0.18436292418320321,-0.6028177076803846,0.5466299654193242,0.8776169169576306,-0.47248856673644934,0.2502140960617072,629,260,3,175,True
pooled,mixedlm,cancer_other,Bacteria.Bacillota.Bacilli.Lactobacillales.Streptococcaceae.Streptococcus,Streptococcus,0.005317836705479487,0.1909342397673763,0.027851666165054755,0.9777804582845075,0.9948210799732836,-0.3689132732385781,0.37954894664953703,629,260,3,175,True
pooled,mixedlm,cancer_other,Bacteria.Bacillota.Bacilli.RF39.Incertae Sedis.Incertae Sedis,Incertae Sedis,-0.019620529814767862,0.18980414141705076,-0.1033725063546231,0.9176673319775155,0.9831296810369236,-0.39163664699218736,0.35239558736265164,629,260,3,175,True
pooled,mixedlm,cancer_other,Bacteria.Bacillota.Clostridia.Christensenellales.Christensenellaceae.Christensenellaceae R-7 group,Christensenellaceae R-7 group,0.2082342325785459,0.19089802030385616,1.0908139971650588,0.27535473612776673,0.7727362661791959,-0.16592588721701218,0.582394352374104,629,260,3,175,True
pooled,mixedlm,cancer_other,Bacteria.Bacillota.Clostridia.Clostridia UCG-014.Incertae Sedis.Incertae Sedis,Incertae Sedis,0.18545242045684046,0.2310474536410893,0.8026594430463775,0.42217160055383784,0.8351355062641516,-0.2674005886796946,0.6383054295933754,629,260,3,175,True
pooled,mixedlm,cancer_other,Bacteria.Bacillota.Clostridia.Clostridiales.Clostridiaceae.Clostridium,Clostridium,0.2519840063127108,0.18042754779005427,1.396593864956363,0.16253573623598017,0.6530852994009175,-0.10165398735579556,0.6056219999812171,629,260,3,175,True
pooled,mixedlm,cancer_other,Bacteria.Bacillota.Clostridia.Lachnospirales.Lachnospiraceae.Agathobacter,Agathobacter,-0.06145687029719987,0.1641145963159166,-0.37447534635430535,0.7080506952845187,0.9294135141273498,-0.3831214790763964,0.26020773848199663,629,260,3,175,True
pooled,mixedlm,cancer_other,Bacteria.Bacillota.Clostridia.Lachnospirales.Lachnospiraceae.Blautia,Blautia,-0.013233047064612143,0.08339056250913543,-0.15868758605822408,0.8739150191315259,0.9741090977580703,-0.17667854958251758,0.1502124554532933,629,260,3,175,True
pooled,mixedlm,cancer_other,Bacteria.Bacillota.Clostridia.Lachnospirales.Lachnospiraceae.Coprococcus,Coprococcus,0.00746320224000634,0.17438699455605297,0.042796782288758654,0.9658635290028647,0.9948210799732836,-0.3343353070898575,0.3492617115698702,629,260,3,175,True
pooled,mixedlm,cancer_other,Bacteria.Bacillota.Clostridia.Lachnospirales.Lachnospiraceae.Dorea,Dorea,0.08082499587398594,0.16161911252998942,0.5000955308363567,0.6170078128683134,0.9135388781789552,-0.2359484646847933,0.3975984564327652,629,260,3,175,True
pooled,mixedlm,cancer_other,Bacteria.Bacillota.Clostridia.Lachnospirales.Lachnospiraceae.Howardella,Howardella,0.3258020558794564,0.11924735405572828,2.7321533333745767,0.006292184978905938,0.19200368124250072,0.09207724193022895,0.5595268698286838,629,260,3,175,True
pooled,mixedlm,cancer_other,Bacteria.Bacillota.Clostridia.Lachnospirales.Lachnospiraceae.Lachnospiraceae NK4A136 group,Lachnospiraceae NK4A136 group,-0.11509206258882128,0.1567624900731555,-0.7341811330957545,0.4628383506540481,0.8684218429991075,-0.42234654313220604,0.1921624179545635,629,260,3,175,True
pooled,mixedlm,cancer_other,Bacteria.Bacillota.Clostridia.Lachnospirales.Lachnospiraceae.Mediterraneibacter,Mediterraneibacter,-0.017065308362813603,0.1060605501021033,-0.16090156374245676,0.8721709306655642,0.9741090977580703,-0.22494398656293607,0.19081336983730884,629,260,3,175,True
pooled,mixedlm,cancer_other,Bacteria.Bacillota.Clostridia.Lachnospirales.Lachnospiraceae.Roseburia,Roseburia,-0.14197339789482652,0.15389124627614711,-0.9225566842188356,0.35623827762280147,0.8148889887203902,-0.44360024059607484,0.15965344480642182,629,260,3,175,True
pooled,mixedlm,cancer_other,Bacteria.Bacillota.Clostridia.Lachnospirales.Lachnospiraceae.[Eubacterium] eligens group,[Eubacterium] eligens group,-0.002764634444673564,0.17916505710172378,-0.015430656453863652,0.9876886060220837,0.9948210799732836,-0.3539281463640522,0.34839887747470505,629,260,3,175,True
pooled,mixedlm,cancer_other,Bacteria.Bacillota.Clostridia.Lachnospirales.Lachnospiraceae.[Eubacterium] ruminantium group,[Eubacterium] ruminantium group,0.08671334158190654,0.1769877536686272,0.48993978275050176,0.624176510678994,0.9135388781789552,-0.2601826556086028,0.43360933877241586,629,260,3,175,True
pooled,mixedlm,cancer_other,Bacteria.Bacillota.Clostridia.NA.NA.NA,Clostridia,-0.13310104579872123,0.15100331512419113,-0.8814445278188339,0.37807726590690494,0.8148889887203902,-0.4290675434421358,0.16286545184469337,629,260,3,175,True
pooled,mixedlm,cancer_other,Bacteria.Bacillota.Clostridia.Oscillospirales.Oscillospiraceae.Colidextribacter,Colidextribacter,0.0638698414303173,0.1566435471112212,0.4077400097749828,0.6834645603900471,0.9294135141273498,-0.24315151090767623,0.37089119376831087,629,260,3,175,True
pooled,mixedlm,cancer_other,Bacteria.Bacillota.Clostridia.Oscillospirales.Oscillospiraceae.UCG-002,UCG-002,0.3868862843614984,0.19261499625441353,2.0085989766367085,0.04457967994066531,0.45643273302216575,0.009360891702847929,0.7644116770201489,629,260,3,175,True
pooled,mixedlm,cancer_other,Bacteria.Bacillota.Clostridia.Oscillospirales.Ruminococcaceae.CAG-352,CAG-352,0.3597341599847127,0.232824873106217,1.545084746253028,0.12232576608667327,0.6367233236019552,-0.0966025913034726,0.816070911272898,629,260,3,175,True
pooled,mixedlm,cancer_other,Bacteria.Bacillota.Clostridia.Oscillospirales.Ruminococcaceae.Faecalibacterium,Faecalibacterium,-0.07278453502301316,0.1325978838033537,-0.5489117392774883,0.5830660215125315,0.9135388781789552,-0.3326763872775864,0.18710731723156007,629,260,3,175,True
pooled,mixedlm,cancer_other,Bacteria.Bacillota.Clostridia.Oscillospirales.Ruminococcaceae.Gemmiger,Gemmiger,0.013660958119719827,0.1761584715836231,0.0775492543555302,0.9381866099038071,0.9831296810369236,-0.33160964618418143,0.3589315624236211,629,260,3,175,True
pooled,mixedlm,cancer_other,Bacteria.Bacillota.Clostridia.Oscillospirales.Ruminococcaceae.NA,Ruminococcaceae,0.08901130854768274,0.1776980141362397,0.5009133556182482,0.6164321026803294,0.9135388781789552,-0.25927679915934704,0.4372994162547125,629,260,3,175,True
pooled,mixedlm,cancer_other,Bacteria.Bacillota.Clostridia.Oscillospirales.Ruminococcaceae.Ruminococcus,Ruminococcus,0.1357985576436681,0.17630946779044432,0.7702283907128223,0.44116442562347746,0.8444710739347693,-0.20976799922560274,0.48136511451293895,629,260,3,175,True
pooled,mixedlm,cancer_other,Bacteria.Bacillota.Clostridia.Oscillospirales.Ruminococcaceae.[Eubacterium] siraeum group,[Eubacterium] siraeum group,-0.05033583152026272,0.19181684212542977,-0.2624161203078712,0.7930006458296275,0.9561965232021069,-0.4262968420861051,0.32562517904557964,629,260,3,175,True
pooled,mixedlm,cancer_other,Bacteria.Bacillota.Clostridia.Oscillospirales.UCG-010.Incertae Sedis,Incertae Sedis,0.052719842678828205,0.17260458754222013,0.3054370884895085,0.7600332779574983,0.9500415974468729,-0.2855851489039233,0.39102483426157963,629,260,3,175,True
pooled,mixedlm,cancer_other,Bacteria.Bacillota.Clostridia.Peptostreptococcales-Tissierellales.Peptostreptococcaceae.Romboutsia,Romboutsia,-0.12301243208617643,0.1962513158674678,-0.6268107377646784,0.5307833040533414,0.8747916545596529,-0.5076650111864133,0.26164014701406046,629,260,3,175,True
pooled,mixedlm,cancer_other,Bacteria.Bacillota.NA.NA.NA.NA,Bacteria.Bacillota.NA.NA.NA.NA,-0.03273535540801347,0.11397655430480823,-0.2872113094458804,0.773950527281853,0.950942802595719,-0.2561294018454376,0.19065869102941063,629,260,3,175,True
pooled,mixedlm,cancer_other,Bacteria.Bacillota.Negativicutes.Acidaminococcales.Acidaminococcaceae.Phascolarctobacterium,Phascolarctobacterium,0.35035714527456974,0.2209832908231875,1.5854463202600078,0.11286496406540539,0.6367233236019552,-0.08277010473887775,0.7834843952880173,629,260,3,175,True
pooled,mixedlm,cancer_other,Bacteria.Bacteroidota.Bacteroidia.Bacteroidales.Bacteroidaceae.Bacteroides,Bacteroides,-0.1700625256488263,0.09612172140798189,-1.7692413656119188,0.07685360375127596,0.5489437805732202,-0.35846109960847083,0.018336048310818226,629,260,3,175,True
pooled,mixedlm,cancer_other,Bacteria.Bacteroidota.Bacteroidia.Bacteroidales.Prevotellaceae.Incertae Sedis,Incertae Sedis,0.26103708650820245,0.1383271607869967,1.8870992871035706,0.05914697258254776,0.492891438187898,-0.010084148634311063,0.532158321650716,629,260,3,175,True
pooled,mixedlm,cancer_other,Bacteria.Bacteroidota.Bacteroidia.Bacteroidales.Prevotellaceae.Segatella,Segatella,0.40274693979460324,0.20769215839956437,1.9391533262405924,0.05248267096917656,0.4592233709802949,-0.00432969066854294,0.8098235702577494,629,260,3,175,True
pooled,mixedlm,cancer_other,Bacteria.Bacteroidota.Bacteroidia.Bacteroidales.Rikenellaceae.Alistipes,Alistipes,0.2356167268153704,0.15305733280151002,1.5394017555560453,0.12370624572837986,0.6367233236019552,-0.06437564547558924,0.53560909910633,629,260,3,175,True
pooled,mixedlm,cancer_other,Bacteria.Bacteroidota.Bacteroidia.Bacteroidales.Tannerellaceae.Parabacteroides,Parabacteroides,0.2136193002824594,0.19564922120136308,1.0918484570025526,0.2748997161134056,0.7727362661791959,-0.16985317327221222,0.5970917738371311,629,260,3,175,True
pooled,mixedlm,cancer_other,Bacteria.NA.NA.NA.NA.NA,Bacteria.NA.NA.NA.NA.NA,-0.04160714279485855,0.04676451767608831,-0.8897160681319967,0.37361836391742986,0.8148889887203902,-0.13326559743999164,0.05005131185027454,629,260,3,175,True
pooled,mixedlm,cancer_other,Bacteria.Pseudomonadota.Gammaproteobacteria.Burkholderiales.Oxalobacteraceae.Oxalobacter,Oxalobacter,-0.07397936051416054,0.08953932959449946,-0.8262219613346894,0.4086781925342168,0.8220538355573326,-0.2494764465193795,0.10151772549105842,629,260,3,175,True
pooled,mixedlm,cancer_other,Bacteria.Pseudomonadota.Gammaproteobacteria.Enterobacterales.Enterobacteriaceae.Klebsiella,Klebsiella,0.015094814504747256,0.15308071706613338,0.09860689702822628,0.921450393676835,0.9831296810369236,-0.28494339094487414,0.31513301995436865,629,260,3,175,True
pooled,mixedlm,cancer_other,Bacteria.Pseudomonadota.Gammaproteobacteria.Enterobacterales.Pasteurellaceae.Haemophilus,Haemophilus,0.08594168682184783,0.17696893298022018,0.485631491214639,0.6272284647799284,0.9135388781789552,-0.2609174218193837,0.43280079546307937,629,260,3,175,True
pooled,mixedlm,cancer_other,Archaea.Methanobacteriota.Methanobacteria.Methanobacteriales.Methanobacteriaceae.Methanobrevibacter,Methanobrevibacter,0.482699034828468,0.2429560981410884,1.986774724000371,0.046947366825137046,0.45643273302216575,0.006505082471934709,0.9588929871850013,629,260,3,175,True
pooled,mixedlm,cancer_other,Bacteria.Actinomycetota.Actinobacteria.Micrococcales.Micrococcaceae.Rothia,Rothia,-0.03903365526551256,0.12510715822425938,-0.3120017736758374,0.7550391753761441,0.9500415974468729,-0.28424368538506095,0.20617637485403584,629,260,3,175,True
pooled,mixedlm,cancer_other,Bacteria.Actinomycetota.Coriobacteriia.Coriobacteriales.Eggerthellaceae.Eggerthella,Eggerthella,0.19689026697702453,0.13818147401496284,1.424867323066075,0.15419555698193982,0.6530852994009175,-0.07394542209230262,0.4677259560463517,629,260,3,175,True
pooled,mixedlm,cancer_other,Bacteria.Bacillota.Bacilli.Lactobacillales.Enterococcaceae.Enterococcus,Enterococcus,0.19262334784352053,0.15272303537744783,1.2612592944310002,0.2072154417754214,0.7110333786411519,-0.10671380149627718,0.49196049718331825,629,260,3,175,True
pooled,mixedlm,cancer_other,Bacteria.Bacillota.Bacilli.Lactobacillales.Lactobacillaceae.HT002,HT002,-0.05005550507730083,0.10130116409978682,-0.4941256650120388,0.6212174333982649,0.9135388781789552,-0.248605786712883,0.14849477655828133,629,260,3,175,True
pooled,mixedlm,cancer_other,Bacteria.Bacillota.Bacilli.Lactobacillales.Lactobacillaceae.Lactobacillus,Lactobacillus,-0.10976329834069623,0.16060820994274388,-0.6834227115776109,0.49433977278714036,0.8684218429991075,-0.4245553898284742,0.20502879314708175,629,260,3,175,True
pooled,mixedlm,cancer_other,Bacteria.Bacillota.Bacilli.Staphylococcales.Gemellaceae.Gemella,Gemella,0.3026296264310769,0.12222674507069556,2.4759689563526943,0.013287513112739797,0.2583683105254961,0.06306520609251359,0.5421940467696402,629,260,3,175,True
pooled,mixedlm,cancer_other,Bacteria.Bacillota.Bacilli.Staphylococcales.Staphylococcaceae.Staphylococcus,Staphylococcus,0.20774475788906072,0.13253395622153188,1.567483260982666,0.11700177582222064,0.6367233236019552,-0.052021796305141754,0.4675113120832632,629,260,3,175,True
pooled,mixedlm,cancer_other,Bacteria.Bacillota.Clostridia.Lachnospirales.Lachnospiraceae.NA,Lachnospiraceae,-0.2801149212872509,0.10507657306039456,-2.665817062060542,0.007680147249700029,0.19200368124250072,-0.48606500448562423,-0.07416483808887758,629,260,3,175,True
pooled,mixedlm,cancer_other,Bacteria.Bacillota.Clostridia.Oscillospirales.Butyricicoccaceae.Agathobaculum,Agathobaculum,-0.32182776458450646,0.17396193118205402,-1.8499896063335168,0.06431504764216782,0.5115969698808803,-0.6627931497013324,0.019137620532319433,629,260,3,175,True
pooled,mixedlm,cancer_other,Bacteria.Bacillota.Clostridia.Oscillospirales.Oscillospiraceae.Intestinimonas,Intestinimonas,0.0149098385821139,0.16968379751814752,0.08786836928563735,0.9299812969891206,0.9831296810369236,-0.31767040455345524,0.3474900817176831,629,260,3,175,True
pooled,mixedlm,cancer_other,Bacteria.Bacillota.Clostridia.Oscillospirales.Oscillospiraceae.NA,Oscillospiraceae,-0.02280975302724151,0.10614881436241705,-0.21488467077327536,0.8298572366745662,0.9573563298694544,-0.2308614291775789,0.1852419231230959,629,260,3,175,True
pooled,mixedlm,cancer_other,Bacteria.Bacillota.Clostridia.Oscillospirales.Oscillospiraceae.NK4A214 group,NK4A214 group,0.33351949655208846,0.18278477168938642,1.8246569091589953,0.06805281972230738,0.5177931935392953,-0.0247386559591089,0.6917776490632859,629,260,3,175,True
pooled,mixedlm,cancer_other,Bacteria.Bacillota.Clostridia.Oscillospirales.Ruminococcaceae.Acutalibacter,Acutalibacter,-0.322243505497155,0.11829397241121169,-2.724090660993082,0.0064478803927984765,0.19200368124250072,-0.55409969142313,-0.09038731957118012,629,260,3,175,True
pooled,mixedlm,cancer_other,Bacteria.Bacillota.Clostridia.Oscillospirales.Ruminococcaceae.Incertae Sedis,Incertae Sedis,0.05799152090046532,0.1645044690102654,0.3525224648872399,0.7244464738669227,0.9294135141273498,-0.2644372383596548,0.3804202801605855,629,260,3,175,True
pooled,mixedlm,cancer_other,Bacteria.Bacillota.Clostridia.Peptostreptococcales-Tissierellales.Anaerovoracaceae.Mogibacterium,Mogibacterium,0.2308636097243634,0.10864921909133089,2.1248529133955274,0.033598888011215564,0.4223712852365875,0.017911140305354845,0.44381607914337196,629,260,3,175,True
pooled,mixedlm,cancer_other,Bacteria.Bacteroidota.Bacteroidia.Bacteroidales.Prevotellaceae.Massiliprevotella,Massiliprevotella,0.325868122635338,0.1510729606053644,2.157024800000953,0.031003732163064335,0.4223712852365875,0.02976511984882374,0.6219711254218523,629,260,3,175,True
pooled,mixedlm,cancer_other,Bacteria.Pseudomonadota.Gammaproteobacteria.Enterobacterales.Enterobacteriaceae.Escherichia-Shigella,Escherichia-Shigella,-0.06520229847287648,0.17668717948111679,-0.36902676619977903,0.7121077740958558,0.9294135141273498,-0.4115091702558654,0.2811045733101124,629,260,3,175,True
pooled,mixedlm,cancer_other,Bacteria.Verrucomicrobiota.Verrucomicrobiia.Verrucomicrobiales.Akkermansiaceae.Akkermansia,Akkermansia,0.049283029765599985,0.17851286949300715,0.27607550035786377,0.7824900775644773,0.950942802595719,-0.300602194440694,0.39916825397189404,629,260,3,175,True
pooled,mixedlm,cancer_other,Bacteria.Actinomycetota.Coriobacteriia.Coriobacteriales.Eggerthellaceae.Incertae Sedis,Incertae Sedis,0.04761766837877057,0.1362207268003655,0.349562577569824,0.7266669998577298,0.9294135141273498,-0.21937495614994584,0.314610292907487,629,260,3,175,True
pooled,mixedlm,cancer_other,Bacteria.Bacillota.Bacilli.Erysipelotrichales.Erysipelatoclostridiaceae.Erysipelotrichaceae UCG-003,Erysipelotrichaceae UCG-003,0.007501344898675932,0.2082880726918097,0.036014279654770165,0.9712709728229612,0.9948210799732836,-0.4007432775772711,0.41574596737462294,629,260,3,175,True
pooled,mixedlm,cancer_other,Bacteria.Bacillota.Bacilli.Erysipelotrichales.Erysipelatoclostridiaceae.Massiliomicrobiota,Massiliomicrobiota,-0.03133397137440699,0.08995678599090877,-0.34832248650561687,0.7275980082025538,0.9294135141273498,-0.2076492719165882,0.1449813291677742,629,260,3,175,True
pooled,mixedlm,cancer_other,Bacteria.Bacillota.Clostridia.Oscillospirales.Ruminococcaceae.Fournierella,Fournierella,-0.36787032183587615,0.10164070261568274,-3.6193209252679375,0.000295377133887085,0.025845499215119937,-0.5670860989626143,-0.168654544709138,629,260,3,175,True
pooled,mixedlm,cancer_other,Bacteria.Bacillota.Clostridia.Oscillospirales.[Eubacterium] coprostanoligenes group.Incertae Sedis,Incertae Sedis,0.22755034912049893,0.1510229398717534,1.5067270529479269,0.1318806342737942,0.6521583328430474,-0.06845461302813771,0.5235553112691356,629,260,3,175,True
pooled,mixedlm,cancer_other,Bacteria.Bacillota.Clostridia.Peptococcales.Peptococcaceae.Peptococcus,Peptococcus,0.1410191869072382,0.12373257976628531,1.1397094215089107,0.25440738070379276,0.7727362661791959,-0.101496669434681,0.3835350432491574,629,260,3,175,True
pooled,mixedlm,cancer_other,Bacteria.Bacillota.Clostridia.Peptostreptococcales-Tissierellales.Anaerovoracaceae.Family XIII AD3011 group,Family XIII AD3011 group,0.05409938474340094,0.14777187983556844,0.3661006735760514,0.7142899549143609,0.9294135141273498,-0.2355334997343132,0.34373226922111505,629,260,3,175,True
pooled,mixedlm,cancer_other,Bacteria.Bacillota.Clostridia.Peptostreptococcales-Tissierellales.Peptostreptococcaceae.Intestinibacter,Intestinibacter,-0.08325119244077714,0.18196752014614243,-0.45750578110816775,0.6473075479668025,0.9135388781789552,-0.4399075319272163,0.273405147045662,629,260,3,175,True
pooled,mixedlm,cancer_other,Bacteria.Bacteroidota.Bacteroidia.Bacteroidales.Muribaculaceae.Incertae Sedis,Incertae Sedis,0.17415383997552913,0.19641824847977585,0.8866479633304583,0.3752684623801288,0.8148889887203902,-0.2108259270448315,0.5591336069958898,629,260,3,175,True
pooled,mixedlm,cancer_other,Bacteria.Actinomycetota.Actinobacteria.Actinomycetales.Actinomycetaceae.Schaalia,Schaalia,0.09176204596768195,0.14918706066089493,0.6150804604714268,0.5385015853414568,0.8747916545596529,-0.20064459292767212,0.384168684863036,629,260,3,175,True
pooled,mixedlm,cancer_other,Bacteria.Bacillota.Clostridia.Lachnospirales.Lachnospiraceae.Anaerostipes,Anaerostipes,-0.22117405516451938,0.12723004089877393,-1.7383791878247423,0.08214402140963531,0.5528924517956223,-0.4705449353261163,0.028196824997077513,629,260,3,175,True
pooled,mixedlm,cancer_other,Bacteria.Bacillota.Clostridia.Lachnospirales.Lachnospiraceae.Fusicatenibacter,Fusicatenibacter,-0.19568014226041971,0.1645519845303708,-1.189169142012406,0.23437311475323264,0.7595425015151058,-0.5182020319399464,0.126841747419107,629,260,3,175,True
pooled,mixedlm,cancer_other,Bacteria.Bacillota.Clostridia.Lachnospirales.Lachnospiraceae.Marvinbryantia,Marvinbryantia,0.09179858595614482,0.1700512126467799,0.539829058125115,0.5893149255433334,0.9135388781789552,-0.24150179083154377,0.4250989627438334,629,260,3,175,True
pooled,mixedlm,cancer_other,Bacteria.Bacillota.Negativicutes.Veillonellales-Selenomonadales.Veillonellaceae.Dialister,Dialister,-0.2837470585941899,0.216016861072346,-1.3135412540744238,0.18900062922924266,0.6818043776758497,-0.7071401062959881,0.13964598910760823,629,260,3,175,True
pooled,mixedlm,cancer_other,Bacteria.Bacillota.Negativicutes.Veillonellales-Selenomonadales.Veillonellaceae.Megasphaera,Megasphaera,0.1092180500226588,0.12767196121496935,0.8554583871298215,0.3922974320749333,0.8148889887203902,-0.1410189939586811,0.35945509400399867,629,260,3,175,True
pooled,mixedlm,cancer_other,Bacteria.Bacillota.Bacilli.Erysipelotrichales.Erysipelotrichaceae.Turicibacter,Turicibacter,-0.08413453705710366,0.17884014405897233,-0.47044547799827535,0.6380367788467325,0.9135388781789552,-0.4346612194126894,0.2663921452984821,629,260,3,175,True
pooled,mixedlm,cancer_other,Bacteria.Bacillota.Clostridia.Lachnospirales.Lachnospiraceae.Faecalimonas,Faecalimonas,-0.04852552460193768,0.1743031973768084,-0.27839721434963277,0.7807074576512106,0.950942802595719,-0.3901597914604822,0.29310874225660677,629,260,3,175,True
pooled,mixedlm,cancer_other,Bacteria.Bacillota.Clostridia.Peptostreptococcales-Tissierellales.Peptostreptococcaceae.Terrisporobacter,Terrisporobacter,-0.33482154378985873,0.1608429716189009,-2.0816672336990902,0.03737287552606252,0.4223712852365875,-0.6500737681629045,-0.019569319416812947,629,260,3,175,True
pooled,mixedlm,cancer_other,Bacteria.Cyanobacteriota.Vampirivibrionia.Gastranaerophilales.Gastranaerophilaceae.Zag_111,Zag_111,0.08042550103531318,0.11711454776775526,0.686725112876681,0.4922559686323621,0.8684218429991075,-0.14911901258948712,0.3099700146601135,629,260,3,175,True
pooled,mixedlm,cancer_other,Bacteria.Bacillota.Bacilli.Lactobacillales.Streptococcaceae.Lactococcus,Lactococcus,-0.21643796167569695,0.12298136195246437,-1.7599249043880008,0.0784205400818886,0.5489437805732202,-0.45748143110252715,0.02460550775113321,629,260,3,175,True
pooled,mixedlm,cancer_other,Bacteria.Bacillota.Clostridia.Lachnospirales.Lachnospiraceae.CAG-56,CAG-56,-0.12681731427060727,0.18638201126046353,-0.6804160627571708,0.4962410531423471,0.8684218429991075,-0.4921260563411158,0.23849142779990123,629,260,3,175,True
pooled,mixedlm,cancer_other,Bacteria.Bacillota.Clostridia.Lachnospirales.Lachnospiraceae.Lachnoclostridium,Lachnoclostridium,0.2248615001150481,0.1720342248244963,1.3070742193563198,0.19118750602466794,0.6818043776758497,-0.11232558054096461,0.5620485807710608,629,260,3,175,True
pooled,mixedlm,cancer_other,Bacteria.Bacillota.Clostridia.Lachnospirales.Lachnospiraceae.Lachnospira,Lachnospira,-0.25449905444292764,0.1709715075386278,-1.4885465894685894,0.1366068050927535,0.6521583328430474,-0.5896032092186381,0.08060510033278284,629,260,3,175,True
pooled,mixedlm,cancer_other,Bacteria.Bacillota.Clostridia.Lachnospirales.Lachnospiraceae.Lachnospiraceae FCS020 group,Lachnospiraceae FCS020 group,0.20310177514409317,0.15665318305562229,1.2965058939911775,0.19480125076452848,0.6818043776758497,-0.10393846364492648,0.5101420139331128,629,260,3,175,True
pooled,mixedlm,cancer_other,Bacteria.Bacillota.Clostridia.Oscillospirales.Ruminococcaceae.Ruthenibacterium,Ruthenibacterium,-0.06199707494342802,0.15449345330738867,-0.4012925701134742,0.6882047331609483,0.9294135141273498,-0.36480424342590984,0.24081009353905378,629,260,3,175,True
pooled,mixedlm,cancer_other,Bacteria.Actinomycetota.Actinobacteria.Bifidobacteriales.Bifidobacteriaceae.Bifidobacterium,Bifidobacterium,0.1005074700071834,0.21738928983535677,0.4623386464130976,0.6438384896410227,0.9135388781789552,-0.32557553807011586,0.5265904780844827,629,260,3,175,True
pooled,mixedlm,cancer_other,Bacteria.Bacillota.Bacilli.Lactobacillales.Lactobacillaceae.Ligilactobacillus,Ligilactobacillus,0.06035361849944433,0.1510005917737262,0.39969127134206195,0.6893839219090954,0.9294135141273498,-0.23560754137705903,0.35631477837594766,629,260,3,175,True
pooled,mixedlm,cancer_other,Bacteria.Bacillota.Clostridia.Oscillospirales.Ruminococcaceae.Candidatus Soleaferrea,Candidatus Soleaferrea,-0.11532235961180919,0.08169438011635892,-1.4116314910224335,0.15805849500757196,0.6530852994009175,-0.2754433446398727,0.044798625416254303,629,260,3,175,True
pooled,mixedlm,cancer_other,Bacteria.Thermodesulfobacteriota.Desulfovibrionia.Desulfovibrionales.Desulfovibrionaceae.Bilophila,Bilophila,0.0875967090593742,0.1734163645547947,0.5051236616812832,0.6134719832082192,0.9135388781789552,-0.25229936546802345,0.4274927835867718,629,260,3,175,True
pooled,mixedlm,cancer_other,Bacteria.Actinomycetota.Coriobacteriia.Coriobacteriales.Eggerthellaceae.Gordonibacter,Gordonibacter,-0.01428947563580979,0.10363531760321118,-0.1378822969455253,0.8903334417528066,0.9826775494053449,-0.2174146981381037,0.18883574686648413,629,260,3,175,True
pooled,mixedlm,cancer_other,Bacteria.Bacillota.Bacilli.Lactobacillales.Carnobacteriaceae.Granulicatella,Granulicatella,-0.23101472661698919,0.11789501256527413,-1.9594953305517044,0.05005480619524438,0.4592233709802949,-0.46208895124492644,5.9498010948094704e-05,629,260,3,175,True
pooled,mixedlm,cancer_other,Bacteria.Bacillota.Clostridia.Lachnospirales.Lachnospiraceae.Anaerobutyricum,Anaerobutyricum,0.17523425302088702,0.16610110329594757,1.0549854850070841,0.2914319632447253,0.7727362661791959,-0.15032390943917023,0.5007924154809442,629,260,3,175,True
pooled,mixedlm,cancer_other,Bacteria.Bacillota.Clostridia.Lachnospirales.Lachnospiraceae.Extibacter,Extibacter,0.3083130901772697,0.19824962577455715,1.555176152150083,0.11990412231116161,0.6367233236019552,-0.0802561763408623,0.6968823566954017,629,260,3,175,True
pooled,mixedlm,cancer_other,Bacteria.Bacillota.Clostridia.Lachnospirales.Lachnospiraceae.Lachnospiraceae UCG-004,Lachnospiraceae UCG-004,-0.12755041194754163,0.13780129921270248,-0.9256110985620088,0.3546481235044837,0.8148889887203902,-0.39764095840443847,0.1425401345093552,629,260,3,175,True
pooled,mixedlm,cancer_other,Bacteria.Bacillota.Clostridia.Lachnospirales.Lachnospiraceae.[Eubacterium] ventriosum group,[Eubacterium] ventriosum group,-0.43370143243717574,0.16160835045955746,-2.6836573184732164,0.007282170526594784,0.19200368124250072,-0.7504537993379083,-0.11694906553644313,629,260,3,175,True
pooled,mixedlm,cancer_other,Bacteria.Bacillota.Clostridia.Lachnospirales.Lachnospiraceae.[Ruminococcus] gnavus group,[Ruminococcus] gnavus group,-0.10693194254861554,0.21210116789338948,-0.5041553689245304,0.6141522006907241,0.9135388781789552,-0.5226502316196588,0.3087863465224278,629,260,3,175,True
pooled,mixedlm,cancer_other,Bacteria.Bacillota.Clostridia.Monoglobales.Monoglobaceae.Monoglobus,Monoglobus,0.1282112044415291,0.15098942199369111,0.8491403089607577,0.39580322309276095,0.8148889887203902,-0.1677280626661055,0.42415047154916363,629,260,3,175,True
pooled,mixedlm,cancer_other,Bacteria.Bacillota.Clostridia.Oscillospirales.Oscillospiraceae.UCG-005,UCG-005,-0.03527685263337371,0.1741850112385196,-0.20252519078732603,0.8395061670230368,0.9602194720851728,-0.3766794746608721,0.30612576939412467,629,260,3,175,True
pooled,mixedlm,cancer_other,Bacteria.Bacillota.Clostridia.Peptostreptococcales-Tissierellales.Anaerovoracaceae.Family XIII UCG-001,Family XIII UCG-001,0.08244709213083345,0.11886102933447627,0.6936427573652119,0.4879062724872806,0.8684218429991075,-0.15052052536474003,0.31541470962640694,629,260,3,175,True
pooled,mixedlm,cancer_other,Bacteria.Bacillota.Clostridia.Lachnospirales.Lachnospiraceae.Butyribacter,Butyribacter,-0.1737447778354433,0.1620730159526044,-1.072015454357017,0.28371309076849704,0.7727362661791959,-0.4914078891025479,0.14391833343166133,629,260,3,175,True
pooled,mixedlm,cancer_other,Bacteria.Bacillota.Clostridia.Lachnospirales.Lachnospiraceae.[Eubacterium] xylanophilum group,[Eubacterium] xylanophilum group,-0.4289891889755042,0.17177198891720227,-2.497433904559876,0.012509578307214397,0.2583683105254961,-0.7656622872532206,-0.09231609069778773,629,260,3,175,True
pooled,mixedlm,cancer_other,Bacteria.Bacillota.Clostridia.Lachnospirales.Lachnospiraceae.[Ruminococcus] gauvreauii group,[Ruminococcus] gauvreauii group,0.09004704227173699,0.20426487988843844,0.44083467662633535,0.6593326873432575,0.9230657622805604,-0.31031212230960237,0.49040620685307634,629,260,3,175,True
pooled,mixedlm,cancer_other,Bacteria.Bacillota.Clostridia.Oscillospirales.Oscillospiraceae.UCG-003,UCG-003,0.16800359061689302,0.16280780636934453,1.0319136063768428,0.3021125913128344,0.7891000519365078,-0.15109970986702226,0.4871068911008083,629,260,3,175,True
pooled,mixedlm,cancer_other,Bacteria.Bacillota.Clostridia.Oscillospirales.Ruminococcaceae.Paludicola,Paludicola,-0.09681255822460749,0.12253970452738609,-0.7900505276881183,0.42949826036442074,0.8351355062641516,-0.3369903790982842,0.14336526264906924,629,260,3,175,True
pooled,mixedlm,cancer_other,Bacteria.Bacillota.Bacilli.Erysipelotrichales.Erysipelatoclostridiaceae.Thomasclavelia,Thomasclavelia,-0.29316167219609207,0.17462143278625875,-1.6788412940977853,0.0931829783253504,0.603963748405049,-0.6354196804571592,0.049096336064975044,629,260,3,175,True
pooled,mixedlm,cancer_other,Bacteria.Bacillota.Bacilli.Erysipelotrichales.Erysipelotrichaceae.[Clostridium] innocuum group,[Clostridium] innocuum group,0.09284887192133058,0.1071451001783143,0.8665713295970466,0.3861769281099946,0.8148889887203902,-0.11715552442816544,0.3028532682708266,629,260,3,175,True
pooled,mixedlm,cancer_other,Bacteria.Bacillota.Negativicutes.Veillonellales-Selenomonadales.Veillonellaceae.Veillonella,Veillonella,-0.23878721430083721,0.17165726564565376,-1.3910696608307715,0.16420430384937357,0.6530852994009175,-0.5752354549663186,0.09766102636464413,629,260,3,175,True
pooled,mixedlm,cancer_other,Bacteria.Bacteroidota.Bacteroidia.Bacteroidales.Barnesiellaceae.Barnesiella,Barnesiella,0.2315220014342509,0.21189513619050324,1.0926253693057977,0.2745583193284289,0.7727362661791959,-0.18379246549913547,0.6468364683676373,629,260,3,175,True
pooled,mixedlm,cancer_other,Bacteria.Bacillota.Clostridia.Lachnospirales.Lachnospiraceae.Hungatella,Hungatella,0.016998214448292276,0.13844288152992015,0.12278142624919748,0.9022801826673877,0.9826775494053449,-0.2543498333503512,0.2883462622469358,629,260,3,175,True
pooled,mixedlm,cancer_other,Bacteria.Bacillota.Clostridia.Oscillospirales.Ruminococcaceae.DTU089,DTU089,-0.16533466773323444,0.15650852907277876,-1.0563939787355063,0.2907882557729905,0.7727362661791959,-0.47209138471588086,0.14142204924941196,629,260,3,175,True
pooled,mixedlm,cancer_other,Bacteria.Pseudomonadota.Gammaproteobacteria.Pseudomonadales.Moraxellaceae.Acinetobacter,Acinetobacter,-0.000670220373218379,0.10325603221983805,-0.00649085926322872,0.9948210799732836,0.9948210799732836,-0.20305204352410094,0.2017116027776642,629,260,3,175,True
pooled,mixedlm,cancer_other,Bacteria.Bacillota.Clostridia.Lachnospirales.Lachnospiraceae.GCA-900066575,GCA-900066575,-0.12675032692495625,0.11697376190482675,-1.0835791280106388,0.2785514492616391,0.7727362661791959,-0.35601890025841665,0.10251824640850418,629,260,3,175,True
pooled,mixedlm,cancer_other,Bacteria.Bacillota.Clostridia.Lachnospirales.Lachnospiraceae.Lachnospiraceae UCG-010,Lachnospiraceae UCG-010,0.13731889343956266,0.1661316378578319,0.8265667828849921,0.4084826511864932,0.8220538355573326,-0.18829911676178784,0.46293690364091317,629,260,3,175,True
pooled,mixedlm,cancer_other,Bacteria.Bacillota.Clostridia.Oscillospirales.Butyricicoccaceae.UCG-009,UCG-009,-0.05477392529586642,0.08381298552311131,-0.6535255241654957,0.5134175399241063,0.8732170327339118,-0.21904737692116458,0.10949952632943175,629,260,3,175,True
pooled,mixedlm,cancer_other,Bacteria.Thermodesulfobacteriota.Desulfovibrionia.Desulfovibrionales.Desulfovibrionaceae.Desulfovibrio,Desulfovibrio,0.41690683928629746,0.17124369250029797,2.434582162993081,0.014908994636830781,0.26090740614453867,0.08126920198571341,0.7525444765868815,629,260,3,175,True
pooled,mixedlm,cancer_other,Bacteria.Actinomycetota.Coriobacteriia.Coriobacteriales.Coriobacteriales Incertae Sedis.Incertae Sedis,Incertae Sedis,-0.02422099787982061,0.1449649963113125,-0.16708169900412365,0.8673057656723823,0.9741090977580703,-0.3083523906499931,0.25991039489035184,629,260,3,175,True
pooled,mixedlm,cancer_other,Bacteria.Bacillota.Clostridia.Lachnospirales.Lachnospiraceae.Lachnospiraceae NK4B4 group,Lachnospiraceae NK4B4 group,-0.09038618778674726,0.1142362091172699,-0.7912218768915971,0.42881452745879467,0.8351355062641516,-0.31428915765659626,0.13351678208310172,629,260,3,175,True
pooled,mixedlm,cancer_other,Bacteria.Bacillota.Clostridia.Clostridia vadinBB60 group.Incertae Sedis.Incertae Sedis,Incertae Sedis,-0.11247701295800991,0.12718142034370034,-0.8843824251533547,0.3764898069496909,0.8148889887203902,-0.36175259683166255,0.13679857091564274,629,260,3,175,True
pooled,mixedlm,cancer_other,Bacteria.Pseudomonadota.Alphaproteobacteria.Rhodospirillales.Incertae Sedis.Incertae Sedis,Incertae Sedis,0.13802536332679838,0.1623768160610372,0.8500312216672289,0.3953077281724976,0.8148889887203902,-0.18023319615283456,0.4562839228064313,629,260,3,175,True
pooled,mixedlm,cancer_other,Bacteria.Pseudomonadota.Gammaproteobacteria.Burkholderiales.Sutterellaceae.Sutterella,Sutterella,-0.045806159612010816,0.14972166086159763,-0.3059421018202164,0.759648729272544,0.9500415974468729,-0.3392606149007422,0.24764829567672056,629,260,3,175,True
pooled,mixedlm,cancer_other,Bacteria.Actinomycetota.Actinobacteria.Mycobacteriales.Corynebacteriaceae.Corynebacterium,Corynebacterium,0.09948592291158821,0.10239780966477405,0.9715629976586545,0.3312679982589497,0.8148889887203902,-0.10121378403136892,0.30018562985454533,629,260,3,175,True
pooled,mixedlm,cancer_other,Bacteria.Bacillota.Bacilli.Izemoplasmatales.Incertae Sedis.Incertae Sedis,Incertae Sedis,-0.0639878679212238,0.10040562763774792,-0.6372936400744861,0.5239335928486089,0.8747916545596529,-0.2607828980912097,0.13280716224876213,629,260,3,175,True
pooled,mixedlm,cancer_other,Bacteria.Bacillota.Clostridia.Lachnospirales.Lachnospiraceae.Lachnospiraceae ND3007 group,Lachnospiraceae ND3007 group,0.13126515254251028,0.18631571362580354,0.704530766557582,0.4811022969368064,0.8684218429991075,-0.23391364616406465,0.49644395124908525,629,260,3,175,True
pooled,mixedlm,cancer_other,Bacteria.Bacillota.Clostridia.Oscillospirales.Oscillospiraceae.Oscillibacter,Oscillibacter,-0.22860262404106885,0.1637865126968705,-1.395735340333898,0.1627942079432675,0.6530852994009175,-0.5496241889269351,0.09241894084479735,629,260,3,175,True
pooled,mixedlm,cancer_other,Bacteria.Bacillota.Clostridia.Peptococcales.Peptococcaceae.Incertae Sedis,Incertae Sedis,0.06839146065805965,0.12272166610671931,0.5572892124735833,0.5773298449138569,0.9135388781789552,-0.17214300491111018,0.3089259262272295,629,260,3,175,True
pooled,mixedlm,cancer_other,Bacteria.Bacteroidota.Bacteroidia.Bacteroidales.Prevotellaceae.Paraprevotella,Paraprevotella,-0.039642389866648926,0.17382186202607738,-0.2280633138120545,0.8195970198875202,0.9561965232021069,-0.3803332394377606,0.30104845970446276,629,260,3,175,True
pooled,mixedlm,cancer_other,Bacteria.Thermodesulfobacteriota.Desulfovibrionia.Desulfovibrionales.Desulfovibrionaceae.Incertae Sedis,Incertae Sedis,0.00747708306869669,0.08978603843299127,0.08327667863725778,0.9336315436225361,0.9831296810369236,-0.1685035522599662,0.18345771839735955,629,260,3,175,True
pooled,mixedlm,cancer_other,Bacteria.Bacillota.Clostridia.Lachnospirales.Defluviitaleaceae.Defluviitaleaceae UCG-011,Defluviitaleaceae UCG-011,0.0789511788935801,0.10313145873399197,0.7655392434351159,0.443950507439993,0.8444710739347693,-0.12318648022504418,0.28108883801220436,629,260,3,175,True
pooled,mixedlm,cancer_other,Bacteria.Bacteroidota.Bacteroidia.Bacteroidales.Marinifilaceae.Odoribacter,Odoribacter,-0.014792265700466614,0.18416016133901889,-0.08032283200075861,0.9359804995700519,0.9831296810369236,-0.37574618192494363,0.34616165052401043,629,260,3,175,True
pooled,mixedlm,cancer_other,Bacteria.Bacteroidota.Bacteroidia.Bacteroidales.Porphyromonadaceae.Porphyromonas,Porphyromonas,0.7918682237239649,0.160516652848826,4.933246549002885,8.087396427960444e-07,0.00014152943748930777,0.477255584140266,1.106480863307664,629,260,3,175,True
pooled,mixedlm,cancer_other,Bacteria.Bacteroidota.Bacteroidia.Bacteroidales.Prevotellaceae.Prevotella,Prevotella,0.12137620354426107,0.09811254355239217,1.2371119853746946,0.216045510781398,0.7133578186178235,-0.07092438181842758,0.3136767889069497,629,260,3,175,True
pooled,mixedlm,cancer_other,Bacteria.Bacillota.Clostridia.Lachnospirales.Lachnospiraceae.Enterocloster,Enterocloster,-0.04143423113562533,0.1675993839541681,-0.24722185820776035,0.804736529834947,0.9561965232021069,-0.3699290236857948,0.2870605614145441,629,260,3,175,True
pooled,mixedlm,cancer_other,Bacteria.Bacteroidota.Bacteroidia.Bacteroidales.Tannerellaceae.Incertae Sedis,Incertae Sedis,-0.22602352978066356,0.18244128385703565,-1.2388836835733943,0.21538857701722547,0.7133578186178235,-0.5836084461404534,0.13156138657912628,629,260,3,175,True
pooled,mixedlm,cancer_other,Bacteria.Bacillota.Clostridia.Eubacteriales.Anaerofustaceae.Anaerofustis,Anaerofustis,0.013307873048632984,0.0764952568500392,0.1739699112942604,0.8618891089204465,0.9741090977580703,-0.13662283037744385,0.16323857647470982,629,260,3,175,True
pooled,mixedlm,cancer_other,Bacteria.Bacillota.Clostridia.Oscillospirales.Oscillospiraceae.Incertae Sedis,Incertae Sedis,-0.07626576711246522,0.16202409958264816,-0.4707063165844795,0.637850473015017,0.9135388781789552,-0.3938330022944556,0.24130146806952515,629,260,3,175,True
pooled,mixedlm,cancer_other,Bacteria.Bacteroidota.Bacteroidia.Bacteroidales.Prevotellaceae.Prevotellaceae UCG-001,Prevotellaceae UCG-001,-0.0011010627177360471,0.14629346800307286,-0.007526396993425021,0.9939948607356986,0.9948210799732836,-0.28783626000375884,0.2856341345682868,629,260,3,175,True
pooled,mixedlm,cancer_other,Bacteria.Bacillota.Clostridia.Oscillospirales.Ruminococcaceae.Angelakisella,Angelakisella,-0.12131287411540781,0.11018936644521331,-1.1009490119513952,0.27091884906353303,0.7727362661791959,-0.3372840323480259,0.09465828411721028,629,260,3,175,True
pooled,mixedlm,cancer_other,Bacteria.Pseudomonadota.Gammaproteobacteria.Pseudomonadales.Pseudomonadaceae.Pseudomonas,Pseudomonas,0.14689022216558184,0.15456000678906706,0.9503766544604749,0.34192090190456603,0.8148889887203902,-0.1560473911409896,0.44982783547215327,629,260,3,175,True
pooled,mixedlm,cancer_other,Bacteria.Bacillota.Bacilli.Erysipelotrichales.Erysipelotrichaceae.Holdemania,Holdemania,-0.029441141966020823,0.10249883287560653,-0.28723392393892766,0.7739332126620908,0.950942802595719,-0.2303388544022096,0.17145657047016796,629,260,3,175,True
pooled,mixedlm,cancer_other,Bacteria.Bacillota.Negativicutes.Acidaminococcales.Acidaminococcaceae.Acidaminococcus,Acidaminococcus,0.13388994034881488,0.15627182664467076,0.8567759347515174,0.3915687279708866,0.8148889887203902,-0.17240283987473984,0.4401827205723696,629,260,3,175,True
pooled,mixedlm,cancer_other,Bacteria.Bacillota.Clostridia.Peptostreptococcales-Tissierellales.Anaerovoracaceae.[Eubacterium] brachy group,[Eubacterium] brachy group,0.023984805763306534,0.11274410114270922,0.21273667997004161,0.8315323550866118,0.9573563298694544,-0.19699363247640353,0.24496324400301658,629,260,3,175,True
pooled,mixedlm,cancer_other,Bacteria.Bacteroidota.Bacteroidia.Bacteroidales.Marinifilaceae.Butyricimonas,Butyricimonas,0.16381564739563453,0.1454612976188958,1.1261802972831065,0.2600892114454031,0.7727362661791959,-0.12128849593740126,0.44891979072867033,629,260,3,175,True
pooled,mixedlm,cancer_other,Bacteria.Fusobacteriota.Fusobacteriia.Fusobacteriales.Fusobacteriaceae.Fusobacterium,Fusobacterium,0.3874226537714662,0.1203728535776186,3.2185218033536858,0.0012885317417817787,0.07516435160393709,0.15149186075933374,0.6233534467835986,629,260,3,175,True
pooled,mixedlm,cancer_other,Bacteria.Actinomycetota.Actinobacteria.Mycobacteriales.Corynebacteriaceae.Lawsonella,Lawsonella,0.1537559074469489,0.10362909845404893,1.4837136454982007,0.1378849046582443,0.6521583328430474,-0.04935712552298699,0.3568689404168848,629,260,3,175,True
pooled,mixedlm,cancer_other,Bacteria.Bacillota.Clostridia.Christensenellales.Christensenellaceae.Incertae Sedis,Incertae Sedis,-0.14175659562182522,0.15458196096918445,-0.9170319404221043,0.359125903121728,0.8148889887203902,-0.4447372391214267,0.1612240478777763,629,260,3,175,True
pooled,mixedlm,cancer_other,Bacteria.Bacillota.Clostridia.Lachnospirales.Lachnospiraceae.Faecalicatena,Faecalicatena,-0.10533964742450265,0.11695482158289988,-0.9006866583079333,0.3677549443172299,0.8148889887203902,-0.3345710977269864,0.12389180287798111,629,260,3,175,True
pooled,mixedlm,cancer_other,Bacteria.Bacillota.Clostridia.Oscillospirales.Ruminococcaceae.Anaerotruncus,Anaerotruncus,0.041217085263324946,0.10434997711583273,0.3949889247946102,0.6928510615541725,0.9294135141273498,-0.1633088698837072,0.2457430404103571,629,260,3,175,True
pooled,mixedlm,cancer_other,Bacteria.Bacillota.Clostridia.Lachnospirales.Lachnospiraceae.Sellimonas,Sellimonas,0.036252926525265974,0.15600403331072824,0.2323845464498827,0.8162393505762118,0.9561965232021069,-0.26951497876376135,0.34202083181429327,629,260,3,175,True
pooled,mixedlm,cancer_other,Bacteria.Bacillota.Clostridia.Oscillospirales.Oscillospiraceae.Oscillospira,Oscillospira,-0.1698487100556193,0.12510815431463862,-1.357615025064323,0.17458587281889226,0.6641853857240467,-0.415060692512311,0.07536327240107238,629,260,3,175,True
pooled,mixedlm,cancer_other,Bacteria.Pseudomonadota.Gammaproteobacteria.Burkholderiales.Sutterellaceae.Parasutterella,Parasutterella,-0.24898953998094553,0.1817027675320949,-1.3703123147916032,0.1705894305043708,0.663403340850331,-0.6051269643438515,0.10714788438196049,629,260,3,175,True
pooled,mixedlm,cancer_other,NA.NA.NA.NA.NA.NA,NA.NA.NA.NA.NA.NA,-0.019448608252778457,0.03107728031653449,-0.6258143587433208,0.5314367126441226,0.8747916545596529,-0.08036007767318605,0.041462861167629136,629,260,3,175,True
pooled,mixedlm,cancer_other,Bacteria.Pseudomonadota.Gammaproteobacteria.Burkholderiales.Neisseriaceae.Neisseria,Neisseria,0.07618182277589716,0.10662553176362001,0.7144801204348126,0.47493034452577143,0.8684218429991075,-0.13280421948079804,0.2851678650325924,629,260,3,175,True
pooled,mixedlm,cancer_other,Bacteria.Bacillota.Bacilli.Erysipelotrichales.Erysipelotrichaceae.Faecalitalea,Faecalitalea,0.1343600921528857,0.1458112705789256,0.9214657524032648,0.3568073136696065,0.8148889887203902,-0.15142999818180847,0.42015018248757985,629,260,3,175,True
pooled,mixedlm,cancer_other,Bacteria.Bacillota.Clostridia.Lachnospirales.Lachnospiraceae.Shuttleworthia,Shuttleworthia,-0.05687134383970657,0.13266137010482626,-0.4286955863245496,0.6681447730684911,0.9279788514840154,-0.316887629245166,0.20314494156575288,629,260,3,175,True
pooled,mixedlm,cancer_other,Bacteria.Bacillota.Clostridia.Lachnospirales.Lachnospiraceae.Lachnospiraceae AC2044 group,Lachnospiraceae AC2044 group,-0.11274563248800742,0.10590637211326862,-1.0645783651943446,0.28706677448943463,0.7727362661791959,-0.3203221218300139,0.09483085685399906,629,260,3,175,True
pooled,mixedlm,cancer_other,Bacteria.Bacillota.Clostridia.Peptostreptococcales-Tissierellales.Anaerovoracaceae.NA,Anaerovoracaceae,-0.03689769184806979,0.09674789761901097,-0.3813797793660727,0.7029214630086444,0.9294135141273498,-0.2265235711813313,0.1527281874851917,629,260,3,175,True
pooled,mixedlm,cancer_other,Bacteria.Actinomycetota.Coriobacteriia.Coriobacteriales.Eggerthellaceae.Asaccharobacter,Asaccharobacter,-0.27850324705965646,0.12890501371065813,-2.160530758600193,0.0307316051196375,0.4223712852365875,-0.5311570739325464,-0.025849420186766503,629,260,3,175,True
pooled,mixedlm,cancer_other,Bacteria.Pseudomonadota.NA.NA.NA.NA,Bacteria.Pseudomonadota.NA.NA.NA.NA,0.06165905289899596,0.09446787783331514,0.6526986136789368,0.5139505964091023,0.8732170327339118,-0.12349798765430173,0.24681609345229363,629,260,3,175,True
pooled,mixedlm,cancer_other,Bacteria.Bacillota.Clostridia.Lachnospirales.Lachnospiraceae.Frisingicoccus,Frisingicoccus,0.3380287048190709,0.16343730012159727,2.0682469948266258,0.03861680322163086,0.4223712852365875,0.017691596580740265,0.6583658130574015,629,260,3,175,True
pooled,mixedlm,cancer_other,Bacteria.Bacillota.Clostridia.Oscillospirales.Ruminococcaceae.Negativibacillus,Negativibacillus,0.09104327248220494,0.14851903373923359,0.6130074387775555,0.5398714210996715,0.8747916545596529,-0.20005403364669289,0.3821405786111028,629,260,3,175,True
pooled,mixedlm,cancer_other,Bacteria.Bacillota.Clostridia.Lachnospirales.Lachnospiraceae.Tyzzerella,Tyzzerella,0.16956222455643616,0.11558285535728105,1.4670188241352762,0.14237093465247266,0.6530852994009175,-0.0569801719438347,0.396104621056707,629,260,3,175,True
pooled,mixedlm,cancer_other,Bacteria.Bacillota.Clostridia.Lachnospirales.Lachnospiraceae.Eisenbergiella,Eisenbergiella,0.038711804225117025,0.16419424912796807,0.23576833190391588,0.8136124429513468,0.9561965232021069,-0.28310892406570043,0.3605325325159344,629,260,3,175,True
pooled,mixedlm,cancer_other,Bacteria.Bacillota.Clostridia.Oscillospirales.Oscillospiraceae.Flavonifractor,Flavonifractor,-0.23028042260223003,0.16487359514035543,-1.3967089296875848,0.162501117815118,0.6530852994009175,-0.5534326690773267,0.09287182387286663,629,260,3,175,True
pooled,mixedlm,cancer_other,Bacteria.Bacteroidota.Bacteroidia.Bacteroidales.Barnesiellaceae.Coprobacter,Coprobacter,0.16157317638237176,0.1664526422623144,0.9706855606878679,0.331704884388193,0.8148889887203902,-0.16467400245176447,0.487820355216508,629,260,3,175,True
pooled,mixedlm,cancer_other,Bacteria.Campylobacterota.Campylobacteria.Campylobacterales.Helicobacteraceae.Helicobacter,Helicobacter,-0.07938529712826506,0.14772603516407806,-0.5373818977818804,0.5910038448291657,0.9135388781789552,-0.36892832604985804,0.21015773179332795,629,260,3,175,True
pooled,mixedlm,cancer_other,Bacteria.Bacillota.Clostridia.Lachnospirales.Lachnospiraceae.UC5-1-2E3,UC5-1-2E3,0.07675131767040018,0.10860596551747362,0.7066952289840069,0.4797558951018295,0.8684218429991075,-0.13611637474384813,0.28961901008464846,629,260,3,175,True
pooled,mixedlm,cancer_other,Bacteria.Bacillota.Clostridia.Oscillospirales.NA.NA,Oscillospirales,0.014889824138524216,0.11337715175485372,0.1313300246836266,0.8955142412184541,0.9826775494053449,-0.20732939330098907,0.2371090415780375,629,260,3,175,True
pooled,mixedlm,cancer_other,Bacteria.Bacillota.Clostridia.Oscillospirales.Oscillospiraceae.Ruminiclostridium,Ruminiclostridium,0.14780109989601875,0.11066100374322947,1.335620452521529,0.18167336166155212,0.6764433678887579,-0.06909446744071102,0.3646966672327485,629,260,3,175,True
pooled,mixedlm,cancer_other,Bacteria.Bacillota.Clostridia.Peptostreptococcales-Tissierellales.Anaerovoracaceae.Incertae Sedis,Incertae Sedis,0.00218012396931078,0.11391252730695553,0.01913857958252552,0.9847305550031208,0.9948210799732836,-0.22108842955232205,0.2254486774909436,629,260,3,175,True
pooled,mixedlm,cancer_other,Bacteria.Bacillota.Clostridia.Christensenellales.Christensenellaceae.Christensenella,Christensenella,0.011485335698510336,0.09529029457406778,0.12052996320189723,0.9040633454529173,0.9826775494053449,-0.1752836416666625,0.19825431306368319,629,260,3,175,True
pooled,mixedlm,cancer_other,Bacteria.Bacillota.Clostridia.Christensenellales.Christensenellaceae.NA,Christensenellaceae,0.0070295528014716335,0.16326685585158623,0.04305560222132089,0.9656572107498016,0.9948210799732836,-0.3129734846676374,0.3270325902705806,629,260,3,175,True
pooled,mixedlm,cancer_other,Bacteria.Bacillota.Clostridia.Oscillospirales.Ruminococcaceae.[Clostridium] methylpentosum group,[Clostridium] methylpentosum group,-0.10232691704011021,0.09472416787111863,-1.0802619789633396,0.28002553561562427,0.7727362661791959,-0.28798628606750276,0.08333245198728231,629,260,3,175,True
pooled,mixedlm,cancer_other,Bacteria.Synergistota.Synergistia.Synergistales.Synergistaceae.Cloacibacillus,Cloacibacillus,0.029512612695903717,0.12094968888510697,0.2440073469220616,0.8072251298558344,0.9561965232021069,-0.20754877751890594,0.26657400291071337,629,260,3,175,True
pooled,mixedlm,cancer_other,Bacteria.Cyanobacteriota.Cyanobacteriia.Chloroplast.Incertae Sedis.Incertae Sedis,Incertae Sedis,-0.15618412721057762,0.10003803071687525,-1.5612475184823003,0.11846536112715446,0.6367233236019552,-0.35225866741565315,0.03989041299449789,629,260,3,175,True
pooled,mixedlm,cancer_other,Bacteria.Bacillota.Clostridia.Lachnospirales.Lachnospiraceae.Lachnotalea,Lachnotalea,-0.08234016006093636,0.0840498018066743,-0.9796591817114532,0.3272543811269021,0.8148889887203902,-0.247077771602018,0.08239745148014527,629,260,3,175,True
pooled,mixedlm,cancer_other,Bacteria.Deinococcota.Deinococci.Deinococcales.Deinococcaceae.Deinococcus,Deinococcus,0.06694246775131948,0.10198181815720565,0.6564157117509635,0.5115566839148171,0.8732170327339118,-0.1329418958368036,0.26682683133944257,629,260,3,175,True
pooled,combat_ols,IBD,Bacteria.Actinomycetota.Coriobacteriia.Coriobacteriales.Coriobacteriaceae.Collinsella,Collinsella,-0.5324905701113113,0.2833930958535218,-1.878982155537555,0.06065867855924501,0.08381084594826982,-1.087941037984214,0.022959897761591463,557,151,4,181,
pooled,combat_ols,IBD,Bacteria.Actinomycetota.Coriobacteriia.Coriobacteriales.Eggerthellaceae.Adlercreutzia,Adlercreutzia,0.09073175235702438,0.1232026824164878,0.7364429944009243,0.46170577561197945,0.5247594403866009,-0.1507455051792917,0.33220900989334046,557,151,4,181,
pooled,combat_ols,IBD,Bacteria.Actinomycetota.Coriobacteriia.Coriobacteriales.Eggerthellaceae.Senegalimassilia,Senegalimassilia,-0.4090859301133062,0.1648752066208767,-2.48118524608725,0.013326386457008576,0.022334036562208816,-0.7322413350902246,-0.08593052513638783,557,151,4,181,
pooled,combat_ols,IBD,Bacteria.Bacillota.Bacilli.Erysipelotrichales.Erysipelotrichaceae.Holdemanella,Holdemanella,-0.828876132746651,0.20970819770210955,-3.952521369355667,8.511382737320784e-05,0.0003277787820117153,-1.2399042002427856,-0.41784806525051627,557,151,4,181,
pooled,combat_ols,IBD,Bacteria.Bacillota.Bacilli.Lactobacillales.Lactobacillaceae.Limosilactobacillus,Limosilactobacillus,0.45760769069909285,0.16520855971196033,2.769878821635682,0.0057550530690794865,0.0107388103660143,0.1337989136636506,0.7814164677345351,557,151,4,181,
pooled,combat_ols,IBD,Bacteria.Bacillota.Bacilli.Lactobacillales.Streptococcaceae.Streptococcus,Streptococcus,0.5339335728033215,0.16571740991806957,3.221952196014272,0.0013316664638400404,0.0030128953744380915,0.2091274493639052,0.8587396962427378,557,151,4,181,
pooled,combat_ols,IBD,Bacteria.Bacillota.Bacilli.RF39.Incertae Sedis.Incertae Sedis,Incertae Sedis,-1.025399558407546,0.1638697384623128,-6.257406449961291,6.786634872004482e-10,1.0236507598606761e-08,-1.346584245793679,-0.7042148710214129,557,151,4,181,
pooled,combat_ols,IBD,Bacteria.Bacillota.Clostridia.Christensenellales.Christensenellaceae.Christensenellaceae R-7 group,Christensenellaceae R-7 group,-2.1503631418602356,0.24286854210845096,-8.854020875622535,6.7558076136238556e-18,1.2228011780659178e-15,-2.6263854843927996,-1.6743407993276718,557,151,4,181,
pooled,combat_ols,IBD,Bacteria.Bacillota.Clostridia.Clostridia UCG-014.Incertae Sedis.Incertae Sedis,Incertae Sedis,-1.4804612310763057,0.2344709994548831,-6.31404836640011,4.805021951836459e-10,7.906445211658174e-09,-1.9400243900078764,-1.020898072144735,557,151,4,181,
pooled,combat_ols,IBD,Bacteria.Bacillota.Clostridia.Clostridiales.Clostridiaceae.Clostridium,Clostridium,-0.2799405776413208,0.24345767306800514,-1.1498531720671004,0.2505937021951142,0.310667534913121,-0.7571176168546109,0.19723646157196928,557,151,4,181,
pooled,combat_ols,IBD,Bacteria.Bacillota.Clostridia.Lachnospirales.Lachnospiraceae.Agathobacter,Agathobacter,-0.987317527074314,0.28084278419820896,-3.5155524109086596,0.0004668779070701813,0.0012427191349956297,-1.5377693841028035,-0.43686567004582444,557,151,4,181,
pooled,combat_ols,IBD,Bacteria.Bacillota.Clostridia.Lachnospirales.Lachnospiraceae.Blautia,Blautia,-0.10028627990402349,0.15352903906513762,-0.653207240237302,0.5138353450041124,0.5705778984401494,-0.4012031964716932,0.20063063666364622,557,151,4,181,
pooled,combat_ols,IBD,Bacteria.Bacillota.Clostridia.Lachnospirales.Lachnospiraceae.Coprococcus,Coprococcus,-1.5719524366699096,0.2645456155982822,-5.94208463109421,4.419656372352216e-09,6.153521564582701e-08,-2.090461843242543,-1.0534430300972764,557,151,4,181,
pooled,combat_ols,IBD,Bacteria.Bacillota.Clostridia.Lachnospirales.Lachnospiraceae.Dorea,Dorea,-1.0324685833530955,0.26537247753770227,-3.89063927402347,0.0001094369695447722,0.00040424676505313817,-1.552598639326992,-0.5123385273791992,557,151,4,181,
pooled,combat_ols,IBD,Bacteria.Bacillota.Clostridia.Lachnospirales.Lachnospiraceae.Lachnospiraceae NK4A136 group,Lachnospiraceae NK4A136 group,-1.1398487401076391,0.21802816931637925,-5.2279884002218635,2.2597042340523065e-07,1.63602586545387e-06,-1.5671839519677424,-0.7125135282475359,557,151,4,181,
pooled,combat_ols,IBD,Bacteria.Bacillota.Clostridia.Lachnospirales.Lachnospiraceae.Mediterraneibacter,Mediterraneibacter,-0.6342692980715117,0.2211099920197239,-2.8685691328455762,0.004246423037440981,0.008446182085459532,-1.0676448824301705,-0.20089371371285286,557,151,4,181,
pooled,combat_ols,IBD,Bacteria.Bacillota.Clostridia.Lachnospirales.Lachnospiraceae.Roseburia,Roseburia,-0.8851188862593828,0.24382287673959663,-3.6301716151298296,0.0003037000879676473,0.0008866083213249057,-1.3630117246689921,-0.40722604784977345,557,151,4,181,
pooled,combat_ols,IBD,Bacteria.Bacillota.Clostridia.Lachnospirales.Lachnospiraceae.[Eubacterium] eligens group,[Eubacterium] eligens group,-1.2414275737596805,0.2260906871383254,-5.490839049908137,5.584490040065497e-08,5.053963486259275e-07,-1.6845653205507982,-0.7982898269685628,557,151,4,181,
pooled,combat_ols,IBD,Bacteria.Bacillota.Clostridia.Lachnospirales.Lachnospiraceae.[Eubacterium] ruminantium group,[Eubacterium] ruminantium group,-0.5508652539891165,0.14250678466986635,-3.8655370357647203,0.00012106680719242039,0.00042175017313057013,-0.8301785519420545,-0.27155195603617843,557,151,4,181,
pooled,combat_ols,IBD,Bacteria.Bacillota.Clostridia.NA.NA.NA,Clostridia,-0.7740012916669962,0.15351378322876244,-5.041900964121239,5.864839065419084e-07,4.0828302724648235e-06,-1.0748883067953705,-0.47311427653862176,557,151,4,181,
pooled,combat_ols,IBD,Bacteria.Bacillota.Clostridia.Oscillospirales.Oscillospiraceae.Colidextribacter,Colidextribacter,-0.18459783194950216,0.1935774415697572,-0.9536123137725262,0.3406062987409122,0.40293947759545823,-0.5640096174262262,0.19481395352722194,557,151,4,181,
pooled,combat_ols,IBD,Bacteria.Bacillota.Clostridia.Oscillospirales.Oscillospiraceae.UCG-002,UCG-002,-1.9202722405395236,0.24865237115991773,-7.722718394285989,3.907865741234634e-14,3.5366184958173437e-12,-2.4076308880129624,-1.4329135930660848,557,151,4,181,
pooled,combat_ols,IBD,Bacteria.Bacillota.Clostridia.Oscillospirales.Ruminococcaceae.CAG-352,CAG-352,-0.2825822746418838,0.1687106360628595,-1.6749523399141069,0.09438642277120311,0.1284506956510358,-0.6132551213250884,0.048090572041320834,557,151,4,181,
pooled,combat_ols,IBD,Bacteria.Bacillota.Clostridia.Oscillospirales.Ruminococcaceae.Faecalibacterium,Faecalibacterium,-1.0775814662609258,0.27868225388386386,-3.866702853314764,0.00012050177458911226,0.00042175017313057013,-1.623798683873299,-0.5313642486485526,557,151,4,181,
pooled,combat_ols,IBD,Bacteria.Bacillota.Clostridia.Oscillospirales.Ruminococcaceae.Gemmiger,Gemmiger,-2.1096997873022367,0.2885720218149939,-7.310825817531208,7.213156003691317e-13,2.758558089975367e-11,-2.6753009500596248,-1.5440986245448487,557,151,4,181,
pooled,combat_ols,IBD,Bacteria.Bacillota.Clostridia.Oscillospirales.Ruminococcaceae.NA,Ruminococcaceae,-0.8757030303243936,0.23611090485884148,-3.7088631329752904,0.0002245355718366766,0.0007526099722673789,-1.338480403847723,-0.41292565680106424,557,151,4,181,
pooled,combat_ols,IBD,Bacteria.Bacillota.Clostridia.Oscillospirales.Ruminococcaceae.Ruminococcus,Ruminococcus,-1.8705038365350446,0.2785197277641816,-6.715875573879534,3.847234563427787e-11,7.737216177560327e-10,-2.4164025029528404,-1.3246051701172488,557,151,4,181,
pooled,combat_ols,IBD,Bacteria.Bacillota.Clostridia.Oscillospirales.Ruminococcaceae.Subdoligranulum,Subdoligranulum,0.07067958957650171,0.15746293552344742,0.4488649302868927,0.6536668376730386,0.6959629271695292,-0.23794776404945522,0.37930694320245867,557,151,4,181,
pooled,combat_ols,IBD,Bacteria.Bacillota.Clostridia.Oscillospirales.Ruminococcaceae.[Eubacterium] siraeum group,[Eubacterium] siraeum group,-1.0352091042491338,0.19050942289447267,-5.433899743754716,7.597379017222277e-08,6.548217152939201e-07,-1.4086075731223002,-0.6618106353759674,557,151,4,181,
pooled,combat_ols,IBD,Bacteria.Bacillota.Clostridia.Oscillospirales.UCG-010.Incertae Sedis,Incertae Sedis,-0.7171289239959632,0.12882631732655092,-5.566633735078942,3.6912707037466455e-08,3.5164210388323307e-07,-0.969628505956003,-0.4646293420359234,557,151,4,181,
pooled,combat_ols,IBD,Bacteria.Bacillota.Clostridia.Peptostreptococcales-Tissierellales.Peptostreptococcaceae.Romboutsia,Romboutsia,-0.8015430657112511,0.24402286107200508,-3.2847048108117036,0.0010712959086846253,0.0025182410321028205,-1.2798278734123811,-0.32325825801012115,557,151,4,181,
pooled,combat_ols,IBD,Bacteria.Bacillota.NA.NA.NA.NA,Bacteria.Bacillota.NA.NA.NA.NA,-0.314357645144149,0.1052291053514032,-2.9873640386315143,0.0029114640009732253,0.0059883520929108385,-0.5206066916328993,-0.10810859865539871,557,151,4,181,
pooled,combat_ols,IBD,Bacteria.Bacillota.Negativicutes.Acidaminococcales.Acidaminococcaceae.Phascolarctobacterium,Phascolarctobacterium,-0.7934106419593651,0.2178551687028245,-3.6419179158501116,0.00029041474604617597,0.0008617224431861942,-1.2204067726169012,-0.366414511301829,557,151,4,181,
pooled,combat_ols,IBD,Bacteria.Bacteroidota.Bacteroidia.Bacteroidales.Bacteroidaceae.Bacteroides,Bacteroides,-0.0045164628901664715,0.2094204285826573,-0.02156648671160485,0.9827998607067148,0.9827998607067148,-0.4149805029121748,0.4059475771318418,557,151,4,181,
pooled,combat_ols,IBD,Bacteria.Bacteroidota.Bacteroidia.Bacteroidales.Prevotellaceae.Segatella,Segatella,-0.6837096909450473,0.22550511172233242,-3.031903293557747,0.002519128198209559,0.005364261222069767,-1.1256997099208188,-0.24171967196927574,557,151,4,181,
pooled,combat_ols,IBD,Bacteria.Bacteroidota.Bacteroidia.Bacteroidales.Rikenellaceae.Alistipes,Alistipes,-1.187887233312134,0.24563842027052435,-4.835917899178396,1.6277220912378385e-06,1.0522060661216027e-05,-1.6693385370423617,-0.7064359295819063,557,151,4,181,
pooled,combat_ols,IBD,Bacteria.Bacteroidota.Bacteroidia.Bacteroidales.Tannerellaceae.Parabacteroides,Parabacteroides,-0.8660147845048846,0.2457150246824782,-3.52446817456108,0.00045170868925596545,0.0012387768599292385,-1.3476162328825418,-0.38441333612722733,557,151,4,181,
pooled,combat_ols,IBD,Bacteria.NA.NA.NA.NA.NA,Bacteria.NA.NA.NA.NA.NA,0.00407278013792729,0.12008931417209331,0.03391459236823366,0.9729548427873551,0.9827998607067148,-0.2313022756393756,0.23944783591523017,557,151,4,181,
pooled,combat_ols,IBD,Bacteria.Pseudomonadota.Gammaproteobacteria.Enterobacterales.Enterobacteriaceae.Klebsiella,Klebsiella,0.6964522227501515,0.24537739391841426,2.8382900789211067,0.004665840285351089,0.009080828942457497,0.21551253067005954,1.1773919148302434,557,151,4,181,
pooled,combat_ols,IBD,Bacteria.Pseudomonadota.Gammaproteobacteria.Enterobacterales.Pasteurellaceae.Haemophilus,Haemophilus,0.43467582544811983,0.2116007766716024,2.054226039645983,0.040321463807693136,0.05977893691067104,0.019938303171779137,0.8494133477244605,557,151,4,181,
pooled,combat_ols,IBD,Archaea.Methanobacteriota.Methanobacteria.Methanobacteriales.Methanobacteriaceae.Methanobrevibacter,Methanobrevibacter,-0.5334828512988449,0.15204229551989812,-3.508779247739171,0.00047871863964017486,0.0012557691851430672,-0.8314857505178452,-0.23547995207984457,557,151,4,181,
pooled,combat_ols,IBD,Bacteria.Actinomycetota.Actinobacteria.Micrococcales.Micrococcaceae.Rothia,Rothia,0.5741888521863827,0.1485483408367466,3.865333324842797,0.0001211657955955229,0.00042175017313057013,0.2830341041463594,0.8653436002264061,557,151,4,181,
pooled,combat_ols,IBD,Bacteria.Actinomycetota.Coriobacteriia.Coriobacteriales.Eggerthellaceae.Eggerthella,Eggerthella,0.5573421337966645,0.20209063193426746,2.757882087171399,0.005968182766406039,0.011022868170607074,0.16124449520550033,0.9534397723878287,557,151,4,181,
pooled,combat_ols,IBD,Bacteria.Bacillota.Bacilli.Lactobacillales.Enterococcaceae.Enterococcus,Enterococcus,0.8563283964287376,0.2419550487404815,3.5392044963989435,0.000427642870170561,0.0012094274922011179,0.3820965008973939,1.3305602919600812,557,151,4,181,
pooled,combat_ols,IBD,Bacteria.Bacillota.Bacilli.Lactobacillales.Lactobacillaceae.Lactobacillus,Lactobacillus,0.43838203468638576,0.22086980655795022,1.9847983819887407,0.04755354304407847,0.0677731597714819,0.005477213832803363,0.8712868555399682,557,151,4,181,
pooled,combat_ols,IBD,Bacteria.Bacillota.Bacilli.Staphylococcales.Gemellaceae.Gemella,Gemella,0.6330291875959205,0.15529890183658673,4.076198737464515,5.098071745555258e-05,0.0002130826492523047,0.32864333999621054,0.9374150351956305,557,151,4,181,
pooled,combat_ols,IBD,Bacteria.Bacillota.Bacilli.Staphylococcales.Staphylococcaceae.Staphylococcus,Staphylococcus,0.3041198266254119,0.09903841121304337,3.070726023373034,0.0022173344260667544,0.004777827751405745,0.11000454064784693,0.4982351126029769,557,151,4,181,
pooled,combat_ols,IBD,Bacteria.Bacillota.Clostridia.Lachnospirales.Lachnospiraceae.NA,Lachnospiraceae,-0.670417861930456,0.18130663792869026,-3.6977016925002943,0.00023444136676027214,0.0007642295764989988,-1.0257788722706889,-0.3150568515902232,557,151,4,181,
pooled,combat_ols,IBD,Bacteria.Bacillota.Clostridia.Oscillospirales.Butyricicoccaceae.Agathobaculum,Agathobaculum,-0.7607246635781516,0.20785627433079168,-3.659859034938251,0.0002711716841634873,0.0008318995734506984,-1.1681229612665032,-0.35332636588979993,557,151,4,181,
pooled,combat_ols,IBD,Bacteria.Bacillota.Clostridia.Oscillospirales.Oscillospiraceae.Intestinimonas,Intestinimonas,-0.6231986541663592,0.20745536312379137,-3.004013223772327,0.0027586915831774605,0.005806083448315353,-1.0298111658889904,-0.21658614244372815,557,151,4,181,
pooled,combat_ols,IBD,Bacteria.Bacillota.Clostridia.Oscillospirales.Oscillospiraceae.NA,Oscillospiraceae,-0.07025745858679601,0.11909426317451478,-0.5899315106710408,0.5554253221453107,0.6125320263135489,-0.30368221440884496,0.16316729723525297,557,151,4,181,
pooled,combat_ols,IBD,Bacteria.Bacillota.Clostridia.Oscillospirales.Oscillospiraceae.NK4A214 group,NK4A214 group,-1.4476616819498282,0.2121529485778265,-6.823669864851141,1.9112794871507858e-11,4.942022673918461e-10,-1.8634814611623682,-1.0318419027372883,557,151,4,181,
pooled,combat_ols,IBD,Bacteria.Bacillota.Clostridia.Oscillospirales.Ruminococcaceae.Acutalibacter,Acutalibacter,-0.5295424521206071,0.17236371640585382,-3.0722385381487562,0.0022062783153203856,0.004777827751405745,-0.8673753362760805,-0.19170956796513366,557,151,4,181,
pooled,combat_ols,IBD,Bacteria.Bacillota.Clostridia.Oscillospirales.Ruminococcaceae.Incertae Sedis,Incertae Sedis,-0.9858209699149387,0.1841848311652771,-5.352346138810522,1.1750052919886875e-07,9.246780776084888e-07,-1.346823238998882,-0.6248187008309956,557,151,4,181,
pooled,combat_ols,IBD,Bacteria.Bacillota.Clostridia.Peptostreptococcales-Tissierellales.Anaerovoracaceae.Mogibacterium,Mogibacterium,0.13945728476953206,0.12268644814468475,1.136696732837757,0.25605075396657256,0.3152733773329907,-0.10100815359405005,0.37992272313311415,557,151,4,181,
pooled,combat_ols,IBD,Bacteria.Pseudomonadota.Gammaproteobacteria.Enterobacterales.Enterobacteriaceae.Escherichia-Shigella,Escherichia-Shigella,0.9837255885566388,0.2815863197964102,3.493513425183022,0.0005064430348955507,0.001309516990229924,0.4318164017556748,1.535634775357603,557,151,4,181,
pooled,combat_ols,IBD,Bacteria.Verrucomicrobiota.Verrucomicrobiia.Verrucomicrobiales.Akkermansiaceae.Akkermansia,Akkermansia,-1.393200554098984,0.2571299816372798,-5.418273455424196,8.263056847721674e-08,6.798242224716468e-07,-1.8971753181080524,-0.8892257900899156,557,151,4,181,
pooled,combat_ols,IBD,Bacteria.Actinomycetota.Coriobacteriia.Coriobacteriales.Eggerthellaceae.Incertae Sedis,Incertae Sedis,-0.49127211771182744,0.13921158869197392,-3.5289599258782913,0.0004442422498898968,0.0012370438035395588,-0.7641268315480962,-0.21841740387555858,557,151,4,181,
pooled,combat_ols,IBD,Bacteria.Actinomycetota.Coriobacteriia.Coriobacteriales.Eggerthellaceae.Slackia,Slackia,-0.14029094144168194,0.15260476783831167,-0.9193090322729857,0.3582479344150171,0.42105763720206557,-0.4393962864047728,0.15881440352140894,557,151,4,181,
pooled,combat_ols,IBD,Bacteria.Bacillota.Bacilli.Erysipelotrichales.Erysipelatoclostridiaceae.Erysipelotrichaceae UCG-003,Erysipelotrichaceae UCG-003,-0.862680443108458,0.2754572823362598,-3.1318120755121495,0.0018090499526890486,0.0039931468467892415,-1.4025767164875274,-0.32278416972938884,557,151,4,181,
pooled,combat_ols,IBD,Bacteria.Bacillota.Bacilli.Erysipelotrichales.Erysipelatoclostridiaceae.Massiliomicrobiota,Massiliomicrobiota,0.20713223317686602,0.14483561221476793,1.4301194989925696,0.1531251184674588,0.1979689031615003,-0.07674556676407912,0.49101003311781116,557,151,4,181,
pooled,combat_ols,IBD,Bacteria.Bacillota.Clostridia.Oscillospirales.Ruminococcaceae.Fournierella,Fournierella,-0.12086320543570006,0.13958504337133645,-0.8658750430314306,0.38685283599957054,0.44960546820629976,-0.3944498904435195,0.1527234795721194,557,151,4,181,
pooled,combat_ols,IBD,Bacteria.Bacillota.Clostridia.Oscillospirales.[Eubacterium] coprostanoligenes group.Incertae Sedis,Incertae Sedis,-1.477941099538557,0.26202172013746916,-5.640528956008525,2.4537789444268854e-08,2.612552876125096e-07,-1.9915036710079965,-0.9643785280691174,557,151,4,181,
pooled,combat_ols,IBD,Bacteria.Bacillota.Clostridia.Peptococcales.Peptococcaceae.Peptococcus,Peptococcus,-0.1293365834913191,0.1277838982991954,-1.0121508673063662,0.3118126737942069,0.37625395971167636,-0.3797930241577421,0.12111985717510387,557,151,4,181,
pooled,combat_ols,IBD,Bacteria.Bacillota.Clostridia.Peptostreptococcales-Tissierellales.Anaerovoracaceae.Family XIII AD3011 group,Family XIII AD3011 group,-1.2237705942556705,0.18090558225665837,-6.764692272013229,2.8058125851507673e-11,6.348150973903612e-10,-1.5783455354787208,-0.8691956530326201,557,151,4,181,
pooled,combat_ols,IBD,Bacteria.Bacillota.Clostridia.Peptostreptococcales-Tissierellales.Family XI.Parvimonas,Parvimonas,0.24209245068817328,0.11838876282228003,2.0448938304355098,0.04123562127111612,0.060190705242516275,0.010050475556504429,0.4741344258198421,557,151,4,181,
pooled,combat_ols,IBD,Bacteria.Bacillota.Clostridia.Peptostreptococcales-Tissierellales.Peptostreptococcaceae.Intestinibacter,Intestinibacter,0.38468688721020244,0.24751310489984038,1.5542081594664305,0.12058290949846981,0.15931026729359882,-0.10043879839348469,0.8698125728138896,557,151,4,181,
pooled,combat_ols,IBD,Bacteria.Bacteroidota.Bacteroidia.Bacteroidales.Muribaculaceae.Incertae Sedis,Incertae Sedis,-0.5835340772669491,0.16582016188815196,-3.5190779614637635,0.00046082350283044597,0.0012427191349956297,-0.9085415945677269,-0.25852655996617124,557,151,4,181,
pooled,combat_ols,IBD,Bacteria.Actinomycetota.Actinobacteria.Actinomycetales.Actinomycetaceae.Schaalia,Schaalia,0.6022467539713298,0.16349545250458683,3.683568837820941,0.0002475743629987063,0.00077663753503645,0.2817956670623396,0.9226978408803199,557,151,4,181,
pooled,combat_ols,IBD,Bacteria.Bacillota.Clostridia.Lachnospirales.Lachnospiraceae.Anaerostipes,Anaerostipes,-0.4239937068846147,0.1993004156674323,-2.127410048116119,0.03373200734408074,0.05167964709175466,-0.814622521592782,-0.033364892176447336,557,151,4,181,
pooled,combat_ols,IBD,Bacteria.Bacillota.Clostridia.Lachnospirales.Lachnospiraceae.Fusicatenibacter,Fusicatenibacter,-1.2938623670668823,0.27349668921733067,-4.730815465333589,2.701560277685017e-06,1.4875828692542966e-05,-1.8299158779328504,-0.7578088562009142,557,151,4,181,
pooled,combat_ols,IBD,Bacteria.Bacillota.Clostridia.Lachnospirales.Lachnospiraceae.Marvinbryantia,Marvinbryantia,-1.0565927354413251,0.1880547761468456,-5.618537093768189,2.772193630644464e-08,2.7875947063702666e-07,-1.4251800966891426,-0.6880053741935077,557,151,4,181,
pooled,combat_ols,IBD,Bacteria.Bacillota.Negativicutes.Veillonellales-Selenomonadales.Veillonellaceae.Dialister,Dialister,0.8464616080757168,0.3089032584391394,2.74021586030789,0.006295022614676389,0.011509081750064912,0.24101122153500354,1.45191199461643,557,151,4,181,
pooled,combat_ols,IBD,Bacteria.Bacillota.Negativicutes.Veillonellales-Selenomonadales.Veillonellaceae.Megasphaera,Megasphaera,-0.1791992728124778,0.20786144988592223,-0.8621092218438066,0.38892014534552755,0.44960546820629976,-0.5866077145888854,0.22820916896392976,557,151,4,181,
pooled,combat_ols,IBD,Bacteria.Bacillota.Bacilli.Erysipelotrichales.Erysipelotrichaceae.Turicibacter,Turicibacter,-0.176384790988061,0.21220430979237853,-0.8312026799108676,0.4061401626401381,0.46526183188522147,-0.5923052381811229,0.23953565620500092,557,151,4,181,
pooled,combat_ols,IBD,Bacteria.Bacillota.Clostridia.Lachnospirales.Lachnospiraceae.Faecalimonas,Faecalimonas,0.4396954187138937,0.24495886718197496,1.794976535335024,0.07308506248082648,0.10021512355325449,-0.04042396096277717,0.9198147983905647,557,151,4,181,
pooled,combat_ols,IBD,Bacteria.Bacillota.Clostridia.Peptostreptococcales-Tissierellales.Peptostreptococcaceae.Terrisporobacter,Terrisporobacter,0.3073097483905782,0.19288970665952493,1.5931889457067778,0.11156539152913976,0.14958026567980962,-0.07075407666209066,0.685373573443247,557,151,4,181,
pooled,combat_ols,IBD,Bacteria.Bacillota.Bacilli.Lactobacillales.Streptococcaceae.Lactococcus,Lactococcus,0.5788103977890893,0.16724041564043324,3.4609480942305906,0.0005706724784562653,0.0014548129380363946,0.25101918313384014,0.9066016124443383,557,151,4,181,
pooled,combat_ols,IBD,Bacteria.Bacillota.Clostridia.Lachnospirales.Lachnospiraceae.CAG-56,CAG-56,-0.7856501039611156,0.21493518163431005,-3.6552885292544515,0.0002759568443374649,0.0008324698137513525,-1.2069230599643632,-0.36437714795786785,557,151,4,181,
pooled,combat_ols,IBD,Bacteria.Bacillota.Clostridia.Lachnospirales.Lachnospiraceae.Lachnoclostridium,Lachnoclostridium,-0.2091783746440738,0.21151670038567125,-0.98894495925223,0.32302887789980506,0.38465938749911,-0.6237511073999895,0.20539435811184187,557,151,4,181,
pooled,combat_ols,IBD,Bacteria.Bacillota.Clostridia.Lachnospirales.Lachnospiraceae.Lachnospira,Lachnospira,-0.7666197753742178,0.23157691894777363,-3.3104325718536294,0.0009788827474115794,0.0023312865431775773,-1.220510536511854,-0.31272901423658145,557,151,4,181,
pooled,combat_ols,IBD,Bacteria.Bacillota.Clostridia.Lachnospirales.Lachnospiraceae.Lachnospiraceae FCS020 group,Lachnospiraceae FCS020 group,-1.052448470080503,0.18017508779973598,-5.841254098625977,7.906832643785446e-09,1.0222405060894042e-07,-1.4055916421679855,-0.6993052979930205,557,151,4,181,
pooled,combat_ols,IBD,Bacteria.Bacillota.Clostridia.Oscillospirales.Ruminococcaceae.Ruthenibacterium,Ruthenibacterium,-0.5554416554381809,0.20403270484676114,-2.722316776888027,0.006642551863110545,0.012023018872230085,-0.9553457569378327,-0.15553755393852908,557,151,4,181,
pooled,combat_ols,IBD,Bacteria.Actinomycetota.Actinobacteria.Bifidobacteriales.Bifidobacteriaceae.Bifidobacterium,Bifidobacterium,-0.1321918008283533,0.2650002374699227,-0.4988365372440731,0.6180499307342116,0.6658752229934065,-0.6515922662694018,0.38720866461269515,557,151,4,181,
pooled,combat_ols,IBD,Bacteria.Bacillota.Bacilli.Erysipelotrichales.Erysipelotrichaceae.Solobacterium,Solobacterium,0.3756905781134943,0.11024733578730862,3.4077066391725253,0.0006922823683434258,0.001716480940687124,0.15960579997036942,0.5917753562566193,557,151,4,181,
pooled,combat_ols,IBD,Bacteria.Bacillota.Bacilli.Lactobacillales.Lactobacillaceae.Ligilactobacillus,Ligilactobacillus,0.3188826508230686,0.15246272534198843,2.091544999656699,0.03683601644657755,0.05556099147358781,0.020055709152771273,0.617709592493366,557,151,4,181,
pooled,combat_ols,IBD,Bacteria.Bacillota.Clostridia.Oscillospirales.Ruminococcaceae.Candidatus Soleaferrea,Candidatus Soleaferrea,0.030277796167749275,0.11811367203452115,0.2563445505182496,0.7977594772482172,0.8251112307538704,-0.20122500101991217,0.2617805933554107,557,151,4,181,
pooled,combat_ols,IBD,Bacteria.Bacillota.Clostridia.Peptostreptococcales-Tissierellales.Family XI.Anaerococcus,Anaerococcus,0.7416426096421127,0.10867203344935282,6.824594940406256,1.8997623544958682e-11,4.942022673918461e-10,0.5286454240813812,0.9546397952028443,557,151,4,181,
pooled,combat_ols,IBD,Bacteria.Thermodesulfobacteriota.Desulfovibrionia.Desulfovibrionales.Desulfovibrionaceae.Bilophila,Bilophila,-0.4735462790763343,0.22290026109786978,-2.1244761075825402,0.03397722654098787,0.05167964709175466,-0.910430790828159,-0.03666176732450954,557,151,4,181,
pooled,combat_ols,IBD,Bacteria.Actinomycetota.Coriobacteriia.Coriobacteriales.Eggerthellaceae.Gordonibacter,Gordonibacter,0.12646776254100564,0.12589084012406548,1.0045827195717465,0.3154420010548613,0.3781125972909265,-0.12027828410216271,0.373213809184174,557,151,4,181,
pooled,combat_ols,IBD,Bacteria.Bacillota.Bacilli.Lactobacillales.Carnobacteriaceae.Granulicatella,Granulicatella,0.7466877360730584,0.1673391019314726,4.462123481329762,9.44212271668063e-06,4.618984355997822e-05,0.41870309628737207,1.0746723758587446,557,151,4,181,
pooled,combat_ols,IBD,Bacteria.Bacillota.Clostridia.Lachnospirales.Lachnospiraceae.Anaerobutyricum,Anaerobutyricum,-1.2497430354646413,0.25148359947583393,-4.969481262672694,8.43221431622639e-07,5.652706634211024e-06,-1.7426508904372757,-0.7568351804920068,557,151,4,181,
pooled,combat_ols,IBD,Bacteria.Bacillota.Clostridia.Lachnospirales.Lachnospiraceae.Extibacter,Extibacter,0.6713026867592867,0.24111257461587485,2.784187792066686,0.0055098537023561805,0.010467003484140418,0.19872204051217202,1.1438833330064013,557,151,4,181,
pooled,combat_ols,IBD,Bacteria.Bacillota.Clostridia.Lachnospirales.Lachnospiraceae.Lachnospiraceae UCG-004,Lachnospiraceae UCG-004,-0.005916553423606266,0.21321829870504297,-0.027748807018627288,0.9778703379918009,0.9827998607067148,-0.42382441888549044,0.41199131203827793,557,151,4,181,
pooled,combat_ols,IBD,Bacteria.Bacillota.Clostridia.Lachnospirales.Lachnospiraceae.[Eubacterium] ventriosum group,[Eubacterium] ventriosum group,-0.8587907505664302,0.20423241079515034,-4.204967993193874,2.9471198500744704e-05,0.0001270068316341617,-1.2590862757249248,-0.4584952254079355,557,151,4,181,
pooled,combat_ols,IBD,Bacteria.Bacillota.Clostridia.Lachnospirales.Lachnospiraceae.[Ruminococcus] gnavus group,[Ruminococcus] gnavus group,1.384697131567726,0.29646941511968733,4.670623885464582,3.5953626895543297e-06,1.914001902380393e-05,0.8036170779331387,1.9657771852023131,557,151,4,181,
pooled,combat_ols,IBD,Bacteria.Bacillota.Clostridia.Monoglobales.Monoglobaceae.Monoglobus,Monoglobus,-0.8923485364052121,0.228216809249099,-3.9100911950408186,0.00010115997310171973,0.00038145739857106816,-1.339653482533446,-0.445043590276978,557,151,4,181,
pooled,combat_ols,IBD,Bacteria.Bacillota.Clostridia.Oscillospirales.Oscillospiraceae.UCG-005,UCG-005,-1.5954263243052391,0.2143599373805733,-7.442744870151409,2.8760311526014225e-13,1.7352054620695248e-11,-2.015571801571163,-1.1752808470393155,557,151,4,181,
pooled,combat_ols,IBD,Bacteria.Bacillota.Clostridia.Peptostreptococcales-Tissierellales.Anaerovoracaceae.Family XIII UCG-001,Family XIII UCG-001,-0.5668915653881078,0.1267189932546589,-4.473611657006008,8.96181858348098e-06,4.5058032322501597e-05,-0.8152607921672392,-0.3185223386089764,557,151,4,181,
pooled,combat_ols,IBD,Bacteria.Bacillota.Clostridia.Lachnospirales.Lachnospiraceae.Butyribacter,Butyribacter,-0.9649620856286836,0.1447901747882819,-6.664555015833709,5.350205113874277e-11,9.683871256112442e-10,-1.248750828213716,-0.6811733430436511,557,151,4,181,
pooled,combat_ols,IBD,Bacteria.Bacillota.Clostridia.Lachnospirales.Lachnospiraceae.[Eubacterium] xylanophilum group,[Eubacterium] xylanophilum group,-0.7746145271650194,0.1783916273813332,-4.342213468960566,1.6170377770677827e-05,7.317095941231718e-05,-1.1242621168324325,-0.42496693749760633,557,151,4,181,
pooled,combat_ols,IBD,Bacteria.Bacillota.Clostridia.Lachnospirales.Lachnospiraceae.[Ruminococcus] gauvreauii group,[Ruminococcus] gauvreauii group,-0.6856672393039616,0.2546262459340223,-2.692838033207421,0.007252730745137139,0.012870041812449237,-1.1847346813346453,-0.1865997972732779,557,151,4,181,
pooled,combat_ols,IBD,Bacteria.Bacillota.Clostridia.Oscillospirales.Oscillospiraceae.UCG-003,UCG-003,-0.9223989393331566,0.17335756807991612,-5.32078841177525,1.3888564979740639e-07,1.0474292755554399e-06,-1.2621797727697923,-0.5826181058965211,557,151,4,181,
pooled,combat_ols,IBD,Bacteria.Bacillota.Clostridia.Oscillospirales.Ruminococcaceae.Paludicola,Paludicola,-0.4375540064203605,0.11882899482381568,-3.6822158351933316,0.0002488672764205199,0.00077663753503645,-0.6704588362750392,-0.2046491765656818,557,151,4,181,
pooled,combat_ols,IBD,Bacteria.Bacillota.Bacilli.Erysipelotrichales.Erysipelatoclostridiaceae.Thomasclavelia,Thomasclavelia,0.686522438940444,0.23331433201507099,2.9424786424869,0.0033626754213491785,0.00676271390293557,0.22922634819090482,1.143818529689983,557,151,4,181,
pooled,combat_ols,IBD,Bacteria.Bacillota.Bacilli.Erysipelotrichales.Erysipelotrichaceae.Amedibacillus,Amedibacillus,0.27873673074517247,0.11583581227993145,2.406308768065363,0.016370585860829862,0.02693705491645641,0.05169853867650684,0.5057749228138381,557,151,4,181,
pooled,combat_ols,IBD,Bacteria.Bacillota.Bacilli.Erysipelotrichales.Erysipelotrichaceae.[Clostridium] innocuum group,[Clostridium] innocuum group,0.9344303724205165,0.19624461163244442,4.7615593857458585,2.331761747802712e-06,1.4332327704879789e-05,0.5497909336209255,1.3190698112201076,557,151,4,181,
pooled,combat_ols,IBD,Bacteria.Bacillota.Negativicutes.Veillonellales-Selenomonadales.Veillonellaceae.Veillonella,Veillonella,0.7565792523826456,0.23346679729542386,3.2406289080382016,0.001248629202977949,0.002860783363784921,0.2989843296836148,1.2141741750816764,557,151,4,181,
pooled,combat_ols,IBD,Bacteria.Bacteroidota.Bacteroidia.Bacteroidales.Barnesiellaceae.Barnesiella,Barnesiella,-0.7261478304307731,0.19649535107301108,-3.695496236758095,0.0002364467198007952,0.0007642295764989988,-1.1112787185338748,-0.34101694232767144,557,151,4,181,
pooled,combat_ols,IBD,Bacteria.Bacillota.Clostridia.Lachnospirales.Lachnospiraceae.Hungatella,Hungatella,0.4273584713405534,0.18820448143118776,2.2707135775446785,0.023464735279695833,0.037920688264508444,0.05847768773542539,0.7962392549456814,557,151,4,181,
pooled,combat_ols,IBD,Bacteria.Bacillota.Clostridia.Oscillospirales.Ruminococcaceae.DTU089,DTU089,0.06915400041682493,0.1652952691567122,0.41836648301931617,0.6758064168521507,0.7111683805246469,-0.254824727130331,0.3931327279639808,557,151,4,181,
pooled,combat_ols,IBD,Bacteria.Bacillota.Bacilli.Lactobacillales.Lactobacillaceae.Leuconostoc,Leuconostoc,0.14037432698620025,0.09856048641010642,1.4242454770576927,0.15481726271128407,0.19873705355136465,-0.05280422637760834,0.33355288035000885,557,151,4,181,
pooled,combat_ols,IBD,Bacteria.Bacillota.Clostridia.Lachnospirales.Lachnospiraceae.GCA-900066575,GCA-900066575,-0.4822734541857143,0.16133329447618405,-2.9892989897191202,0.00289331983905001,0.0059883520929108385,-0.798486711359035,-0.1660601970123936,557,151,4,181,
pooled,combat_ols,IBD,Bacteria.Bacillota.Clostridia.Lachnospirales.Lachnospiraceae.Lachnospiraceae UCG-010,Lachnospiraceae UCG-010,-0.02296678381915648,0.20931115062597203,-0.10972556287838152,0.9126582074783542,0.9332832517151533,-0.4332166390460616,0.3872830714077487,557,151,4,181,
pooled,combat_ols,IBD,Bacteria.Bacillota.Clostridia.Oscillospirales.Butyricicoccaceae.UCG-009,UCG-009,-0.21246466037985146,0.11050297235644901,-1.9227053883628127,0.05491906098103115,0.0770569770354003,-0.4290504861984915,0.004121165438788599,557,151,4,181,
pooled,combat_ols,IBD,Bacteria.Thermodesulfobacteriota.Desulfovibrionia.Desulfovibrionales.Desulfovibrionaceae.Desulfovibrio,Desulfovibrio,-0.4341346729572261,0.16839438880042717,-2.578082773718436,0.010136554436582198,0.017308644839824323,-0.7641876750060633,-0.10408167090838882,557,151,4,181,
pooled,combat_ols,IBD,Bacteria.Actinomycetota.Coriobacteriia.Coriobacteriales.Coriobacteriales Incertae Sedis.Incertae Sedis,Incertae Sedis,-0.4416398997744891,0.15876539572864992,-2.781713847325442,0.005551559858991603,0.010467003484140418,-0.752820075402643,-0.13045972414633522,557,151,4,181,
pooled,combat_ols,IBD,Bacteria.Bacillota.Clostridia.Clostridia vadinBB60 group.Incertae Sedis.Incertae Sedis,Incertae Sedis,-0.033683941416374895,0.0986978472090608,-0.34128344608191813,0.732991754755691,0.7624799287975866,-0.22713172194613407,0.15976383911338427,557,151,4,181,
pooled,combat_ols,IBD,Bacteria.Pseudomonadota.Alphaproteobacteria.Rhodospirillales.Incertae Sedis.Incertae Sedis,Incertae Sedis,-0.3406496994915778,0.11923385611553956,-2.856988028312048,0.004402617908243626,0.008661672189044525,-0.5743480574780353,-0.10695134150512026,557,151,4,181,
pooled,combat_ols,IBD,Bacteria.Pseudomonadota.Gammaproteobacteria.Burkholderiales.Sutterellaceae.Sutterella,Sutterella,-0.15630125911996273,0.22263302403677301,-0.702057836191211,0.48287447735717126,0.5419000626237787,-0.5926619862320378,0.28005946799211234,557,151,4,181,
pooled,combat_ols,IBD,Bacteria.Actinomycetota.Actinobacteria.Mycobacteriales.Corynebacteriaceae.Corynebacterium,Corynebacterium,0.5323819720315058,0.1125544546727519,4.729994681946509,2.712167662176342e-06,1.4875828692542966e-05,0.3117752408729121,0.7529887031900996,557,151,4,181,
pooled,combat_ols,IBD,Bacteria.Bacillota.Clostridia.Lachnospirales.Lachnospiraceae.Lachnospiraceae ND3007 group,Lachnospiraceae ND3007 group,-1.5027825975256426,0.20577929023900926,-7.302885512823887,7.620326215401566e-13,2.758558089975367e-11,-1.9061100063941008,-1.0994551886571844,557,151,4,181,
pooled,combat_ols,IBD,Bacteria.Bacillota.Clostridia.Oscillospirales.Oscillospiraceae.Oscillibacter,Oscillibacter,-0.35721155082936434,0.18277558566646365,-1.9543723497142478,0.05105157269995489,0.07219011452102997,-0.7154516987356331,0.0010285970769043917,557,151,4,181,
pooled,combat_ols,IBD,Bacteria.Bacillota.Clostridia.Peptococcales.Peptococcaceae.Incertae Sedis,Incertae Sedis,-0.2744083552579165,0.11058934724316385,-2.4813271992151957,0.013321126943482637,0.022334036562208816,-0.4911634758545177,-0.05765323466131536,557,151,4,181,
pooled,combat_ols,IBD,Bacteria.Bacteroidota.Bacteroidia.Bacteroidales.Prevotellaceae.Paraprevotella,Paraprevotella,-0.5753603678187644,0.17924860288459837,-3.209845759239674,0.001388188855543619,0.0031020022574493214,-0.9266876294725772,-0.22403310616495165,557,151,4,181,
pooled,combat_ols,IBD,Bacteria.Bacillota.Clostridia.Lachnospirales.Defluviitaleaceae.Defluviitaleaceae UCG-011,Defluviitaleaceae UCG-011,-0.5775952950306488,0.1215773198474311,-4.7508474093316115,2.4547080599517873e-06,1.4332327704879789e-05,-0.8158868419316138,-0.3393037481296838,557,151,4,181,
pooled,combat_ols,IBD,Bacteria.Bacillota.Clostridia.Peptostreptococcales-Tissierellales.Family XI.Peptoniphilus,Peptoniphilus,0.6738105816924653,0.1178222283922619,5.7188748751990035,1.583513166265354e-08,1.8216622014369297e-07,0.442879014043632,0.9047421493412986,557,151,4,181,
pooled,combat_ols,IBD,Bacteria.Bacteroidota.Bacteroidia.Bacteroidales.Marinifilaceae.Odoribacter,Odoribacter,-0.7185508815747454,0.16403937050970602,-4.380356248271689,1.3645611501611741e-05,6.36345374437086e-05,-1.0400680477737692,-0.3970337153757217,557,151,4,181,
pooled,combat_ols,IBD,Bacteria.Bacteroidota.Bacteroidia.Bacteroidales.Porphyromonadaceae.Porphyromonas,Porphyromonas,0.4835024179733931,0.1104068027984095,4.3792810381097125,1.3711309172953787e-05,6.36345374437086e-05,0.26710508448851045,0.6998997514582758,557,151,4,181,
pooled,combat_ols,IBD,Bacteria.Bacteroidota.Bacteroidia.Bacteroidales.Prevotellaceae.Prevotella,Prevotella,0.2917339832230773,0.10427845191362191,2.7976439798390222,0.005287929725717794,0.010182077450584264,0.08734821747237836,0.49611974897377625,557,151,4,181,
pooled,combat_ols,IBD,Bacteria.Bacillota.Clostridia.Lachnospirales.Lachnospiraceae.Enterocloster,Enterocloster,0.44384011431990994,0.21638857089539038,2.0511254937511345,0.04062325546968253,0.05977893691067104,0.01971851536494479,0.8679617132748751,557,151,4,181,
pooled,combat_ols,IBD,Bacteria.Bacillota.Clostridia.Eubacteriales.Anaerofustaceae.Anaerofustis,Anaerofustis,0.341517641581954,0.09551956396440849,3.5753685151788046,0.0003735718254245562,0.0010732777841562645,0.1542992962117134,0.5287359869521946,557,151,4,181,
pooled,combat_ols,IBD,Bacteria.Pseudomonadota.Alphaproteobacteria.Rickettsiales.Mitochondria.Incertae Sedis,Incertae Sedis,0.18687422375075738,0.087542752109932,2.1346624277483266,0.03313235186107728,0.0512560315115811,0.015290429615290674,0.3584580178862241,557,151,4,181,
pooled,combat_ols,IBD,Bacteria.Bacillota.Clostridia.Oscillospirales.Oscillospiraceae.Incertae Sedis,Incertae Sedis,-0.9966400768681671,0.21445717776189294,-4.6472684536337345,4.013621768477038e-06,2.0756158288409824e-05,-1.4169761452814773,-0.576304008454857,557,151,4,181,
pooled,combat_ols,IBD,Bacteria.Bacillota.Clostridia.Peptostreptococcales-Tissierellales.Peptostreptococcaceae.Peptostreptococcus,Peptostreptococcus,0.6840661192478357,0.11967796634488437,5.7158902356053956,1.6103091283420372e-08,1.8216622014369297e-07,0.4494973052118623,0.9186349332838091,557,151,4,181,
pooled,combat_ols,IBD,Bacteria.Bacillota.Clostridia.Eubacteriales.Eubacteriaceae.Eubacterium,Eubacterium,0.0711669903516949,0.12723850419335744,0.5593196085011051,0.5761209991698425,0.6244185679625239,-0.17822047786728568,0.3205544585706755,557,151,4,181,
pooled,combat_ols,IBD,Bacteria.Bacillota.Clostridia.Oscillospirales.Ethanoligenenaceae.Acetanaerobacterium,Acetanaerobacterium,0.19015260423837613,0.0773207405105303,2.459270345612886,0.014160751823227697,0.02351464293581847,0.03860395283773674,0.34170125563901554,557,151,4,181,
pooled,combat_ols,IBD,Bacteria.Bacillota.Clostridia.Oscillospirales.Ruminococcaceae.Angelakisella,Angelakisella,-0.23942161814285903,0.10915970800504175,-2.1933149375207277,0.028610098582687878,0.045826795074924834,-0.4533746458327409,-0.025468590452977197,557,151,4,181,
pooled,combat_ols,IBD,Bacteria.Pseudomonadota.Gammaproteobacteria.Pseudomonadales.Pseudomonadaceae.Pseudomonas,Pseudomonas,0.13322366874358257,0.0912012090221037,1.4607664763664945,0.14452441718481554,0.18955738775689573,-0.04553070093974068,0.31197803842690586,557,151,4,181,
pooled,combat_ols,IBD,Bacteria.Bacillota.Bacilli.Erysipelotrichales.Erysipelotrichaceae.Holdemania,Holdemania,-0.20979477267309898,0.15535916324927612,-1.350385572922275,0.17732504330163537,0.22444638347969234,-0.5142987326416801,0.09470918729548222,557,151,4,181,
pooled,combat_ols,IBD,Bacteria.Bacillota.Negativicutes.Acidaminococcales.Acidaminococcaceae.Acidaminococcus,Acidaminococcus,0.5143393095026423,0.1974021415273233,2.6055406771331824,0.009366208006327276,0.016145558563287973,0.12743111210908864,0.9012475068961959,557,151,4,181,
pooled,combat_ols,IBD,Bacteria.Bacillota.Clostridia.Peptostreptococcales-Tissierellales.Anaerovoracaceae.[Eubacterium] brachy group,[Eubacterium] brachy group,0.0607166954164209,0.1441859115879079,0.4211000558081771,0.6738101837096219,0.7111683805246469,-0.2218876912958786,0.34332108212872037,557,151,4,181,
pooled,combat_ols,IBD,Bacteria.Bacteroidota.Bacteroidia.Bacteroidales.Marinifilaceae.Butyricimonas,Butyricimonas,-0.48961046702111727,0.14312102447465172,-3.420954180689453,0.0006599495408778702,0.0016590398180402015,-0.7701276749914346,-0.2090932590507999,557,151,4,181,
pooled,combat_ols,IBD,Bacteria.Fusobacteriota.Fusobacteriia.Fusobacteriales.Fusobacteriaceae.Fusobacterium,Fusobacterium,0.8205554115867321,0.21663838258966392,3.7876732727503373,0.00016501731572217664,0.0005635497008625278,0.3959441817109908,1.2451666414624734,557,151,4,181,
pooled,combat_ols,IBD,Bacteria.Bacillota.Clostridia.Christensenellales.Christensenellaceae.Incertae Sedis,Incertae Sedis,-0.5904355459413495,0.14643478687520758,-4.032071603617803,6.130576914782243e-05,0.0002465854270167969,-0.8774477282167563,-0.30342336366594264,557,151,4,181,
pooled,combat_ols,IBD,Bacteria.Bacillota.Clostridia.Lachnospirales.Lachnospiraceae.Faecalicatena,Faecalicatena,0.30185501615639904,0.14896984024533508,2.026282740582126,0.04311131317775937,0.06192974353313052,0.009874129275542265,0.5938359030372558,557,151,4,181,
pooled,combat_ols,IBD,Bacteria.Bacillota.Clostridia.Oscillospirales.Ruminococcaceae.Anaerotruncus,Anaerotruncus,0.01175955780670694,0.12342130506846137,0.09527980440803112,0.9241196200247823,0.9396946698004809,-0.23014620012747736,0.25366531574089124,557,151,4,181,
pooled,combat_ols,IBD,Bacteria.Bacillota.Clostridia.Lachnospirales.Lachnospiraceae.Sellimonas,Sellimonas,0.46556979375151974,0.22871371900235515,2.0356006442566112,0.042163378923154596,0.061052572680727855,0.017290904506903626,0.9138486829961359,557,151,4,181,
pooled,combat_ols,IBD,Bacteria.Bacillota.Clostridia.Oscillospirales.Oscillospiraceae.Oscillospira,Oscillospira,0.3241352197265291,0.14167921825676888,2.2878106169324743,0.022443373274858278,0.036596851916660796,0.04644395194326206,0.6018264875097961,557,151,4,181,
pooled,combat_ols,IBD,Bacteria.Pseudomonadota.Gammaproteobacteria.Burkholderiales.Sutterellaceae.Parasutterella,Parasutterella,0.18482905413342482,0.25219601402098674,0.7328785700714686,0.463875748408045,0.5247594403866009,-0.30947513334770915,0.6791332416145588,557,151,4,181,
pooled,combat_ols,IBD,Bacteria.Bacillota.Bacilli.Erysipelotrichales.Erysipelotrichaceae.Faecalitalea,Faecalitalea,0.38410973554675887,0.20294780552872685,1.8926528155653741,0.058812858395361774,0.08188559515046523,-0.013667963289545726,0.7818874343830635,557,151,4,181,
pooled,combat_ols,IBD,Bacteria.Bacillota.Clostridia.Lachnospirales.Lachnospiraceae.Shuttleworthia,Shuttleworthia,0.07637649222577808,0.13504471557808173,0.5655644643245431,0.5718695819008304,0.623544544120785,-0.1883111503072621,0.34106413475881825,557,151,4,181,
pooled,combat_ols,IBD,Bacteria.Bacillota.Bacilli.Lactobacillales.Lactobacillaceae.Lacticaseibacillus,Lacticaseibacillus,0.3388458042987316,0.15521287524354335,2.183103713316638,0.029356815552498302,0.046292356898723575,0.03462856882138665,0.6430630397760766,557,151,4,181,
pooled,combat_ols,IBD,Bacteria.Actinomycetota.Actinobacteria.Actinomycetales.Actinomycetaceae.Actinomyces,Actinomyces,0.49630040121898866,0.12534951504028854,3.959332439854059,8.277416494647468e-05,0.00032569834468069384,0.25061535174002314,0.7419854506979542,557,151,4,181,
pooled,combat_ols,IBD,Bacteria.Bacillota.Clostridia.Peptostreptococcales-Tissierellales.Anaerovoracaceae.NA,Anaerovoracaceae,0.01225468680701575,0.10316477409121855,0.11878751167700058,0.9054774929736824,0.9312012853877075,-0.1899482704117726,0.21445764402580408,557,151,4,181,
pooled,combat_ols,IBD,Bacteria.Actinomycetota.Coriobacteriia.Coriobacteriales.Eggerthellaceae.Asaccharobacter,Asaccharobacter,-0.14283107510284143,0.16605050052575288,-0.8601664833927415,0.3899892735270114,0.44960546820629976,-0.46829005613331703,0.18262790592763417,557,151,4,181,
pooled,combat_ols,IBD,Bacteria.Bacillota.Clostridia.Lachnospirales.Lachnospiraceae.Frisingicoccus,Frisingicoccus,0.11080482410555427,0.15860380391191414,0.6986265232774201,0.48501552566327155,0.5419000626237787,-0.20005863156179748,0.421668279772906,557,151,4,181,
pooled,combat_ols,IBD,Bacteria.Bacillota.Clostridia.Oscillospirales.Ruminococcaceae.Negativibacillus,Negativibacillus,0.27351919185539575,0.1884067197588684,1.4517486011404381,0.14701573988128958,0.1914377620036936,-0.09575797887198634,0.6427963625827778,557,151,4,181,
pooled,combat_ols,IBD,Bacteria.Bacillota.Clostridia.Lachnospirales.Lachnospiraceae.Tyzzerella,Tyzzerella,0.18907049908097714,0.14400672043036336,1.3129283030398922,0.18963370171436914,0.2383590278493112,-0.09318267296253505,0.47132367112448936,557,151,4,181,
pooled,combat_ols,IBD,Bacteria.Bacillota.Bacilli.Erysipelotrichales.Erysipelatoclostridiaceae.Coprobacillus,Coprobacillus,-0.09610594520581686,0.08896348407841849,-1.080285312579513,0.2803840413304376,0.34060074819335034,-0.2704743739995171,0.07826248358788337,557,151,4,181,
pooled,combat_ols,IBD,Bacteria.Bacillota.Clostridia.Lachnospirales.Lachnospiraceae.Eisenbergiella,Eisenbergiella,0.12505603261491552,0.21358131923314577,0.585519525134144,0.5583855488493678,0.6125320263135489,-0.29356335308205017,0.5436754183118813,557,151,4,181,
pooled,combat_ols,IBD,Bacteria.Bacillota.Clostridia.Oscillospirales.Oscillospiraceae.Flavonifractor,Flavonifractor,0.8192170507933592,0.1934445467168375,4.234893486000007,2.589250627797335e-05,0.00011430594234910187,0.4400657392283577,1.1983683623583605,557,151,4,181,
pooled,combat_ols,IBD,Bacteria.Pseudomonadota.Gammaproteobacteria.Pseudomonadales.Halomonadaceae.Halomonas,Halomonas,0.20822422191436055,0.0637087183090206,3.2683787626108596,0.0011340655756892466,0.002631613707689149,0.08335513402868018,0.3330933098000409,557,151,4,181,
pooled,combat_ols,IBD,Bacteria.Bacteroidota.Bacteroidia.Bacteroidales.Barnesiellaceae.Coprobacter,Coprobacter,0.03558861883137104,0.10385873366193239,0.3426637084485792,0.7319534626739713,0.7624799287975866,-0.16797449914601645,0.23915173680875854,557,151,4,181,
pooled,combat_ols,IBD,Bacteria.Bacillota.Clostridia.Oscillospirales.NA.NA,Oscillospirales,-0.3215994501514863,0.1191772776562962,-2.6984963616887585,0.00713184006922712,0.012780822302278304,-0.5551869143578269,-0.08801198594514573,557,151,4,181,
pooled,combat_ols,IBD,Bacteria.Bacillota.Clostridia.Oscillospirales.Ruminococcaceae.Hydrogenoanaerobacterium,Hydrogenoanaerobacterium,0.2456384764524107,0.09189944947517598,2.6729047655368485,0.00769342513109441,0.013519514065321245,0.06551555548106577,0.4257613974237556,557,151,4,181,
pooled,combat_ols,IBD,Bacteria.Bacillota.Clostridia.Oscillospirales.Ruminococcaceae.Phocea,Phocea,0.12305909896172852,0.08869456302737536,1.3874480550036268,0.16574296255240695,0.21126391705623704,-0.05078224457192716,0.2969004424953842,557,151,4,181,
pooled,combat_ols,IBD,Bacteria.Bacillota.Bacilli.Erysipelotrichales.Erysipelotrichaceae.Merdibacter,Merdibacter,0.14817305210799186,0.09425022198708698,1.5721241709997535,0.11636977769553394,0.15487448355067385,-0.03655738298669861,0.33290348720268237,557,151,4,181,
pooled,combat_ols,IBD,Bacteria.Bacillota.Clostridia.Christensenellales.Christensenellaceae.Christensenella,Christensenella,-0.04168465157438749,0.08827301136289017,-0.47222419322506143,0.6369126988723239,0.6821372692064535,-0.21469975384565224,0.13133045069687724,557,151,4,181,
pooled,combat_ols,IBD,Bacteria.Bacillota.Clostridia.Christensenellales.Christensenellaceae.NA,Christensenellaceae,-0.1843112822206406,0.1129398543590369,-1.631941915160553,0.10313765166206543,0.13931279814055106,-0.40567339676435293,0.037050832323071714,557,151,4,181,
pooled,combat_ols,IBD,Bacteria.Bacillota.Clostridia.Lachnospirales.Lachnospiraceae.Lactonifactor,Lactonifactor,0.2657301867443632,0.12176308035556954,2.182354339003124,0.029412270957752548,0.046292356898723575,0.027074549247446927,0.5043858242412795,557,151,4,181,
pooled,combat_ols,IBD,Bacteria.Bacillota.Clostridia.Oscillospirales.Ruminococcaceae.Anaerofilum,Anaerofilum,-0.19501593043855656,0.09043033633005651,-2.1565321810457396,0.031379123550184455,0.04896225312571885,-0.37225938964546734,-0.017772471231645798,557,151,4,181,
pooled,combat_ols,IBD,Bacteria.Bacillota.Clostridia.Lachnospirales.Lachnospiraceae.Catenibacillus,Catenibacillus,0.1358718738281251,0.1234044002525836,1.1010294085950187,0.27125909800069437,0.3317425455278762,-0.10600075066693876,0.37774449832318896,557,151,4,181,
pooled,combat_ols,IBD,Bacteria.Bacillota.Clostridia.Oscillospirales.Ruminococcaceae.[Clostridium] methylpentosum group,[Clostridium] methylpentosum group,0.4797726346742889,0.11781065132152162,4.072404568623619,5.1799097055808875e-05,0.0002130826492523047,0.24886375808410652,0.7106815112644712,557,151,4,181,
pooled,combat_ols,IBD,Bacteria.Cyanobacteriota.Cyanobacteriia.Chloroplast.Incertae Sedis.Incertae Sedis,Incertae Sedis,0.24711544400265617,0.0938558638019421,2.632924933961801,0.008650485914330278,0.015055172600901733,0.06315795095084967,0.4310729370544627,557,151,4,181,
pooled,combat_ols,IBD,Bacteria.Actinomycetota.Coriobacteriia.Coriobacteriales.Atopobiaceae.Lancefieldella,Lancefieldella,0.3514347765834284,0.10507701456572771,3.3445447421195924,0.0008677382579225461,0.002122440874107849,0.1454838280346021,0.5573857251322547,557,151,4,181,
pooled,combat_ols,IBD,Bacteria.Bacillota.Bacilli.Erysipelotrichales.Erysipelotrichaceae.Dielma,Dielma,0.31653343551121693,0.10627440021287062,2.9784542173580046,0.0029963624091568354,0.006093725798397609,0.10823561109399052,0.5248312599284434,557,151,4,181,
pooled,combat_ols,IBD,Bacteria.Bacillota.Clostridia.Lachnospirales.Lachnospiraceae.GCA-900066755,GCA-900066755,0.09724168054254846,0.07810112914579138,1.245073939469267,0.21351767502518496,0.266528959859024,-0.05583653258320266,0.2503198936682996,557,151,4,181,
pooled,combat_ols,IBD,Bacteria.Bacillota.Bacilli.Erysipelotrichales.Erysipelatoclostridiaceae.Longibaculum,Longibaculum,0.3313933225270669,0.15989306814320098,2.072593429943251,0.038572481389028704,0.057699331664580134,0.01800290896639295,0.6447837360877409,557,151,4,181,
pooled,combat_ols,IBD,Bacteria.Bacillota.Clostridia.Peptostreptococcales-Tissierellales.Family XI.Finegoldia,Finegoldia,0.42991749114080413,0.0903950925880118,4.7559826405644925,2.3950099642275127e-06,1.4332327704879789e-05,0.252743109668301,0.6070918726133072,557,151,4,181,
pooled,combat_ols,IBD,Bacteria.Pseudomonadota.Gammaproteobacteria.Enterobacterales.Shewanellaceae.Shewanella,Shewanella,0.2625095365939571,0.07866105452077674,3.3372237150039794,0.0008905537748503514,0.0021492031099721812,0.1083338697332347,0.4166852034546795,557,151,4,181,
pooled,mixedlm,IBD,Bacteria.Actinomycetota.Coriobacteriia.Coriobacteriales.Coriobacteriaceae.Collinsella,Collinsella,-0.5508715817881252,0.2941030124905465,-1.8730565767524472,0.061060572771213725,0.08436613489763117,-1.1273134862695964,0.025570322693345915,557,151,4,181,True
pooled,mixedlm,IBD,Bacteria.Actinomycetota.Coriobacteriia.Coriobacteriales.Eggerthellaceae.Adlercreutzia,Adlercreutzia,-0.0459342908783397,0.13223617794509362,-0.3473655363618592,0.7283167212506025,0.7673854717725467,-0.3051171996507232,0.21324861789404378,557,151,4,181,True
pooled,mixedlm,IBD,Bacteria.Actinomycetota.Coriobacteriia.Coriobacteriales.Eggerthellaceae.Senegalimassilia,Senegalimassilia,-0.5834108485028011,0.17214971101179163,-3.3889737314914203,0.0007015473081582201,0.0017159467942788897,-0.9208242820859127,-0.24599741491968952,557,151,4,181,True
pooled,mixedlm,IBD,Bacteria.Bacillota.Bacilli.Erysipelotrichales.Erysipelotrichaceae.Holdemanella,Holdemanella,-0.8686908010368017,0.21692819692578685,-4.0045084656928625,6.214656569433903e-05,0.00022055938020932084,-1.293870067011344,-0.4435115350622595,557,151,4,181,True
pooled,mixedlm,IBD,Bacteria.Bacillota.Bacilli.Lactobacillales.Lactobacillaceae.Limosilactobacillus,Limosilactobacillus,0.7427214492007903,0.17596687341736864,4.220802670279648,2.4343396423658972e-05,9.578597288439725e-05,0.3978263773027478,1.087616521098833,557,151,4,181,True
pooled,mixedlm,IBD,Bacteria.Bacillota.Bacilli.Lactobacillales.Streptococcaceae.Streptococcus,Streptococcus,0.5105226883769477,0.17174168993273453,2.9726194529522934,0.0029527028908763932,0.005868535759733389,0.17390897610878803,0.8471364006451074,557,151,4,181,True
pooled,mixedlm,IBD,Bacteria.Bacillota.Bacilli.RF39.Incertae Sedis.Incertae Sedis,Incertae Sedis,-1.142493617814608,0.1712955999716583,-6.669719584178689,2.562926478770389e-11,6.626995609392006e-10,-1.4782329937590581,-0.8067542418701577,557,151,4,181,True
pooled,mixedlm,IBD,Bacteria.Bacillota.Clostridia.Christensenellales.Christensenellaceae.Christensenellaceae R-7 group,Christensenellaceae R-7 group,-2.1613378610323433,0.25184480075822113,-8.582022954316596,9.321903197010819e-18,1.6872644786589583e-15,-2.6549536705184567,-1.6677220515462299,557,151,4,181,True
pooled,mixedlm,IBD,Bacteria.Bacillota.Clostridia.Clostridia UCG-014.Incertae Sedis.Incertae Sedis,Incertae Sedis,-1.5339560878098135,0.2427174050098945,-6.319926202850104,2.616882419258167e-10,3.947130982381069e-09,-2.009682201629207,-1.0582299739904202,557,151,4,181,True
pooled,mixedlm,IBD,Bacteria.Bacillota.Clostridia.Clostridiales.Clostridiaceae.Clostridium,Clostridium,-0.2684888982339364,0.2523008125596936,-1.0641618451799981,0.2872553882448762,0.3466215018154839,-0.7629984908509359,0.22602069438306305,557,151,4,181,True
pooled,mixedlm,IBD,Bacteria.Bacillota.Clostridia.Lachnospirales.Lachnospiraceae.Agathobacter,Agathobacter,-0.9754459761027837,0.29133884186346354,-3.348149425815073,0.000813531349687672,0.0019374891354403767,-1.5464701061551722,-0.4044218460503952,557,151,4,181,True
pooled,mixedlm,IBD,Bacteria.Bacillota.Clostridia.Lachnospirales.Lachnospiraceae.Blautia,Blautia,-0.11713433376834163,0.1589740949435611,-0.7368139684011197,0.46123548747076826,0.5217726452013066,-0.4287235598577214,0.19445489232103813,557,151,4,181,True
pooled,mixedlm,IBD,Bacteria.Bacillota.Clostridia.Lachnospirales.Lachnospiraceae.Coprococcus,Coprococcus,-1.5823008498431061,0.2747961339630919,-5.758089922966771,8.50710367857973e-09,9.623661036393319e-08,-2.1209012724107663,-1.043700427275446,557,151,4,181,True
pooled,mixedlm,IBD,Bacteria.Bacillota.Clostridia.Lachnospirales.Lachnospiraceae.Dorea,Dorea,-1.09875277063208,0.2754134372961312,-3.9894668227486463,6.622198051231339e-05,0.00023050343216786008,-1.6385631077324971,-0.558942433531663,557,151,4,181,True
pooled,mixedlm,IBD,Bacteria.Bacillota.Clostridia.Lachnospirales.Lachnospiraceae.Lachnospiraceae NK4A136 group,Lachnospiraceae NK4A136 group,-1.1875058075456146,0.22673861669143724,-5.237333740823076,1.6291294325499067e-07,1.2286351137147213e-06,-1.6319134962608315,-0.7430981188303977,557,151,4,181,True
pooled,mixedlm,IBD,Bacteria.Bacillota.Clostridia.Lachnospirales.Lachnospiraceae.Mediterraneibacter,Mediterraneibacter,-0.6550343316011202,0.2295052305126363,-2.854115046258411,0.004315689954549634,0.008052988471891585,-1.1048645834058874,-0.20520407979635308,557,151,4,181,True
pooled,mixedlm,IBD,Bacteria.Bacillota.Clostridia.Lachnospirales.Lachnospiraceae.Roseburia,Roseburia,-0.869110501186922,0.253553521854867,-3.42772009171459,0.0006086726900692761,0.0015301355125352638,-1.3660754040224614,-0.37214559835138267,557,151,4,181,True
pooled,mixedlm,IBD,Bacteria.Bacillota.Clostridia.Lachnospirales.Lachnospiraceae.[Eubacterium] eligens group,[Eubacterium] eligens group,-1.175922137096037,0.23423032489565232,-5.020366759171345,5.15729142460583e-07,3.218861199495363e-06,-1.6350135738915157,-0.7168307003005585,557,151,4,181,True
pooled,mixedlm,IBD,Bacteria.Bacillota.Clostridia.Lachnospirales.Lachnospiraceae.[Eubacterium] ruminantium group,[Eubacterium] ruminantium group,-0.6125208287889607,0.14764663452243634,-4.1485593679135455,3.345740865293624e-05,0.00012616231179544708,-0.9019082324529359,-0.3231334251249855,557,151,4,181,True
pooled,mixedlm,IBD,Bacteria.Bacillota.Clostridia.NA.NA.NA,Clostridia,-0.8156159981914939,0.15926705082912332,-5.121059214354157,3.038242148915917e-07,2.0367475146436333e-06,-1.1277794178165756,-0.5034525785664121,557,151,4,181,True
pooled,mixedlm,IBD,Bacteria.Bacillota.Clostridia.Oscillospirales.Oscillospiraceae.Colidextribacter,Colidextribacter,-0.16329267605564393,0.20088920963115894,-0.8128494126461853,0.4163044012493059,0.4739062680888325,-0.5570355269327154,0.23045017482142757,557,151,4,181,True
pooled,mixedlm,IBD,Bacteria.Bacillota.Clostridia.Oscillospirales.Oscillospiraceae.UCG-002,UCG-002,-1.889081669912361,0.257717217319945,-7.330056135004539,2.300563485200343e-13,2.0820099541063105e-11,-2.3942074158594533,-1.3839559239652686,557,151,4,181,True
pooled,mixedlm,IBD,Bacteria.Bacillota.Clostridia.Oscillospirales.Ruminococcaceae.CAG-352,CAG-352,-0.39909779202911544,0.17886510017264665,-2.2312781623910576,0.025662709273906275,0.039363986259127424,-0.7496733883675029,-0.04852219569072802,557,151,4,181,True
pooled,mixedlm,IBD,Bacteria.Bacillota.Clostridia.Oscillospirales.Ruminococcaceae.Faecalibacterium,Faecalibacterium,-1.155836391618795,0.29072635490398535,-3.975684942634523,7.017698168507774e-05,0.00023522284601850129,-1.7256600472306063,-0.5860127360069838,557,151,4,181,True
pooled,mixedlm,IBD,Bacteria.Bacillota.Clostridia.Oscillospirales.Ruminococcaceae.Gemmiger,Gemmiger,-2.0783849849215184,0.3004003928416059,-6.918715935293074,4.557556932609582e-12,1.6498356096046688e-10,-2.667169754891066,-1.4896002149519707,557,151,4,181,True
pooled,mixedlm,IBD,Bacteria.Bacillota.Clostridia.Oscillospirales.Ruminococcaceae.NA,Ruminococcaceae,-1.0436863076001464,0.24547388975097692,-4.25172024877645,2.12134744677764e-05,8.726451996971656e-05,-1.524815131512061,-0.5625574836882317,557,151,4,181,True
pooled,mixedlm,IBD,Bacteria.Bacillota.Clostridia.Oscillospirales.Ruminococcaceae.Ruminococcus,Ruminococcus,-1.8837649462885715,0.2897550245392831,-6.501233065013452,7.966429573751452e-11,1.60213750316557e-09,-2.4516847943855664,-1.3158450981915766,557,151,4,181,True
pooled,mixedlm,IBD,Bacteria.Bacillota.Clostridia.Oscillospirales.Ruminococcaceae.Subdoligranulum,Subdoligranulum,-0.026996991765584677,0.16350248060828412,-0.16511671055476837,0.8688521204195017,0.8948369155940342,-0.34746185375782157,0.2934678702266522,557,151,4,181,True
pooled,mixedlm,IBD,Bacteria.Bacillota.Clostridia.Oscillospirales.Ruminococcaceae.[Eubacterium] siraeum group,[Eubacterium] siraeum group,-1.0209090780765722,0.1973015161928833,-5.174360024068566,2.286934807058724e-07,1.6557408003105162e-06,-1.4076200498146234,-0.6341981063385209,557,151,4,181,True
pooled,mixedlm,IBD,Bacteria.Bacillota.Clostridia.Oscillospirales.UCG-010.Incertae Sedis,Incertae Sedis,-0.7299665383545357,0.13353601251606692,-5.466439536426227,4.5916494816355946e-08,3.957564553219251e-07,-0.991697122886027,-0.46823595382304456,557,151,4,181,True
pooled,mixedlm,IBD,Bacteria.Bacillota.Clostridia.Peptostreptococcales-Tissierellales.Peptostreptococcaceae.Romboutsia,Romboutsia,-0.8788652563407854,0.25486358997763925,-3.4483750951553875,0.0005639702442511601,0.0014582659172779997,-1.3783978926969582,-0.3793326199846125,557,151,4,181,True
pooled,mixedlm,IBD,Bacteria.Bacillota.NA.NA.NA.NA,Bacteria.Bacillota.NA.NA.NA.NA,-0.3242084363722799,0.10917967468642192,-2.96949443477871,0.002982902154118629,0.005868535759733389,-0.5382005987576669,-0.11021627398689296,557,151,4,181,True
pooled,mixedlm,IBD,Bacteria.Bacillota.Negativicutes.Acidaminococcales.Acidaminococcaceae.Phascolarctobacterium,Phascolarctobacterium,-0.7053622553243691,0.2270217042447802,-3.107025637354175,0.0018898000879917973,0.004024162540311945,-1.1503247956441383,-0.26039971500459996,557,151,4,181,True
pooled,mixedlm,IBD,Bacteria.Bacteroidota.Bacteroidia.Bacteroidales.Bacteroidaceae.Bacteroides,Bacteroides,0.03568905512791534,0.21826962761558585,0.1635090301742326,0.8701176637820442,0.8948369155940342,-0.3921194149986329,0.46349752525446364,557,151,4,181,True
pooled,mixedlm,IBD,Bacteria.Bacteroidota.Bacteroidia.Bacteroidales.Prevotellaceae.Segatella,Segatella,-0.6601922621627225,0.2346056664255567,-2.814050795197693,0.004892149746312653,0.009035501062067249,-1.1200193683568136,-0.20036515596863141,557,151,4,181,True
pooled,mixedlm,IBD,Bacteria.Bacteroidota.Bacteroidia.Bacteroidales.Rikenellaceae.Alistipes,Alistipes,-1.1723917820600438,0.25486963164886384,-4.5999665573153035,4.2255877318162495e-06,2.067111836374976e-05,-1.6719362600918168,-0.6728473040282708,557,151,4,181,True
pooled,mixedlm,IBD,Bacteria.Bacteroidota.Bacteroidia.Bacteroidales.Tannerellaceae.Parabacteroides,Parabacteroides,-0.8505188838201198,0.25482156111640725,-3.3377037645240186,0.000844737580475948,0.0019602243854634177,-1.349969143608278,-0.35106862403196154,557,151,4,181,True
pooled,mixedlm,IBD,Bacteria.NA.NA.NA.NA.NA,Bacteria.NA.NA.NA.NA.NA,0.06609023979434624,0.13286303954485612,0.4974313399779884,0.6188849096845366,0.6589304038405948,-0.19432131771357175,0.32650179730226425,557,151,4,181,True
pooled,mixedlm,IBD,Bacteria.Pseudomonadota.Gammaproteobacteria.Enterobacterales.Enterobacteriaceae.Klebsiella,Klebsiella,0.6939124409072822,0.25491548328973046,2.7221274751624205,0.006486311685264717,0.011510023676793272,0.1942780936594105,1.193546788155154,557,151,4,181,True
pooled,mixedlm,IBD,Bacteria.Pseudomonadota.Gammaproteobacteria.Enterobacterales.Pasteurellaceae.Haemophilus,Haemophilus,0.4458241298397352,0.22032266910941153,2.0235054869380704,0.04302105845268426,0.061800091904252785,0.013991698385288576,0.8776565612941818,557,151,4,181,True
pooled,mixedlm,IBD,Archaea.Methanobacteriota.Methanobacteria.Methanobacteriales.Methanobacteriaceae.Methanobrevibacter,Methanobrevibacter,-0.5976116481961978,0.15784312752027507,-3.786111296606399,0.00015302315864962636,0.00046161986192637286,-0.9069841781359369,-0.2882391182564587,557,151,4,181,True
pooled,mixedlm,IBD,Bacteria.Actinomycetota.Actinobacteria.Micrococcales.Micrococcaceae.Rothia,Rothia,0.5708727303185183,0.15393932105505964,3.7084269724324272,0.0002085507870163218,0.0006088337491928104,0.26915166105060134,0.8725937995864352,557,151,4,181,True
pooled,mixedlm,IBD,Bacteria.Actinomycetota.Coriobacteriia.Coriobacteriales.Eggerthellaceae.Eggerthella,Eggerthella,0.5537530209241643,0.209274266793186,2.646063605476192,0.008143450271635877,0.013965279230804177,0.14357545800951976,0.9639305838388089,557,151,4,181,True
pooled,mixedlm,IBD,Bacteria.Bacillota.Bacilli.Lactobacillales.Enterococcaceae.Enterococcus,Enterococcus,1.0303378072326999,0.2524959808752258,4.080610723629121,4.491752622595243e-05,0.00016591984177341613,0.5354456847172573,1.5252299297481424,557,151,4,181,True
pooled,mixedlm,IBD,Bacteria.Bacillota.Bacilli.Lactobacillales.Lactobacillaceae.Lactobacillus,Lactobacillus,0.6765321533962974,0.2302803678414745,2.9378629178759326,0.0033048311595428852,0.006363557871034704,0.22518263242700737,1.1278816743655873,557,151,4,181,True
pooled,mixedlm,IBD,Bacteria.Bacillota.Bacilli.Staphylococcales.Gemellaceae.Gemella,Gemella,0.6262384452110256,0.16110023617729702,3.8872596345658117,0.00010138229751591541,0.0003163826870755291,0.3104819823035234,0.9419949081185277,557,151,4,181,True
pooled,mixedlm,IBD,Bacteria.Bacillota.Bacilli.Staphylococcales.Staphylococcaceae.Staphylococcus,Staphylococcus,0.30717255845474356,0.11341351509538324,2.708429927389207,0.006760238604946418,0.011879642597041763,0.08488206886779243,0.5294630480416946,557,151,4,181,True
pooled,mixedlm,IBD,Bacteria.Bacillota.Clostridia.Lachnospirales.Lachnospiraceae.NA,Lachnospiraceae,-0.6521000782006079,0.18812185032104217,-3.466370743684249,0.000527535313607527,0.0013838245183038025,-1.0208189048298506,-0.28338125157136523,557,151,4,181,True
pooled,mixedlm,IBD,Bacteria.Bacillota.Clostridia.Oscillospirales.Butyricicoccaceae.Agathobaculum,Agathobaculum,-0.750557022319759,0.2151060345131803,-3.489242056915747,0.00048439230050045015,0.001289338329273257,-1.1721648499655923,-0.3289491946739256,557,151,4,181,True
pooled,mixedlm,IBD,Bacteria.Bacillota.Clostridia.Oscillospirales.Oscillospiraceae.Intestinimonas,Intestinimonas,-0.615615295073925,0.21493723615286098,-2.8641630742665094,0.004181126963747008,0.007883166462898005,-1.0368922779335326,-0.19433831221431747,557,151,4,181,True
pooled,mixedlm,IBD,Bacteria.Bacillota.Clostridia.Oscillospirales.Oscillospiraceae.NA,Oscillospiraceae,-0.0871743953896721,0.12384468679987312,-0.7039009717917217,0.4814944462395654,0.5383315665262498,-0.3299099815174234,0.15556119073807922,557,151,4,181,True
pooled,mixedlm,IBD,Bacteria.Bacillota.Clostridia.Oscillospirales.Oscillospiraceae.NK4A214 group,NK4A214 group,-1.4237654037061829,0.21955921383266125,-6.484653405578856,8.89359936260481e-11,1.6097414846314707e-09,-1.8541014628181989,-0.9934293445941669,557,151,4,181,True
pooled,mixedlm,IBD,Bacteria.Bacillota.Clostridia.Oscillospirales.Ruminococcaceae.Acutalibacter,Acutalibacter,-0.540222005133419,0.1784450284992271,-3.0273861349729834,0.0024667862925898247,0.0050167226849298675,-0.8899742609919041,-0.19046974927493387,557,151,4,181,True
pooled,mixedlm,IBD,Bacteria.Bacillota.Clostridia.Oscillospirales.Ruminococcaceae.Incertae Sedis,Incertae Sedis,-0.9801568806555242,0.19093624545068863,-5.1334249206689275,2.845165583029449e-07,1.980672963570501e-06,-1.3543919217388738,-0.6059218395721745,557,151,4,181,True
pooled,mixedlm,IBD,Bacteria.Bacillota.Clostridia.Peptostreptococcales-Tissierellales.Anaerovoracaceae.Mogibacterium,Mogibacterium,0.10438610714380471,0.12828081508332975,0.8137312432571986,0.4157989315755084,0.4739062680888325,-0.1470442904195216,0.355816504707131,557,151,4,181,True
pooled,mixedlm,IBD,Bacteria.Pseudomonadota.Gammaproteobacteria.Enterobacterales.Enterobacteriaceae.Escherichia-Shigella,Escherichia-Shigella,0.9785892061138607,0.2915689604835177,3.3562873239011326,0.0007899645227515034,0.0019064477149069617,0.407114043566166,1.5500643686615554,557,151,4,181,True
pooled,mixedlm,IBD,Bacteria.Verrucomicrobiota.Verrucomicrobiia.Verrucomicrobiales.Akkermansiaceae.Akkermansia,Akkermansia,-1.439214224554395,0.26697357423537915,-5.390848995734318,7.012558373698805e-08,5.769423025634017e-07,-1.9624824300557382,-0.915946019053052,557,151,4,181,True
pooled,mixedlm,IBD,Bacteria.Actinomycetota.Coriobacteriia.Coriobacteriales.Eggerthellaceae.Incertae Sedis,Incertae Sedis,-0.8405214116782149,0.14744046462470703,-5.7007512409681205,1.1928059144688936e-08,1.199432613993721e-07,-1.1295047223426407,-0.5515381010137892,557,151,4,181,True
pooled,mixedlm,IBD,Bacteria.Actinomycetota.Coriobacteriia.Coriobacteriales.Eggerthellaceae.Slackia,Slackia,-0.2201478433291455,0.15968316348480235,-1.3786540705031674,0.16800143687967506,0.2141426765860647,-0.5331268437593581,0.0928311571010671,557,151,4,181,True
pooled,mixedlm,IBD,Bacteria.Bacillota.Bacilli.Erysipelotrichales.Erysipelatoclostridiaceae.Erysipelotrichaceae UCG-003,Erysipelotrichaceae UCG-003,-0.8470001891423238,0.28600637600008555,-2.9614731006628694,0.0030617123667017665,0.005958816541645373,-1.4075726861024913,-0.28642769218215614,557,151,4,181,True
pooled,mixedlm,IBD,Bacteria.Bacillota.Bacilli.Erysipelotrichales.Erysipelatoclostridiaceae.Massiliomicrobiota,Massiliomicrobiota,0.2324143544037342,0.15137191471930755,1.5353862361766746,0.12468898258680915,0.1635413467261772,-0.06427459844610861,0.529103307253577,557,151,4,181,True
pooled,mixedlm,IBD,Bacteria.Bacillota.Clostridia.Oscillospirales.Ruminococcaceae.Fournierella,Fournierella,-0.12618822873229518,0.14460773504364172,-0.8726243357190565,0.38286787159426094,0.4442249022984694,-0.40961938941783294,0.15724293195324257,557,151,4,181,True
pooled,mixedlm,IBD,Bacteria.Bacillota.Clostridia.Oscillospirales.[Eubacterium] coprostanoligenes group.Incertae Sedis,Incertae Sedis,-1.4994848292943528,0.2717973293445524,-5.516922601522268,3.449872763977191e-08,3.1221348513993583e-07,-2.0322075948096754,-0.9667620637790301,557,151,4,181,True
pooled,mixedlm,IBD,Bacteria.Bacillota.Clostridia.Peptococcales.Peptococcaceae.Peptococcus,Peptococcus,-0.1194143149891483,0.1328949877990305,-0.8985614654612237,0.36888629185637467,0.43356116120781696,-0.3798884910752481,0.1410598610969515,557,151,4,181,True
pooled,mixedlm,IBD,Bacteria.Bacillota.Clostridia.Peptostreptococcales-Tissierellales.Anaerovoracaceae.Family XIII AD3011 group,Family XIII AD3011 group,-1.2260826376849052,0.1873519270131656,-6.5442755632758765,5.978447278063597e-11,1.3526236966618888e-09,-1.5932924146307097,-0.8588728607391006,557,151,4,181,True
pooled,mixedlm,IBD,Bacteria.Bacillota.Clostridia.Peptostreptococcales-Tissierellales.Family XI.Parvimonas,Parvimonas,0.2150163023612233,0.12321021482706906,1.7451175023354037,0.08096441755338836,0.10855229316417254,-0.026475718699832063,0.45650832342227865,557,151,4,181,True
pooled,mixedlm,IBD,Bacteria.Bacillota.Clostridia.Peptostreptococcales-Tissierellales.Peptostreptococcaceae.Intestinibacter,Intestinibacter,0.40515398057517726,0.2563432472553959,1.5805135688693237,0.11398930198372147,0.15059900481061012,-0.09727878404539869,0.9075867451957532,557,151,4,181,True
pooled,mixedlm,IBD,Bacteria.Bacteroidota.Bacteroidia.Bacteroidales.Muribaculaceae.Incertae Sedis,Incertae Sedis,-0.6071991007598577,0.17206211944372107,-3.5289528149655474,0.0004172075117390785,0.001148651450557494,-0.9444408548695511,-0.2699573466501644,557,151,4,181,True
pooled,mixedlm,IBD,Bacteria.Actinomycetota.Actinobacteria.Actinomycetales.Actinomycetaceae.Schaalia,Schaalia,0.5967225640004487,0.16941732982411933,3.522204987057324,0.00042797308066382474,0.0011561660835843624,0.26466459754517474,0.9287805304557226,557,151,4,181,True
pooled,mixedlm,IBD,Bacteria.Bacillota.Clostridia.Lachnospirales.Lachnospiraceae.Anaerostipes,Anaerostipes,-0.4498838176928927,0.2066059965133372,-2.177496419683303,0.029443548654643183,0.044410685887420136,-0.8548315708590336,-0.04493606452675181,557,151,4,181,True
pooled,mixedlm,IBD,Bacteria.Bacillota.Clostridia.Lachnospirales.Lachnospiraceae.Fusicatenibacter,Fusicatenibacter,-1.3480804626082343,0.2839874513028182,-4.746971939864923,2.0648458455562545e-06,1.1679284313927564e-05,-1.904695867161758,-0.7914650580547107,557,151,4,181,True
pooled,mixedlm,IBD,Bacteria.Bacillota.Clostridia.Lachnospirales.Lachnospiraceae.Marvinbryantia,Marvinbryantia,-1.1539000688762875,0.19583716847983787,-5.892140280791925,3.812253240259538e-09,5.3078295114382805e-08,-1.5377409190967697,-0.7700592186558053,557,151,4,181,True
pooled,mixedlm,IBD,Bacteria.Bacillota.Negativicutes.Veillonellales-Selenomonadales.Veillonellaceae.Dialister,Dialister,0.8384118840491475,0.31985685079726467,2.621209712905475,0.00876183453897151,0.014684185662535584,0.21149245648650872,1.465331311611786,557,151,4,181,True
pooled,mixedlm,IBD,Bacteria.Bacillota.Negativicutes.Veillonellales-Selenomonadales.Veillonellaceae.Megasphaera,Megasphaera,-0.14898590547078244,0.21542685639022793,-0.6915846425429278,0.489198208806793,0.5432200968958867,-0.5712225439956291,0.2732507330540643,557,151,4,181,True
pooled,mixedlm,IBD,Bacteria.Bacillota.Bacilli.Erysipelotrichales.Erysipelotrichaceae.Turicibacter,Turicibacter,-0.26653514548514257,0.2221101380265678,-1.2000134161064762,0.23013413004377914,0.2795589096504968,-0.7018710160172155,0.16880072504693028,557,151,4,181,True
pooled,mixedlm,IBD,Bacteria.Bacillota.Clostridia.Lachnospirales.Lachnospiraceae.Faecalimonas,Faecalimonas,0.44769988761253104,0.2541764412051948,1.7613744432400256,0.07817504769257581,0.10559465397280762,-0.05048593714965072,0.9458857123747129,557,151,4,181,True
pooled,mixedlm,IBD,Bacteria.Bacillota.Clostridia.Peptostreptococcales-Tissierellales.Peptostreptococcaceae.Terrisporobacter,Terrisporobacter,0.2694358660406206,0.20299525951257658,1.3273012714069201,0.18440904345278541,0.2317919226732928,-0.1284348426040295,0.6673065746852707,557,151,4,181,True
pooled,mixedlm,IBD,Bacteria.Bacillota.Bacilli.Lactobacillales.Streptococcaceae.Lactococcus,Lactococcus,0.6885449274231934,0.17435934941578848,3.9489991774472903,7.847862130852139e-05,0.0002582660083062249,0.34680060256824796,1.0302892522781388,557,151,4,181,True
pooled,mixedlm,IBD,Bacteria.Bacillota.Clostridia.Lachnospirales.Lachnospiraceae.CAG-56,CAG-56,-0.7623710882280762,0.22268033904520532,-3.4236120328221284,0.0006179477411694307,0.0015321717965981775,-1.1988245527566785,-0.3259176236994738,557,151,4,181,True
pooled,mixedlm,IBD,Bacteria.Bacillota.Clostridia.Lachnospirales.Lachnospiraceae.Lachnoclostridium,Lachnoclostridium,-0.20661690016754206,0.21896410065531716,-0.9436108455640796,0.3453685479568912,0.4085732495437733,-0.6357865374519637,0.2225527371168796,557,151,4,181,True
pooled,mixedlm,IBD,Bacteria.Bacillota.Clostridia.Lachnospirales.Lachnospiraceae.Lachnospira,Lachnospira,-0.7383587964073849,0.2400400629662301,-3.075981514432699,0.0020981085239089514,0.004415786544506048,-1.208837319821196,-0.2678802729935739,557,151,4,181,True
pooled,mixedlm,IBD,Bacteria.Bacillota.Clostridia.Lachnospirales.Lachnospiraceae.Lachnospiraceae FCS020 group,Lachnospiraceae FCS020 group,-1.0703777219436976,0.18676688447438,-5.731089453872258,9.978762065455412e-09,1.0624446669690762e-07,-1.4364408155134825,-0.7043146283739128,557,151,4,181,True
pooled,mixedlm,IBD,Bacteria.Bacillota.Clostridia.Oscillospirales.Ruminococcaceae.Ruthenibacterium,Ruthenibacterium,-0.5596201098638107,0.21160796576502217,-2.6446079562299416,0.008178561317487528,0.013965279230804177,-0.9743717227632542,-0.14486849696436727,557,151,4,181,True
pooled,mixedlm,IBD,Bacteria.Actinomycetota.Actinobacteria.Bifidobacteriales.Bifidobacteriaceae.Bifidobacterium,Bifidobacterium,-0.035860642118034844,0.27498640672588764,-0.13040878109215595,0.8962430196123944,0.9164970991516576,-0.5748339993007746,0.5031127150647049,557,151,4,181,True
pooled,mixedlm,IBD,Bacteria.Bacillota.Bacilli.Erysipelotrichales.Erysipelotrichaceae.Solobacterium,Solobacterium,0.37088661123039124,0.11421931377074743,3.247144453825099,0.0011656920882278038,0.002637378349615406,0.1470167562397263,0.5947564662210562,557,151,4,181,True
pooled,mixedlm,IBD,Bacteria.Bacillota.Bacilli.Lactobacillales.Lactobacillaceae.Ligilactobacillus,Ligilactobacillus,0.48807767894641085,0.15992367001735458,3.0519414599067525,0.002273664382267118,0.004730267278049981,0.17462728571239589,0.8015280721804259,557,151,4,181,True
pooled,mixedlm,IBD,Bacteria.Bacillota.Clostridia.Oscillospirales.Ruminococcaceae.Candidatus Soleaferrea,Candidatus Soleaferrea,0.022694417921849865,0.12234274900058566,0.18549867570607906,0.8528379188753237,0.8871474903243309,-0.21709737011929803,0.26248620596299777,557,151,4,181,True
pooled,mixedlm,IBD,Bacteria.Bacillota.Clostridia.Peptostreptococcales-Tissierellales.Family XI.Anaerococcus,Anaerococcus,0.776784695319091,0.11387456267495862,6.8214066168256595,9.01533649377057e-12,2.719626508954122e-10,0.5535905524761722,0.9999788381620098,557,151,4,181,True
pooled,mixedlm,IBD,Bacteria.Thermodesulfobacteriota.Desulfovibrionia.Desulfovibrionales.Desulfovibrionaceae.Bilophila,Bilophila,-0.47254935328927444,0.2317873407546043,-2.0387194216511046,0.041478038269707834,0.06006019941453694,-0.9268525411682988,-0.018246165410250037,557,151,4,181,True
pooled,mixedlm,IBD,Bacteria.Actinomycetota.Coriobacteriia.Coriobacteriales.Eggerthellaceae.Gordonibacter,Gordonibacter,0.09104466886883578,0.13434093702068065,0.6777135167281156,0.49795335450436495,0.5495704705200614,-0.17226356769169826,0.3543529054293698,557,151,4,181,True
pooled,mixedlm,IBD,Bacteria.Bacillota.Bacilli.Lactobacillales.Carnobacteriaceae.Granulicatella,Granulicatella,0.7226944911289553,0.1736422719213767,4.161973251859912,3.1550931519880764e-05,0.00012150465117230677,0.382355638163057,1.0630333440948536,557,151,4,181,True
pooled,mixedlm,IBD,Bacteria.Bacillota.Clostridia.Lachnospirales.Lachnospiraceae.Anaerobutyricum,Anaerobutyricum,-1.3115692627774584,0.2609511532368893,-5.026110237523368,5.005282366547344e-07,3.218861199495363e-06,-1.8230335231217614,-0.8001050024331555,557,151,4,181,True
pooled,mixedlm,IBD,Bacteria.Bacillota.Clostridia.Lachnospirales.Lachnospiraceae.Extibacter,Extibacter,0.6566440730800531,0.24976293000726735,2.629069386161296,0.00856188894527431,0.01448319531864159,0.16710873026580914,1.146179415894297,557,151,4,181,True
pooled,mixedlm,IBD,Bacteria.Bacillota.Clostridia.Lachnospirales.Lachnospiraceae.Lachnospiraceae UCG-004,Lachnospiraceae UCG-004,-0.015490351520309921,0.22217919345982068,-0.06972008170113025,0.9444164577884419,0.9521346542583554,-0.45096157070155846,0.4199808676609386,557,151,4,181,True
pooled,mixedlm,IBD,Bacteria.Bacillota.Clostridia.Lachnospirales.Lachnospiraceae.[Eubacterium] ventriosum group,[Eubacterium] ventriosum group,-0.8316120733306632,0.21174422080945793,-3.9274369338231203,8.585592384906982e-05,0.0002774986110121721,-1.2466307461172008,-0.4165934005441257,557,151,4,181,True
pooled,mixedlm,IBD,Bacteria.Bacillota.Clostridia.Lachnospirales.Lachnospiraceae.[Ruminococcus] gnavus group,[Ruminococcus] gnavus group,1.3726752798900674,0.3072820524764301,4.46715084342701,7.926823847440725e-06,3.586887790966929e-05,0.7704024570362644,1.9749481027438704,557,151,4,181,True
pooled,mixedlm,IBD,Bacteria.Bacillota.Clostridia.Monoglobales.Monoglobaceae.Monoglobus,Monoglobus,-0.9181658998840693,0.2375077339357674,-3.865835796877174,0.00011070940822369291,0.00033963394726251554,-1.3836810583981733,-0.45265074136996514,557,151,4,181,True
pooled,mixedlm,IBD,Bacteria.Bacillota.Clostridia.Oscillospirales.Oscillospiraceae.UCG-005,UCG-005,-1.5665614741050018,0.22231008647309372,-7.046740428912583,1.8315752503811197e-12,8.287878007974567e-11,-2.0022892435922657,-1.1308337046177381,557,151,4,181,True
pooled,mixedlm,IBD,Bacteria.Bacillota.Clostridia.Peptostreptococcales-Tissierellales.Anaerovoracaceae.Family XIII UCG-001,Family XIII UCG-001,-0.5922962897134901,0.1312762304380292,-4.511831941983526,6.4270103642185095e-06,2.9827919895475647e-05,-0.8495977013720273,-0.3349948780549529,557,151,4,181,True
pooled,mixedlm,IBD,Bacteria.Bacillota.Clostridia.Lachnospirales.Lachnospiraceae.Butyribacter,Butyribacter,-0.968584512922814,0.15012048552530835,-6.452047563885099,1.1034893108546675e-10,1.8157415024063166e-09,-1.2628206645524185,-0.6743483612932096,557,151,4,181,True
pooled,mixedlm,IBD,Bacteria.Bacillota.Clostridia.Lachnospirales.Lachnospiraceae.[Eubacterium] xylanophilum group,[Eubacterium] xylanophilum group,-0.7812244099467028,0.18492720887928052,-4.224496842196336,2.394752094505698e-05,9.578597288439725e-05,-1.1436817393500927,-0.418767080543313,557,151,4,181,True
pooled,mixedlm,IBD,Bacteria.Bacillota.Clostridia.Lachnospirales.Lachnospiraceae.[Ruminococcus] gauvreauii group,[Ruminococcus] gauvreauii group,-0.7115030176383101,0.2647595221796521,-2.6873557248510256,0.007202020769701738,0.012534286147269372,-1.2304316811104283,-0.19257435416619206,557,151,4,181,True
pooled,mixedlm,IBD,Bacteria.Bacillota.Clostridia.Oscillospirales.Oscillospiraceae.UCG-003,UCG-003,-0.8614913034090378,0.18093228672216566,-4.76140173219564,1.9225290740358685e-06,1.1225089109693296e-05,-1.2161185853844825,-0.5068640214335931,557,151,4,181,True
pooled,mixedlm,IBD,Bacteria.Bacillota.Clostridia.Oscillospirales.Ruminococcaceae.Paludicola,Paludicola,-0.49090564317174096,0.12344850875613464,-3.9766024565067575,6.990688694533004e-05,0.00023522284601850129,-0.7328647203337648,-0.24894656600971707,557,151,4,181,True
pooled,mixedlm,IBD,Bacteria.Bacillota.Bacilli.Erysipelotrichales.Erysipelatoclostridiaceae.Thomasclavelia,Thomasclavelia,0.6634940918030557,0.2417216642248556,2.744868127276572,0.00605352177104406,0.010848390500583909,0.18971962992233876,1.1372685536837728,557,151,4,181,True
pooled,mixedlm,IBD,Bacteria.Bacillota.Bacilli.Erysipelotrichales.Erysipelotrichaceae.Amedibacillus,Amedibacillus,0.3055849371108425,0.12175007879874918,2.5099362573388495,0.012075295654745157,0.019172179943060294,0.06695478266529412,0.5442150915563909,557,151,4,181,True
pooled,mixedlm,IBD,Bacteria.Bacillota.Bacilli.Erysipelotrichales.Erysipelotrichaceae.[Clostridium] innocuum group,[Clostridium] innocuum group,0.9436827052492275,0.2036004935102967,4.634972582723639,3.5698479164738026e-06,1.8461213510907378e-05,0.544625737969046,1.342739672529409,557,151,4,181,True
pooled,mixedlm,IBD,Bacteria.Bacillota.Negativicutes.Veillonellales-Selenomonadales.Veillonellaceae.Veillonella,Veillonella,0.8036600577366603,0.24197316108059422,3.321277674547486,0.0008960634038043636,0.002053006026437846,0.3293926620186956,1.277927453454625,557,151,4,181,True
pooled,mixedlm,IBD,Bacteria.Bacteroidota.Bacteroidia.Bacteroidales.Barnesiellaceae.Barnesiella,Barnesiella,-0.7451939723191447,0.20457843877093854,-3.6425831421732577,0.0002699157555236603,0.0007754722499965479,-1.1461677123101843,-0.3442202323281052,557,151,4,181,True
pooled,mixedlm,IBD,Bacteria.Bacillota.Clostridia.Lachnospirales.Lachnospiraceae.Hungatella,Hungatella,0.4082885581714111,0.1951491606921324,2.092187108175821,0.036421781275135054,0.05359627976259711,0.025796203214831614,0.7907809131279906,557,151,4,181,True
pooled,mixedlm,IBD,Bacteria.Bacillota.Clostridia.Oscillospirales.Ruminococcaceae.DTU089,DTU089,0.059467354064467265,0.17179529477022165,0.34615240274191206,0.7292281831208731,0.7673854717725467,-0.2772514236851672,0.39618613181410167,557,151,4,181,True
pooled,mixedlm,IBD,Bacteria.Bacillota.Bacilli.Lactobacillales.Lactobacillaceae.Leuconostoc,Leuconostoc,0.13756566061335812,0.10599162323708547,1.2978918183529167,0.1943245119077196,0.24257059762273966,-0.07017792093132941,0.34530924215804565,557,151,4,181,True
pooled,mixedlm,IBD,Bacteria.Bacillota.Clostridia.Lachnospirales.Lachnospiraceae.GCA-900066575,GCA-900066575,-0.5421823921463337,0.16837734986048816,-3.220043507013074,0.0012817114315555314,0.002829143525750624,-0.8722019978728905,-0.21216278641977687,557,151,4,181,True
pooled,mixedlm,IBD,Bacteria.Bacillota.Clostridia.Lachnospirales.Lachnospiraceae.Lachnospiraceae UCG-010,Lachnospiraceae UCG-010,0.01453594062937191,0.21815078771474058,0.06663253789566631,0.9468742418038893,0.9521346542583554,-0.4130396032915196,0.44211148455026344,557,151,4,181,True
pooled,mixedlm,IBD,Bacteria.Bacillota.Clostridia.Oscillospirales.Butyricicoccaceae.UCG-009,UCG-009,-0.16889512565743733,0.11450910130897814,-1.474949359716921,0.14022615854138865,0.18129239068565245,-0.3933329642230345,0.05554271290815982,557,151,4,181,True
pooled,mixedlm,IBD,Bacteria.Thermodesulfobacteriota.Desulfovibrionia.Desulfovibrionales.Desulfovibrionaceae.Desulfovibrio,Desulfovibrio,-0.4503408497411881,0.17526136520527574,-2.5695386385569012,0.010183403486587797,0.016756327555203555,-0.7938531255435286,-0.10682857393884765,557,151,4,181,True
pooled,mixedlm,IBD,Bacteria.Actinomycetota.Coriobacteriia.Coriobacteriales.Coriobacteriales Incertae Sedis.Incertae Sedis,Incertae Sedis,-0.5373483582323895,0.1661934832423178,-3.2332697272426176,0.0012238195418524938,0.002734707865127177,-0.8630875853873323,-0.21160913107744656,557,151,4,181,True
pooled,mixedlm,IBD,Bacteria.Bacillota.Clostridia.Clostridia vadinBB60 group.Incertae Sedis.Incertae Sedis,Incertae Sedis,-0.1054699265166383,0.10464841260207747,-1.0078502281509478,0.31352636863106254,0.37334389948830476,-0.3105808152167101,0.09964096218343353,557,151,4,181,True
pooled,mixedlm,IBD,Bacteria.Pseudomonadota.Alphaproteobacteria.Rhodospirillales.Incertae Sedis.Incertae Sedis,Incertae Sedis,-0.30481067653658495,0.1268291324608887,-2.4033175235238784,0.016247073327239726,0.025351036829572328,-0.5533957761599269,-0.05622557691324309,557,151,4,181,True
pooled,mixedlm,IBD,Bacteria.Pseudomonadota.Gammaproteobacteria.Burkholderiales.Sutterellaceae.Sutterella,Sutterella,-0.13342985833341595,0.23433146641219815,-0.5694064923346984,0.5690803119259302,0.6242638573248083,-0.5927195325013244,0.3258598158344924,557,151,4,181,True
pooled,mixedlm,IBD,Bacteria.Actinomycetota.Actinobacteria.Mycobacteriales.Corynebacteriaceae.Corynebacterium,Corynebacterium,0.5942976375575918,0.11899035263355168,4.994502700465297,5.89875662732729e-07,3.558916498487465e-06,0.36107654639583053,0.8275187287193531,557,151,4,181,True
pooled,mixedlm,IBD,Bacteria.Bacillota.Clostridia.Lachnospirales.Lachnospiraceae.Lachnospiraceae ND3007 group,Lachnospiraceae ND3007 group,-1.5189350510991106,0.2138367636816142,-7.103245601680931,1.2186056072396964e-12,7.352253830346169e-11,-1.9380551079150745,-1.0998149942831468,557,151,4,181,True
pooled,mixedlm,IBD,Bacteria.Bacillota.Clostridia.Oscillospirales.Oscillospiraceae.Oscillibacter,Oscillibacter,-0.35249782962400095,0.1896281635670576,-1.8588896448356325,0.06304278218326202,0.08644502708462444,-0.7241690302154339,0.01917337096743199,557,151,4,181,True
pooled,mixedlm,IBD,Bacteria.Bacillota.Clostridia.Peptococcales.Peptococcaceae.Incertae Sedis,Incertae Sedis,-0.2946854374576672,0.11509801930090242,-2.5602998144326596,0.010458189611154276,0.016920231871513,-0.5202775552874359,-0.06909331962789844,557,151,4,181,True
pooled,mixedlm,IBD,Bacteria.Bacteroidota.Bacteroidia.Bacteroidales.Prevotellaceae.Paraprevotella,Paraprevotella,-0.5861311070855744,0.18553378584887026,-3.15916103583968,0.0015822403657606541,0.0034504277855744387,-0.94977732734936,-0.22248488682178869,557,151,4,181,True
pooled,mixedlm,IBD,Bacteria.Bacillota.Clostridia.Lachnospirales.Defluviitaleaceae.Defluviitaleaceae UCG-011,Defluviitaleaceae UCG-011,-0.7333721877472437,0.1271889250335565,-5.766006651552065,8.117185700303561e-09,9.623661036393319e-08,-0.9826624808130144,-0.4840818946814729,557,151,4,181,True
pooled,mixedlm,IBD,Bacteria.Bacillota.Clostridia.Peptostreptococcales-Tissierellales.Family XI.Peptoniphilus,Peptoniphilus,0.7074993049435288,0.12243890470499134,5.778386425852165,7.542042849033718e-09,9.623661036393319e-08,0.4675190517217457,0.9474795581653118,557,151,4,181,True
pooled,mixedlm,IBD,Bacteria.Bacteroidota.Bacteroidia.Bacteroidales.Marinifilaceae.Odoribacter,Odoribacter,-0.739820682645235,0.1717694594979807,-4.307056008719247,1.6544172993996257e-05,6.963942585844936e-05,-1.0764888232612773,-0.4031525420291929,557,151,4,181,True
pooled,mixedlm,IBD,Bacteria.Bacteroidota.Bacteroidia.Bacteroidales.Porphyromonadaceae.Porphyromonas,Porphyromonas,0.5493999824952365,0.11687637622259556,4.700693161883143,2.5927986373974736e-06,1.4221107677846748e-05,0.3203222850989492,0.7784776798915237,557,151,4,181,True
pooled,mixedlm,IBD,Bacteria.Bacteroidota.Bacteroidia.Bacteroidales.Prevotellaceae.Prevotella,Prevotella,0.28643568400114394,0.11189294586668606,2.5599083282910025,0.01046997773264893,0.016920231871513,0.06712551010243925,0.5057458578998486,557,151,4,181,True
pooled,mixedlm,IBD,Bacteria.Bacillota.Clostridia.Lachnospirales.Lachnospiraceae.Enterocloster,Enterocloster,0.45693289412434657,0.22411817765197567,2.038803362188228,0.04146965663223011,0.06006019941453694,0.017661265926474268,0.8962045223222188,557,151,4,181,True
pooled,mixedlm,IBD,Bacteria.Bacillota.Clostridia.Eubacteriales.Anaerofustaceae.Anaerofustis,Anaerofustis,0.3695191350167344,0.09961231946293742,3.7095726413058854,0.00020760938642724893,0.0006088337491928104,0.17427898886937707,0.5647592811640917,557,151,4,181,True
pooled,mixedlm,IBD,Bacteria.Pseudomonadota.Alphaproteobacteria.Rickettsiales.Mitochondria.Incertae Sedis,Incertae Sedis,0.27879404006015307,0.09635747687890969,2.8933306380625488,0.00381179799992861,0.007262478294600826,0.08993338537749007,0.46765469474281607,557,151,4,181,True
pooled,mixedlm,IBD,Bacteria.Bacillota.Clostridia.Oscillospirales.Oscillospiraceae.Incertae Sedis,Incertae Sedis,-1.008722014952493,0.22238038866091842,-4.536020559306486,5.7325594351227295e-06,2.7305085730453004e-05,-1.444587576727893,-0.5728564531770928,557,151,4,181,True
pooled,mixedlm,IBD,Bacteria.Bacillota.Clostridia.Peptostreptococcales-Tissierellales.Peptostreptococcaceae.Peptostreptococcus,Peptostreptococcus,0.6972422520574766,0.1243748731597876,5.6059735728269775,2.0708756113887436e-08,1.9727815034808559e-07,0.45346750066429287,0.9410170034506603,557,151,4,181,True
pooled,mixedlm,IBD,Bacteria.Bacillota.Clostridia.Eubacteriales.Eubacteriaceae.Eubacterium,Eubacterium,0.11846800426738167,0.13316894361576853,0.8896068486448058,0.3736770275151552,0.436358335356407,-0.1425431252195246,0.379479133754288,557,151,4,181,True
pooled,mixedlm,IBD,Bacteria.Bacillota.Clostridia.Oscillospirales.Ethanoligenenaceae.Acetanaerobacterium,Acetanaerobacterium,0.19917314615084983,0.0814446996381152,2.4455016352916727,0.014465079261924663,0.02276677692529012,0.039541534860144056,0.3588047574415556,557,151,4,181,True
pooled,mixedlm,IBD,Bacteria.Bacillota.Clostridia.Oscillospirales.Ruminococcaceae.Angelakisella,Angelakisella,-0.3438363364270621,0.11314322168184698,-3.0389477276324377,0.0023740604317264943,0.004883010660710176,-0.5655970509234822,-0.12207562193064198,557,151,4,181,True
pooled,mixedlm,IBD,Bacteria.Pseudomonadota.Gammaproteobacteria.Pseudomonadales.Pseudomonadaceae.Pseudomonas,Pseudomonas,0.19598310231075822,0.10079566156971764,1.9443604938809989,0.05185199439130648,0.07332196081895682,-0.0015763943658883561,0.3935425989874048,557,151,4,181,True
pooled,mixedlm,IBD,Bacteria.Bacillota.Bacilli.Erysipelotrichales.Erysipelotrichaceae.Holdemania,Holdemania,-0.2223864729340798,0.16125301755286536,-1.379115109341581,0.1678592660178151,0.2141426765860647,-0.5384423873376959,0.09366944146953629,557,151,4,181,True
pooled,mixedlm,IBD,Bacteria.Bacillota.Negativicutes.Acidaminococcales.Acidaminococcaceae.Acidaminococcus,Acidaminococcus,0.5693921870297809,0.20436210118759646,2.7861926635169065,0.0053331163598896395,0.009652940611400247,0.16884246870209185,0.9699419053574699,557,151,4,181,True
pooled,mixedlm,IBD,Bacteria.Bacillota.Clostridia.Peptostreptococcales-Tissierellales.Anaerovoracaceae.[Eubacterium] brachy group,[Eubacterium] brachy group,-0.04498833647824092,0.1518104549432101,-0.29634544271058505,0.7669662853332261,0.8024329343659764,-0.3425368281669327,0.2525601552104509,557,151,4,181,True
pooled,mixedlm,IBD,Bacteria.Bacteroidota.Bacteroidia.Bacteroidales.Marinifilaceae.Butyricimonas,Butyricimonas,-0.5304939432460299,0.14934759836118866,-3.55207548743476,0.00038220519393595355,0.0010809240641001187,-0.8232152360339597,-0.2377726504581002,557,151,4,181,True
pooled,mixedlm,IBD,Bacteria.Fusobacteriota.Fusobacteriia.Fusobacteriales.Fusobacteriaceae.Fusobacterium,Fusobacterium,0.7952795011724714,0.2254247363530113,3.52791585359593,0.0004188452803137823,0.001148651450557494,0.3534470179205692,1.2371119844243736,557,151,4,181,True
pooled,mixedlm,IBD,Bacteria.Bacillota.Clostridia.Christensenellales.Christensenellaceae.Incertae Sedis,Incertae Sedis,-0.5986640536326996,0.15260485355925485,-3.9229686321886525,8.74645425431473e-05,0.000277738284215959,-0.8977695666088391,-0.29955854065656007,557,151,4,181,True
pooled,mixedlm,IBD,Bacteria.Bacillota.Clostridia.Lachnospirales.Lachnospiraceae.Faecalicatena,Faecalicatena,0.2855496555278251,0.15434476111839884,1.850076759707951,0.06430248701931453,0.08750939962778895,-0.01696607626423663,0.5880653873198868,557,151,4,181,True
pooled,mixedlm,IBD,Bacteria.Bacillota.Clostridia.Oscillospirales.Ruminococcaceae.Anaerotruncus,Anaerotruncus,0.01465010844778177,0.1278627003016971,0.11457687357778507,0.9087805111785588,0.9240970366478604,-0.23596078414354457,0.2652610010391081,557,151,4,181,True
pooled,mixedlm,IBD,Bacteria.Bacillota.Clostridia.Lachnospirales.Lachnospiraceae.Sellimonas,Sellimonas,0.503234548963402,0.2370056125699653,2.123302243801693,0.03372853280197159,0.050453425100469906,0.03870354832627004,0.967765549600534,557,151,4,181,True
pooled,mixedlm,IBD,Bacteria.Bacillota.Clostridia.Oscillospirales.Oscillospiraceae.Oscillospira,Oscillospira,0.3250593564682459,0.14658080480847466,2.217612032441593,0.026581296769313444,0.040430375758367505,0.03776097904363557,0.6123577338928563,557,151,4,181,True
pooled,mixedlm,IBD,Bacteria.Pseudomonadota.Gammaproteobacteria.Burkholderiales.Sutterellaceae.Parasutterella,Parasutterella,0.18405576619978456,0.26167488662634564,0.7033757368646689,0.481821623078743,0.5383315665262498,-0.3288270115878529,0.696938543987422,557,151,4,181,True
pooled,mixedlm,IBD,Bacteria.Bacillota.Bacilli.Erysipelotrichales.Erysipelotrichaceae.Faecalitalea,Faecalitalea,0.40039722651705334,0.2105359839559036,1.9017994881146583,0.05719737324303667,0.08025367873635378,-0.0122533020365177,0.8130477550706243,557,151,4,181,True
pooled,mixedlm,IBD,Bacteria.Bacillota.Clostridia.Lachnospirales.Lachnospiraceae.Shuttleworthia,Shuttleworthia,0.07362671235138213,0.14060199143932098,0.5236534105788744,0.6005196255193828,0.6469884060655255,-0.201953190869687,0.34920661557245125,557,151,4,181,True
pooled,mixedlm,IBD,Bacteria.Bacillota.Bacilli.Lactobacillales.Lactobacillaceae.Lacticaseibacillus,Lacticaseibacillus,0.5615817471563327,0.16310184012209844,3.443135569383713,0.0005750109884893194,0.001465873083331927,0.24190214051701975,0.8812613537956456,557,151,4,181,True
pooled,mixedlm,IBD,Bacteria.Actinomycetota.Actinobacteria.Actinomycetales.Actinomycetaceae.Actinomyces,Actinomyces,0.5752839185954877,0.13225912842515716,4.349672687590933,1.3634088146860613e-05,6.018951108736027e-05,0.31605602688217965,0.8345118103087956,557,151,4,181,True
pooled,mixedlm,IBD,Bacteria.Bacillota.Clostridia.Peptostreptococcales-Tissierellales.Anaerovoracaceae.NA,Anaerovoracaceae,0.0009793138193099238,0.10836474311507747,0.009037199656994949,0.9927894560696198,0.9927894560696198,-0.21141558268624192,0.21337421032486178,557,151,4,181,True
pooled,mixedlm,IBD,Bacteria.Actinomycetota.Coriobacteriia.Coriobacteriales.Eggerthellaceae.Asaccharobacter,Asaccharobacter,-0.23989952512976376,0.17656722909639314,-1.3586865827678345,0.1742459255373986,0.22054903861726677,-0.5859712941586943,0.1061722438991668,557,151,4,181,True
pooled,mixedlm,IBD,Bacteria.Bacillota.Clostridia.Lachnospirales.Lachnospiraceae.Frisingicoccus,Frisingicoccus,0.08511025629151427,0.16511228751920248,0.5154689428042476,0.6062253666611428,0.649270954826431,-0.23850982724612263,0.40873033982915113,557,151,4,181,True
pooled,mixedlm,IBD,Bacteria.Bacillota.Clostridia.Oscillospirales.Ruminococcaceae.Negativibacillus,Negativibacillus,0.28975986008196425,0.1949171128630358,1.486579889399308,0.13712580254418896,0.17855949827696546,-0.09227768112958595,0.6717974012935144,557,151,4,181,True
pooled,mixedlm,IBD,Bacteria.Bacillota.Clostridia.Lachnospirales.Lachnospiraceae.Tyzzerella,Tyzzerella,0.18335706448503172,0.15026157838811563,1.2202524853787484,0.22236917588450944,0.2719514921290284,-0.11115562915567492,0.4778697581257384,557,151,4,181,True
pooled,mixedlm,IBD,Bacteria.Bacillota.Bacilli.Erysipelotrichales.Erysipelatoclostridiaceae.Coprobacillus,Coprobacillus,-0.1745781701460819,0.09310969456013284,-1.8749730731136107,0.060796428024506265,0.08436613489763117,-0.35707317148394224,0.007916831191778467,557,151,4,181,True
pooled,mixedlm,IBD,Bacteria.Bacillota.Clostridia.Lachnospirales.Lachnospiraceae.Eisenbergiella,Eisenbergiella,0.11926183764758717,0.22129802565461637,0.538919573705195,0.589942350557177,0.6393985955140662,-0.3144822926354609,0.5530059679306353,557,151,4,181,True
pooled,mixedlm,IBD,Bacteria.Bacillota.Clostridia.Oscillospirales.Oscillospiraceae.Flavonifractor,Flavonifractor,0.8187451695000666,0.20131604775687217,4.066964251597363,4.7629546153997964e-05,0.00017241895707747261,0.42416571589659713,1.213324623103536,557,151,4,181,True
pooled,mixedlm,IBD,Bacteria.Pseudomonadota.Gammaproteobacteria.Pseudomonadales.Halomonadaceae.Halomonas,Halomonas,0.3289023810442486,0.07125931422213024,4.615570394334569,3.920171321140168e-06,1.970975025351029e-05,0.18923412516887336,0.46857063691962386,557,151,4,181,True
pooled,mixedlm,IBD,Bacteria.Bacteroidota.Bacteroidia.Bacteroidales.Barnesiellaceae.Coprobacter,Coprobacter,0.06163283211046687,0.11104926966075913,0.5550043894817772,0.5788916580623995,0.6312011452367127,-0.15602373642462103,0.27928940064555474,557,151,4,181,True
pooled,mixedlm,IBD,Bacteria.Bacillota.Clostridia.Oscillospirales.NA.NA,Oscillospirales,-0.416280305157996,0.12464224552674215,-3.3398010714487856,0.0008383842063082995,0.0019602243854634177,-0.6605791063904106,-0.17198150392558142,557,151,4,181,True
pooled,mixedlm,IBD,Bacteria.Bacillota.Clostridia.Oscillospirales.Ruminococcaceae.Hydrogenoanaerobacterium,Hydrogenoanaerobacterium,0.2431888276835414,0.09526854359642309,2.5526665833555584,0.010690177558228948,0.017123204761410972,0.056462482234552136,0.42991517313253064,557,151,4,181,True
pooled,mixedlm,IBD,Bacteria.Bacillota.Clostridia.Oscillospirales.Ruminococcaceae.Phocea,Phocea,0.11812211957494077,0.09180224264708861,1.2867018949529645,0.1981982123510233,0.2457114824351727,-0.06181027601335291,0.29805451516323445,557,151,4,181,True
pooled,mixedlm,IBD,Bacteria.Bacillota.Bacilli.Erysipelotrichales.Erysipelotrichaceae.Merdibacter,Merdibacter,0.16409537082673947,0.0982867677627758,1.669557098701209,0.09500702445694056,0.12644317225519297,-0.02854669398830109,0.35673743564178007,557,151,4,181,True
pooled,mixedlm,IBD,Bacteria.Bacillota.Clostridia.Christensenellales.Christensenellaceae.Christensenella,Christensenella,-0.11455717283990396,0.0920614858182715,-1.2443550288340852,0.21336892640828153,0.2627195624482922,-0.29499768504371615,0.0658833393639082,557,151,4,181,True
pooled,mixedlm,IBD,Bacteria.Bacillota.Clostridia.Christensenellales.Christensenellaceae.NA,Christensenellaceae,-0.2514935974725422,0.11939245657836137,-2.106444617022168,0.03516574912649622,0.052172135999146024,-0.48550281236613047,-0.017484382578953905,557,151,4,181,True
pooled,mixedlm,IBD,Bacteria.Bacillota.Clostridia.Lachnospirales.Lachnospiraceae.Lactonifactor,Lactonifactor,0.33508761180020163,0.12929485925327805,2.5916545617934617,0.00955156253064318,0.015860851541710234,0.08166968766377664,0.5885055359366267,557,151,4,181,True
pooled,mixedlm,IBD,Bacteria.Bacillota.Clostridia.Oscillospirales.Ruminococcaceae.Anaerofilum,Anaerofilum,-0.21446746131507757,0.09392507035919775,-2.283388881103729,0.022407471635339158,0.03466455013672126,-0.39856059921910514,-0.03037432341104998,557,151,4,181,True
pooled,mixedlm,IBD,Bacteria.Bacillota.Clostridia.Lachnospirales.Lachnospiraceae.Catenibacillus,Catenibacillus,0.13680579175712346,0.1310520675816516,1.0439041083566805,0.2965297572348833,0.3554429540365157,-0.12005626070291367,0.3936678442171606,557,151,4,181,True
pooled,mixedlm,IBD,Bacteria.Bacillota.Clostridia.Oscillospirales.Ruminococcaceae.[Clostridium] methylpentosum group,[Clostridium] methylpentosum group,0.5722119629871304,0.12225273401287727,4.680565777178099,2.8608430217548803e-06,1.5229781968753922e-05,0.332596604321891,0.8118273216523698,557,151,4,181,True
pooled,mixedlm,IBD,Bacteria.Cyanobacteriota.Cyanobacteriia.Chloroplast.Incertae Sedis.Incertae Sedis,Incertae Sedis,0.2809791681013737,0.10067861034838844,2.7908526660138917,0.005256939578106349,0.009611172359972213,0.08364909181853233,0.47830924438421507,557,151,4,181,True
pooled,mixedlm,IBD,Bacteria.Actinomycetota.Coriobacteriia.Coriobacteriales.Atopobiaceae.Lancefieldella,Lancefieldella,0.33989645954107,0.10894553516457475,3.1198750736101055,0.0018092775505260147,0.003898562341014389,0.1263632106185035,0.5534297084636365,557,151,4,181,True
pooled,mixedlm,IBD,Bacteria.Bacillota.Bacilli.Erysipelotrichales.Erysipelotrichaceae.Dielma,Dielma,0.33318165385810866,0.11047573966881079,3.015880725097979,0.0025623403205062767,0.005153151089018178,0.11664920410723953,0.5497141036089778,557,151,4,181,True
pooled,mixedlm,IBD,Bacteria.Bacillota.Clostridia.Lachnospirales.Lachnospiraceae.GCA-900066755,GCA-900066755,0.06954453093306899,0.08193665936842122,0.8487596573881286,0.39601504271158317,0.45655237408150673,-0.09105132142903659,0.23014038329517456,557,151,4,181,True
pooled,mixedlm,IBD,Bacteria.Bacillota.Bacilli.Erysipelotrichales.Erysipelatoclostridiaceae.Longibaculum,Longibaculum,0.3249772742699225,0.16599704273546934,1.9577292999598912,0.05026178525320141,0.0716329380380272,-0.00037692949159739975,0.6503314780314424,557,151,4,181,True
pooled,mixedlm,IBD,Bacteria.Bacillota.Clostridia.Peptostreptococcales-Tissierellales.Family XI.Finegoldia,Finegoldia,0.5152939708692776,0.09597241877041973,5.369188121661676,7.909188450833569e-08,6.224187433047287e-07,0.327188030079255,0.7033999116593003,557,151,4,181,True
pooled,mixedlm,IBD,Bacteria.Pseudomonadota.Gammaproteobacteria.Enterobacterales.Shewanellaceae.Shewanella,Shewanella,0.38309366493215885,0.08874988343730941,4.316554006549948,1.5848391867092277e-05,6.829902209389768e-05,0.2091438933950324,0.5570434364692853,557,151,4,181,True
pooled,combat_ols,HIV,Bacteria.Actinomycetota.Coriobacteriia.Coriobacteriales.Atopobiaceae.Tractidigestivibacter,Tractidigestivibacter,-0.6898829361850732,0.20706334005182167,-3.331748324026921,0.0009335314846327658,0.011050228794075514,-1.0957270826866436,-0.28403878968350277,330,128,2,189,
pooled,combat_ols,HIV,Bacteria.Actinomycetota.Coriobacteriia.Coriobacteriales.Coriobacteriaceae.Collinsella,Collinsella,-0.30965930400994274,0.2574664869702958,-1.2027169347506905,0.22971273856233632,0.41532686810337316,-0.8142936184717224,0.19497501045183702,330,128,2,189,
pooled,combat_ols,HIV,Bacteria.Actinomycetota.Coriobacteriia.Coriobacteriales.Eggerthellaceae.Adlercreutzia,Adlercreutzia,-0.4737530277413101,0.18839979372977897,-2.5146154269192675,0.012260829081608833,0.052744235858676373,-0.8430166234516769,-0.10448943203094335,330,128,2,189,
pooled,combat_ols,HIV,Bacteria.Actinomycetota.Coriobacteriia.Coriobacteriales.Eggerthellaceae.Senegalimassilia,Senegalimassilia,-0.6220950290258935,0.21110632923542258,-2.946832675642532,0.0033757542923046877,0.02200060556019262,-1.0358634343273216,-0.2083266237244653,330,128,2,189,
pooled,combat_ols,HIV,Bacteria.Bacillota.Bacilli.Erysipelotrichales.Erysipelotrichaceae.Holdemanella,Holdemanella,-1.121814597336998,0.3196342200282135,-3.5096824027101277,0.0004934168058526366,0.007893590744389618,-1.7482976685922964,-0.4953315260816995,330,128,2,189,
pooled,combat_ols,HIV,Bacteria.Bacillota.Bacilli.Lactobacillales.Streptococcaceae.Streptococcus,Streptococcus,0.1158668957723645,0.2747424892123559,0.4217290747584654,0.6734223935134095,0.8234925790619434,-0.422628383083853,0.654362174628582,330,128,2,189,
pooled,combat_ols,HIV,Bacteria.Bacillota.Bacilli.RF39.Incertae Sedis.Incertae Sedis,Incertae Sedis,-0.7948749300972331,0.23449997545828735,-3.389658905267667,0.0007608686627837292,0.010271726947580344,-1.2544948819954764,-0.33525497819898986,330,128,2,189,
pooled,combat_ols,HIV,Bacteria.Bacillota.Clostridia.Christensenellales.Christensenellaceae.Christensenellaceae R-7 group,Christensenellaceae R-7 group,-0.9797746579655113,0.2625712455670756,-3.731462125068151,0.00021451119947566867,0.005791802385843054,-1.4944142992769796,-0.4651350166540431,330,128,2,189,
pooled,combat_ols,HIV,Bacteria.Bacillota.Clostridia.Clostridia UCG-014.Incertae Sedis.Incertae Sedis,Incertae Sedis,-1.1171766663556992,0.3547224046985979,-3.149439256042896,0.0017438049100836606,0.014329527304600517,-1.812432579564951,-0.4219207531464474,330,128,2,189,
pooled,combat_ols,HIV,Bacteria.Bacillota.Clostridia.Clostridiales.Clostridiaceae.Clostridium,Clostridium,-0.9659517487882352,0.2944364394103719,-3.280680036488066,0.0011153393989945851,0.011094691916314557,-1.543047170032564,-0.3888563275439063,330,128,2,189,
pooled,combat_ols,HIV,Bacteria.Bacillota.Clostridia.Lachnospirales.Lachnospiraceae.Agathobacter,Agathobacter,-0.048983027224768196,0.34290632089125334,-0.14284667339305857,0.8864746494774813,0.9205698283035384,-0.7210794161716247,0.6231133617220883,330,128,2,189,
pooled,combat_ols,HIV,Bacteria.Bacillota.Clostridia.Lachnospirales.Lachnospiraceae.Blautia,Blautia,0.13288451351574682,0.3088944932903472,0.43019385713309316,0.6672587591366907,0.8234925790619434,-0.4725486933333336,0.7383177203648272,330,128,2,189,
pooled,combat_ols,HIV,Bacteria.Bacillota.Clostridia.Lachnospirales.Lachnospiraceae.Coprococcus,Coprococcus,-0.5936383666049818,0.2937191176854706,-2.0211090489543144,0.04385485025880745,0.13103154228986105,-1.1693278372685043,-0.01794889594145943,330,128,2,189,
pooled,combat_ols,HIV,Bacteria.Bacillota.Clostridia.Lachnospirales.Lachnospiraceae.Dorea,Dorea,-0.024303416398105595,0.2806887926739186,-0.08658491907206044,0.931039627192296,0.9491523345285591,-0.5744534500389861,0.5258466172427748,330,128,2,189,
pooled,combat_ols,HIV,Bacteria.Bacillota.Clostridia.Lachnospirales.Lachnospiraceae.Howardella,Howardella,-0.49925460449598297,0.19307641114846702,-2.5857876761137786,0.010026160851210452,0.04737361002196939,-0.8776843703469783,-0.12082483864498761,330,128,2,189,
pooled,combat_ols,HIV,Bacteria.Bacillota.Clostridia.Lachnospirales.Lachnospiraceae.Lachnospiraceae NK4A136 group,Lachnospiraceae NK4A136 group,-0.43767944892804606,0.2929865706135237,-1.4938549845869409,0.13590818349075612,0.2918937122699194,-1.0119331273305525,0.13657422947446035,330,128,2,189,
pooled,combat_ols,HIV,Bacteria.Bacillota.Clostridia.Lachnospirales.Lachnospiraceae.Mediterraneibacter,Mediterraneibacter,0.06972646508607055,0.2685701101333959,0.2596210913099681,0.7952737529997237,0.8850986680279804,-0.4566709507753854,0.5961238809475264,330,128,2,189,
pooled,combat_ols,HIV,Bacteria.Bacillota.Clostridia.Lachnospirales.Lachnospiraceae.Roseburia,Roseburia,-0.25922634160911273,0.3068667552701569,-0.8447521184916141,0.39869418820239,0.5623373251511322,-0.8606851819386202,0.34223249872039474,330,128,2,189,
pooled,combat_ols,HIV,Bacteria.Bacillota.Clostridia.Lachnospirales.Lachnospiraceae.[Eubacterium] eligens group,[Eubacterium] eligens group,-0.712911411232823,0.31238824692588446,-2.282132629022898,0.022943361043960712,0.08502539680997205,-1.3251923752075565,-0.10063044725808945,330,128,2,189,
pooled,combat_ols,HIV,Bacteria.Bacillota.Clostridia.Lachnospirales.Lachnospiraceae.[Eubacterium] ruminantium group,[Eubacterium] ruminantium group,-0.8598290534147763,0.3068268712851231,-2.8023264384030053,0.0052905927164232005,0.029409471276587794,-1.4612097211336175,-0.2584483856959351,330,128,2,189,
pooled,combat_ols,HIV,Bacteria.Bacillota.Clostridia.NA.NA.NA,Clostridia,-0.053320658388125206,0.14803705033759593,-0.360184550195565,0.7188766299713686,0.8599220447125865,-0.34347327704981323,0.2368319602735628,330,128,2,189,
pooled,combat_ols,HIV,Bacteria.Bacillota.Clostridia.Oscillospirales.Oscillospiraceae.Colidextribacter,Colidextribacter,-0.23592570620615166,0.22369613853092077,-1.054670446059311,0.29213701249226803,0.48433241544770755,-0.6743701377267564,0.20251872531445303,330,128,2,189,
pooled,combat_ols,HIV,Bacteria.Bacillota.Clostridia.Oscillospirales.Oscillospiraceae.UCG-002,UCG-002,-0.8185676513244486,0.3311151073397112,-2.472154345058711,0.013795685247360199,0.05547626620746974,-1.4675532617102827,-0.16958204093861462,330,128,2,189,
pooled,combat_ols,HIV,Bacteria.Bacillota.Clostridia.Oscillospirales.Ruminococcaceae.CAG-352,CAG-352,-0.5476971600728593,0.2742960903180037,-1.9967370276327654,0.04645033509746397,0.13103154228986105,-1.0853174970961466,-0.010076823049572026,330,128,2,189,
pooled,combat_ols,HIV,Bacteria.Bacillota.Clostridia.Oscillospirales.Ruminococcaceae.Faecalibacterium,Faecalibacterium,-0.1442748475603603,0.29457080270204206,-0.48977986357423925,0.6245262563984897,0.786903083062097,-0.7216336208563627,0.4330839257356421,330,128,2,189,
pooled,combat_ols,HIV,Bacteria.Bacillota.Clostridia.Oscillospirales.Ruminococcaceae.Gemmiger,Gemmiger,-0.551451336049023,0.30590934930529795,-1.8026625773332405,0.07210425685028778,0.18393028551730647,-1.151033660687407,0.048130988589361046,330,128,2,189,
pooled,combat_ols,HIV,Bacteria.Bacillota.Clostridia.Oscillospirales.Ruminococcaceae.NA,Ruminococcaceae,-0.5473297085540341,0.2083683482709517,-2.6267411202123374,0.008912209077306827,0.04557270534962202,-0.9557316711650994,-0.13892774594296875,330,128,2,189,
pooled,combat_ols,HIV,Bacteria.Bacillota.Clostridia.Oscillospirales.Ruminococcaceae.Ruminococcus,Ruminococcus,-0.41529070888810016,0.3340807851938462,-1.2430846887741027,0.21447820855966263,0.3983131965271713,-1.0700890478680387,0.2395076300918384,330,128,2,189,
pooled,combat_ols,HIV,Bacteria.Bacillota.Clostridia.Oscillospirales.Ruminococcaceae.Subdoligranulum,Subdoligranulum,-0.17090804250029237,0.1615132570772112,-1.0581672711769412,0.290541874526394,0.48433241544770755,-0.4874740263716263,0.14565794137104157,330,128,2,189,
pooled,combat_ols,HIV,Bacteria.Bacillota.Clostridia.Oscillospirales.Ruminococcaceae.[Eubacterium] siraeum group,[Eubacterium] siraeum group,-0.9448196377921507,0.286532893438671,-3.297421201640775,0.001052402742292906,0.011050228794075514,-1.506424108931946,-0.38321516665235555,330,128,2,189,
pooled,combat_ols,HIV,Bacteria.Bacillota.Clostridia.Oscillospirales.UCG-010.Incertae Sedis,Incertae Sedis,-0.8567926939773199,0.32647587510724735,-2.6243675545577863,0.008973609158803061,0.04557270534962202,-1.4966854091875246,-0.2168999787671152,330,128,2,189,
pooled,combat_ols,HIV,Bacteria.Bacillota.Clostridia.Peptostreptococcales-Tissierellales.Peptostreptococcaceae.Romboutsia,Romboutsia,-1.187422350531151,0.2912767874397377,-4.076611668812836,5.39525391953361e-05,0.0033011164234411404,-1.758324853913037,-0.616519847149265,330,128,2,189,
pooled,combat_ols,HIV,Bacteria.Bacillota.NA.NA.NA.NA,Bacteria.Bacillota.NA.NA.NA.NA,0.1267966548529672,0.11024463353153392,1.1501390207506001,0.2506920795617373,0.4347323055730243,-0.08928282686883929,0.34287613657477367,330,128,2,189,
pooled,combat_ols,HIV,Bacteria.Bacillota.Negativicutes.Acidaminococcales.Acidaminococcaceae.Phascolarctobacterium,Phascolarctobacterium,-0.24770642874631923,0.35897023802674666,-0.6900472588144279,0.4905170507226302,0.6575015786282065,-0.9512880952787427,0.4558752377861043,330,128,2,189,
pooled,combat_ols,HIV,Bacteria.Bacteroidota.Bacteroidia.Bacteroidales.Bacteroidaceae.Bacteroides,Bacteroides,0.3138157961679224,0.3306938195515888,0.9489617816064645,0.34314490855022484,0.523019255774133,-0.3343440901531916,0.9619756824890364,330,128,2,189,
pooled,combat_ols,HIV,Bacteria.Bacteroidota.Bacteroidia.Bacteroidales.Prevotellaceae.Incertae Sedis,Incertae Sedis,-0.32003583287946424,0.3774789907242519,-0.8478242253043697,0.39698261381608446,0.5623373251511322,-1.059894654698998,0.4198229889400694,330,128,2,189,
pooled,combat_ols,HIV,Bacteria.Bacteroidota.Bacteroidia.Bacteroidales.Prevotellaceae.Segatella,Segatella,-0.8086295444022862,0.40216020994442836,-2.010714944956949,0.0449463410312396,0.13103154228986105,-1.5968635558933657,-0.02039553291120666,330,128,2,189,
pooled,combat_ols,HIV,Bacteria.Bacteroidota.Bacteroidia.Bacteroidales.Rikenellaceae.Alistipes,Alistipes,0.39160669798268294,0.3370318160426972,1.1619279822919504,0.24587518826604182,0.43430290263814864,-0.26897566146100355,1.0521890574263695,330,128,2,189,
pooled,combat_ols,HIV,Bacteria.Bacteroidota.Bacteroidia.Bacteroidales.Tannerellaceae.Parabacteroides,Parabacteroides,-0.102107370599907,0.3305900742671922,-0.308863993652093,0.7575666707444486,0.8730493949432976,-0.7500639161636038,0.5458491749637897,330,128,2,189,
pooled,combat_ols,HIV,Bacteria.NA.NA.NA.NA.NA,Bacteria.NA.NA.NA.NA.NA,0.11407933495710766,0.1312450993903521,0.8692083398695929,0.38519246867964396,0.5623373251511322,-0.14316105984798244,0.37131972976219774,330,128,2,189,
pooled,combat_ols,HIV,Bacteria.Pseudomonadota.Gammaproteobacteria.Burkholderiales.Oxalobacteraceae.Oxalobacter,Oxalobacter,-0.024034509587675775,0.1463187650849562,-0.16426129330520772,0.8695985551945942,0.9130784829543239,-0.31081928915418994,0.2627502699788384,330,128,2,189,
pooled,combat_ols,HIV,Bacteria.Pseudomonadota.Gammaproteobacteria.Enterobacterales.Pasteurellaceae.Haemophilus,Haemophilus,-0.3920240723662123,0.2009960253181509,-1.9504070876311537,0.051742592233917035,0.1417297091624684,-0.785976281989788,0.0019281372573634603,330,128,2,189,
pooled,combat_ols,HIV,Bacteria.Pseudomonadota.Gammaproteobacteria.Enterobacterales.Succinivibrionaceae.Succinivibrio,Succinivibrio,0.3279859967485811,0.36402981653302274,0.9009866276127633,0.36807312451824337,0.5478719240591795,-0.38551244365614346,1.0414844371533056,330,128,2,189,
pooled,combat_ols,HIV,Archaea.Methanobacteriota.Methanobacteria.Methanobacteriales.Methanobacteriaceae.Methanobrevibacter,Methanobrevibacter,-0.38565019756211893,0.21527453862488025,-1.7914343239361035,0.07388955065581417,0.18393028551730647,-0.8075882932668842,0.036287898142646324,330,128,2,189,
pooled,combat_ols,HIV,Bacteria.Actinomycetota.Coriobacteriia.Coriobacteriales.Eggerthellaceae.Eggerthella,Eggerthella,0.6093759901139539,0.15649668436016195,3.893858790717471,0.00011347836627183955,0.0035745685375629457,0.3026424887680365,0.9161094914598713,330,128,2,189,
pooled,combat_ols,HIV,Bacteria.Bacillota.Bacilli.Erysipelotrichales.Erysipelatoclostridiaceae.Catenibacterium,Catenibacterium,-1.1597332498717383,0.3215586206156812,-3.6065997784516637,0.0003446567136583396,0.007237790986825132,-1.7899881462784735,-0.5294783534650032,330,128,2,189,
pooled,combat_ols,HIV,Bacteria.Bacillota.Bacilli.Lactobacillales.Lactobacillaceae.Lactobacillus,Lactobacillus,0.2791034756366757,0.19835713308239245,1.4070755676870128,0.16008918960613783,0.33618729817288945,-0.10967650520481348,0.6678834564781648,330,128,2,189,
pooled,combat_ols,HIV,Bacteria.Bacillota.Clostridia.Lachnospirales.Lachnospiraceae.NA,Lachnospiraceae,-0.05390565474666568,0.24449989105132094,-0.22047312379108908,0.8256018106902809,0.8850986680279804,-0.5331254412072547,0.42531413171392335,330,128,2,189,
pooled,combat_ols,HIV,Bacteria.Bacillota.Clostridia.Oscillospirales.Butyricicoccaceae.Agathobaculum,Agathobaculum,0.13464260013574142,0.22610448723097798,0.5954884035459089,0.5518137679588832,0.719260704442958,-0.3085221948369754,0.5778073951084582,330,128,2,189,
pooled,combat_ols,HIV,Bacteria.Bacillota.Clostridia.Oscillospirales.Oscillospiraceae.Intestinimonas,Intestinimonas,-0.4140208518045109,0.2333400179326425,-1.7743242478194416,0.0766796358379836,0.18821365160232337,-0.8713672869524902,0.043325583343468366,330,128,2,189,
pooled,combat_ols,HIV,Bacteria.Bacillota.Clostridia.Oscillospirales.Oscillospiraceae.NA,Oscillospiraceae,-0.502944870592936,0.14402462794338622,-3.4920754719160643,0.0005261931305553085,0.007893590744389618,-0.7852331413619731,-0.220656599823899,330,128,2,189,
pooled,combat_ols,HIV,Bacteria.Bacillota.Clostridia.Oscillospirales.Oscillospiraceae.NK4A214 group,NK4A214 group,-0.7021965410881174,0.2917885898146216,-2.4065250170825223,0.016503606269749786,0.06498294968713979,-1.2741021771247758,-0.13029090505145902,330,128,2,189,
pooled,combat_ols,HIV,Bacteria.Bacillota.Clostridia.Oscillospirales.Ruminococcaceae.Acutalibacter,Acutalibacter,0.20303228237433482,0.19912108697660813,1.0196422963389415,0.3084411730525325,0.49825112570024477,-0.1872450480998171,0.5933096128484867,330,128,2,189,
pooled,combat_ols,HIV,Bacteria.Bacillota.Clostridia.Oscillospirales.Ruminococcaceae.Incertae Sedis,Incertae Sedis,-0.6716707925438524,0.27040781902272654,-2.4839177911767467,0.01335427743289836,0.054868661626473705,-1.2016701178283964,-0.14167146725930846,330,128,2,189,
pooled,combat_ols,HIV,Bacteria.Bacillota.Clostridia.Peptostreptococcales-Tissierellales.Anaerovoracaceae.Mogibacterium,Mogibacterium,0.03987083057829826,0.18833733234725542,0.2116990300403354,0.8324368457117249,0.8850986680279804,-0.3292703408223223,0.40901200197891885,330,128,2,189,
pooled,combat_ols,HIV,Bacteria.Bacteroidota.Bacteroidia.Bacteroidales.Prevotellaceae.Massiliprevotella,Massiliprevotella,-0.7556609159405263,0.23721457384241748,-3.1855585586512682,0.0015442903277756012,0.013266857815890393,-1.2206014806716645,-0.29072035120938805,330,128,2,189,
pooled,combat_ols,HIV,Bacteria.Pseudomonadota.Gammaproteobacteria.Enterobacterales.Enterobacteriaceae.Escherichia-Shigella,Escherichia-Shigella,0.6093380565070411,0.27202016602589263,2.2400473663744487,0.02557097857548491,0.08787118092302997,0.07617853109629158,1.1424975819177905,330,128,2,189,
pooled,combat_ols,HIV,Bacteria.Verrucomicrobiota.Verrucomicrobiia.Verrucomicrobiales.Akkermansiaceae.Akkermansia,Akkermansia,0.06556578984392289,0.23524457592840717,0.2787132905622307,0.7805917665655522,0.8850986680279804,-0.3955135789757551,0.526645158663601,330,128,2,189,
pooled,combat_ols,HIV,Bacteria.Actinomycetota.Coriobacteriia.Coriobacteriales.Eggerthellaceae.Incertae Sedis,Incertae Sedis,-0.7356751173508116,0.21040978411533248,-3.496392149461852,0.0005179741096414166,0.007893590744389618,-1.1480782942168632,-0.32327194048475993,330,128,2,189,
pooled,combat_ols,HIV,Bacteria.Actinomycetota.Coriobacteriia.Coriobacteriales.Eggerthellaceae.Slackia,Slackia,-0.9960329245390898,0.21002389079354922,-4.742474395535208,2.831267389973789e-06,0.0005351095367050462,-1.4076797504944463,-0.5843860985837332,330,128,2,189,
pooled,combat_ols,HIV,Bacteria.Bacillota.Bacilli.Erysipelotrichales.Erysipelatoclostridiaceae.Erysipelotrichaceae UCG-003,Erysipelotrichaceae UCG-003,0.4529868217893982,0.2841835019282379,1.593994087326669,0.11163326551559906,0.2482198492052732,-0.10401284198994809,1.0099864855687444,330,128,2,189,
pooled,combat_ols,HIV,Bacteria.Bacillota.Bacilli.Erysipelotrichales.Erysipelatoclostridiaceae.Massiliomicrobiota,Massiliomicrobiota,0.2809331970031207,0.1303702181195355,2.1548878344710225,0.031695821615542186,0.10153407263283853,0.025407569488831105,0.5364588245174102,330,128,2,189,
pooled,combat_ols,HIV,Bacteria.Bacillota.Clostridia.Oscillospirales.Ruminococcaceae.Caproiciproducens,Caproiciproducens,-0.033543099807010916,0.12416460718774783,-0.2701502510799297,0.7871674212987902,0.8850986680279804,-0.2769057298949966,0.2098195302809748,330,128,2,189,
pooled,combat_ols,HIV,Bacteria.Bacillota.Clostridia.Oscillospirales.Ruminococcaceae.Fournierella,Fournierella,-0.7889040385814253,0.186323306317366,-4.234059893922657,2.779334494292295e-05,0.002626471097106219,-1.1540977189634627,-0.423710358199388,330,128,2,189,
pooled,combat_ols,HIV,Bacteria.Bacillota.Clostridia.Oscillospirales.[Eubacterium] coprostanoligenes group.Incertae Sedis,Incertae Sedis,-0.35747320147642936,0.31082613151151256,-1.150074479703741,0.25071863125640026,0.4347323055730243,-0.966692419238994,0.25174601628613524,330,128,2,189,
pooled,combat_ols,HIV,Bacteria.Bacillota.Clostridia.Peptococcales.Peptococcaceae.Peptococcus,Peptococcus,-0.4573556736431546,0.20876454747621206,-2.190772711038346,0.028975929521496115,0.09607808209759239,-0.8665341866965303,-0.048177160589778945,330,128,2,189,
pooled,combat_ols,HIV,Bacteria.Bacillota.Clostridia.Peptostreptococcales-Tissierellales.Anaerovoracaceae.Family XIII AD3011 group,Family XIII AD3011 group,-0.45529113464076537,0.20743811774672816,-2.1948287016210477,0.028681571158470982,0.09607808209759239,-0.8618698454243525,-0.048712423857178166,330,128,2,189,
pooled,combat_ols,HIV,Bacteria.Bacillota.Clostridia.Peptostreptococcales-Tissierellales.Peptostreptococcaceae.Intestinibacter,Intestinibacter,-0.007995235216842094,0.2997759138839985,-0.026670705839081977,0.9787340972401735,0.983940129672302,-0.5955560264294791,0.579565555995795,330,128,2,189,
pooled,combat_ols,HIV,Bacteria.Bacteroidota.Bacteroidia.Bacteroidales.Muribaculaceae.Incertae Sedis,Incertae Sedis,-0.8810724692770145,0.3427311336833799,-2.5707395176154684,0.010465745140270669,0.04824453247588187,-1.552825491296439,-0.20931944725759,330,128,2,189,
pooled,combat_ols,HIV,Bacteria.Elusimicrobiota.Elusimicrobia.Elusimicrobiales.Elusimicrobiaceae.Elusimicrobium,Elusimicrobium,-0.3989551105833816,0.22891999664241,-1.7427709087667822,0.0820507058970823,0.19629852423479183,-0.8476383040025053,0.04972808283574198,330,128,2,189,
pooled,combat_ols,HIV,Bacteria.Actinomycetota.Actinobacteria.Actinomycetales.Actinomycetaceae.Schaalia,Schaalia,0.2906044771783132,0.12486440625603269,2.32736042153144,0.020384904088051874,0.07705493745283609,0.04587024091648914,0.5353387134401373,330,128,2,189,
pooled,combat_ols,HIV,Bacteria.Bacillota.Clostridia.Lachnospirales.Lachnospiraceae.Anaerostipes,Anaerostipes,0.2912408725831109,0.27779533394314637,1.0484008800619966,0.2950117390507964,0.4848453798313089,-0.25323798194545605,0.8357197271116779,330,128,2,189,
pooled,combat_ols,HIV,Bacteria.Bacillota.Clostridia.Lachnospirales.Lachnospiraceae.Fusicatenibacter,Fusicatenibacter,-0.35237430393792446,0.2977205580173603,-1.1835739738112987,0.23720109868337086,0.42293403444487826,-0.9359065976519506,0.2311579897761017,330,128,2,189,
pooled,combat_ols,HIV,Bacteria.Bacillota.Clostridia.Lachnospirales.Lachnospiraceae.Marvinbryantia,Marvinbryantia,-0.4233871314936612,0.19798408086277036,-2.138490779908338,0.033010021382225474,0.10227695149574778,-0.8114359299846912,-0.035338333002631284,330,128,2,189,
pooled,combat_ols,HIV,Bacteria.Bacillota.Negativicutes.Veillonellales-Selenomonadales.Veillonellaceae.Dialister,Dialister,-0.32324439011311723,0.37958693146711947,-0.8515688062909965,0.3949024062176181,0.5623373251511322,-1.0672347757886715,0.42074599556243697,330,128,2,189,
pooled,combat_ols,HIV,Bacteria.Bacillota.Negativicutes.Veillonellales-Selenomonadales.Veillonellaceae.Megasphaera,Megasphaera,-0.12353212093572641,0.3550600253621143,-0.3479189773890766,0.7280622862634003,0.8600235756486416,-0.8194497706454704,0.5723855287740176,330,128,2,189,
pooled,combat_ols,HIV,Bacteria.Bacillota.Bacilli.Erysipelotrichales.Erysipelotrichaceae.Erysipelotrichaceae UCG-006,Erysipelotrichaceae UCG-006,-0.03319352620151498,0.13210789175230742,-0.2512607366693157,0.8017262137229265,0.8850986680279804,-0.29212499403603753,0.22573794163300756,330,128,2,189,
pooled,combat_ols,HIV,Bacteria.Bacillota.Bacilli.Erysipelotrichales.Erysipelotrichaceae.Turicibacter,Turicibacter,-0.25068415994351456,0.20889090069404131,-1.2000721865366797,0.23073714894631844,0.41532686810337316,-0.6601103253038355,0.1587420054168064,330,128,2,189,
pooled,combat_ols,HIV,Bacteria.Bacillota.Clostridia.Lachnospirales.Lachnospiraceae.Faecalimonas,Faecalimonas,0.2582663688763052,0.19534990032809194,1.3220706457620122,0.1868103320882085,0.37964680392119793,-0.124619435766755,0.6411521735193655,330,128,2,189,
pooled,combat_ols,HIV,Bacteria.Bacillota.Clostridia.Peptostreptococcales-Tissierellales.Peptostreptococcaceae.Terrisporobacter,Terrisporobacter,-0.3305813123225691,0.24259647302438503,-1.3626797957995873,0.17365898992347625,0.35675596842975016,-0.8060703994503637,0.14490777480522554,330,128,2,189,
pooled,combat_ols,HIV,Bacteria.Bacteroidota.Bacteroidia.Bacteroidales.Prevotellaceae.Leyella,Leyella,-0.46875406073161185,0.3735650081907836,-1.2548125505700851,0.21019237919170866,0.3983131965271713,-1.2009414767855477,0.2634333553223239,330,128,2,189,
pooled,combat_ols,HIV,Bacteria.Cyanobacteriota.Vampirivibrionia.Gastranaerophilales.Gastranaerophilaceae.Zag_111,Zag_111,-0.4164887381242424,0.2595312861791736,-1.6047727588291976,0.10923917925539667,0.2482198492052732,-0.9251700590354226,0.09219258278693782,330,128,2,189,
pooled,combat_ols,HIV,Bacteria.Bacillota.Bacilli.Lactobacillales.Streptococcaceae.Lactococcus,Lactococcus,0.28430878153105227,0.13967637197353283,2.0354822903398846,0.04238256671999024,0.1291984695173896,0.01054309246292795,0.5580744705991766,330,128,2,189,
pooled,combat_ols,HIV,Bacteria.Bacillota.Clostridia.Lachnospirales.Lachnospiraceae.CAG-56,CAG-56,-0.1741684178148053,0.24458321915491982,-0.7121028924902916,0.47676683413203724,0.6482656953306117,-0.6535515273584481,0.30521469172883753,330,128,2,189,
pooled,combat_ols,HIV,Bacteria.Bacillota.Clostridia.Lachnospirales.Lachnospiraceae.Lachnoclostridium,Lachnoclostridium,0.05723992645072192,0.2513083367629419,0.2277677182859083,0.8199293638697631,0.8850986680279804,-0.4353244136046442,0.549804266506088,330,128,2,189,
pooled,combat_ols,HIV,Bacteria.Bacillota.Clostridia.Lachnospirales.Lachnospiraceae.Lachnospira,Lachnospira,-0.1651291854946318,0.31198156548792894,-0.5292914830925192,0.5968619612894177,0.7622088559709457,-0.7766130538509726,0.44635468286170893,330,128,2,189,
pooled,combat_ols,HIV,Bacteria.Bacillota.Clostridia.Lachnospirales.Lachnospiraceae.Lachnospiraceae FCS020 group,Lachnospiraceae FCS020 group,-0.2189625097880763,0.2020232769288417,-1.08384792642088,0.2790074830800551,0.47082512769759294,-0.614928132568606,0.17700311299245342,330,128,2,189,
pooled,combat_ols,HIV,Bacteria.Bacillota.Clostridia.Oscillospirales.Ruminococcaceae.Ruthenibacterium,Ruthenibacterium,0.5104567610982554,0.17647895011915674,2.89245125695501,0.0040061822537264076,0.02442478857917068,0.16455801886470822,0.8563555033318027,330,128,2,189,
pooled,combat_ols,HIV,Bacteria.Actinomycetota.Actinobacteria.Bifidobacteriales.Bifidobacteriaceae.Bifidobacterium,Bifidobacterium,-0.026961352736237246,0.30786392393542295,-0.0875755508849183,0.9302526485755162,0.9491523345285591,-0.6303746436496662,0.5764519381771918,330,128,2,189,
pooled,combat_ols,HIV,Bacteria.Actinomycetota.Coriobacteriia.Coriobacteriales.Atopobiaceae.Parolsenella,Parolsenella,0.029518707278290198,0.20362231868038638,0.14496793607690875,0.8848005220463769,0.9205698283035384,-0.3695810373352671,0.4286184518918475,330,128,2,189,
pooled,combat_ols,HIV,Bacteria.Bacillota.Bacilli.Erysipelotrichales.Erysipelotrichaceae.Solobacterium,Solobacterium,-0.23288670410261156,0.24371470292758593,-0.9555710070221259,0.3397975445831376,0.5221279343594554,-0.71056752184068,0.24479411363545686,330,128,2,189,
pooled,combat_ols,HIV,Bacteria.Bacillota.Bacilli.Lactobacillales.Lactobacillaceae.Ligilactobacillus,Ligilactobacillus,0.2161095146680938,0.2398956405147366,0.9008480279357906,0.3681467426217767,0.5478719240591795,-0.25408594074078994,0.6863049700769775,330,128,2,189,
pooled,combat_ols,HIV,Bacteria.Bacillota.Clostridia.Oscillospirales.Ruminococcaceae.Candidatus Soleaferrea,Candidatus Soleaferrea,-0.10465920500768364,0.17302562667332008,-0.6048769018781522,0.545562988016703,0.7160514217719227,-0.44378943328739096,0.2344710232720237,330,128,2,189,
pooled,combat_ols,HIV,Bacteria.Bacillota.Negativicutes.Veillonellales-Selenomonadales.Selenomonadaceae.Mitsuokella,Mitsuokella,-0.24299910441420014,0.28335651803798984,-0.8575737240730106,0.3915803628876575,0.5623373251511322,-0.7983778797686603,0.31237967094026,330,128,2,189,
pooled,combat_ols,HIV,Bacteria.Bacteroidota.Bacteroidia.Bacteroidales.Incertae Sedis.Incertae Sedis,Incertae Sedis,-0.4367906620439035,0.250279531910272,-1.7452112792047965,0.0816246612979758,0.19629852423479183,-0.9273385445880367,0.053757220500229685,330,128,2,189,
pooled,combat_ols,HIV,Bacteria.Thermodesulfobacteriota.Desulfovibrionia.Desulfovibrionales.Desulfovibrionaceae.Bilophila,Bilophila,0.7681715424083988,0.2205191339929945,3.483468887705691,0.0005429453951167462,0.007893590744389618,0.33595403978212957,1.200389045034668,330,128,2,189,
pooled,combat_ols,HIV,Bacteria.Bacillota.Bacilli.Lactobacillales.Carnobacteriaceae.Granulicatella,Granulicatella,0.02864542502414653,0.12802684893874386,0.22374545075191465,0.8230560241713678,0.8850986680279804,-0.22228719889579146,0.2795780489440845,330,128,2,189,
pooled,combat_ols,HIV,Bacteria.Bacillota.Clostridia.Lachnospirales.Lachnospiraceae.Anaerobutyricum,Anaerobutyricum,-0.08569865789443697,0.27166413200452544,-0.31545812567192116,0.7525587932401073,0.8730493949432976,-0.6181603566233068,0.44676304083443286,330,128,2,189,
pooled,combat_ols,HIV,Bacteria.Bacillota.Clostridia.Lachnospirales.Lachnospiraceae.Extibacter,Extibacter,0.4050656727144451,0.18021726896776852,2.247651820685898,0.02507770258260473,0.08777195903911655,0.05183982553761879,0.7582915198912714,330,128,2,189,
pooled,combat_ols,HIV,Bacteria.Bacillota.Clostridia.Lachnospirales.Lachnospiraceae.Lachnospiraceae UCG-004,Lachnospiraceae UCG-004,0.019430621533603785,0.25262606118182357,0.07691455680662695,0.9387254007842601,0.9491523345285591,-0.4757164583827704,0.5145777014499779,330,128,2,189,
pooled,combat_ols,HIV,Bacteria.Bacillota.Clostridia.Lachnospirales.Lachnospiraceae.[Eubacterium] ventriosum group,[Eubacterium] ventriosum group,0.09313995421834885,0.24660164332171694,0.37769397220454975,0.7058344554005412,0.8496988029981037,-0.39019926669221633,0.576479175128914,330,128,2,189,
pooled,combat_ols,HIV,Bacteria.Bacillota.Clostridia.Lachnospirales.Lachnospiraceae.[Ruminococcus] gnavus group,[Ruminococcus] gnavus group,0.7794774519298232,0.23458874271937116,3.322740225699065,0.0009634553623859525,0.011050228794075514,0.31968351619985574,1.2392713876597907,330,128,2,189,
pooled,combat_ols,HIV,Bacteria.Bacillota.Clostridia.Monoglobales.Monoglobaceae.Monoglobus,Monoglobus,-0.20258155350898208,0.24213559625641592,-0.8366450725999532,0.4032322530747473,0.5645251543046462,-0.6771673221715573,0.2720042151535931,330,128,2,189,
pooled,combat_ols,HIV,Bacteria.Bacillota.Clostridia.Oscillospirales.Oscillospiraceae.UCG-005,UCG-005,-0.9200874655767736,0.278358405586297,-3.3054057183537324,0.0010235615973826805,0.011050228794075514,-1.4656699405259157,-0.37450499062763143,330,128,2,189,
pooled,combat_ols,HIV,Bacteria.Bacillota.Clostridia.Peptostreptococcales-Tissierellales.Anaerovoracaceae.Family XIII UCG-001,Family XIII UCG-001,-0.6036347352691327,0.18729644824314495,-3.2228840478891767,0.001360444967896284,0.012323987890157378,-0.9707357738256968,-0.23653369671256858,330,128,2,189,
pooled,combat_ols,HIV,Bacteria.Bacteroidota.Bacteroidia.Bacteroidales.Rikenellaceae.Rikenellaceae RC9 gut group,Rikenellaceae RC9 gut group,-0.9163489003735125,0.33441144908573833,-2.7401839945335533,0.006382509982948016,0.03446555390791929,-1.5717953405815597,-0.26090246016546537,330,128,2,189,
pooled,combat_ols,HIV,Bacteria.Bacillota.Clostridia.Lachnospirales.Lachnospiraceae.Butyribacter,Butyribacter,-0.33816683984558293,0.24242769551664997,-1.3949183451374993,0.16372251925411477,0.3400390784508538,-0.8133251230582168,0.136991443367051,330,128,2,189,
pooled,combat_ols,HIV,Bacteria.Bacillota.Clostridia.Lachnospirales.Lachnospiraceae.[Eubacterium] xylanophilum group,[Eubacterium] xylanophilum group,-0.3840832329926995,0.24600331381240298,-1.5612929234180697,0.11915141938217509,0.2588461869336907,-0.8662497280650093,0.09808326207961038,330,128,2,189,
pooled,combat_ols,HIV,Bacteria.Bacillota.Clostridia.Lachnospirales.Lachnospiraceae.[Ruminococcus] gauvreauii group,[Ruminococcus] gauvreauii group,-0.1117000194410454,0.2665320750244268,-0.41908659372725954,0.675351056902652,0.8234925790619434,-0.6341028864889218,0.410702847606831,330,128,2,189,
pooled,combat_ols,HIV,Bacteria.Bacillota.Clostridia.Oscillospirales.Oscillospiraceae.UCG-003,UCG-003,-0.9934094661269754,0.2474941137348528,-4.013871082167401,6.986489785060614e-05,0.0033011164234411404,-1.478497929047287,-0.508321003206664,330,128,2,189,
pooled,combat_ols,HIV,Bacteria.Bacillota.Clostridia.Oscillospirales.Ruminococcaceae.Paludicola,Paludicola,-0.20687886503803202,0.16131536840390706,-1.2824498191644176,0.200339302418104,0.3983131965271713,-0.5230569871096898,0.10929925703362584,330,128,2,189,
pooled,combat_ols,HIV,Bacteria.Bacillota.Bacilli.Erysipelotrichales.Erysipelatoclostridiaceae.Thomasclavelia,Thomasclavelia,0.5385837179595865,0.1787921559602315,3.012345340694828,0.002737199810778411,0.020556485772657295,0.18815109227753274,0.8890163436416403,330,128,2,189,
pooled,combat_ols,HIV,Bacteria.Bacillota.Bacilli.Erysipelotrichales.Erysipelotrichaceae.[Clostridium] innocuum group,[Clostridium] innocuum group,0.39536807257610945,0.13956235046375368,2.8329135419569487,0.004817919989606686,0.028455839938614492,0.12182586566715226,0.6689102794850667,330,128,2,189,
pooled,combat_ols,HIV,Bacteria.Bacillota.Negativicutes.Veillonellales-Selenomonadales.Veillonellaceae.Veillonella,Veillonella,0.1339681412199993,0.2503755596098581,0.5350687640149544,0.5928642795465664,0.7622088559709457,-0.3567679556153225,0.6247042380553212,330,128,2,189,
pooled,combat_ols,HIV,Bacteria.Bacteroidota.Bacteroidia.Bacteroidales.Barnesiellaceae.Barnesiella,Barnesiella,-0.48420763615421786,0.30204521081263236,-1.6030965525044736,0.10960878941263441,0.2482198492052732,-1.0762162493469773,0.10780097703854158,330,128,2,189,
pooled,combat_ols,HIV,Bacteria.Bacillota.Clostridia.Lachnospirales.Lachnospiraceae.Incertae Sedis,Incertae Sedis,-0.13259532429239598,0.17258945474667745,-0.7682701384451103,0.4427261379951657,0.6107681757743526,-0.4708706555958838,0.20568000701109182,330,128,2,189,
pooled,combat_ols,HIV,Bacteria.Bacillota.Clostridia.Oscillospirales.Ruminococcaceae.DTU089,DTU089,0.427804441469049,0.1424951340352504,3.0022389491785653,0.002827876349677723,0.020556485772657295,0.1485139787599582,0.7070949041781398,330,128,2,189,
pooled,combat_ols,HIV,Bacteria.Bacillota.Clostridia.Oscillospirales.Butyricicoccaceae.UCG-008,UCG-008,-0.4205127973538431,0.18626364045582847,-2.257621489222239,0.024443538265798405,0.08777195903911655,-0.7855895326472668,-0.055436062060419344,330,128,2,189,
pooled,combat_ols,HIV,Bacteria.Bacillota.Clostridia.Lachnospirales.Lachnospiraceae.GCA-900066575,GCA-900066575,-0.4624207366506593,0.1766889599918957,-2.617145613805579,0.009162766154950458,0.04557270534962202,-0.8087310982347748,-0.1161103750665437,330,128,2,189,
pooled,combat_ols,HIV,Bacteria.Bacillota.Clostridia.Lachnospirales.Lachnospiraceae.Lachnospiraceae UCG-010,Lachnospiraceae UCG-010,-0.24341577098969716,0.2347887123470661,-1.0367439241707603,0.30040708580312026,0.4894563725585322,-0.7036016471899468,0.21677010521055243,330,128,2,189,
pooled,combat_ols,HIV,Bacteria.Bacillota.Clostridia.Lachnospirales.Lachnospiraceae.Oribacterium,Oribacterium,-0.9019057769120383,0.2306443523083009,-3.910374426625744,0.00010622833134656066,0.0035745685375629457,-1.353968707436308,-0.44984284638776856,330,128,2,189,
pooled,combat_ols,HIV,Bacteria.Bacillota.Clostridia.Oscillospirales.Butyricicoccaceae.UCG-009,UCG-009,-0.6949956313671113,0.19014434781381584,-3.6550948758552217,0.0002871408696719282,0.006783703045999304,-1.0676785530821904,-0.32231270965203224,330,128,2,189,
pooled,combat_ols,HIV,Bacteria.Bacillota.Negativicutes.Veillonellales-Selenomonadales.Selenomonadaceae.Anaerovibrio,Anaerovibrio,0.05095040835388694,0.25379281485325106,0.20075591337504042,0.8409793407023157,0.8879614267750708,-0.44648350875848514,0.548384325466259,330,128,2,189,
pooled,combat_ols,HIV,Bacteria.Thermodesulfobacteriota.Desulfovibrionia.Desulfovibrionales.Desulfovibrionaceae.Desulfovibrio,Desulfovibrio,-0.09151458932344775,0.286561059009432,-0.3193545893492653,0.7496045336494067,0.8730493949432976,-0.6531742649819345,0.470145086335039,330,128,2,189,
pooled,combat_ols,HIV,Bacteria.Actinomycetota.Coriobacteriia.Coriobacteriales.Coriobacteriales Incertae Sedis.Incertae Sedis,Incertae Sedis,0.12002199191218763,0.17135361975786068,0.7004345287936745,0.4840147683378855,0.6534199372561454,-0.2158311028132193,0.4558750866375946,330,128,2,189,
pooled,combat_ols,HIV,Bacteria.Actinomycetota.Coriobacteriia.Coriobacteriales.Incertae Sedis.Incertae Sedis,Incertae Sedis,-0.08829553856997414,0.15552567569386166,-0.5677232275381718,0.5705035554807865,0.7385285752456756,-0.393125862929943,0.21653478578999474,330,128,2,189,
pooled,combat_ols,HIV,Bacteria.Bacillota.Bacilli.Erysipelotrichales.Erysipelatoclostridiaceae.Asteroleplasma,Asteroleplasma,-0.0003689652483752789,0.21867558114658994,-0.0016872722891173742,0.9986544932520671,0.9986544932520671,-0.4289731042956915,0.428235173798941,330,128,2,189,
pooled,combat_ols,HIV,Bacteria.Bacillota.Clostridia.Clostridia vadinBB60 group.Incertae Sedis.Incertae Sedis,Incertae Sedis,-0.6196580039041194,0.31493364243623073,-1.9675827552453076,0.04972438117013851,0.13820453001700264,-1.2369279430791318,-0.002388064729107131,330,128,2,189,
pooled,combat_ols,HIV,Bacteria.Pseudomonadota.Alphaproteobacteria.Rhodospirillales.Incertae Sedis.Incertae Sedis,Incertae Sedis,-0.10772220645824633,0.30536265367699866,-0.35276811083843573,0.7244260106247165,0.8600235756486416,-0.7062330076651637,0.49078859474867104,330,128,2,189,
pooled,combat_ols,HIV,Bacteria.Pseudomonadota.Gammaproteobacteria.Burkholderiales.Sutterellaceae.Sutterella,Sutterella,-0.4376871780068102,0.34796379757152246,-1.257852630249115,0.20909163164825945,0.3983131965271713,-1.119696221246994,0.2443218652333738,330,128,2,189,
pooled,combat_ols,HIV,Bacteria.Bacillota.Bacilli.Acholeplasmatales.Acholeplasmataceae.Anaeroplasma,Anaeroplasma,-0.3207252638967012,0.20073966971051332,-1.597717403636357,0.11080161488631121,0.2482198492052732,-0.7141750165293073,0.07272448873590492,330,128,2,189,
pooled,combat_ols,HIV,Bacteria.Bacillota.Bacilli.Izemoplasmatales.Incertae Sedis.Incertae Sedis,Incertae Sedis,-0.2579346903200609,0.20703715344404167,-1.2458376964199127,0.213466515363085,0.3983131965271713,-0.6637275110703825,0.14785813043026075,330,128,2,189,
pooled,combat_ols,HIV,Bacteria.Bacillota.Clostridia.Lachnospirales.Lachnospiraceae.Lachnospiraceae ND3007 group,Lachnospiraceae ND3007 group,-0.47083873797336345,0.2603951509790626,-1.8081701452698014,0.07124159669931003,0.18393028551730647,-0.9812132338923261,0.039535757945599215,330,128,2,189,
pooled,combat_ols,HIV,Bacteria.Bacillota.Clostridia.Oscillospirales.Oscillospiraceae.Oscillibacter,Oscillibacter,0.01771300676880886,0.23174595096786046,0.07643286406874646,0.9391083944806378,0.9491523345285591,-0.4365090571281976,0.47193507066581536,330,128,2,189,
pooled,combat_ols,HIV,Bacteria.Bacillota.Clostridia.Peptococcales.Peptococcaceae.Incertae Sedis,Incertae Sedis,-0.12712263159040743,0.13864163046821706,-0.9169152956517609,0.3596738350254107,0.543826838558421,-0.3988602273081129,0.14461496412729802,330,128,2,189,
pooled,combat_ols,HIV,Bacteria.Bacteroidota.Bacteroidia.Bacteroidales.Prevotellaceae.Paraprevotella,Paraprevotella,-0.3157231101643668,0.32002712873736133,-0.986551082122395,0.3243882343209098,0.5121726498365299,-0.942976282489595,0.3115300621608613,330,128,2,189,
pooled,combat_ols,HIV,Bacteria.Thermodesulfobacteriota.Desulfovibrionia.Desulfovibrionales.Desulfovibrionaceae.Incertae Sedis,Incertae Sedis,0.2215009688430242,0.18011823316621878,1.2297531735091811,0.2194264392472337,0.40263686424977835,-0.13153076816276457,0.574532705848813,330,128,2,189,
pooled,combat_ols,HIV,Bacteria.Verrucomicrobiota.Verrucomicrobiia.Opitutales.Puniceicoccaceae.Incertae Sedis,Incertae Sedis,-0.23497711880661468,0.1892276175891969,-1.241769683518066,0.21496267749085435,0.3983131965271713,-0.6058632492814406,0.13590901166821126,330,128,2,189,
pooled,combat_ols,HIV,Bacteria.Bacillota.Clostridia.Lachnospirales.Defluviitaleaceae.Defluviitaleaceae UCG-011,Defluviitaleaceae UCG-011,-0.32052169358057436,0.1492682942942988,-2.147285832506605,0.032299406437232156,0.1017431302772813,-0.6130875503974,-0.027955836763748687,330,128,2,189,
pooled,combat_ols,HIV,Bacteria.Bacteroidota.Bacteroidia.Bacteroidales.Marinifilaceae.Odoribacter,Odoribacter,0.36794951624942523,0.29278737830616597,1.2567123568580292,0.2095040080871055,0.3983131965271713,-0.20591374523066003,0.9418127777295104,330,128,2,189,
pooled,combat_ols,HIV,Bacteria.Bacteroidota.Bacteroidia.Bacteroidales.Prevotellaceae.Prevotella,Prevotella,0.1996271937931181,0.10713155246147696,1.8633837483583682,0.06305372993507527,0.16784725292576375,-0.010350649031376724,0.40960503661761294,330,128,2,189,
pooled,combat_ols,HIV,Bacteria.Bacillota.Clostridia.Lachnospirales.Lachnospiraceae.Enterocloster,Enterocloster,0.3689433337758321,0.2350315086410626,1.569761160573913,0.11716734773438318,0.25749568281160956,-0.09171842316065054,0.8296050907123147,330,128,2,189,
pooled,combat_ols,HIV,Bacteria.Bacteroidota.Bacteroidia.Bacteroidales.Tannerellaceae.Incertae Sedis,Incertae Sedis,0.12581365091083435,0.19214821582928776,0.6547739741836182,0.5129448746439781,0.6827224035754357,-0.25079685211456965,0.5024241539362384,330,128,2,189,
pooled,combat_ols,HIV,Bacteria.Bacillota.Clostridia.Eubacteriales.Anaerofustaceae.Anaerofustis,Anaerofustis,0.10335990053656512,0.10716512879703545,0.9644919172571778,0.33531281303532945,0.5194600136366989,-0.10668375190562436,0.3134035529787546,330,128,2,189,
pooled,combat_ols,HIV,Bacteria.Pseudomonadota.Alphaproteobacteria.Rickettsiales.Mitochondria.Incertae Sedis,Incertae Sedis,0.129487161300146,0.13220930979378775,0.9794103115893458,0.32789889222338686,0.5121726498365299,-0.129643085895678,0.38861740849597004,330,128,2,189,
pooled,combat_ols,HIV,Bacteria.Bacillota.Clostridia.Oscillospirales.Oscillospiraceae.Incertae Sedis,Incertae Sedis,0.20435985279119998,0.2080483231525092,0.9822710882480634,0.32648947342783186,0.5121726498365299,-0.20341486058771804,0.612134566170118,330,128,2,189,
pooled,combat_ols,HIV,Bacteria.Cyanobacteriota.Vampirivibrionia.Gastranaerophilales.Gastranaerophilaceae.CAG-196,CAG-196,-0.053524497939829004,0.17028185980654165,-0.31432883103719056,0.7534156953673217,0.8730493949432976,-0.38727694316065064,0.28022794728099265,330,128,2,189,
pooled,combat_ols,HIV,Bacteria.Bacillota.Clostridia.Oscillospirales.Ruminococcaceae.Angelakisella,Angelakisella,0.05123566818051068,0.1316966358318328,0.38904310544374854,0.697426661534057,0.8449592245508768,-0.2068897380498816,0.30936107441090294,330,128,2,189,
pooled,combat_ols,HIV,Bacteria.Bacillota.Bacilli.Erysipelotrichales.Erysipelotrichaceae.Holdemania,Holdemania,0.3112589512040633,0.1242037506346473,2.506035040114449,0.012558151394922945,0.052744235858676373,0.06781959996015463,0.554698302447972,330,128,2,189,
pooled,combat_ols,HIV,Bacteria.Bacillota.Negativicutes.Veillonellales-Selenomonadales.Veillonellaceae.Allisonella,Allisonella,-0.5117239965258579,0.2013498124548571,-2.5414674604705034,0.01137039417335051,0.0511667737800773,-0.9063696289373778,-0.11707836411433792,330,128,2,189,
pooled,combat_ols,HIV,Bacteria.Bacillota.Negativicutes.Acidaminococcales.Acidaminococcaceae.Acidaminococcus,Acidaminococcus,0.6817890039362501,0.3128189107109603,2.179500601120027,0.029807727332998524,0.09713207699890898,0.0686639389427679,1.2949140689297323,330,128,2,189,
pooled,combat_ols,HIV,Bacteria.Bacillota.Clostridia.Peptostreptococcales-Tissierellales.Anaerovoracaceae.[Eubacterium] brachy group,[Eubacterium] brachy group,0.4806580275279437,0.1492274799522684,3.2209753034875748,0.001369331987795264,0.012323987890157378,0.18817216682149762,0.7731438882343897,330,128,2,189,
pooled,combat_ols,HIV,Bacteria.Bacteroidota.Bacteroidia.Bacteroidales.Marinifilaceae.Butyricimonas,Butyricimonas,-0.39934055755894243,0.27474252855091563,-1.4535083434850755,0.14677354262653347,0.3116876354653351,-0.9378359135187371,0.13915479840085215,330,128,2,189,
pooled,combat_ols,HIV,Bacteria.Fusobacteriota.Fusobacteriia.Fusobacteriales.Fusobacteriaceae.Fusobacterium,Fusobacterium,0.5852542160864872,0.19490154874783133,3.0028197305076536,0.002822591837923516,0.020556485772657295,0.20324718054073782,0.9672612516322365,330,128,2,189,
pooled,combat_ols,HIV,Bacteria.Bacillota.Clostridia.Christensenellales.Christensenellaceae.Incertae Sedis,Incertae Sedis,-0.32829962924249223,0.16437480690613857,-1.997262448070635,0.04639304161965894,0.13103154228986105,-0.6504742507785238,-0.006125007706460628,330,128,2,189,
pooled,combat_ols,HIV,Bacteria.Bacillota.Clostridia.Oscillospirales.Ruminococcaceae.Anaerotruncus,Anaerotruncus,0.3783835777074814,0.12712535126792995,2.976460430067945,0.003071767177653938,0.02143632764490592,0.12921788922233868,0.6275492661926241,330,128,2,189,
pooled,combat_ols,HIV,Bacteria.Bacillota.Clostridia.Lachnospirales.Lachnospiraceae.Sellimonas,Sellimonas,0.3706339259176121,0.16461191450019808,2.251561966477014,0.024827297166566724,0.08777195903911655,0.04799457349722386,0.6932732783380002,330,128,2,189,
pooled,combat_ols,HIV,Bacteria.Bacillota.Clostridia.Oscillospirales.Oscillospiraceae.Oscillospira,Oscillospira,-0.3191494644477697,0.17436748373789177,-1.8303267192151114,0.0678565161772965,0.17812335496540332,-0.6609097325740376,0.02261080367849816,330,128,2,189,
pooled,combat_ols,HIV,Bacteria.Pseudomonadota.Gammaproteobacteria.Burkholderiales.Sutterellaceae.Parasutterella,Parasutterella,0.049516535531136587,0.21521592206150011,0.23007840245661162,0.8181344763615629,0.8850986680279804,-0.3723066717094036,0.47133974277167684,330,128,2,189,
pooled,combat_ols,HIV,NA.NA.NA.NA.NA.NA,NA.NA.NA.NA.NA.NA,0.122334356773232,0.09354906253747167,1.3077026477334308,0.19163598280518027,0.38531064627850076,-0.06102180580021248,0.30569051934667646,330,128,2,189,
pooled,combat_ols,HIV,Bacteria.Verrucomicrobiota.Lentisphaeria.Victivallales.vadinBE97.Incertae Sedis,Incertae Sedis,-0.6328684077686738,0.25243092096544334,-2.5070954277242077,0.012521063897741653,0.052744235858676373,-1.1276330128609429,-0.13810380267640487,330,128,2,189,
pooled,combat_ols,HIV,Bacteria.Bacillota.Bacilli.Erysipelotrichales.Erysipelatoclostridiaceae.UCG-004,UCG-004,-0.05760704874152489,0.2121705075138079,-0.27151298932428614,0.7861199266024499,0.8850986680279804,-0.47346124346858837,0.3582471459855386,330,128,2,189,
pooled,combat_ols,HIV,Bacteria.Bacillota.Clostridia.Lachnospirales.Lachnospiraceae.Shuttleworthia,Shuttleworthia,0.2503247286352269,0.15049609928325483,1.663330344290722,0.09693642774268552,0.2261849980662662,-0.04464762595995253,0.5452970832304064,330,128,2,189,
pooled,combat_ols,HIV,Bacteria.Bacteroidota.Bacteroidia.Bacteroidales.Prevotellaceae.NA,Prevotellaceae,-0.07429790837643215,0.17020734978799662,-0.43651410158829573,0.6626712861712388,0.8234925790619434,-0.4079043139609055,0.2593084972080412,330,128,2,189,
pooled,combat_ols,HIV,Bacteria.Bacillota.Clostridia.Lachnospirales.Lachnospiraceae.Lachnospiraceae AC2044 group,Lachnospiraceae AC2044 group,-0.030047023250779452,0.1421415144807982,-0.2113880899646562,0.8326793052091277,0.8850986680279804,-0.30864439163314394,0.24855034513158503,330,128,2,189,
pooled,combat_ols,HIV,Bacteria.Bacillota.Clostridia.Lachnospirales.Lachnospiraceae.Lachnospiraceae NK3A20 group,Lachnospiraceae NK3A20 group,-0.41069839235201694,0.21521095452205202,-1.9083526359711114,0.05697606465314381,0.1538353745634883,-0.8325118632152388,0.011115078511205023,330,128,2,189,
pooled,combat_ols,HIV,Bacteria.Bacteroidota.Bacteroidia.Bacteroidales.Prevotellaceae.Prevotellaceae NK3B31 group,Prevotellaceae NK3B31 group,-0.803698611187987,0.27579440613666245,-2.9141222349148586,0.003743107081788676,0.02358157461526866,-1.3442556472158453,-0.2631415751601286,330,128,2,189,
pooled,combat_ols,HIV,Bacteria.Campylobacterota.Campylobacteria.Campylobacterales.Campylobacteraceae.Campylobacter,Campylobacter,-0.021994105229896026,0.18689497167191754,-0.11768163173755848,0.9063719662448311,0.9360890798922026,-0.3883082497068544,0.34432003924706234,330,128,2,189,
pooled,combat_ols,HIV,Bacteria.Actinomycetota.Coriobacteriia.Coriobacteriales.Atopobiaceae.Incertae Sedis,Incertae Sedis,0.15408521597240277,0.19535369380576495,0.7887499487243157,0.43066984458639346,0.598504416373738,-0.22880802388689653,0.5369784558317021,330,128,2,189,
pooled,combat_ols,HIV,Bacteria.Bacillota.Clostridia.Peptostreptococcales-Tissierellales.Anaerovoracaceae.NA,Anaerovoracaceae,0.09844154775737936,0.15573122584922425,0.6321246572135021,0.5276236155174405,0.6973486946349389,-0.20679165490710016,0.40367475042185885,330,128,2,189,
pooled,combat_ols,HIV,Bacteria.Actinomycetota.Coriobacteriia.Coriobacteriales.Eggerthellaceae.Asaccharobacter,Asaccharobacter,0.03848480631987053,0.17772891699216536,0.2165365488699119,0.8286668025123667,0.8850986680279804,-0.3098638709847735,0.38683348362451464,330,128,2,189,
pooled,combat_ols,HIV,Bacteria.Pseudomonadota.NA.NA.NA.NA,Bacteria.Pseudomonadota.NA.NA.NA.NA,0.11013253025956704,0.09693317057493771,1.136169688934554,0.2564849351330559,0.44068775218315975,-0.07985648406731086,0.3001215445864449,330,128,2,189,
pooled,combat_ols,HIV,Bacteria.Bacillota.Clostridia.Oscillospirales.Ruminococcaceae.Negativibacillus,Negativibacillus,0.5894179921258633,0.22740360755553382,2.5919465326948368,0.009851059617627899,0.04737361002196939,0.14370692131701707,1.0351290629347096,330,128,2,189,
pooled,combat_ols,HIV,Bacteria.Actinomycetota.Coriobacteriia.Coriobacteriales.Eggerthellaceae.NA,Eggerthellaceae,0.10687971399549943,0.12452366681684775,0.8583084382882858,0.3911750756004593,0.5623373251511322,-0.13718667296552217,0.350946100956521,330,128,2,189,
pooled,combat_ols,HIV,Bacteria.Bacillota.Clostridia.Lachnospirales.Lachnospiraceae.Eisenbergiella,Eisenbergiella,0.3410685079306767,0.14500630253783484,2.352094370806301,0.01909423245968874,0.07364918234451372,0.056856154956520466,0.625280860904833,330,128,2,189,
pooled,combat_ols,HIV,Bacteria.Bacillota.Clostridia.Oscillospirales.Oscillospiraceae.Flavonifractor,Flavonifractor,0.5610032361130499,0.19877514140560912,2.822300777380905,0.004977394845318193,0.02850689775045874,0.17140395895805605,0.9506025132680438,330,128,2,189,
pooled,combat_ols,HIV,Bacteria.Bacteroidota.Bacteroidia.Bacteroidales.Barnesiellaceae.Coprobacter,Coprobacter,0.045108861307099034,0.21457237902797197,0.21022678460035427,0.8335849889364048,0.8850986680279804,-0.37545300158772604,0.46567072420192407,330,128,2,189,
pooled,combat_ols,HIV,Bacteria.Bacillota.Clostridia.Oscillospirales.NA.NA,Oscillospirales,0.2188076523649588,0.10956351195272267,1.997085055646771,0.04641237836316352,0.13103154228986105,0.0040631689376223745,0.43355213579229523,330,128,2,189,
pooled,combat_ols,HIV,Bacteria.Bacillota.Incertae Sedis.DTU014.Incertae Sedis.Incertae Sedis,Incertae Sedis,0.26252171674554564,0.14657933579896743,1.790987217363247,0.07396138465246185,0.18393028551730647,-0.02477378142043052,0.5498172149115218,330,128,2,189,
pooled,combat_ols,HIV,Bacteria.Bacillota.Clostridia.Christensenellales.Christensenellaceae.Christensenella,Christensenella,0.29905981996099285,0.10082813818267343,2.966035328542683,0.0031757522436897654,0.02143632764490592,0.10143666912295293,0.4966829707990328,330,128,2,189,
pooled,combat_ols,HIV,Bacteria.Bacillota.Clostridia.Christensenellales.Christensenellaceae.NA,Christensenellaceae,0.07079528524596541,0.16341199249319419,0.4332318832041284,0.665052073752781,0.8234925790619434,-0.2494922200406952,0.391082790532626,330,128,2,189,
pooled,combat_ols,HIV,Bacteria.Bacteroidota.Bacteroidia.Bacteroidales.Barnesiellaceae.Incertae Sedis,Incertae Sedis,-0.3254304425503073,0.1888194834534122,-1.7235003326899863,0.08547891518207755,0.20194393711765823,-0.6955166301189952,0.044655745018380655,330,128,2,189,
pooled,combat_ols,HIV,Bacteria.Verrucomicrobiota.Lentisphaeria.Victivallales.Victivallaceae.Victivallis,Victivallis,-0.04642129624537848,0.18013275427016787,-0.25770602594436876,0.7967505638999638,0.8850986680279804,-0.3994814946149075,0.3066389021241505,330,128,2,189,
pooled,combat_ols,HIV,Bacteria.Bacillota.Clostridia.Oscillospirales.Ruminococcaceae.[Clostridium] methylpentosum group,[Clostridium] methylpentosum group,0.12838605033964123,0.11482563732169983,1.1180956912954034,0.2641174080762011,0.4497134245621802,-0.09667219881089043,0.35344429949017286,330,128,2,189,
pooled,combat_ols,HIV,Archaea.Methanobacteriota.Methanobacteria.Methanobacteriales.Methanobacteriaceae.Methanosphaera,Methanosphaera,-0.19641104242699522,0.15675014794119826,-1.2530198217144584,0.2108434568706536,0.3983131965271713,-0.5036413323917438,0.11081924753775338,330,128,2,189,
pooled,combat_ols,HIV,Bacteria.Bacillota.Bacilli.Erysipelotrichales.Erysipelotrichaceae.Catenisphaera,Catenisphaera,0.11860452348230863,0.2347820183341143,0.5051686850801519,0.6136854992702278,0.7784332843092151,-0.3415682324525554,0.5787772794171726,330,128,2,189,
pooled,combat_ols,HIV,Bacteria.Bacteroidota.Bacteroidia.Bacteroidales.Prevotellaceae.Prevotellaceae UCG-003,Prevotellaceae UCG-003,-0.19746568028547926,0.2311289295440786,-0.854352939179864,0.3933600460861453,0.5623373251511322,-0.6504783821918733,0.2555470216209148,330,128,2,189,
pooled,combat_ols,HIV,Bacteria.Bacillota.Clostridia.Lachnospirales.Lachnospiraceae.Lachnotalea,Lachnotalea,-0.10268796323238548,0.135341581160062,-0.7587318128856596,0.44840671534594456,0.6141222405824893,-0.36795746230610704,0.16258153584133606,330,128,2,189,
pooled,combat_ols,HIV,Bacteria.Bacillota.Clostridia.Lachnospirales.Lachnospiraceae.Syntrophococcus,Syntrophococcus,0.11169610602717424,0.1120486379965323,0.9968537594417796,0.3193665029140574,0.5115277038199733,-0.10791922444602904,0.33131143650037753,330,128,2,189,
pooled,mixedlm,HIV,Bacteria.Actinomycetota.Coriobacteriia.Coriobacteriales.Atopobiaceae.Tractidigestivibacter,Tractidigestivibacter,-0.673558600098872,0.22440644234652302,-3.001511868624427,0.002686425667578651,0.021155602132181876,-1.1133952270980572,-0.23372197309968695,330,128,2,189,True
pooled,mixedlm,HIV,Bacteria.Actinomycetota.Coriobacteriia.Coriobacteriales.Coriobacteriaceae.Collinsella,Collinsella,-0.22094793220554862,0.275948268161837,-0.8006860622004991,0.423313413411629,0.606107841930287,-0.7618065378027491,0.3199106733916518,330,128,2,189,True
pooled,mixedlm,HIV,Bacteria.Actinomycetota.Coriobacteriia.Coriobacteriales.Eggerthellaceae.Adlercreutzia,Adlercreutzia,-0.45754051477158275,0.20420239971023918,-2.2406226147235655,0.02505053056911314,0.08608273231931607,-0.8577772182036516,-0.057303811339513955,330,128,2,189,True
pooled,mixedlm,HIV,Bacteria.Actinomycetota.Coriobacteriia.Coriobacteriales.Eggerthellaceae.Senegalimassilia,Senegalimassilia,-0.7370369306514557,0.22828220947049613,-3.2286218552073045,0.0012438825265026403,0.01382904691229406,-1.184470061213628,-0.2896038000892833,330,128,2,189,True
pooled,mixedlm,HIV,Bacteria.Bacillota.Bacilli.Erysipelotrichales.Erysipelotrichaceae.Holdemanella,Holdemanella,-1.0900756579705264,0.3419205241673744,-3.188096592402627,0.0014321268737945514,0.01503733217484279,-1.7602398853385801,-0.4199114306024726,330,128,2,189,True
pooled,mixedlm,HIV,Bacteria.Bacillota.Bacilli.Lactobacillales.Streptococcaceae.Streptococcus,Streptococcus,0.11945120326246533,0.2950833368401537,0.40480497659266984,0.6856208704110802,0.8201414209347733,-0.4589121369442359,0.6978145434691665,330,128,2,189,True
pooled,mixedlm,HIV,Bacteria.Bacillota.Bacilli.RF39.Incertae Sedis.Incertae Sedis,Incertae Sedis,-0.866145787008809,0.2537273695708892,-3.4136868579596236,0.0006409019249856052,0.009797175464522821,-1.3634514313677517,-0.36884014264986614,330,128,2,189,True
pooled,mixedlm,HIV,Bacteria.Bacillota.Clostridia.Christensenellales.Christensenellaceae.Christensenellaceae R-7 group,Christensenellaceae R-7 group,-0.9564037044603444,0.28129592099096756,-3.399991372399085,0.000673879793856067,0.009797175464522821,-1.5077437096026407,-0.405063699318048,330,128,2,189,True
pooled,mixedlm,HIV,Bacteria.Bacillota.Clostridia.Clostridia UCG-014.Incertae Sedis.Incertae Sedis,Incertae Sedis,-1.1578097176892281,0.3795843796538645,-3.050203801181208,0.002286861276551097,0.019645412466277618,-1.9017951018108024,-0.4138243335676538,330,128,2,189,True
pooled,mixedlm,HIV,Bacteria.Bacillota.Clostridia.Clostridiales.Clostridiaceae.Clostridium,Clostridium,-0.9741399570222201,0.31509364936717915,-3.0915886720619152,0.0019908851063298303,0.018813864254816896,-1.5917235097818914,-0.356556404262549,330,128,2,189,True
pooled,mixedlm,HIV,Bacteria.Bacillota.Clostridia.Lachnospirales.Lachnospiraceae.Agathobacter,Agathobacter,-0.2668227765795573,0.37243131233907223,-0.7164348639317257,0.47372287382813094,0.6487943706776577,-0.9967881487641388,0.4631425956050243,330,128,2,189,True
pooled,mixedlm,HIV,Bacteria.Bacillota.Clostridia.Lachnospirales.Lachnospiraceae.Blautia,Blautia,0.0522631689109756,0.35081250303833245,0.1489774978324103,0.8815713889287893,0.9308211871929675,-0.635329337044156,0.7398556748661071,330,128,2,189,True
pooled,mixedlm,HIV,Bacteria.Bacillota.Clostridia.Lachnospirales.Lachnospiraceae.Coprococcus,Coprococcus,-0.5505556690359101,0.3186331103088534,-1.727867102393259,0.08401205354686268,0.20178199566422417,-1.175076565241263,0.07396522716944254,330,128,2,189,True
pooled,mixedlm,HIV,Bacteria.Bacillota.Clostridia.Lachnospirales.Lachnospiraceae.Dorea,Dorea,-0.17290192510570299,0.30773892890621185,-0.5618461262611254,0.5742208619291105,0.7337245283488637,-0.7760702257618782,0.4302663755504722,330,128,2,189,True
pooled,mixedlm,HIV,Bacteria.Bacillota.Clostridia.Lachnospirales.Lachnospiraceae.Howardella,Howardella,-0.521900423618266,0.20737999308144364,-2.5166382535913283,0.011848040618976577,0.054749851304852354,-0.9283652100578956,-0.11543563717863653,330,128,2,189,True
pooled,mixedlm,HIV,Bacteria.Bacillota.Clostridia.Lachnospirales.Lachnospiraceae.Lachnospiraceae NK4A136 group,Lachnospiraceae NK4A136 group,-0.5282541937911563,0.31819701728706545,-1.6601481632198494,0.09688464979827192,0.2260641828626345,-1.1519203476738045,0.09541196009149189,330,128,2,189,True
pooled,mixedlm,HIV,Bacteria.Bacillota.Clostridia.Lachnospirales.Lachnospiraceae.Mediterraneibacter,Mediterraneibacter,-0.050147017429345825,0.2939901866115396,-0.17057378005479817,0.8645589162261242,0.9231730800380649,-0.6263677831879634,0.5260737483292718,330,128,2,189,True
pooled,mixedlm,HIV,Bacteria.Bacillota.Clostridia.Lachnospirales.Lachnospiraceae.Roseburia,Roseburia,-0.23175183095097934,0.3328861700081374,-0.6961894239863259,0.4863102100526504,0.6565187835710781,-0.8842087241669288,0.42070506226497,330,128,2,189,True
pooled,mixedlm,HIV,Bacteria.Bacillota.Clostridia.Lachnospirales.Lachnospiraceae.[Eubacterium] eligens group,[Eubacterium] eligens group,-0.7053391882367167,0.3346475301465642,-2.107707736339193,0.03505627771227164,0.10686510463902162,-1.3612483473239825,-0.04943002914945094,330,128,2,189,True
pooled,mixedlm,HIV,Bacteria.Bacillota.Clostridia.Lachnospirales.Lachnospiraceae.[Eubacterium] ruminantium group,[Eubacterium] ruminantium group,-0.8714929721487978,0.32823114555810584,-2.6551196738717775,0.007928027695255687,0.04126399980979282,-1.5148260174426853,-0.22815992685491038,330,128,2,189,True
pooled,mixedlm,HIV,Bacteria.Bacillota.Clostridia.NA.NA.NA,Clostridia,-0.08319544393396827,0.15976216985257646,-0.5207455808264149,0.602544017194083,0.7541776109250443,-0.3963292968450181,0.22993840897708157,330,128,2,189,True
pooled,mixedlm,HIV,Bacteria.Bacillota.Clostridia.Oscillospirales.Oscillospiraceae.Colidextribacter,Colidextribacter,-0.22390366585436822,0.23986341024860758,-0.9334631973351092,0.3505808637282354,0.5431129774150532,-0.6940359499416391,0.24622861823290265,330,128,2,189,True
pooled,mixedlm,HIV,Bacteria.Bacillota.Clostridia.Oscillospirales.Oscillospiraceae.UCG-002,UCG-002,-0.9114072202246822,0.3575920360302489,-2.548734670778814,0.010811452061342543,0.0537727484103616,-1.61228761084397,-0.21052682960539437,330,128,2,189,True
pooled,mixedlm,HIV,Bacteria.Bacillota.Clostridia.Oscillospirales.Ruminococcaceae.CAG-352,CAG-352,-0.5335361998486257,0.29405935861686994,-1.8143826551147797,0.06961883421194295,0.18274943980635025,-1.1098925427376907,0.04282014304043946,330,128,2,189,True
pooled,mixedlm,HIV,Bacteria.Bacillota.Clostridia.Oscillospirales.Ruminococcaceae.Faecalibacterium,Faecalibacterium,-0.12088035890543594,0.3219929885077916,-0.3754130158722722,0.7073533263370843,0.8303712961348381,-0.7519866163807075,0.5102258985698357,330,128,2,189,True
pooled,mixedlm,HIV,Bacteria.Bacillota.Clostridia.Oscillospirales.Ruminococcaceae.Gemmiger,Gemmiger,-0.4358240289252895,0.3299544336982247,-1.3208612596607592,0.18654762913439993,0.3490841772911048,-1.0825347189738097,0.21088666112323085,330,128,2,189,True
pooled,mixedlm,HIV,Bacteria.Bacillota.Clostridia.Oscillospirales.Ruminococcaceae.NA,Ruminococcaceae,-0.5379589914720839,0.22384078305564822,-2.4033108896797595,0.016247368095291367,0.06533516106404401,-0.9766869262611544,-0.09923105668301341,330,128,2,189,True
pooled,mixedlm,HIV,Bacteria.Bacillota.Clostridia.Oscillospirales.Ruminococcaceae.Ruminococcus,Ruminococcus,-0.3634253263095,0.3591971943807007,-1.0117710605621213,0.3116475299327671,0.49916426404485587,-1.0674518272956734,0.3406011746766734,330,128,2,189,True
pooled,mixedlm,HIV,Bacteria.Bacillota.Clostridia.Oscillospirales.Ruminococcaceae.Subdoligranulum,Subdoligranulum,-0.23524418953519802,0.17901262868839873,-1.3141206363975564,0.1888056105476268,0.3498456901323673,-0.5861089417644595,0.11562056269406348,330,128,2,189,True
pooled,mixedlm,HIV,Bacteria.Bacillota.Clostridia.Oscillospirales.Ruminococcaceae.[Eubacterium] siraeum group,[Eubacterium] siraeum group,-0.9696262456874727,0.3065841389401182,-3.16267582869595,0.0015632630097594492,0.015550353097080838,-1.5705311580101045,-0.36872133336484103,330,128,2,189,True
pooled,mixedlm,HIV,Bacteria.Bacillota.Clostridia.Oscillospirales.UCG-010.Incertae Sedis,Incertae Sedis,-0.814451619030053,0.35043812871259605,-2.3240953318125013,0.020120385195488377,0.07642250873268402,-1.5013103513067412,-0.12759288675336478,330,128,2,189,True
pooled,mixedlm,HIV,Bacteria.Bacillota.Clostridia.Peptostreptococcales-Tissierellales.Peptostreptococcaceae.Romboutsia,Romboutsia,-1.212435842279359,0.3116891827798664,-3.8898874560419183,0.00010029072312705783,0.004738736667753483,-1.8233466405278973,-0.601525044030821,330,128,2,189,True
pooled,mixedlm,HIV,Bacteria.Bacillota.NA.NA.NA.NA,Bacteria.Bacillota.NA.NA.NA.NA,0.07522263784197908,0.11944442926150604,0.6297710015197959,0.5288444209473082,0.6941083024933421,-0.15888844351057277,0.3093337191945309,330,128,2,189,True
pooled,mixedlm,HIV,Bacteria.Bacillota.Negativicutes.Acidaminococcales.Acidaminococcaceae.Phascolarctobacterium,Phascolarctobacterium,-0.2128143363873301,0.38408483152701195,-0.5540815958319439,0.5795230048541471,0.7337245283488637,-0.9656206061802735,0.5399919334056134,330,128,2,189,True
pooled,mixedlm,HIV,Bacteria.Bacteroidota.Bacteroidia.Bacteroidales.Bacteroidaceae.Bacteroides,Bacteroides,0.40249428720502267,0.3572083977190433,1.1267772252140564,0.2598366820046386,0.44242462071060085,-0.2976341723243021,1.1026227467343475,330,128,2,189,True
pooled,mixedlm,HIV,Bacteria.Bacteroidota.Bacteroidia.Bacteroidales.Prevotellaceae.Incertae Sedis,Incertae Sedis,-0.3623683018276569,0.4042110397294551,-0.8964829413620068,0.36999488706247274,0.5594322692384588,-1.154621939697389,0.42988533604207513,330,128,2,189,True
pooled,mixedlm,HIV,Bacteria.Bacteroidota.Bacteroidia.Bacteroidales.Prevotellaceae.Segatella,Segatella,-0.7606794936810508,0.4309832145305861,-1.7649863568574473,0.07756605867688865,0.1928945406569994,-1.6054065941609994,0.08404760679889789,330,128,2,189,True
pooled,mixedlm,HIV,Bacteria.Bacteroidota.Bacteroidia.Bacteroidales.Rikenellaceae.Alistipes,Alistipes,0.4377744959669724,0.3619042096231167,1.2096419006091865,0.22641633266826222,0.3925934575623996,-0.2715577548943363,1.147106746828281,330,128,2,189,True
pooled,mixedlm,HIV,Bacteria.Bacteroidota.Bacteroidia.Bacteroidales.Tannerellaceae.Parabacteroides,Parabacteroides,-0.044002061590685426,0.35804564349485485,-0.12289511795531102,0.9021901516292545,0.9472996592107173,-0.7457715228406009,0.65776739965923,330,128,2,189,True
pooled,mixedlm,HIV,Bacteria.NA.NA.NA.NA.NA,Bacteria.NA.NA.NA.NA.NA,0.047039583269672565,0.14981709053065367,0.3139800880063675,0.7535361620565295,0.8610088848161392,-0.24660191417040866,0.3406810807097538,330,128,2,189,True
pooled,mixedlm,HIV,Bacteria.Pseudomonadota.Gammaproteobacteria.Burkholderiales.Oxalobacteraceae.Oxalobacter,Oxalobacter,-0.041042280080176394,0.15717327473011972,-0.2611276004183891,0.7939941078126982,0.8724702696313952,-0.34910189855121104,0.2670173383908582,330,128,2,189,True
pooled,mixedlm,HIV,Bacteria.Pseudomonadota.Gammaproteobacteria.Enterobacterales.Pasteurellaceae.Haemophilus,Haemophilus,-0.4032708807588766,0.21500829641257474,-1.8756061393326373,0.0607093827688063,0.16629091801890422,-0.8246871417275231,0.018145380209769857,330,128,2,189,True
pooled,mixedlm,HIV,Bacteria.Pseudomonadota.Gammaproteobacteria.Enterobacterales.Succinivibrionaceae.Succinivibrio,Succinivibrio,0.32706697245292465,0.39042010599876276,0.8377308633125599,0.4021818755782538,0.5847105729560768,-0.43815643530465037,1.0922903802104997,330,128,2,189,True
pooled,mixedlm,HIV,Archaea.Methanobacteriota.Methanobacteria.Methanobacteriales.Methanobacteriaceae.Methanobrevibacter,Methanobrevibacter,-0.4980509999033288,0.23560830926638662,-2.113894036479909,0.034524318702101896,0.10686510463902162,-0.9598432860654466,-0.036258713741211035,330,128,2,189,True
pooled,mixedlm,HIV,Bacteria.Actinomycetota.Coriobacteriia.Coriobacteriales.Eggerthellaceae.Eggerthella,Eggerthella,0.8262459932392164,0.1711868904712023,4.826572823216335,1.3890261700220794e-06,0.0001312629730670865,0.4907196879156599,1.161772298562773,330,128,2,189,True
pooled,mixedlm,HIV,Bacteria.Bacillota.Bacilli.Erysipelotrichales.Erysipelatoclostridiaceae.Catenibacterium,Catenibacterium,-1.1864429147789883,0.34443355443891427,-3.4446205936924925,0.0005718614751492637,0.009797175464522821,-1.8615326814792603,-0.5113531480787163,330,128,2,189,True
pooled,mixedlm,HIV,Bacteria.Bacillota.Bacilli.Lactobacillales.Lactobacillaceae.Lactobacillus,Lactobacillus,0.27482976047236307,0.21304527484995134,1.2900063644496542,0.19704844834304502,0.3580976609311107,-0.14273897823354154,0.6923984991782677,330,128,2,189,True
pooled,mixedlm,HIV,Bacteria.Bacillota.Clostridia.Lachnospirales.Lachnospiraceae.NA,Lachnospiraceae,-0.10245045149130334,0.2714802046459557,-0.377377244226376,0.705893275382526,0.8303712961348381,-0.6345516525973766,0.42965074961476984,330,128,2,189,True
pooled,mixedlm,HIV,Bacteria.Bacillota.Clostridia.Oscillospirales.Butyricicoccaceae.Agathobaculum,Agathobaculum,0.010239685811572741,0.2460047356250326,0.04162393778947557,0.9667984901794701,0.9839127225500466,-0.47192959601349116,0.49240896763663666,330,128,2,189,True
pooled,mixedlm,HIV,Bacteria.Bacillota.Clostridia.Oscillospirales.Oscillospiraceae.Intestinimonas,Intestinimonas,-0.4041313671475286,0.2501288364476895,-1.6156928280919993,0.10616074237356986,0.23375293211445639,-0.894383886585,0.08612115228994283,330,128,2,189,True
pooled,mixedlm,HIV,Bacteria.Bacillota.Clostridia.Oscillospirales.Oscillospiraceae.NA,Oscillospiraceae,-0.5434291359430526,0.15516341588373017,-3.5023019624050087,0.000461256538010876,0.009686387298228396,-0.8475494310751638,-0.2393088408109415,330,128,2,189,True
pooled,mixedlm,HIV,Bacteria.Bacillota.Clostridia.Oscillospirales.Oscillospiraceae.NK4A214 group,NK4A214 group,-0.6788141858313715,0.3123385677073081,-2.1733280997417106,0.02975563204893834,0.09696231822843701,-1.2909977785376956,-0.0666305931250476,330,128,2,189,True
pooled,mixedlm,HIV,Bacteria.Bacillota.Clostridia.Oscillospirales.Ruminococcaceae.Acutalibacter,Acutalibacter,0.14022103943377237,0.2155909662968242,0.6504031307170681,0.5154318555748825,0.686032540166569,-0.28233725450800307,0.5627793333755478,330,128,2,189,True
pooled,mixedlm,HIV,Bacteria.Bacillota.Clostridia.Oscillospirales.Ruminococcaceae.Incertae Sedis,Incertae Sedis,-0.641000245988435,0.2900728927074906,-2.209790235845372,0.027119723693899603,0.09114218087124958,-1.2095431156951166,-0.07245737628175342,330,128,2,189,True
pooled,mixedlm,HIV,Bacteria.Bacillota.Clostridia.Peptostreptococcales-Tissierellales.Anaerovoracaceae.Mogibacterium,Mogibacterium,-0.07683032689656871,0.2121897472318546,-0.3620831255933307,0.717289913159527,0.8317042551358932,-0.49272223147100375,0.3390615776778663,330,128,2,189,True
pooled,mixedlm,HIV,Bacteria.Bacteroidota.Bacteroidia.Bacteroidales.Prevotellaceae.Massiliprevotella,Massiliprevotella,-0.7478793782922274,0.25405209421900404,-2.943803240793294,0.003242060417944852,0.02341558180080738,-1.2458214829614753,-0.24993727362297946,330,128,2,189,True
pooled,mixedlm,HIV,Bacteria.Pseudomonadota.Gammaproteobacteria.Enterobacterales.Enterobacteriaceae.Escherichia-Shigella,Escherichia-Shigella,0.6167880230321161,0.29228544104540466,2.1102249254224814,0.03483898655778098,0.10686510463902162,0.043908558583123036,1.1896674874811093,330,128,2,189,True
pooled,mixedlm,HIV,Bacteria.Verrucomicrobiota.Verrucomicrobiia.Verrucomicrobiales.Akkermansiaceae.Akkermansia,Akkermansia,0.0032719508910391965,0.2535397808747193,0.012905078957435694,0.98970352254243,0.98970352254243,-0.4936660196234106,0.500209921405489,330,128,2,189,True
pooled,mixedlm,HIV,Bacteria.Actinomycetota.Coriobacteriia.Coriobacteriales.Eggerthellaceae.Incertae Sedis,Incertae Sedis,-0.7586275581193703,0.22671289049291957,-3.3462038989929552,0.0008192612751996295,0.011060027215194999,-1.2029848234854927,-0.31427029275324797,330,128,2,189,True
pooled,mixedlm,HIV,Bacteria.Actinomycetota.Coriobacteriia.Coriobacteriales.Eggerthellaceae.Slackia,Slackia,-1.123640856229255,0.2267253123044548,-4.9559568131519,7.197520321778088e-07,0.0001312629730670865,-1.5680224683459865,-0.6792592441125236,330,128,2,189,True
pooled,mixedlm,HIV,Bacteria.Bacillota.Bacilli.Erysipelotrichales.Erysipelatoclostridiaceae.Erysipelotrichaceae UCG-003,Erysipelotrichaceae UCG-003,0.4241704409485686,0.30536533573954794,1.3890589117500614,0.1648148366703973,0.32529043173767563,-0.17434561710094532,1.0226864989980826,330,128,2,189,True
pooled,mixedlm,HIV,Bacteria.Bacillota.Bacilli.Erysipelotrichales.Erysipelatoclostridiaceae.Massiliomicrobiota,Massiliomicrobiota,0.3578654264286905,0.14231983637266826,2.5145154431713257,0.011919608212513727,0.054749851304852354,0.07891854713826074,0.6368123057191203,330,128,2,189,True
pooled,mixedlm,HIV,Bacteria.Bacillota.Clostridia.Oscillospirales.Ruminococcaceae.Caproiciproducens,Caproiciproducens,-0.038178646162541324,0.13295921400836236,-0.2871455464541187,0.7740008788703278,0.8610088848161392,-0.2987787056189315,0.22242141329384887,330,128,2,189,True
pooled,mixedlm,HIV,Bacteria.Bacillota.Clostridia.Oscillospirales.Ruminococcaceae.Fournierella,Fournierella,-0.8132177579997973,0.1994186968728988,-4.077941390410893,4.5436216009210976e-05,0.0028624816085802917,-1.2040784038706789,-0.42235711212891575,330,128,2,189,True
pooled,mixedlm,HIV,Bacteria.Bacillota.Clostridia.Oscillospirales.[Eubacterium] coprostanoligenes group.Incertae Sedis,Incertae Sedis,-0.4630823894022681,0.33682452911028915,-1.374847581990198,0.16917870297637838,0.3296368542529434,-1.1232584664584349,0.19709368765389867,330,128,2,189,True
pooled,mixedlm,HIV,Bacteria.Bacillota.Clostridia.Peptococcales.Peptococcaceae.Peptococcus,Peptococcus,-0.5240784551602873,0.22491044900102045,-2.330164994503699,0.019797432344667628,0.07642250873268402,-0.9649029352022873,-0.0832539751182872,330,128,2,189,True
pooled,mixedlm,HIV,Bacteria.Bacillota.Clostridia.Peptostreptococcales-Tissierellales.Anaerovoracaceae.Family XIII AD3011 group,Family XIII AD3011 group,-0.4697210076998783,0.2227982057662502,-2.108280028936536,0.03500677438008865,0.10686510463902162,-0.9064054910017287,-0.0330365243980279,330,128,2,189,True
pooled,mixedlm,HIV,Bacteria.Bacillota.Clostridia.Peptostreptococcales-Tissierellales.Peptostreptococcaceae.Intestinibacter,Intestinibacter,-0.023958574075480417,0.3207032117237419,-0.0747063739920343,0.9404483361358678,0.9747402742023059,-0.6525368690540145,0.6046197209030537,330,128,2,189,True
pooled,mixedlm,HIV,Bacteria.Bacteroidota.Bacteroidia.Bacteroidales.Muribaculaceae.Incertae Sedis,Incertae Sedis,-0.9197679678542603,0.36683982086369166,-2.507274062256242,0.012166633623300522,0.054749851304852354,-1.6387740167470959,-0.2007619189614247,330,128,2,189,True
pooled,mixedlm,HIV,Bacteria.Elusimicrobiota.Elusimicrobia.Elusimicrobiales.Elusimicrobiaceae.Elusimicrobium,Elusimicrobium,-0.5554120546830805,0.24785604306713274,-2.2408654951884515,0.02503478890274761,0.08608273231931607,-1.0412098990946608,-0.06961421027150033,330,128,2,189,True
pooled,mixedlm,HIV,Bacteria.Actinomycetota.Actinobacteria.Actinomycetales.Actinomycetaceae.Schaalia,Schaalia,0.30131092829512857,0.136678284905341,2.204526699349548,0.027487324389741934,0.09114218087124958,0.03342148988066018,0.569200366709597,330,128,2,189,True
pooled,mixedlm,HIV,Bacteria.Bacillota.Clostridia.Lachnospirales.Lachnospiraceae.Anaerostipes,Anaerostipes,0.22080281654881434,0.3017122450118345,0.7318324668597838,0.4642708298755931,0.640490414937862,-0.37055318367438134,0.81215881677201,330,128,2,189,True
pooled,mixedlm,HIV,Bacteria.Bacillota.Clostridia.Lachnospirales.Lachnospiraceae.Fusicatenibacter,Fusicatenibacter,-0.3321417041839299,0.3197557906166918,-1.038735541093252,0.2989277469738726,0.48704607050053383,-0.9588630537926459,0.29457964542478604,330,128,2,189,True
pooled,mixedlm,HIV,Bacteria.Bacillota.Clostridia.Lachnospirales.Lachnospiraceae.Marvinbryantia,Marvinbryantia,-0.4148312888550822,0.2121589526922485,-1.9552853348443147,0.050549401166685604,0.1433634697551768,-0.8306628361318893,0.0010002584217248534,330,128,2,189,True
pooled,mixedlm,HIV,Bacteria.Bacillota.Negativicutes.Veillonellales-Selenomonadales.Veillonellaceae.Dialister,Dialister,-0.3276107360107053,0.406043795767352,-0.8068359606174454,0.41976099799232913,0.605609378782826,-1.1234565757147152,0.4682351036933046,330,128,2,189,True
pooled,mixedlm,HIV,Bacteria.Bacillota.Negativicutes.Veillonellales-Selenomonadales.Veillonellaceae.Megasphaera,Megasphaera,-0.1169011643530155,0.37982905626480246,-0.3077730953566554,0.7582549952903996,0.8610088848161392,-0.8613661146320283,0.6275637859259974,330,128,2,189,True
pooled,mixedlm,HIV,Bacteria.Bacillota.Bacilli.Erysipelotrichales.Erysipelotrichaceae.Erysipelotrichaceae UCG-006,Erysipelotrichaceae UCG-006,-0.04147454283391627,0.14217380528217924,-0.2917171890532137,0.7705028656277151,0.8610088848161392,-0.3201352011869876,0.23718611551915503,330,128,2,189,True
pooled,mixedlm,HIV,Bacteria.Bacillota.Bacilli.Erysipelotrichales.Erysipelotrichaceae.Turicibacter,Turicibacter,-0.23998931732049983,0.22360564491325488,-1.0732703882033068,0.2831498172254542,0.46843316420504594,-0.6782563813504794,0.19827774670947973,330,128,2,189,True
pooled,mixedlm,HIV,Bacteria.Bacillota.Clostridia.Lachnospirales.Lachnospiraceae.Faecalimonas,Faecalimonas,0.29007289707205486,0.20903066021013975,1.3877050227007028,0.16522688596199397,0.32529043173767563,-0.11962719693981905,0.6997729910839288,330,128,2,189,True
pooled,mixedlm,HIV,Bacteria.Bacillota.Clostridia.Peptostreptococcales-Tissierellales.Peptostreptococcaceae.Terrisporobacter,Terrisporobacter,-0.3500755073168696,0.2595317678568799,-1.348873435447488,0.17737762207310914,0.3420854139981391,-0.8587577723163542,0.15860675768261506,330,128,2,189,True
pooled,mixedlm,HIV,Bacteria.Bacteroidota.Bacteroidia.Bacteroidales.Prevotellaceae.Leyella,Leyella,-0.567323753604046,0.3678474194659202,-1.542280096534989,0.1230055434407059,0.25836866197340025,-1.2883046957572497,0.15365718854915766,330,128,2,189,False
pooled,mixedlm,HIV,Bacteria.Cyanobacteriota.Vampirivibrionia.Gastranaerophilales.Gastranaerophilaceae.Zag_111,Zag_111,-0.45875430613037954,0.2780948891978279,-1.6496322800238026,0.09901816859776205,0.2282248032314272,-1.0038202889581223,0.08631167669736312,330,128,2,189,True
pooled,mixedlm,HIV,Bacteria.Bacillota.Bacilli.Lactobacillales.Streptococcaceae.Lactococcus,Lactococcus,0.3139228759573582,0.15101806407358034,2.078710768033723,0.03764394266120733,0.112931827983622,0.01792747037314074,0.6099182815415756,330,128,2,189,True
pooled,mixedlm,HIV,Bacteria.Bacillota.Clostridia.Lachnospirales.Lachnospiraceae.CAG-56,CAG-56,-0.1716239662878301,0.2628023820406924,-0.6530533131212479,0.5137219090281866,0.686032540166569,-0.6867166350875873,0.343468702511927,330,128,2,189,True
pooled,mixedlm,HIV,Bacteria.Bacillota.Clostridia.Lachnospirales.Lachnospiraceae.Lachnoclostridium,Lachnoclostridium,0.059057751765517946,0.26934181697067905,0.21926692419969476,0.8264421256376403,0.8987946879029197,-0.468852209497013,0.586967713028049,330,128,2,189,True
pooled,mixedlm,HIV,Bacteria.Bacillota.Clostridia.Lachnospirales.Lachnospiraceae.Lachnospira,Lachnospira,-0.19895124898657948,0.3345673152076327,-0.5946523761985243,0.5520758617787422,0.7154847116104083,-0.8547031867935396,0.4568006888203807,330,128,2,189,True
pooled,mixedlm,HIV,Bacteria.Bacillota.Clostridia.Lachnospirales.Lachnospiraceae.Lachnospiraceae FCS020 group,Lachnospiraceae FCS020 group,-0.20763367439551478,0.21641874145890408,-0.9594070873706771,0.33735370607399984,0.5269409127932725,-0.6318144076549668,0.21654705886393721,330,128,2,189,True
pooled,mixedlm,HIV,Bacteria.Bacillota.Clostridia.Oscillospirales.Ruminococcaceae.Ruthenibacterium,Ruthenibacterium,0.5474876862033397,0.1892720859620605,2.8925960392970116,0.0038207235220460356,0.024900577436782784,0.1765143977177011,0.9184609746889782,330,128,2,189,True
pooled,mixedlm,HIV,Bacteria.Actinomycetota.Actinobacteria.Bifidobacteriales.Bifidobacteriaceae.Bifidobacterium,Bifidobacterium,0.006701819053616123,0.32934276298418896,0.020349070351176543,0.9837649113980387,0.9889977034799432,-0.6388099963953943,0.6522136345026265,330,128,2,189,True
pooled,mixedlm,HIV,Bacteria.Actinomycetota.Coriobacteriia.Coriobacteriales.Atopobiaceae.Parolsenella,Parolsenella,-0.004688343754764637,0.22457678717235774,-0.020876350640667223,0.9833442919674004,0.9889977034799432,-0.4448588466125858,0.43548215910305654,330,128,2,189,True
pooled,mixedlm,HIV,Bacteria.Bacillota.Bacilli.Erysipelotrichales.Erysipelotrichaceae.Solobacterium,Solobacterium,-0.20767407842367513,0.26122073476301083,-0.7950137595780242,0.42660549827624783,0.60622886597151,-0.7196667185591763,0.30431856171182603,330,128,2,189,True
pooled,mixedlm,HIV,Bacteria.Bacillota.Bacilli.Lactobacillales.Lactobacillaceae.Ligilactobacillus,Ligilactobacillus,0.20224101894628152,0.2572905867193406,0.786041267677202,0.4318433108095746,0.6081769239898067,-0.30204853102362594,0.706530568916189,330,128,2,189,True
pooled,mixedlm,HIV,Bacteria.Bacillota.Clostridia.Oscillospirales.Ruminococcaceae.Candidatus Soleaferrea,Candidatus Soleaferrea,-0.10988776583024072,0.18508491494523102,-0.5937154082101067,0.5527024756355534,0.7154847116104083,-0.4726541991228935,0.25287866746241205,330,128,2,189,True
pooled,mixedlm,HIV,Bacteria.Bacillota.Negativicutes.Veillonellales-Selenomonadales.Selenomonadaceae.Mitsuokella,Mitsuokella,-0.26023027841810525,0.30311328793081116,-0.8585248116126983,0.3906027359254751,0.5767493522649594,-0.854332322762495,0.3338717659262846,330,128,2,189,True
pooled,mixedlm,HIV,Bacteria.Bacteroidota.Bacteroidia.Bacteroidales.Incertae Sedis.Incertae Sedis,Incertae Sedis,-0.46218810992601894,0.2677758708638454,-1.7260259799921454,0.08434273892843232,0.20178199566422417,-0.9870288168191559,0.06265259696711806,330,128,2,189,True
pooled,mixedlm,HIV,Bacteria.Thermodesulfobacteriota.Desulfovibrionia.Desulfovibrionales.Desulfovibrionaceae.Bilophila,Bilophila,0.7694980550289855,0.23605988768394615,3.259757778328034,0.0011150739924384759,0.013688107733997656,0.3068206751684511,1.23217543488952,330,128,2,189,True
pooled,mixedlm,HIV,Bacteria.Bacillota.Bacilli.Lactobacillales.Carnobacteriaceae.Granulicatella,Granulicatella,0.043184865984352755,0.13726171011594956,0.31461698931095244,0.7530524781768676,0.8610088848161392,-0.2258480858429084,0.31221781781161395,330,128,2,189,True
pooled,mixedlm,HIV,Bacteria.Bacillota.Clostridia.Lachnospirales.Lachnospiraceae.Anaerobutyricum,Anaerobutyricum,-0.23044388031985374,0.29481195593482035,-0.7816639579257848,0.4344120885641477,0.6081769239898067,-0.8082753139521016,0.3473875533123941,330,128,2,189,True
pooled,mixedlm,HIV,Bacteria.Bacillota.Clostridia.Lachnospirales.Lachnospiraceae.Extibacter,Extibacter,0.5345070630738099,0.19630350230506954,2.7228605541797624,0.006471936902752723,0.03587174430612366,0.14975219855587363,0.9192619275917462,330,128,2,189,True
pooled,mixedlm,HIV,Bacteria.Bacillota.Clostridia.Lachnospirales.Lachnospiraceae.Lachnospiraceae UCG-004,Lachnospiraceae UCG-004,0.023460805778296304,0.2702840101343691,0.08680056865603329,0.9308300356094068,0.9719716946418667,-0.506295854085067,0.5532174656416597,330,128,2,189,True
pooled,mixedlm,HIV,Bacteria.Bacillota.Clostridia.Lachnospirales.Lachnospiraceae.[Eubacterium] ventriosum group,[Eubacterium] ventriosum group,0.09684816758804318,0.2637906143830644,0.3671403086669521,0.7135143615463481,0.8317042551358932,-0.4201814366027631,0.6138777717788494,330,128,2,189,True
pooled,mixedlm,HIV,Bacteria.Bacillota.Clostridia.Lachnospirales.Lachnospiraceae.[Ruminococcus] gnavus group,[Ruminococcus] gnavus group,0.820999572733177,0.2527057407059427,3.2488362569037204,0.0011587816071109125,0.013688107733997656,0.3256963209495293,1.3163028245168247,330,128,2,189,True
pooled,mixedlm,HIV,Bacteria.Bacillota.Clostridia.Monoglobales.Monoglobaceae.Monoglobus,Monoglobus,-0.1818528389155259,0.2591326201131233,-0.7017751714783679,0.48281938497919596,0.6564954227414966,-0.6897527743372476,0.32604709650619584,330,128,2,189,True
pooled,mixedlm,HIV,Bacteria.Bacillota.Clostridia.Oscillospirales.Oscillospiraceae.UCG-005,UCG-005,-0.9055454755286954,0.2981866145611674,-3.036841465407025,0.002390711569970292,0.019645412466277618,-1.4899912400685835,-0.3210997109888073,330,128,2,189,True
pooled,mixedlm,HIV,Bacteria.Bacillota.Clostridia.Peptostreptococcales-Tissierellales.Anaerovoracaceae.Family XIII UCG-001,Family XIII UCG-001,-0.591201561875141,0.20035623381973144,-2.950752021057996,0.0031700131202041927,0.02341558180080738,-0.9838997801618146,-0.19850334358846733,330,128,2,189,True
pooled,mixedlm,HIV,Bacteria.Bacteroidota.Bacteroidia.Bacteroidales.Rikenellaceae.Rikenellaceae RC9 gut group,Rikenellaceae RC9 gut group,-1.0158270646071959,0.3584275035092564,-2.8341214183106405,0.004595186897917234,0.027211524690601892,-1.7183449714853385,-0.3133091577290533,330,128,2,189,True
pooled,mixedlm,HIV,Bacteria.Bacillota.Clostridia.Lachnospirales.Lachnospiraceae.Butyribacter,Butyribacter,-0.3462788827766481,0.2597354943125756,-1.3331981587388395,0.18246678343827538,0.3448622206983405,-0.8553604516292962,0.162802686076,330,128,2,189,True
pooled,mixedlm,HIV,Bacteria.Bacillota.Clostridia.Lachnospirales.Lachnospiraceae.[Eubacterium] xylanophilum group,[Eubacterium] xylanophilum group,-0.3839927289738344,0.2631479951793111,-1.4592272637767154,0.14450256723019725,0.2936665075968525,-0.8997627995252842,0.13177734157761534,330,128,2,189,True
pooled,mixedlm,HIV,Bacteria.Bacillota.Clostridia.Lachnospirales.Lachnospiraceae.[Ruminococcus] gauvreauii group,[Ruminococcus] gauvreauii group,-0.08437025338018904,0.28512382144382564,-0.2959074164794451,0.7673007870480019,0.8610088848161392,-0.6432129434100873,0.47447243664970923,330,128,2,189,True
pooled,mixedlm,HIV,Bacteria.Bacillota.Clostridia.Oscillospirales.Oscillospiraceae.UCG-003,UCG-003,-0.9671710999641471,0.2649181600937309,-3.650829749164615,0.00026139447465270204,0.007507978436170053,-1.4864106937478598,-0.4479315061804344,330,128,2,189,True
pooled,mixedlm,HIV,Bacteria.Bacillota.Clostridia.Oscillospirales.Ruminococcaceae.Paludicola,Paludicola,-0.18484164436933412,0.17289493392137273,-1.0690980942992487,0.28502547028349356,0.46843316420504594,-0.5237157148552246,0.1540324261165564,330,128,2,189,True
pooled,mixedlm,HIV,Bacteria.Bacillota.Bacilli.Erysipelotrichales.Erysipelatoclostridiaceae.Thomasclavelia,Thomasclavelia,0.5928144418499393,0.19423991287507578,3.051970282910929,0.0022734460713153843,0.019645412466277618,0.21210421261479073,0.9735246710850878,330,128,2,189,True
pooled,mixedlm,HIV,Bacteria.Bacillota.Bacilli.Erysipelotrichales.Erysipelotrichaceae.[Clostridium] innocuum group,[Clostridium] innocuum group,0.4437341021055215,0.151233074923368,2.9341075180172593,0.003345083114401054,0.02341558180080738,0.14731727525572025,0.7401509289553228,330,128,2,189,True
pooled,mixedlm,HIV,Bacteria.Bacillota.Negativicutes.Veillonellales-Selenomonadales.Veillonellaceae.Veillonella,Veillonella,0.12647909652095307,0.26788670675394505,0.4721365164159661,0.6368293493208024,0.7866715491609911,-0.39857884871677923,0.6515370417586854,330,128,2,189,True
pooled,mixedlm,HIV,Bacteria.Bacteroidota.Bacteroidia.Bacteroidales.Barnesiellaceae.Barnesiella,Barnesiella,-0.49113445339608286,0.32318213459128897,-1.519683178085305,0.12859062143415972,0.2670728291324856,-1.124571437195009,0.14230253040284346,330,128,2,189,True
pooled,mixedlm,HIV,Bacteria.Bacillota.Clostridia.Lachnospirales.Lachnospiraceae.Incertae Sedis,Incertae Sedis,-0.205886805178524,0.18599223024137998,-1.1069645485261665,0.2683092561368585,0.4527718697309488,-0.5704315764516288,0.15865796609458074,330,128,2,189,True
pooled,mixedlm,HIV,Bacteria.Bacillota.Clostridia.Oscillospirales.Ruminococcaceae.DTU089,DTU089,0.5415203763326556,0.15455639796214057,3.5037072775551095,0.0004588294170776925,0.009686387298228396,0.2385898363268601,0.844450916338451,330,128,2,189,True
pooled,mixedlm,HIV,Bacteria.Bacillota.Clostridia.Oscillospirales.Butyricicoccaceae.UCG-008,UCG-008,-0.40279977179747634,0.2003422235847838,-2.010558556204771,0.04437210530864442,0.13103637348959055,-0.7954705300236525,-0.010129013571300138,330,128,2,189,True
pooled,mixedlm,HIV,Bacteria.Bacillota.Clostridia.Lachnospirales.Lachnospiraceae.GCA-900066575,GCA-900066575,-0.4601165728856708,0.189003886091687,-2.4344291665117685,0.014915298827888486,0.06309901445416385,-0.8305641896253773,-0.08966895614596432,330,128,2,189,True
pooled,mixedlm,HIV,Bacteria.Bacillota.Clostridia.Lachnospirales.Lachnospiraceae.Lachnospiraceae UCG-010,Lachnospiraceae UCG-010,-0.25145798493643623,0.2512825766062137,-1.000698052099718,0.3169728094249672,0.5034274032043596,-0.7439718350846152,0.24105586521174266,330,128,2,189,True
pooled,mixedlm,HIV,Bacteria.Bacillota.Clostridia.Lachnospirales.Lachnospiraceae.Oribacterium,Oribacterium,-0.8989820564290346,0.2473186524523487,-3.6349140977235552,0.00027807327541370567,0.007507978436170053,-1.383726615235638,-0.41423749762243117,330,128,2,189,True
pooled,mixedlm,HIV,Bacteria.Bacillota.Clostridia.Oscillospirales.Butyricicoccaceae.UCG-009,UCG-009,-0.7005890386641015,0.20340073329271818,-3.4443781363161037,0.0005723745911503854,0.009797175464522821,-1.099254475917829,-0.3019236014103739,330,128,2,189,True
pooled,mixedlm,HIV,Bacteria.Bacillota.Negativicutes.Veillonellales-Selenomonadales.Selenomonadaceae.Anaerovibrio,Anaerovibrio,0.011538691099885236,0.27164351631227224,0.04247732931943329,0.9661181840176446,0.9839127225500466,-0.5208826008721683,0.5439599830719388,330,128,2,189,True
pooled,mixedlm,HIV,Bacteria.Thermodesulfobacteriota.Desulfovibrionia.Desulfovibrionales.Desulfovibrionaceae.Desulfovibrio,Desulfovibrio,-0.08027006672907325,0.3065659379848679,-0.2618362211298092,0.7934477125415359,0.8724702696313952,-0.6811393051794143,0.5205991717212679,330,128,2,189,True
pooled,mixedlm,HIV,Bacteria.Actinomycetota.Coriobacteriia.Coriobacteriales.Coriobacteriales Incertae Sedis.Incertae Sedis,Incertae Sedis,0.10263994023580551,0.1852347332959639,0.5541074204037626,0.5795053320897458,0.7337245283488637,-0.26042013702428374,0.4657000174958948,330,128,2,189,True
pooled,mixedlm,HIV,Bacteria.Actinomycetota.Coriobacteriia.Coriobacteriales.Incertae Sedis.Incertae Sedis,Incertae Sedis,-0.07740119895632189,0.17238078327157988,-0.44901292062456294,0.6534223360133082,0.7967536871388081,-0.4152675341686184,0.26046513625597467,330,128,2,189,True
pooled,mixedlm,HIV,Bacteria.Bacillota.Bacilli.Erysipelotrichales.Erysipelatoclostridiaceae.Asteroleplasma,Asteroleplasma,-0.0913994314920044,0.23875003800216568,-0.38282478301082123,0.701849684592109,0.8303712961348381,-0.5593495059762491,0.37655064299224034,330,128,2,189,True
pooled,mixedlm,HIV,Bacteria.Bacillota.Clostridia.Clostridia vadinBB60 group.Incertae Sedis.Incertae Sedis,Incertae Sedis,-0.8192570149038574,0.3401655895596247,-2.4084064939209755,0.016022330081374863,0.06533516106404401,-1.485981570440722,-0.1525324593669929,330,128,2,189,True
pooled,mixedlm,HIV,Bacteria.Pseudomonadota.Alphaproteobacteria.Rhodospirillales.Incertae Sedis.Incertae Sedis,Incertae Sedis,-0.28633156603102006,0.32969465875685133,-0.868474991711008,0.38513435703238397,0.5731527045600044,-0.9325330971944487,0.35986996513240854,330,128,2,189,True
pooled,mixedlm,HIV,Bacteria.Pseudomonadota.Gammaproteobacteria.Burkholderiales.Sutterellaceae.Sutterella,Sutterella,-0.5007594916246791,0.37412627160752165,-1.3384772191299157,0.1807409216410586,0.3448622206983405,-1.2340469839754216,0.23252800072606328,330,128,2,189,True
pooled,mixedlm,HIV,Bacteria.Bacillota.Bacilli.Acholeplasmatales.Acholeplasmataceae.Anaeroplasma,Anaeroplasma,-0.38673790662592317,0.21735298527749322,-1.7793080050507577,0.07518927927919271,0.18947698378356564,-0.81274975776981,0.039273944517963566,330,128,2,189,True
pooled,mixedlm,HIV,Bacteria.Bacillota.Bacilli.Izemoplasmatales.Incertae Sedis.Incertae Sedis,Incertae Sedis,-0.4019698399814605,0.223650387559006,-1.7973134067358068,0.07228587901734933,0.18587788270194575,-0.8403245995971123,0.036384919634191215,330,128,2,189,True
pooled,mixedlm,HIV,Bacteria.Bacillota.Clostridia.Lachnospirales.Lachnospiraceae.Lachnospiraceae ND3007 group,Lachnospiraceae ND3007 group,-0.43228136023074787,0.2793348275800797,-1.5475383573744361,0.12173348256964542,0.25836866197340025,-0.9797776222877042,0.11521490182620836,330,128,2,189,True
pooled,mixedlm,HIV,Bacteria.Bacillota.Clostridia.Oscillospirales.Oscillospiraceae.Oscillibacter,Oscillibacter,0.009860708196886891,0.2480886518726587,0.0397467120017577,0.9682950602873474,0.9839127225500466,-0.4763930494735241,0.4961144658672979,330,128,2,189,True
pooled,mixedlm,HIV,Bacteria.Bacillota.Clostridia.Peptococcales.Peptococcaceae.Incertae Sedis,Incertae Sedis,-0.13309668230308155,0.14986630037393125,-0.8881028087768374,0.37448545192992566,0.5617281778948885,-0.42683463103598684,0.1606412664298237,330,128,2,189,True
pooled,mixedlm,HIV,Bacteria.Bacteroidota.Bacteroidia.Bacteroidales.Prevotellaceae.Paraprevotella,Paraprevotella,-0.310513758596628,0.34256610742826266,-0.9064345592380391,0.36470588768976675,0.5558823610755316,-0.9819433291560228,0.3609158119627668,330,128,2,189,True
pooled,mixedlm,HIV,Bacteria.Thermodesulfobacteriota.Desulfovibrionia.Desulfovibrionales.Desulfovibrionaceae.Incertae Sedis,Incertae Sedis,0.2403811596892927,0.1927798127228716,1.246920807184567,0.2124265365518171,0.37876052271974936,-0.1374672732475356,0.618229592626121,330,128,2,189,True
pooled,mixedlm,HIV,Bacteria.Verrucomicrobiota.Verrucomicrobiia.Opitutales.Puniceicoccaceae.Incertae Sedis,Incertae Sedis,-0.3174663734005713,0.2058571487790578,-1.5421683205245467,0.12303269617780964,0.25836866197340025,-0.7209463850075246,0.08601363820638197,330,128,2,189,True
pooled,mixedlm,HIV,Bacteria.Bacillota.Clostridia.Lachnospirales.Defluviitaleaceae.Defluviitaleaceae UCG-011,Defluviitaleaceae UCG-011,-0.31861989264279217,0.1598101372497687,-1.9937401852350474,0.046180455354800094,0.13427855480088027,-0.6318477616523388,-0.005392023633245535,330,128,2,189,True
pooled,mixedlm,HIV,Bacteria.Bacteroidota.Bacteroidia.Bacteroidales.Marinifilaceae.Odoribacter,Odoribacter,0.35988015620776576,0.3140868217734596,1.1457983310975568,0.25187860588225564,0.4327732410158756,-0.25573001446821503,0.9754903268837465,330,128,2,189,True
pooled,mixedlm,HIV,Bacteria.Bacteroidota.Bacteroidia.Bacteroidales.Prevotellaceae.Prevotella,Prevotella,0.21884677507713587,0.11598292054776675,1.8868879490494066,0.05917539832612675,0.16447279828879346,-0.008479749196486946,0.44617329935075867,330,128,2,189,True
pooled,mixedlm,HIV,Bacteria.Bacillota.Clostridia.Lachnospirales.Lachnospiraceae.Enterocloster,Enterocloster,0.361759644484182,0.2521332554788755,1.4347954370283034,0.1513453985703685,0.3043008545723367,-0.13242153625441394,0.855940825222778,330,128,2,189,True
pooled,mixedlm,HIV,Bacteria.Bacteroidota.Bacteroidia.Bacteroidales.Tannerellaceae.Incertae Sedis,Incertae Sedis,0.09960105329071953,0.20559989790184335,0.4844411612415812,0.628072812431542,0.7809589575629042,-0.30337474659689345,0.5025768531783324,330,128,2,189,True
pooled,mixedlm,HIV,Bacteria.Bacillota.Clostridia.Eubacteriales.Anaerofustaceae.Anaerofustis,Anaerofustis,0.14025689888424825,0.11579479840388929,1.2112538802912007,0.22579811848717724,0.3925934575623996,-0.08670090598737476,0.3672147037558713,330,128,2,189,True
pooled,mixedlm,HIV,Bacteria.Pseudomonadota.Alphaproteobacteria.Rickettsiales.Mitochondria.Incertae Sedis,Incertae Sedis,0.21728909531465984,0.147287615096956,1.4752706476483002,0.1401397944833358,0.2878958821451138,-0.0713946302753739,0.5059728209046936,330,128,2,189,True
pooled,mixedlm,HIV,Bacteria.Bacillota.Clostridia.Oscillospirales.Oscillospiraceae.Incertae Sedis,Incertae Sedis,0.20379499646503504,0.22299520897130007,0.9138985425075382,0.36077015959215486,0.554354147665994,-0.23327561311871306,0.6408656060487832,330,128,2,189,True
pooled,mixedlm,HIV,Bacteria.Cyanobacteriota.Vampirivibrionia.Gastranaerophilales.Gastranaerophilaceae.CAG-196,CAG-196,-0.07918630706218098,0.18226369421120853,-0.43446012331133427,0.6639543460843805,0.8044062269868457,-0.4364231477161497,0.2780505335917877,330,128,2,189,True
pooled,mixedlm,HIV,Bacteria.Bacillota.Clostridia.Oscillospirales.Ruminococcaceae.Angelakisella,Angelakisella,-0.02811680100491699,0.14296591077158238,-0.19666786895681304,0.8440874558464854,0.9064348247442372,-0.30832998611721846,0.2520963841073845,330,128,2,189,True
pooled,mixedlm,HIV,Bacteria.Bacillota.Bacilli.Erysipelotrichales.Erysipelotrichaceae.Holdemania,Holdemania,0.33027286083941215,0.13320653958843315,2.479404253423689,0.013160205742219626,0.05784369500650022,0.06918804324608319,0.5913576784327411,330,128,2,189,True
pooled,mixedlm,HIV,Bacteria.Bacillota.Negativicutes.Veillonellales-Selenomonadales.Veillonellaceae.Allisonella,Allisonella,-0.5248517638997126,0.21582759605600624,-2.431810266577384,0.015023574870039013,0.06309901445416385,-0.9478738521694847,-0.10182967562994033,330,128,2,189,True
pooled,mixedlm,HIV,Bacteria.Bacillota.Negativicutes.Acidaminococcales.Acidaminococcaceae.Acidaminococcus,Acidaminococcus,0.6535283798835994,0.3346313817016687,1.9529799523292601,0.05082197075977167,0.1433634697551768,-0.0023491282516712175,1.30940588801887,330,128,2,189,True
pooled,mixedlm,HIV,Bacteria.Bacillota.Clostridia.Peptostreptococcales-Tissierellales.Anaerovoracaceae.[Eubacterium] brachy group,[Eubacterium] brachy group,0.5926933230035791,0.162211422604683,3.653832223936542,0.0002583551217973998,0.007507978436170053,0.27475893469840046,0.9106277113087577,330,128,2,189,True
pooled,mixedlm,HIV,Bacteria.Bacteroidota.Bacteroidia.Bacteroidales.Marinifilaceae.Butyricimonas,Butyricimonas,-0.4741015835547208,0.294336958189659,-1.6107443199478493,0.10723546149467392,0.23375293211445639,-1.0510020216064524,0.10279885449701082,330,128,2,189,True
pooled,mixedlm,HIV,Bacteria.Fusobacteriota.Fusobacteriia.Fusobacteriales.Fusobacteriaceae.Fusobacterium,Fusobacterium,0.5853695442629769,0.2088613246539888,2.802670840246429,0.005068136603315299,0.02902660054626035,0.1760013479411589,0.994737740584795,330,128,2,189,True
pooled,mixedlm,HIV,Bacteria.Bacillota.Clostridia.Christensenellales.Christensenellaceae.Incertae Sedis,Incertae Sedis,-0.3247808272510682,0.17613747463224516,-1.8439053241178422,0.065196939056722,0.17602597303223483,-0.6700102775302688,0.020448623028132273,330,128,2,189,True
pooled,mixedlm,HIV,Bacteria.Bacillota.Clostridia.Oscillospirales.Ruminococcaceae.Anaerotruncus,Anaerotruncus,0.3858977685916486,0.13620158048803307,2.833284072100428,0.004607242275657463,0.027211524690601892,0.11894267083510379,0.6528528663481934,330,128,2,189,True
pooled,mixedlm,HIV,Bacteria.Bacillota.Clostridia.Lachnospirales.Lachnospiraceae.Sellimonas,Sellimonas,0.4228697013340689,0.1820920782973481,2.322284996075128,0.02021759490282646,0.07642250873268402,0.06596922787126663,0.7797701747968713,330,128,2,189,True
pooled,mixedlm,HIV,Bacteria.Bacillota.Clostridia.Oscillospirales.Oscillospiraceae.Oscillospira,Oscillospira,-0.3283750222285007,0.1874608241747997,-1.7516994479993544,0.07982550186698446,0.19593532276441641,-0.695798237611108,0.039048193154106736,330,128,2,189,True
pooled,mixedlm,HIV,Bacteria.Pseudomonadota.Gammaproteobacteria.Burkholderiales.Sutterellaceae.Parasutterella,Parasutterella,0.04664816610210654,0.23023996822833734,0.20260672576120173,0.8394424326376537,0.9064348247442372,-0.4046221716254346,0.4979185038296477,330,128,2,189,True
pooled,mixedlm,HIV,NA.NA.NA.NA.NA.NA,NA.NA.NA.NA.NA.NA,0.1919154262002855,0.10443993189430525,1.8375675157899063,0.06612615918142155,0.17602597303223483,-0.012786840312552783,0.3966176927131238,330,128,2,189,True
pooled,mixedlm,HIV,Bacteria.Verrucomicrobiota.Lentisphaeria.Victivallales.vadinBE97.Incertae Sedis,Incertae Sedis,-0.7790329847927303,0.27424130793492807,-2.840684325271593,0.004501684910599397,0.027211524690601892,-1.3165459483451893,-0.24152002124027128,330,128,2,189,True
pooled,mixedlm,HIV,Bacteria.Bacillota.Bacilli.Erysipelotrichales.Erysipelatoclostridiaceae.UCG-004,UCG-004,-0.30636244374161176,0.23627341936710225,-1.2966437128740704,0.19475380458918912,0.3573637773529781,-0.7694583457011321,0.15673345821790863,330,128,2,189,True
pooled,mixedlm,HIV,Bacteria.Bacillota.Clostridia.Lachnospirales.Lachnospiraceae.Shuttleworthia,Shuttleworthia,0.26718345281412825,0.16268568930065264,1.6423291683656185,0.10052180536542608,0.22889905077187386,-0.051680498215150916,0.5860474038434074,330,128,2,189,True
pooled,mixedlm,HIV,Bacteria.Bacteroidota.Bacteroidia.Bacteroidales.Prevotellaceae.NA,Prevotellaceae,-0.04125071871710358,0.18925987679393694,-0.21795807656588875,0.8274617761645927,0.8987946879029197,-0.41220007723321994,0.3296986397990128,330,128,2,189,True
pooled,mixedlm,HIV,Bacteria.Bacillota.Clostridia.Lachnospirales.Lachnospiraceae.Lachnospiraceae AC2044 group,Lachnospiraceae AC2044 group,-0.16999454975206155,0.1572681339008439,-1.0809217705809464,0.27973191359244576,0.46787019176081635,-0.47824009219771557,0.1382509926935925,330,128,2,189,True
pooled,mixedlm,HIV,Bacteria.Bacillota.Clostridia.Lachnospirales.Lachnospiraceae.Lachnospiraceae NK3A20 group,Lachnospiraceae NK3A20 group,-0.37139272322089817,0.23081172126159297,-1.6090721961211676,0.10760055605268627,0.23375293211445639,-0.8237836968936203,0.08099825045182402,330,128,2,189,True
pooled,mixedlm,HIV,Bacteria.Bacteroidota.Bacteroidia.Bacteroidales.Prevotellaceae.Prevotellaceae NK3B31 group,Prevotellaceae NK3B31 group,-0.8562459287176701,0.29507912681233084,-2.901750245662883,0.0037108426146806334,0.024900577436782784,-1.4346010172698387,-0.2778908401655017,330,128,2,189,True
pooled,mixedlm,HIV,Bacteria.Campylobacterota.Campylobacteria.Campylobacterales.Campylobacteraceae.Campylobacter,Campylobacter,-0.05775592314979906,0.2015520757291094,-0.2865558339742645,0.7744524360780088,0.8610088848161392,-0.4527979915788535,0.3372861452792554,330,128,2,189,True
pooled,mixedlm,HIV,Bacteria.Actinomycetota.Coriobacteriia.Coriobacteriales.Atopobiaceae.Incertae Sedis,Incertae Sedis,0.015746649700179645,0.2233584767020103,0.07049944973070242,0.9437961385133439,0.9747402742023059,-0.42203596463576054,0.4535292640361198,330,128,2,189,True
pooled,mixedlm,HIV,Bacteria.Bacillota.Clostridia.Peptostreptococcales-Tissierellales.Anaerovoracaceae.NA,Anaerovoracaceae,0.12548114173109215,0.16717258255031864,0.7506083821689036,0.452888375070136,0.6293816388842332,-0.20217712006753236,0.45313940352971666,330,128,2,189,True
pooled,mixedlm,HIV,Bacteria.Actinomycetota.Coriobacteriia.Coriobacteriales.Eggerthellaceae.Asaccharobacter,Asaccharobacter,0.10785566869968816,0.19610208948930236,0.5499975496465673,0.5823210542451299,0.7337245283488637,-0.27650442669934444,0.49221576409872075,330,128,2,189,True
pooled,mixedlm,HIV,Bacteria.Pseudomonadota.NA.NA.NA.NA,Bacteria.Pseudomonadota.NA.NA.NA.NA,0.19577057342589343,0.10911161782395705,1.7942229922917443,0.07277758370340733,0.18587788270194575,-0.018088197509062376,0.40962934436084925,330,128,2,189,True
pooled,mixedlm,HIV,Bacteria.Bacillota.Clostridia.Oscillospirales.Ruminococcaceae.Negativibacillus,Negativibacillus,0.5563462343115534,0.24609031619735675,2.260740052304135,0.02377535872380535,0.08478382639243795,0.0740092145647342,1.0386832540583726,330,128,2,189,True
pooled,mixedlm,HIV,Bacteria.Actinomycetota.Coriobacteriia.Coriobacteriales.Eggerthellaceae.NA,Eggerthellaceae,0.06320041747258445,0.13715382462551176,0.4607995267003925,0.6449424413408178,0.7915202689182764,-0.2056210787934186,0.33202191373858747,330,128,2,189,True
pooled,mixedlm,HIV,Bacteria.Bacillota.Clostridia.Lachnospirales.Lachnospiraceae.Eisenbergiella,Eisenbergiella,0.3951953442557375,0.15677583892854832,2.520766892122009,0.011709939785527115,0.054749851304852354,0.08791469995578277,0.7024759885556922,330,128,2,189,True
pooled,mixedlm,HIV,Bacteria.Bacillota.Clostridia.Oscillospirales.Oscillospiraceae.Flavonifractor,Flavonifractor,0.5663378495011012,0.21381031481431398,2.648786378678427,0.00807813752890124,0.04126399980979282,0.14726963246504582,0.9854060665371567,330,128,2,189,True
pooled,mixedlm,HIV,Bacteria.Bacteroidota.Bacteroidia.Bacteroidales.Barnesiellaceae.Coprobacter,Coprobacter,0.035128570316632676,0.23023100284051168,0.15257966947643167,0.8787297586582723,0.9308211871929675,-0.4161241952507702,0.4863813358840356,330,128,2,189,True
pooled,mixedlm,HIV,Bacteria.Bacillota.Clostridia.Oscillospirales.NA.NA,Oscillospirales,0.2683889283083391,0.11804601012736164,2.2735959311015272,0.022990292335464214,0.08356087021928339,0.03701874845871028,0.4997591081579679,330,128,2,189,True
pooled,mixedlm,HIV,Bacteria.Bacillota.Incertae Sedis.DTU014.Incertae Sedis.Incertae Sedis,Incertae Sedis,0.26256084848485217,0.15693813174146892,1.6730213719975984,0.09432308879431728,0.2228382972765746,-0.04503788972842693,0.5701595866981313,330,128,2,189,True
pooled,mixedlm,HIV,Bacteria.Bacillota.Clostridia.Christensenellales.Christensenellaceae.Christensenella,Christensenella,0.2942167601354711,0.10839770004746228,2.714234342671914,0.006642915612245121,0.03587174430612366,0.08175726804244504,0.5066762522284971,330,128,2,189,True
pooled,mixedlm,HIV,Bacteria.Bacillota.Clostridia.Christensenellales.Christensenellaceae.NA,Christensenellaceae,-0.1557215776029938,0.18563573095723535,-0.8388556276316609,0.40155033029444764,0.5847105729560768,-0.5195676102791751,0.20812445507318747,330,128,2,189,True
pooled,mixedlm,HIV,Bacteria.Bacteroidota.Bacteroidia.Bacteroidales.Barnesiellaceae.Incertae Sedis,Incertae Sedis,-0.329083415376225,0.20338276288434806,-1.6180496847874741,0.10565189058499354,0.23375293211445639,-0.7277136306295472,0.06954679987709722,330,128,2,189,True
pooled,mixedlm,HIV,Bacteria.Verrucomicrobiota.Lentisphaeria.Victivallales.Victivallaceae.Victivallis,Victivallis,-0.18928878935772087,0.1972623764285332,-0.9595787741424624,0.3372672560035105,0.5269409127932725,-0.575923047157646,0.19734546844220419,330,128,2,189,True
pooled,mixedlm,HIV,Bacteria.Bacillota.Clostridia.Oscillospirales.Ruminococcaceae.[Clostridium] methylpentosum group,[Clostridium] methylpentosum group,0.15648162991843156,0.12435211982224816,1.2583752503946863,0.20825607829021375,0.37486094092238476,-0.08724852493317481,0.40021178477003794,330,128,2,189,True
pooled,mixedlm,HIV,Archaea.Methanobacteriota.Methanobacteria.Methanobacteriales.Methanobacteriaceae.Methanosphaera,Methanosphaera,-0.21408530529519018,0.17272877377630877,-1.2394304701800287,0.215186123131884,0.3800951146908979,-0.5526337018967553,0.12446309130637498,330,128,2,189,True
pooled,mixedlm,HIV,Bacteria.Bacillota.Bacilli.Erysipelotrichales.Erysipelotrichaceae.Catenisphaera,Catenisphaera,0.1025296646056203,0.25167257269253007,0.4073930802578214,0.6837193084451669,0.8201414209347733,-0.3907485778717386,0.5958079070829791,330,128,2,189,True
pooled,mixedlm,HIV,Bacteria.Bacteroidota.Bacteroidia.Bacteroidales.Prevotellaceae.Prevotellaceae UCG-003,Prevotellaceae UCG-003,-0.25623277358379326,0.25009642770444757,-1.0245359197477117,0.3055822138880002,0.49363280704984647,-0.7464217718845105,0.23395622471692396,330,128,2,189,True
pooled,mixedlm,HIV,Bacteria.Bacillota.Clostridia.Lachnospirales.Lachnospiraceae.Lachnotalea,Lachnotalea,-0.3490194894506718,0.15106055525001957,-2.3104607875498098,0.020862657053995547,0.07731455261186586,-0.6450981777407101,-0.05294080116063343,330,128,2,189,True
pooled,mixedlm,HIV,Bacteria.Bacillota.Clostridia.Lachnospirales.Lachnospiraceae.Syntrophococcus,Syntrophococcus,0.0775578880185905,0.1224734684893691,0.6332627709104413,0.5265620605952208,0.6941083024933421,-0.16249011022057291,0.31760588625775393,330,128,2,189,True
pooled,combat_ols,asthma,Bacteria.Actinomycetota.Coriobacteriia.Coriobacteriales.Coriobacteriaceae.Collinsella,Collinsella,-0.1119699109941537,0.19897415158967777,-0.5627359639409685,0.5738853101629489,0.996974428981283,-0.5019592481099221,0.27801942612161473,248,220,3,242,
pooled,combat_ols,asthma,Bacteria.Actinomycetota.Coriobacteriia.Coriobacteriales.Eggerthellaceae.Adlercreutzia,Adlercreutzia,0.19765521665295854,0.14221553423150576,1.3898285986902472,0.1652445056422118,0.996974428981283,-0.08108723044079275,0.47639766374670983,248,220,3,242,
pooled,combat_ols,asthma,Bacteria.Actinomycetota.Coriobacteriia.Coriobacteriales.Eggerthellaceae.Senegalimassilia,Senegalimassilia,0.03423960767176112,0.10665036284987377,0.3210453931596881,0.7483199228677513,0.996974428981283,-0.17479510351399147,0.24327431885751372,248,220,3,242,
pooled,combat_ols,asthma,Bacteria.Bacillota.Bacilli.Erysipelotrichales.Erysipelotrichaceae.Holdemanella,Holdemanella,0.08485149195755053,0.11499405271393522,0.7378772202126941,0.46096046380462274,0.996974428981283,-0.14053685136176247,0.31023983527686355,248,220,3,242,
pooled,combat_ols,asthma,Bacteria.Bacillota.Bacilli.Lactobacillales.Lactobacillaceae.Limosilactobacillus,Limosilactobacillus,0.1937919034520585,0.21374271168395523,0.9066597028047606,0.3650553504819384,0.996974428981283,-0.22514381144849377,0.6127276183526107,248,220,3,242,
pooled,combat_ols,asthma,Bacteria.Bacillota.Bacilli.Lactobacillales.Streptococcaceae.Streptococcus,Streptococcus,0.020150838757485984,0.19351831021618915,0.1041288482468375,0.9171118975659831,0.996974428981283,-0.35914504926624474,0.3994467267812167,248,220,3,242,
pooled,combat_ols,asthma,Bacteria.Bacillota.Bacilli.RF39.Incertae Sedis.Incertae Sedis,Incertae Sedis,-0.04597004354198086,0.20366062372513602,-0.22571885866372893,0.8215190493294984,0.996974428981283,-0.44514486604324743,0.3532047789592857,248,220,3,242,
pooled,combat_ols,asthma,Bacteria.Bacillota.Clostridia.Christensenellales.Christensenellaceae.Christensenellaceae R-7 group,Christensenellaceae R-7 group,0.2502850951858765,0.182112171258386,1.3743457862064847,0.1699949402669829,0.996974428981283,-0.10665476048056005,0.6072249508523131,248,220,3,242,
pooled,combat_ols,asthma,Bacteria.Bacillota.Clostridia.Clostridia UCG-014.Incertae Sedis.Incertae Sedis,Incertae Sedis,-0.37096085160876574,0.24164795635409486,-1.5351292732026434,0.12543071877085857,0.996974428981283,-0.8445908460627917,0.10266914284526019,248,220,3,242,
pooled,combat_ols,asthma,Bacteria.Bacillota.Clostridia.Clostridiales.Clostridiaceae.Clostridium,Clostridium,0.0374901562890346,0.1594229325675435,0.2351616275353043,0.8141865892390208,0.996974428981283,-0.2749787915433507,0.34995910412141984,248,220,3,242,
pooled,combat_ols,asthma,Bacteria.Bacillota.Clostridia.Lachnospirales.Lachnospiraceae.Agathobacter,Agathobacter,0.04684602761636856,0.2214141835719921,0.21157645305562245,0.8325299805553266,0.996974428981283,-0.38712577218473593,0.4808178274174731,248,220,3,242,
pooled,combat_ols,asthma,Bacteria.Bacillota.Clostridia.Lachnospirales.Lachnospiraceae.Blautia,Blautia,-0.02891331220019885,0.18519653761332708,-0.15612231509731095,0.8760042183887613,0.996974428981283,-0.3918985259223199,0.33407190152192223,248,220,3,242,
pooled,combat_ols,asthma,Bacteria.Bacillota.Clostridia.Lachnospirales.Lachnospiraceae.Coprococcus,Coprococcus,-0.004373881072484084,0.17809253716706253,-0.024559597735311592,0.9804167589742236,0.996974428981283,-0.35343525391992664,0.34468749177495844,248,220,3,242,
pooled,combat_ols,asthma,Bacteria.Bacillota.Clostridia.Lachnospirales.Lachnospiraceae.Dorea,Dorea,0.0067592082723341084,0.16212419234796968,0.04169154630437088,0.9667624499072862,0.996974428981283,-0.3110042087296864,0.32452262527435466,248,220,3,242,
pooled,combat_ols,asthma,Bacteria.Bacillota.Clostridia.Lachnospirales.Lachnospiraceae.Howardella,Howardella,-0.055044517766960344,0.13002737773437706,-0.42333021495985684,0.672249657603798,0.996974428981283,-0.30989817812633935,0.19980914259241866,248,220,3,242,
pooled,combat_ols,asthma,Bacteria.Bacillota.Clostridia.Lachnospirales.Lachnospiraceae.Lachnospiraceae NK4A136 group,Lachnospiraceae NK4A136 group,0.09579453395742953,0.2011088244514925,0.47633182789815964,0.6340612480060814,0.996974428981283,-0.29837876196749574,0.4899678298823548,248,220,3,242,
pooled,combat_ols,asthma,Bacteria.Bacillota.Clostridia.Lachnospirales.Lachnospiraceae.Mediterraneibacter,Mediterraneibacter,0.12733386453264578,0.18000582849982721,0.7073874529166594,0.4796793379952867,0.996974428981283,-0.22547755932701558,0.48014528839230713,248,220,3,242,
pooled,combat_ols,asthma,Bacteria.Bacillota.Clostridia.Lachnospirales.Lachnospiraceae.Roseburia,Roseburia,-0.10402081457962088,0.20599424221720386,-0.5049695246818576,0.6138189586228185,0.996974428981283,-0.5077695293253405,0.2997279001660987,248,220,3,242,
pooled,combat_ols,asthma,Bacteria.Bacillota.Clostridia.Lachnospirales.Lachnospiraceae.[Eubacterium] eligens group,[Eubacterium] eligens group,0.18708236495962569,0.1965894057402707,0.9516401163895603,0.3417728450005708,0.996974428981283,-0.1982328702913049,0.5723976002105563,248,220,3,242,
pooled,combat_ols,asthma,Bacteria.Bacillota.Clostridia.Lachnospirales.Lachnospiraceae.[Eubacterium] ruminantium group,[Eubacterium] ruminantium group,0.17884338680495648,0.15179956970489056,1.1781547678471098,0.23933619319730864,0.996974428981283,-0.11868376981662898,0.47637054342654195,248,220,3,242,
pooled,combat_ols,asthma,Bacteria.Bacillota.Clostridia.NA.NA.NA,Clostridia,0.05184881233148366,0.1383416269790821,0.37478822147525737,0.7079884769124857,0.996974428981283,-0.2193007765475172,0.3229984012104845,248,220,3,242,
pooled,combat_ols,asthma,Bacteria.Bacillota.Clostridia.Oscillospirales.Oscillospiraceae.Colidextribacter,Colidextribacter,0.0631452368243958,0.1774579073534552,0.35583219573656444,0.7221272608276894,0.996974428981283,-0.28467226158837644,0.410962735237168,248,220,3,242,
pooled,combat_ols,asthma,Bacteria.Bacillota.Clostridia.Oscillospirales.Oscillospiraceae.UCG-002,UCG-002,-0.10491463958365928,0.22380522319253185,-0.4687765463516679,0.6394485820556425,0.996974428981283,-0.5435728770410218,0.33374359787370317,248,220,3,242,
pooled,combat_ols,asthma,Bacteria.Bacillota.Clostridia.Oscillospirales.Ruminococcaceae.Faecalibacterium,Faecalibacterium,0.05059184201791732,0.2329536188473171,0.2171756003115638,0.8281665502558948,0.996974428981283,-0.4059972509228242,0.5071809349586588,248,220,3,242,
pooled,combat_ols,asthma,Bacteria.Bacillota.Clostridia.Oscillospirales.Ruminococcaceae.Gemmiger,Gemmiger,0.01937583695515175,0.2116597025993234,0.09154239903582709,0.9271009552896083,0.996974428981283,-0.3954771801395221,0.43422885404982564,248,220,3,242,
pooled,combat_ols,asthma,Bacteria.Bacillota.Clostridia.Oscillospirales.Ruminococcaceae.NA,Ruminococcaceae,0.004028600788892995,0.2048843263369324,0.019662806135145535,0.9843207774631442,0.996974428981283,-0.3975446788314945,0.4056018804092805,248,220,3,242,
pooled,combat_ols,asthma,Bacteria.Bacillota.Clostridia.Oscillospirales.Ruminococcaceae.Ruminococcus,Ruminococcus,0.14831650078783187,0.2090378177274141,0.7095199442870046,0.47835672871011936,0.996974428981283,-0.26139762195789973,0.5580306235335635,248,220,3,242,
pooled,combat_ols,asthma,Bacteria.Bacillota.Clostridia.Oscillospirales.Ruminococcaceae.[Eubacterium] siraeum group,[Eubacterium] siraeum group,0.021665593027315053,0.16243331800003166,0.13338145950642238,0.8939492868887923,0.996974428981283,-0.296703710252747,0.34003489630737715,248,220,3,242,
pooled,combat_ols,asthma,Bacteria.Bacillota.Clostridia.Oscillospirales.UCG-010.Incertae Sedis,Incertae Sedis,-0.09582397764885131,0.16092535743341185,-0.5954560497931572,0.5518277321165369,0.996974428981283,-0.4112376782183385,0.2195897229206359,248,220,3,242,
pooled,combat_ols,asthma,Bacteria.Bacillota.Clostridia.Peptostreptococcales-Tissierellales.Peptostreptococcaceae.Romboutsia,Romboutsia,0.00747488505138362,0.1689808221421458,0.0442351087929717,0.9647359448798664,0.996974428981283,-0.3237275263472221,0.33867729644998934,248,220,3,242,
pooled,combat_ols,asthma,Bacteria.Bacillota.NA.NA.NA.NA,Bacteria.Bacillota.NA.NA.NA.NA,-0.040632827544698186,0.14732057200455784,-0.27581231183002114,0.7828144931793977,0.996974428981283,-0.32938114867363155,0.24811549358423515,248,220,3,242,
pooled,combat_ols,asthma,Bacteria.Bacillota.Negativicutes.Acidaminococcales.Acidaminococcaceae.Phascolarctobacterium,Phascolarctobacterium,-0.1507194442978831,0.2148448803719374,-0.7015268133779079,0.48332449741124517,0.996974428981283,-0.5718154098268804,0.2703765212311142,248,220,3,242,
pooled,combat_ols,asthma,Bacteria.Bacteroidota.Bacteroidia.Bacteroidales.Bacteroidaceae.Bacteroides,Bacteroides,0.06761667621423811,0.27737516241250415,0.24377336321728976,0.8075136326052109,0.996974428981283,-0.47603864211427,0.6112719945427463,248,220,3,242,
pooled,combat_ols,asthma,Bacteria.Bacteroidota.Bacteroidia.Bacteroidales.Prevotellaceae.Incertae Sedis,Incertae Sedis,-0.16158185553531304,0.26566546983734046,-0.6082154961058548,0.5433408775208824,0.996974428981283,-0.6822861764165004,0.35912246534587433,248,220,3,242,
pooled,combat_ols,asthma,Bacteria.Bacteroidota.Bacteroidia.Bacteroidales.Prevotellaceae.Segatella,Segatella,0.04092132041232039,0.2625321187293644,0.15587167242764996,0.8762016726836439,0.996974428981283,-0.4736416322972338,0.5554842731218746,248,220,3,242,
pooled,combat_ols,asthma,Bacteria.Bacteroidota.Bacteroidia.Bacteroidales.Rikenellaceae.Alistipes,Alistipes,0.035394271302853185,0.23479799636090612,0.15074349803415243,0.8802432873952963,0.996974428981283,-0.4248098015645228,0.49559834417022913,248,220,3,242,
pooled,combat_ols,asthma,Bacteria.Bacteroidota.Bacteroidia.Bacteroidales.Tannerellaceae.Parabacteroides,Parabacteroides,0.06588897489633333,0.24690773089720253,0.26685667012899456,0.7896975680078908,0.996974428981283,-0.4180501776621836,0.5498281274548502,248,220,3,242,
pooled,combat_ols,asthma,Bacteria.NA.NA.NA.NA.NA,Bacteria.NA.NA.NA.NA.NA,0.35983895814235983,0.2535294052171638,1.4193184330398885,0.15647474461212454,0.996974428981283,-0.13707867608328117,0.8567565923680008,248,220,3,242,
pooled,combat_ols,asthma,Bacteria.Pseudomonadota.Gammaproteobacteria.Burkholderiales.Oxalobacteraceae.Oxalobacter,Oxalobacter,0.014337213709592922,0.11436131761076515,0.12536768558745007,0.9002865350700789,0.996974428981283,-0.20981096880750677,0.23848539622669263,248,220,3,242,
pooled,combat_ols,asthma,Bacteria.Pseudomonadota.Gammaproteobacteria.Enterobacterales.Enterobacteriaceae.Klebsiella,Klebsiella,0.1501591007301682,0.3147488595995622,0.4770759167204209,0.6335317162172454,0.996974428981283,-0.4667486640849738,0.7670668655453101,248,220,3,242,
pooled,combat_ols,asthma,Bacteria.Pseudomonadota.Gammaproteobacteria.Enterobacterales.Enterobacteriaceae.NA,Enterobacteriaceae,0.2363036816907361,0.26051967487783795,0.9070473537230648,0.36485054379573534,0.996974428981283,-0.27431488106982627,0.7469222444512985,248,220,3,242,
pooled,combat_ols,asthma,Bacteria.Pseudomonadota.Gammaproteobacteria.Enterobacterales.Pasteurellaceae.Haemophilus,Haemophilus,-0.39754160904290975,0.25318156995853663,-1.5701838372675185,0.11705106886354333,0.996974428981283,-0.8937774861616415,0.09869426807582204,248,220,3,242,
pooled,combat_ols,asthma,Archaea.Methanobacteriota.Methanobacteria.Methanobacteriales.Methanobacteriaceae.Methanobrevibacter,Methanobrevibacter,0.05784295322578998,0.15204014892953094,0.38044525497406345,0.7037882800693049,0.996974428981283,-0.24015573867609064,0.3558416451276706,248,220,3,242,
pooled,combat_ols,asthma,Bacteria.Actinomycetota.Actinobacteria.Micrococcales.Micrococcaceae.Rothia,Rothia,-0.027507498361639272,0.25399852691210767,-0.108297865724071,0.9138060292522068,0.996974428981283,-0.5253446111093703,0.4703296143860917,248,220,3,242,
pooled,combat_ols,asthma,Bacteria.Actinomycetota.Coriobacteriia.Coriobacteriales.Eggerthellaceae.Eggerthella,Eggerthella,-0.021593297050148834,0.10583208233139617,-0.20403356500661957,0.8384163430973404,0.996974428981283,-0.22902417841968534,0.18583758431938766,248,220,3,242,
pooled,combat_ols,asthma,Bacteria.Bacillota.Bacilli.Lactobacillales.Enterococcaceae.Enterococcus,Enterococcus,-0.02946932051188916,0.16517836343004003,-0.17840908397406816,0.8584792490170902,0.996974428981283,-0.3532189128347676,0.29428027181098926,248,220,3,242,
pooled,combat_ols,asthma,Bacteria.Bacillota.Bacilli.Lactobacillales.Lactobacillaceae.HT002,HT002,-0.06558481453568167,0.17002677336916747,-0.3857322775471476,0.6998709824618965,0.996974428981283,-0.39883729033924986,0.26766766126788655,248,220,3,242,
pooled,combat_ols,asthma,Bacteria.Bacillota.Bacilli.Lactobacillales.Lactobacillaceae.Lactobacillus,Lactobacillus,0.08775020267943436,0.21959294252325207,0.399603929302704,0.6896313480433526,0.996974428981283,-0.3426519646661397,0.5181523700250084,248,220,3,242,
pooled,combat_ols,asthma,Bacteria.Bacillota.Bacilli.Staphylococcales.Gemellaceae.Gemella,Gemella,-0.10547037885104164,0.23148304763610295,-0.4556289539476069,0.648869050136608,0.996974428981283,-0.5591771522178034,0.3482363945157201,248,220,3,242,
pooled,combat_ols,asthma,Bacteria.Bacillota.Bacilli.Staphylococcales.Staphylococcaceae.Staphylococcus,Staphylococcus,0.5040718326816545,0.3026953484663655,1.6652777627260609,0.09652945148353895,0.996974428981283,-0.08921105031242182,1.0973547156757308,248,220,3,242,
pooled,combat_ols,asthma,Bacteria.Bacillota.Clostridia.Lachnospirales.Lachnospiraceae.NA,Lachnospiraceae,-0.2228451279284195,0.24198182798255613,-0.9209167886130849,0.3575703668226128,0.996974428981283,-0.6971295107742295,0.2514392549173905,248,220,3,242,
pooled,combat_ols,asthma,Bacteria.Bacillota.Clostridia.Oscillospirales.Butyricicoccaceae.Agathobaculum,Agathobaculum,-0.022010174042726597,0.1642335140123049,-0.13401755527850134,0.8934465512311723,0.996974428981283,-0.3439078615068442,0.299887513421391,248,220,3,242,
pooled,combat_ols,asthma,Bacteria.Bacillota.Clostridia.Oscillospirales.Oscillospiraceae.Intestinimonas,Intestinimonas,-0.08727997962202982,0.1772381458810586,-0.49244466640156503,0.62263695428969,0.996974428981283,-0.43466674554890466,0.260106786304845,248,220,3,242,
pooled,combat_ols,asthma,Bacteria.Bacillota.Clostridia.Oscillospirales.Oscillospiraceae.NA,Oscillospiraceae,0.0228316141813086,0.1515749939156436,0.15062916112676958,0.8803334346335012,0.996974428981283,-0.27425537389335286,0.31991860225597,248,220,3,242,
pooled,combat_ols,asthma,Bacteria.Bacillota.Clostridia.Oscillospirales.Oscillospiraceae.NK4A214 group,NK4A214 group,0.0042954083742846785,0.18402876175068167,0.023340962213852248,0.9813882886052618,0.996974428981283,-0.3564009646570514,0.3649917814056207,248,220,3,242,
pooled,combat_ols,asthma,Bacteria.Bacillota.Clostridia.Oscillospirales.Ruminococcaceae.Acutalibacter,Acutalibacter,0.07467145739442572,0.1810927353921306,0.41233822678052373,0.6802811552040748,0.996974428981283,-0.28027030397415026,0.4296132187630017,248,220,3,242,
pooled,combat_ols,asthma,Bacteria.Bacillota.Clostridia.Oscillospirales.Ruminococcaceae.Incertae Sedis,Incertae Sedis,-0.0029484959693802633,0.17113087667811913,-0.017229479721103183,0.9862609184435437,0.996974428981283,-0.33836501425849375,0.33246802231973327,248,220,3,242,
pooled,combat_ols,asthma,Bacteria.Bacillota.Clostridia.Peptostreptococcales-Tissierellales.Anaerovoracaceae.Mogibacterium,Mogibacterium,0.1586421631204792,0.19218701368587718,0.8254572464494098,0.40953441614742336,0.996974428981283,-0.21804438370384002,0.5353287099447984,248,220,3,242,
pooled,combat_ols,asthma,Bacteria.Bacteroidota.Bacteroidia.Bacteroidales.Prevotellaceae.Massiliprevotella,Massiliprevotella,0.1469378741540001,0.19211019940351556,0.7648624310954266,0.44474062410086046,0.996974428981283,-0.22959811667689042,0.5234738649848906,248,220,3,242,
pooled,combat_ols,asthma,Bacteria.Pseudomonadota.Gammaproteobacteria.Enterobacterales.Enterobacteriaceae.Escherichia-Shigella,Escherichia-Shigella,-0.5152138068114614,0.25110413710811413,-2.0517933823990866,0.040748030342736864,0.996974428981283,-1.007377915543365,-0.023049698079557757,248,220,3,242,
pooled,combat_ols,asthma,Bacteria.Pseudomonadota.Gammaproteobacteria.Enterobacterales.NA.NA,Enterobacterales,-0.01094148624426384,0.10276616016449298,-0.10646973893692549,0.9152554817777452,0.996974428981283,-0.2123631601666701,0.19048018767814243,248,220,3,242,
pooled,combat_ols,asthma,Bacteria.Pseudomonadota.Gammaproteobacteria.Lysobacterales.Lysobacteraceae.Stenotrophomonas,Stenotrophomonas,0.2653096184258317,0.12401121055847826,2.1394002786604784,0.032922177925753325,0.996974428981283,0.022247645731214294,0.508371591120449,248,220,3,242,
pooled,combat_ols,asthma,Bacteria.Verrucomicrobiota.Verrucomicrobiia.Verrucomicrobiales.Akkermansiaceae.Akkermansia,Akkermansia,-0.09745087958286185,0.19477461921897787,-0.5003263770897246,0.617081478056929,0.996974428981283,-0.4792091332520585,0.2843073740863348,248,220,3,242,
pooled,combat_ols,asthma,Bacteria.Actinomycetota.Coriobacteriia.Coriobacteriales.Eggerthellaceae.Slackia,Slackia,-0.28119879662517777,0.18843171917859633,-1.4923113680168487,0.13629420760429162,0.996974428981283,-0.6505249662152266,0.08812737296487105,248,220,3,242,
pooled,combat_ols,asthma,Bacteria.Bacillota.Bacilli.Erysipelotrichales.Erysipelatoclostridiaceae.Erysipelotrichaceae UCG-003,Erysipelotrichaceae UCG-003,0.03244388591386529,0.12094111952265625,0.26826182891243605,0.7886164946818904,0.996974428981283,-0.20460070835054095,0.26948848017827154,248,220,3,242,
pooled,combat_ols,asthma,Bacteria.Bacillota.Clostridia.Oscillospirales.Ruminococcaceae.Fournierella,Fournierella,0.01969188933572187,0.1209130583444302,0.16285990616189694,0.8706993385580502,0.996974428981283,-0.2172977050193613,0.25668148369080507,248,220,3,242,
pooled,combat_ols,asthma,Bacteria.Bacillota.Clostridia.Oscillospirales.[Eubacterium] coprostanoligenes group.Incertae Sedis,Incertae Sedis,0.012130372169413628,0.2034815695218961,0.05961410754750597,0.9524885382838845,0.996974428981283,-0.3866935040935027,0.41095424843233,248,220,3,242,
pooled,combat_ols,asthma,Bacteria.Bacillota.Clostridia.Peptococcales.Peptococcaceae.Peptococcus,Peptococcus,-0.3952984353883263,0.193445010494303,-2.0434666904989416,0.041568112655411604,0.996974428981283,-0.7744506559571602,-0.016146214819492466,248,220,3,242,
pooled,combat_ols,asthma,Bacteria.Bacillota.Clostridia.Peptostreptococcales-Tissierellales.Anaerovoracaceae.Family XIII AD3011 group,Family XIII AD3011 group,-0.012039138911890731,0.13013244454714856,-0.09251450669190192,0.9263290244060902,0.996974428981283,-0.2670987302243019,0.24302045240052045,248,220,3,242,
pooled,combat_ols,asthma,Bacteria.Bacillota.Clostridia.Peptostreptococcales-Tissierellales.Family XI.Parvimonas,Parvimonas,-0.02414452958990035,0.2188642083386902,-0.11031739622102545,0.9122051544459814,0.996974428981283,-0.4531183779337331,0.40482931875393247,248,220,3,242,
pooled,combat_ols,asthma,Bacteria.Bacillota.Clostridia.Peptostreptococcales-Tissierellales.Peptostreptococcaceae.Intestinibacter,Intestinibacter,0.0930105093400829,0.13029615845093998,0.7138392293822221,0.47568396737397045,0.996974428981283,-0.16236996122375943,0.3483909799039252,248,220,3,242,
pooled,combat_ols,asthma,Bacteria.Bacteroidota.Bacteroidia.Bacteroidales.Muribaculaceae.Incertae Sedis,Incertae Sedis,0.2607736615397796,0.2915688293956259,0.8943811383415724,0.3715796953678303,0.996974428981283,-0.3107012440756472,0.8322485671552065,248,220,3,242,
pooled,combat_ols,asthma,Bacteria.Actinomycetota.Actinobacteria.Actinomycetales.Actinomycetaceae.Schaalia,Schaalia,0.026797410422306357,0.2501821248661225,0.10711161093801641,0.9147465333105896,0.996974428981283,-0.4635595543152937,0.5171543751599065,248,220,3,242,
pooled,combat_ols,asthma,Bacteria.Bacillota.Bacilli.Bacillales.Bacillaceae.Bacillus,Bacillus,0.014811731386677329,0.16294431280400049,0.09090057291225498,0.9276106541137861,0.996974428981283,-0.3045591217091636,0.3341825844825183,248,220,3,242,
pooled,combat_ols,asthma,Bacteria.Bacillota.Clostridia.Lachnospirales.Lachnospiraceae.Anaerostipes,Anaerostipes,0.019247168245048837,0.16342316135498924,0.11777503314380247,0.9062966583061663,0.996974428981283,-0.30106222801073007,0.3395565645008278,248,220,3,242,
pooled,combat_ols,asthma,Bacteria.Bacillota.Clostridia.Lachnospirales.Lachnospiraceae.Fusicatenibacter,Fusicatenibacter,-0.051049064310874324,0.16501540368210052,-0.30935938810427366,0.7571864345175432,0.996974428981283,-0.3744792555277913,0.2723811269060427,248,220,3,242,
pooled,combat_ols,asthma,Bacteria.Bacillota.Negativicutes.Veillonellales-Selenomonadales.Veillonellaceae.Dialister,Dialister,-0.2596786494739043,0.2509533219873839,-1.0347687267792336,0.30131361247033456,0.996974428981283,-0.7515471605691768,0.23218986162136818,248,220,3,242,
pooled,combat_ols,asthma,Bacteria.Bacillota.Negativicutes.Veillonellales-Selenomonadales.Veillonellaceae.Megasphaera,Megasphaera,-0.18729159432842135,0.2584791343067977,-0.7245907675708886,0.4690667674149598,0.996974428981283,-0.6939106975697449,0.3193275089129022,248,220,3,242,
pooled,combat_ols,asthma,Bacteria.Patescibacteria.Saccharimonadia.Saccharimonadales.Incertae Sedis.Incertae Sedis,Incertae Sedis,-0.16272269748872764,0.09709986603951279,-1.6758282387589598,0.09444260518324049,0.996974428981283,-0.3530384349261727,0.027593039948717424,248,220,3,242,
pooled,combat_ols,asthma,Bacteria.Bacillota.Bacilli.Erysipelotrichales.Erysipelotrichaceae.Turicibacter,Turicibacter,-0.0038452898594031905,0.16555762805814928,-0.023226292285684343,0.9814797080622361,0.996974428981283,-0.32833824085337576,0.3206476611345694,248,220,3,242,
pooled,combat_ols,asthma,Bacteria.Bacillota.Clostridia.Lachnospirales.Lachnospiraceae.Faecalimonas,Faecalimonas,0.0021965336190385657,0.10379448568708358,0.021162334439043397,0.9831252184321961,0.996974428981283,-0.20124065832764523,0.20563372556572238,248,220,3,242,
pooled,combat_ols,asthma,Bacteria.Bacteroidota.Bacteroidia.Bacteroidales.Prevotellaceae.Leyella,Leyella,-0.09192820886399442,0.12220365032763764,-0.7522541971334541,0.4522780035793422,0.996974428981283,-0.3314473635061642,0.14759094577817536,248,220,3,242,
pooled,combat_ols,asthma,Bacteria.Cyanobacteriota.Vampirivibrionia.Gastranaerophilales.Gastranaerophilaceae.Zag_111,Zag_111,0.016740409442069462,0.15420401799226882,0.10856013779685533,0.9135981071272419,0.996974428981283,-0.2854994658227774,0.3189802847069163,248,220,3,242,
pooled,combat_ols,asthma,Bacteria.Bacillota.Bacilli.Lactobacillales.Streptococcaceae.Lactococcus,Lactococcus,0.09891398349038784,0.13254156796792238,0.7462865047313076,0.4558706739329783,0.996974428981283,-0.16086748972674003,0.3586954567075157,248,220,3,242,
pooled,combat_ols,asthma,Bacteria.Bacillota.Clostridia.Lachnospirales.Lachnospiraceae.CAG-56,CAG-56,0.006668088239206945,0.12504754306365454,0.053324424261679444,0.9574962718612945,0.996974428981283,-0.23842509616555593,0.2517612726439698,248,220,3,242,
pooled,combat_ols,asthma,Bacteria.Bacillota.Clostridia.Lachnospirales.Lachnospiraceae.Lachnoclostridium,Lachnoclostridium,-0.0485473333174568,0.19718502416211794,-0.2462019289940754,0.8056343297833093,0.996974428981283,-0.435029980675208,0.33793531404029437,248,220,3,242,
pooled,combat_ols,asthma,Bacteria.Bacillota.Clostridia.Lachnospirales.Lachnospiraceae.Lachnospira,Lachnospira,-0.16198485549710898,0.20064042425437761,-0.8073390798443487,0.4198830369183739,0.996974428981283,-0.5552400870356891,0.23127037604147113,248,220,3,242,
pooled,combat_ols,asthma,Bacteria.Bacillota.Clostridia.Lachnospirales.Lachnospiraceae.Lachnospiraceae FCS020 group,Lachnospiraceae FCS020 group,0.0909134576202145,0.14221597100488154,0.6392633469914143,0.5229657333202928,0.996974428981283,-0.1878298455493533,0.36965676078978227,248,220,3,242,
pooled,combat_ols,asthma,Bacteria.Bacillota.Clostridia.Oscillospirales.Ruminococcaceae.Ruthenibacterium,Ruthenibacterium,-0.02486849886636097,0.15213271482724203,-0.16346581926577064,0.8702225517290461,0.996974428981283,-0.3230486199277553,0.2733116221950334,248,220,3,242,
pooled,combat_ols,asthma,Bacteria.Actinomycetota.Actinobacteria.Bifidobacteriales.Bifidobacteriaceae.Bifidobacterium,Bifidobacterium,0.082646933638671,0.24271008829670154,0.34051709271202213,0.733620604709727,0.996974428981283,-0.393064839422864,0.558358706700206,248,220,3,242,
pooled,combat_ols,asthma,Bacteria.Bacillota.Bacilli.Erysipelotrichales.Erysipelotrichaceae.Solobacterium,Solobacterium,-0.087400201200667,0.1620293127512524,-0.539409812438345,0.58986174107283,0.996974428981283,-0.4049776541931217,0.23017725179178772,248,220,3,242,
pooled,combat_ols,asthma,Bacteria.Bacillota.Bacilli.Lactobacillales.Lactobacillaceae.Ligilactobacillus,Ligilactobacillus,-0.12549708663596448,0.16309448495771647,-0.7694747413960723,0.44200138152487356,0.996974428981283,-0.44516227715308876,0.1941681038811598,248,220,3,242,
pooled,combat_ols,asthma,Bacteria.Bacillota.Clostridia.Oscillospirales.Ruminococcaceae.Candidatus Soleaferrea,Candidatus Soleaferrea,-0.0028020609712502355,0.08567136266373443,-0.0327070900255025,0.9739221738657959,0.996974428981283,-0.1707179317921697,0.16511380984966922,248,220,3,242,
pooled,combat_ols,asthma,Bacteria.Bacillota.Clostridia.Peptostreptococcales-Tissierellales.Family XI.Anaerococcus,Anaerococcus,0.2796131332392011,0.25139614627265094,1.1122411277376842,0.2666079437538833,0.996974428981283,-0.21312331345519475,0.772349579933597,248,220,3,242,
pooled,combat_ols,asthma,Bacteria.Bacteroidota.Bacteroidia.Bacteroidales.Incertae Sedis.Incertae Sedis,Incertae Sedis,0.1739545861892347,0.1562691463059443,1.1131729474522487,0.26620803064238646,0.996974428981283,-0.1323329405704161,0.4802421129488855,248,220,3,242,
pooled,combat_ols,asthma,Bacteria.Thermodesulfobacteriota.Desulfovibrionia.Desulfovibrionales.Desulfovibrionaceae.Bilophila,Bilophila,0.0057699804953358965,0.2068969632118116,0.02788818359517851,0.9777632718576381,0.996974428981283,-0.3997480673998149,0.41128802839048667,248,220,3,242,
pooled,combat_ols,asthma,Bacteria.Actinomycetota.Coriobacteriia.Coriobacteriales.Eggerthellaceae.Gordonibacter,Gordonibacter,0.008493796725528423,0.07488248643955549,0.11342834792731601,0.9097398153850809,0.996974428981283,-0.13827587669600033,0.15526347014705716,248,220,3,242,
pooled,combat_ols,asthma,Bacteria.Bacillota.Bacilli.Lactobacillales.Carnobacteriaceae.Granulicatella,Granulicatella,-0.2641606491731757,0.25168115289306753,-1.0495845482931747,0.2944531803704217,0.996974428981283,-0.757455708843588,0.22913441049723665,248,220,3,242,
pooled,combat_ols,asthma,Bacteria.Bacillota.Clostridia.Lachnospirales.Lachnospiraceae.Anaerobutyricum,Anaerobutyricum,0.0534308728630948,0.12536934048560575,0.42618771588121623,0.6701678570914886,0.996974428981283,-0.19229303448869245,0.29915478021488207,248,220,3,242,
pooled,combat_ols,asthma,Bacteria.Bacillota.Clostridia.Lachnospirales.Lachnospiraceae.Extibacter,Extibacter,0.015113832364156327,0.10626855405069542,0.14222299813119008,0.8869653347099699,0.996974428981283,-0.1931725335752067,0.22340019830351937,248,220,3,242,
pooled,combat_ols,asthma,Bacteria.Bacillota.Clostridia.Lachnospirales.Lachnospiraceae.Lachnospiraceae UCG-004,Lachnospiraceae UCG-004,-0.04423797790529168,0.17875499690434654,-0.2474782728952961,0.8046471041204976,0.996974428981283,-0.39459777183781086,0.30612181602722754,248,220,3,242,
pooled,combat_ols,asthma,Bacteria.Bacillota.Clostridia.Lachnospirales.Lachnospiraceae.[Eubacterium] ventriosum group,[Eubacterium] ventriosum group,0.11095860810743416,0.15059859545059762,0.7367838177736062,0.4616245879331232,0.996974428981283,-0.18421463897573717,0.40613185519060546,248,220,3,242,
pooled,combat_ols,asthma,Bacteria.Bacillota.Clostridia.Lachnospirales.Lachnospiraceae.[Ruminococcus] gnavus group,[Ruminococcus] gnavus group,-0.098633389507042,0.17344592821728444,-0.5686693860202875,0.5698544725257406,0.996974428981283,-0.43858740881291947,0.2413206297988355,248,220,3,242,
pooled,combat_ols,asthma,Bacteria.Bacillota.Clostridia.Monoglobales.Monoglobaceae.Monoglobus,Monoglobus,-0.04262607764973916,0.16341251761673986,-0.2608495253081675,0.794323782869716,0.996974428981283,-0.36291461217854926,0.277662456879071,248,220,3,242,
pooled,combat_ols,asthma,Bacteria.Bacillota.Clostridia.Oscillospirales.Oscillospiraceae.UCG-005,UCG-005,0.07698242584594346,0.18282561825879823,0.4210702339153107,0.6738979300268391,0.996974428981283,-0.28135578594130106,0.43532063763318796,248,220,3,242,
pooled,combat_ols,asthma,Bacteria.Bacillota.Clostridia.Peptostreptococcales-Tissierellales.Anaerovoracaceae.Family XIII UCG-001,Family XIII UCG-001,-0.40708374136065706,0.1762867728296278,-2.3092131918149232,0.0213682476377136,0.996974428981283,-0.7526058161067275,-0.06156166661458662,248,220,3,242,
pooled,combat_ols,asthma,Bacteria.Bacillota.Clostridia.Peptostreptococcales-Tissierellales.Family XI.Fenollaria,Fenollaria,0.07082876236212211,0.08003922571995274,0.8849256314640412,0.37665311120981626,0.996974428981283,-0.08604812004898525,0.22770564477322947,248,220,3,242,
pooled,combat_ols,asthma,Bacteria.Bacteroidota.Bacteroidia.Bacteroidales.Rikenellaceae.Rikenellaceae RC9 gut group,Rikenellaceae RC9 gut group,0.32837847792006536,0.21351403184523982,1.5379714161272646,0.12473430337916154,0.996974428981283,-0.09010902449660468,0.7468659803367355,248,220,3,242,
pooled,combat_ols,asthma,Bacteria.Bacillota.Clostridia.Lachnospirales.Lachnospiraceae.Butyribacter,Butyribacter,0.0904273611154818,0.14619525246832582,0.6185382875895611,0.5365227805739496,0.996974428981283,-0.1961153337224368,0.3769700559534004,248,220,3,242,
pooled,combat_ols,asthma,Bacteria.Bacillota.Clostridia.Lachnospirales.Lachnospiraceae.[Eubacterium] xylanophilum group,[Eubacterium] xylanophilum group,0.16559106581615135,0.15956034223192594,1.0377958802285567,0.29990328597101445,0.996974428981283,-0.14714720495842348,0.4783293365907262,248,220,3,242,
pooled,combat_ols,asthma,Bacteria.Bacillota.Clostridia.Lachnospirales.Lachnospiraceae.[Ruminococcus] gauvreauii group,[Ruminococcus] gauvreauii group,0.07216574352407207,0.10516727173534206,0.6861996354310708,0.49292849638954706,0.996974428981283,-0.13396210907719835,0.2782935961253425,248,220,3,242,
pooled,combat_ols,asthma,Bacteria.Bacillota.Clostridia.Oscillospirales.Oscillospiraceae.UCG-003,UCG-003,0.016390646858526533,0.17240868331436934,0.09506856930540958,0.9243012286941384,0.996974428981283,-0.3215303724376374,0.35431166615469045,248,220,3,242,
pooled,combat_ols,asthma,Bacteria.Bacillota.Clostridia.Oscillospirales.Ruminococcaceae.Paludicola,Paludicola,-0.0017494605866568444,0.09730447611227112,-0.01797924059154581,0.9856631095238088,0.996974428981283,-0.19246623376670824,0.18896731259339455,248,220,3,242,
pooled,combat_ols,asthma,Bacteria.Bacteroidota.Bacteroidia.Bacteroidales.Prevotellaceae.Hoylesella,Hoylesella,-0.3183665174511884,0.26901571916605516,-1.1834494966990032,0.2372344131084643,0.996974428981283,-0.8456373270166565,0.20890429211427974,248,220,3,242,
pooled,combat_ols,asthma,Bacteria.Bacillota.Bacilli.Erysipelotrichales.Erysipelatoclostridiaceae.Thomasclavelia,Thomasclavelia,-0.08699861331155022,0.10227936454179759,-0.8505979060516873,0.3954295886674537,0.996974428981283,-0.2874661678134735,0.11346894119037305,248,220,3,242,
pooled,combat_ols,asthma,Bacteria.Bacillota.Clostridia.Lachnospirales.Lachnospiraceae.Lachnospiraceae NC2004 group,Lachnospiraceae NC2004 group,0.030173758323482437,0.091028478794715,0.3314760251187927,0.7404339639770195,0.996974428981283,-0.14824206011415897,0.20858957676112383,248,220,3,242,
pooled,combat_ols,asthma,Bacteria.Bacillota.Negativicutes.Veillonellales-Selenomonadales.Veillonellaceae.Veillonella,Veillonella,0.04242415844468298,0.21951531536763605,0.1932628635666381,0.8468373135248719,0.996974428981283,-0.3878258596758836,0.4726741765652496,248,220,3,242,
pooled,combat_ols,asthma,Bacteria.Bacillota.Bacilli.Lactobacillales.Carnobacteriaceae.Dolosigranulum,Dolosigranulum,0.0478083081026359,0.2581301224494996,0.18521010895188755,0.8531448224750453,0.996974428981283,-0.4581267318983834,0.5537433481036552,248,220,3,242,
pooled,combat_ols,asthma,Bacteria.Bacteroidota.Bacteroidia.Bacteroidales.Barnesiellaceae.Barnesiella,Barnesiella,0.34505596129387867,0.20543589725811112,1.679628370208094,0.09369989903693787,0.996974428981283,-0.0575983973320191,0.7477103199197764,248,220,3,242,
pooled,combat_ols,asthma,Bacteria.Bacillota.Clostridia.Lachnospirales.Lachnospiraceae.Hungatella,Hungatella,-0.008084958124082758,0.10928855200572692,-0.07397808805865679,0.9410595646920163,0.996974428981283,-0.2222905200553075,0.206120603807142,248,220,3,242,
pooled,combat_ols,asthma,Bacteria.Bacillota.Clostridia.Lachnospirales.Lachnospiraceae.Incertae Sedis,Incertae Sedis,-0.015777361850749953,0.20497292858842586,-0.07697290544367452,0.938678135802892,0.996974428981283,-0.41752430188406464,0.3859695781825647,248,220,3,242,
pooled,combat_ols,asthma,Bacteria.Bacillota.Clostridia.Oscillospirales.Ruminococcaceae.DTU089,DTU089,0.035981439458449796,0.1202998842041544,0.2990978727576134,0.7649987115213437,0.996974428981283,-0.1998063335816928,0.2717692124985924,248,220,3,242,
pooled,combat_ols,asthma,Bacteria.Pseudomonadota.Gammaproteobacteria.Pseudomonadales.Moraxellaceae.Acinetobacter,Acinetobacter,0.23466195555575078,0.2168049928541133,1.0823641672941238,0.27965049512628615,0.996974428981283,-0.19027583043831128,0.6595997415498128,248,220,3,242,
pooled,combat_ols,asthma,Bacteria.Bacillota.Clostridia.Lachnospirales.Lachnospiraceae.GCA-900066575,GCA-900066575,0.08556733543533737,0.1460323427479727,0.5859478374801685,0.5581942472323197,0.996974428981283,-0.2006560563506891,0.37179072722136386,248,220,3,242,
pooled,combat_ols,asthma,Bacteria.Bacillota.Clostridia.Lachnospirales.Lachnospiraceae.Lachnospiraceae UCG-010,Lachnospiraceae UCG-010,-0.04552199182796651,0.16362490436695548,-0.2782094327516063,0.780974993416055,0.996974428981283,-0.36622680438719923,0.2751828207312662,248,220,3,242,
pooled,combat_ols,asthma,Bacteria.Bacillota.Clostridia.Lachnospirales.Lachnospiraceae.Oribacterium,Oribacterium,-0.09405473474884332,0.20509652281689703,-0.4585876613462242,0.6467440972485161,0.996974428981283,-0.4960439194699615,0.3079344499722748,248,220,3,242,
pooled,combat_ols,asthma,Bacteria.Bacillota.Clostridia.Oscillospirales.Butyricicoccaceae.UCG-009,UCG-009,-0.057287075236496114,0.11814181820542,-0.48490091067404917,0.627974491791814,0.996974428981283,-0.2888450389191193,0.17427088844612706,248,220,3,242,
pooled,combat_ols,asthma,Bacteria.Thermodesulfobacteriota.Desulfovibrionia.Desulfovibrionales.Desulfovibrionaceae.Desulfovibrio,Desulfovibrio,-0.13313134971594204,0.1771731822126793,-0.7514193065411598,0.45277965662478437,0.996974428981283,-0.48039078685279346,0.21412808742090939,248,220,3,242,
pooled,combat_ols,asthma,Bacteria.Actinomycetota.Coriobacteriia.Coriobacteriales.Coriobacteriales Incertae Sedis.Incertae Sedis,Incertae Sedis,0.04837182488429399,0.09459023333566219,0.5113828688067836,0.6093252022143856,0.996974428981283,-0.13702503245360387,0.23376868222219188,248,220,3,242,
pooled,combat_ols,asthma,Bacteria.Bacillota.Clostridia.Clostridia vadinBB60 group.Incertae Sedis.Incertae Sedis,Incertae Sedis,-0.37832982420256056,0.21884364676223989,-1.72876768322908,0.08451301458821958,0.996974428981283,-0.8072633718565507,0.050603723451429605,248,220,3,242,
pooled,combat_ols,asthma,Bacteria.Bacillota.Clostridia.Lachnospirales.Lachnospiraceae.Butyrivibrio,Butyrivibrio,0.011686712250897043,0.15275799892964717,0.07650474824745097,0.9390503708728657,0.996974428981283,-0.28771896565121136,0.3110923901530055,248,220,3,242,
pooled,combat_ols,asthma,Bacteria.Pseudomonadota.Alphaproteobacteria.Rhodospirillales.Incertae Sedis.Incertae Sedis,Incertae Sedis,-0.12397584408961998,0.16822265398746966,-0.7369747245745779,0.46150859401314703,0.996974428981283,-0.4536922459050605,0.20574055772582056,248,220,3,242,
pooled,combat_ols,asthma,Bacteria.Pseudomonadota.Gammaproteobacteria.Burkholderiales.Sutterellaceae.Sutterella,Sutterella,0.16461106471090522,0.21451185598770678,0.7673751362271498,0.4432471302023623,0.996974428981283,-0.25583217302500005,0.5850543024468106,248,220,3,242,
pooled,combat_ols,asthma,Bacteria.Actinomycetota.Actinobacteria.Mycobacteriales.Corynebacteriaceae.Corynebacterium,Corynebacterium,0.3680061924889595,0.3104108195612114,1.1855456359709478,0.23640596160535635,0.996974428981283,-0.24039901385101492,0.9764113988289339,248,220,3,242,
pooled,combat_ols,asthma,Bacteria.Bacillota.Negativicutes.Veillonellales-Selenomonadales.Selenomonadaceae.Megamonas,Megamonas,0.31827161576685287,0.18946095583510678,1.6798797111730697,0.09365094257384073,0.996974428981283,-0.053071857669956424,0.6896150892036621,248,220,3,242,
pooled,combat_ols,asthma,Bacteria.Patescibacteria.Saccharimonadia.Saccharimonadales.Saccharimonadaceae.TM7x,TM7x,-0.13513029077568633,0.1560241716235603,-0.8660856158987682,0.3868888961763408,0.996974428981283,-0.44093766715786453,0.17067708560649186,248,220,3,242,
pooled,combat_ols,asthma,Bacteria.Bacillota.Bacilli.Acholeplasmatales.Acholeplasmataceae.Anaeroplasma,Anaeroplasma,-0.2140537073699766,0.1538381083580368,-1.3914218632472803,0.1647614057298043,0.996974428981283,-0.5155763997517286,0.08746898501177552,248,220,3,242,
pooled,combat_ols,asthma,Bacteria.Bacillota.Bacilli.Izemoplasmatales.Incertae Sedis.Incertae Sedis,Incertae Sedis,-0.08841414354555582,0.10127281324037599,-0.8730294016391202,0.38309668441745326,0.996974428981283,-0.28690885749669276,0.11008057040558111,248,220,3,242,
pooled,combat_ols,asthma,Bacteria.Bacillota.Clostridia.Lachnospirales.Lachnospiraceae.Lachnospiraceae ND3007 group,Lachnospiraceae ND3007 group,0.02545864841296961,0.1258884327023469,0.20223183231746591,0.839823745924541,0.996974428981283,-0.2212826796836303,0.2721999765095695,248,220,3,242,
pooled,combat_ols,asthma,Bacteria.Bacillota.Clostridia.Oscillospirales.Oscillospiraceae.Oscillibacter,Oscillibacter,-0.0490406765591488,0.17562610407527077,-0.2792334136053641,0.7801895862160773,0.996974428981283,-0.39326784054667946,0.2951864874283819,248,220,3,242,
pooled,combat_ols,asthma,Bacteria.Bacillota.Clostridia.Peptococcales.Peptococcaceae.Incertae Sedis,Incertae Sedis,-0.22999483002878043,0.15703761166951727,-1.4645843602919808,0.14370864026549546,0.996974428981283,-0.5377885489010342,0.07779888884347338,248,220,3,242,
pooled,combat_ols,asthma,Bacteria.Bacillota.Negativicutes.Veillonellales-Selenomonadales.Veillonellaceae.Incertae Sedis,Incertae Sedis,0.11558174480095536,0.21215936008129085,0.5447873935737227,0.5861603613891608,0.996974428981283,-0.30025060095837475,0.5314140905602854,248,220,3,242,
pooled,combat_ols,asthma,Bacteria.Bacteroidota.Bacteroidia.Bacteroidales.Prevotellaceae.Paraprevotella,Paraprevotella,-0.023310822912423167,0.2137927581806397,-0.10903467035458318,0.9132219257830335,0.996974428981283,-0.44234462894647697,0.3957229831216307,248,220,3,242,
pooled,combat_ols,asthma,Bacteria.Pseudomonadota.Gammaproteobacteria.Burkholderiales.Comamonadaceae.Comamonas,Comamonas,0.07288998615223222,0.11471065957483051,0.6354246974291266,0.5254633614806017,0.996974428981283,-0.15194290661443557,0.29772287891890004,248,220,3,242,
pooled,combat_ols,asthma,Bacteria.Pseudomonadota.Gammaproteobacteria.Burkholderiales.Comamonadaceae.NA,Comamonadaceae,0.12537343064837983,0.12745053916750762,0.9837026305836348,0.3257721955920967,0.996974428981283,-0.1244296261199351,0.37517648741669474,248,220,3,242,
pooled,combat_ols,asthma,Bacteria.Bacillota.Clostridia.Lachnospirales.Defluviitaleaceae.Defluviitaleaceae UCG-011,Defluviitaleaceae UCG-011,-0.21202372290649854,0.16729570628192222,-1.267359023244756,0.20565989750003322,0.996974428981283,-0.5399233072190661,0.11587586140606901,248,220,3,242,
pooled,combat_ols,asthma,Bacteria.Bacillota.Clostridia.Peptostreptococcales-Tissierellales.Family XI.Peptoniphilus,Peptoniphilus,0.2209941059177423,0.23231310714765233,0.951276958201433,0.3419569198966499,0.996974428981283,-0.23433958409165626,0.6763277959271409,248,220,3,242,
pooled,combat_ols,asthma,Bacteria.Bacteroidota.Bacteroidia.Bacteroidales.Marinifilaceae.Odoribacter,Odoribacter,0.1547587780340954,0.2038103653253409,0.7593273177596006,0.4480407064283979,0.996974428981283,-0.24470953800357273,0.5542270940717635,248,220,3,242,
pooled,combat_ols,asthma,Bacteria.Bacteroidota.Bacteroidia.Bacteroidales.Porphyromonadaceae.Porphyromonas,Porphyromonas,-0.33980310870559793,0.2536924769616428,-1.339429189131906,0.18108387459651573,0.996974428981283,-0.8370403635504178,0.15743414613922196,248,220,3,242,
pooled,combat_ols,asthma,Bacteria.Bacteroidota.Bacteroidia.Bacteroidales.Prevotellaceae.Prevotella,Prevotella,0.05015778427225889,0.30711753397386826,0.16331787906491418,0.8703389600013043,0.996974428981283,-0.5517925823165228,0.6521081508610407,248,220,3,242,
pooled,combat_ols,asthma,Bacteria.Bacillota.Clostridia.Lachnospirales.Lachnospiraceae.Enterocloster,Enterocloster,0.06560222241753605,0.200179727308657,0.32771661396253193,0.7432731201798873,0.996974428981283,-0.32675004310743166,0.45795448794250376,248,220,3,242,
pooled,combat_ols,asthma,Bacteria.Pseudomonadota.Alphaproteobacteria.Rickettsiales.Mitochondria.Incertae Sedis,Incertae Sedis,0.06304223580760468,0.26959505738038675,0.23384047326451857,0.8152115200939349,0.996974428981283,-0.4653640766579533,0.5914485482731627,248,220,3,242,
pooled,combat_ols,asthma,Bacteria.Bacillota.Clostridia.Oscillospirales.Oscillospiraceae.Incertae Sedis,Incertae Sedis,-0.010661039961477933,0.16468210248779988,-0.06473708921871296,0.9484110929023764,0.996974428981283,-0.3334379608375657,0.31211588091460984,248,220,3,242,
pooled,combat_ols,asthma,Bacteria.Bacillota.Clostridia.Peptostreptococcales-Tissierellales.Peptostreptococcaceae.Peptostreptococcus,Peptostreptococcus,-0.41272940988694373,0.23132483794015338,-1.7841984179568386,0.07504195876078652,0.996974428981283,-0.8661260922496443,0.040667272475756855,248,220,3,242,
pooled,combat_ols,asthma,Bacteria.Cyanobacteriota.Vampirivibrionia.Gastranaerophilales.Gastranaerophilaceae.CAG-196,CAG-196,0.023582978492939263,0.12827266102267207,0.18385038795422662,0.854210797613994,0.996974428981283,-0.22783143711149795,0.2749973940973765,248,220,3,242,
pooled,combat_ols,asthma,Bacteria.Bacteroidota.Bacteroidia.Bacteroidales.Prevotellaceae.Prevotellaceae UCG-001,Prevotellaceae UCG-001,-0.026303474849042486,0.24738255825908043,-0.10632711955988106,0.915368571234512,0.996974428981283,-0.5111732890368401,0.4585663393387551,248,220,3,242,
pooled,combat_ols,asthma,Bacteria.Pseudomonadota.Alphaproteobacteria.Caulobacterales.Caulobacteraceae.Brevundimonas,Brevundimonas,-0.24093415340101668,0.1306714187647123,-1.8438167709408901,0.06584452365022878,0.996974428981283,-0.4970501341798528,0.015181827377819451,248,220,3,242,
pooled,combat_ols,asthma,Bacteria.Bacillota.Clostridia.Oscillospirales.Ethanoligenenaceae.Acetanaerobacterium,Acetanaerobacterium,0.013109253000673053,0.07733449405932936,0.16951365829866186,0.8654661903424588,0.996974428981283,-0.1384663553556125,0.16468486135695862,248,220,3,242,
pooled,combat_ols,asthma,Bacteria.Bacillota.Clostridia.Oscillospirales.Ruminococcaceae.Angelakisella,Angelakisella,0.057221767093777645,0.11920570136101641,0.4800254219425344,0.6314345512464419,0.996974428981283,-0.17642140757381453,0.2908649417613698,248,220,3,242,
pooled,combat_ols,asthma,Bacteria.Pseudomonadota.Gammaproteobacteria.Pseudomonadales.Pseudomonadaceae.Pseudomonas,Pseudomonas,-0.0035739297767459727,0.2529917108917167,-0.014126667487045278,0.9887349708905286,0.996974428981283,-0.49943768312451065,0.4922898235710187,248,220,3,242,
pooled,combat_ols,asthma,Bacteria.Bacillota.Bacilli.Erysipelotrichales.Erysipelotrichaceae.Holdemania,Holdemania,0.0005531242695547331,0.08620229200128912,0.006416584254470419,0.9948830875563262,0.9979888239516932,-0.16840336805297196,0.1695096165920814,248,220,3,242,
pooled,combat_ols,asthma,Bacteria.Bacillota.Negativicutes.Veillonellales-Selenomonadales.Veillonellaceae.Allisonella,Allisonella,0.15009525498378368,0.1267330564895594,1.184341790069183,0.23688150316776432,0.996974428981283,-0.09830153573575276,0.3984920457033201,248,220,3,242,
pooled,combat_ols,asthma,Bacteria.Pseudomonadota.Gammaproteobacteria.Enterobacterales.Pasteurellaceae.Actinobacillus,Actinobacillus,0.034287651954421676,0.1650556685178423,0.20773386495790191,0.8355275264977592,0.996974428981283,-0.28922145834054924,0.3577967622493926,248,220,3,242,
pooled,combat_ols,asthma,Bacteria.Bacillota.Negativicutes.Acidaminococcales.Acidaminococcaceae.Acidaminococcus,Acidaminococcus,0.2879819767722054,0.17948618821430692,1.6044798746762299,0.10928578841045329,0.996974428981283,-0.06381095212783616,0.6397749056722469,248,220,3,242,
pooled,combat_ols,asthma,Bacteria.Bacillota.Clostridia.Peptostreptococcales-Tissierellales.Anaerovoracaceae.[Eubacterium] brachy group,[Eubacterium] brachy group,0.14722630790115718,0.20389628649360858,0.7220646851053474,0.4706168774156386,0.996974428981283,-0.25241041362631567,0.54686302942863,248,220,3,242,
pooled,combat_ols,asthma,Bacteria.Bacteroidota.Bacteroidia.Bacteroidales.Marinifilaceae.Butyricimonas,Butyricimonas,0.27136824884465155,0.16737201270500895,1.621347825475067,0.10561944519532934,0.996974428981283,-0.056680896057165975,0.5994173937464691,248,220,3,242,
pooled,combat_ols,asthma,Bacteria.Fusobacteriota.Fusobacteriia.Fusobacteriales.Fusobacteriaceae.Fusobacterium,Fusobacterium,-0.2961273568414982,0.2582409022711387,-1.1467097358983853,0.25209004556390174,0.996974428981283,-0.80227952529293,0.21002481160993364,248,220,3,242,
pooled,combat_ols,asthma,Bacteria.Bacteroidota.Bacteroidia.Bacteroidales.NA.NA,Bacteroidales,-0.12387903068679927,0.15378312963140375,-0.8055436963971253,0.42091684201762414,0.996974428981283,-0.42529396476435066,0.1775359033907521,248,220,3,242,
pooled,combat_ols,asthma,Bacteria.Actinomycetota.Actinobacteria.Mycobacteriales.Corynebacteriaceae.Lawsonella,Lawsonella,0.1986181638252468,0.21789721250882707,0.9115222794197091,0.36249153318066374,0.996974428981283,-0.22846037269205424,0.6256967003425479,248,220,3,242,
pooled,combat_ols,asthma,Bacteria.Bacillota.Clostridia.Christensenellales.Christensenellaceae.Incertae Sedis,Incertae Sedis,-0.031399778436342195,0.0986346748388629,-0.31834421807178115,0.7503664665445666,0.996974428981283,-0.2247237411205135,0.1619241842478291,248,220,3,242,
pooled,combat_ols,asthma,Bacteria.Bacillota.Clostridia.Oscillospirales.Ruminococcaceae.Anaerotruncus,Anaerotruncus,-0.06620546802405626,0.13276644578508814,-0.49866114613947304,0.6182534112076061,0.996974428981283,-0.326427701762829,0.1940167657147165,248,220,3,242,
pooled,combat_ols,asthma,Bacteria.Bacillota.Clostridia.Oscillospirales.Oscillospiraceae.Oscillospira,Oscillospira,-0.1595101455702432,0.15287155076285283,-1.0434259662720942,0.2972920359567896,0.996974428981283,-0.4591383850654347,0.1401180939249483,248,220,3,242,
pooled,combat_ols,asthma,Bacteria.Pseudomonadota.Gammaproteobacteria.Burkholderiales.Sutterellaceae.Parasutterella,Parasutterella,0.27743377387629803,0.19180463492568586,1.4464393625513217,0.14872626986714396,0.996974428981283,-0.09850331057804623,0.6533708583306423,248,220,3,242,
pooled,combat_ols,asthma,Bacteria.Pseudomonadota.Alphaproteobacteria.Sphingomonadales.Sphingomonadaceae.Sphingomonas,Sphingomonas,-0.03369343411235472,0.15932106773908197,-0.21148134763654744,0.832604141595478,0.996974428981283,-0.34596272688095536,0.27857585865624596,248,220,3,242,
pooled,combat_ols,asthma,NA.NA.NA.NA.NA.NA,NA.NA.NA.NA.NA.NA,0.13800436191369328,0.1746701942231845,0.790085352154349,0.42987978094484125,0.996974428981283,-0.2043492187637483,0.48035794259113485,248,220,3,242,
pooled,combat_ols,asthma,Bacteria.Actinomycetota.Actinobacteria.Propionibacteriales.Propionibacteriaceae.Cutibacterium,Cutibacterium,-0.042387333855857016,0.16816171901220242,-0.2520629195802954,0.8011035618498393,0.996974428981283,-0.37198430311977376,0.2872096354080597,248,220,3,242,
pooled,combat_ols,asthma,Bacteria.Bacteroidota.Bacteroidia.NA.NA.NA,Bacteroidia,0.012264094299739247,0.1346191046685136,0.09110218293264082,0.9274505446178667,0.996974428981283,-0.2515893508505474,0.2761175394500259,248,220,3,242,
pooled,combat_ols,asthma,Bacteria.Pseudomonadota.Gammaproteobacteria.Burkholderiales.Neisseriaceae.Neisseria,Neisseria,-0.45011169559816266,0.26817515115807533,-1.6784243195330397,0.09393471101725348,0.996974428981283,-0.9757349918679903,0.07551160067166496,248,220,3,242,
pooled,combat_ols,asthma,Bacteria.Bacillota.Clostridia.Lachnospirales.Lachnospiraceae.Shuttleworthia,Shuttleworthia,-0.07184505245994052,0.14519038230153047,-0.4948334133505701,0.620950932757933,0.996974428981283,-0.3564182017709403,0.21272809685105923,248,220,3,242,
pooled,combat_ols,asthma,Bacteria.Bacteroidota.Bacteroidia.Bacteroidales.Prevotellaceae.NA,Prevotellaceae,-0.07207712342034854,0.2085884989471737,-0.34554696823722053,0.7298391371674907,0.996974428981283,-0.48091058135680903,0.3367563345161119,248,220,3,242,
pooled,combat_ols,asthma,Bacteria.Bacillota.Clostridia.Lachnospirales.Lachnospiraceae.Lachnospiraceae AC2044 group,Lachnospiraceae AC2044 group,0.08384527070969182,0.113068380900331,0.741544807151708,0.4587367172652733,0.996974428981283,-0.13776875585495696,0.30545929727434057,248,220,3,242,
pooled,combat_ols,asthma,Bacteria.Bacteroidota.Bacteroidia.Bacteroidales.Prevotellaceae.Prevotellaceae NK3B31 group,Prevotellaceae NK3B31 group,0.08427313029710849,0.2070877998386829,0.4069439646505275,0.684235991269039,0.996974428981283,-0.32161895738671,0.49016521798092694,248,220,3,242,
pooled,combat_ols,asthma,Bacteria.Campylobacterota.Campylobacteria.Campylobacterales.Campylobacteraceae.Campylobacter,Campylobacter,-0.06636440186338373,0.2316141496032676,-0.2865299981761022,0.7745995651985808,0.996974428981283,-0.5203281350857882,0.38759933135902075,248,220,3,242,
pooled,combat_ols,asthma,Bacteria.Actinomycetota.Actinobacteria.Actinomycetales.Actinomycetaceae.Actinomyces,Actinomyces,0.11144014965435743,0.24262594137205484,0.4593084689302431,0.6462268476404835,0.996974428981283,-0.36410669543487006,0.586986994743585,248,220,3,242,
pooled,combat_ols,asthma,Bacteria.Bacillota.Negativicutes.Veillonellales-Selenomonadales.Selenomonadaceae.Incertae Sedis,Incertae Sedis,0.21641033305774468,0.2034765677249899,1.0635639055512058,0.2880771129817212,0.996974428981283,-0.1824037396832355,0.6152244057987248,248,220,3,242,
pooled,combat_ols,asthma,Bacteria.Bacillota.Clostridia.Peptostreptococcales-Tissierellales.Anaerovoracaceae.NA,Anaerovoracaceae,0.009472119115469324,0.11258894004792407,0.08413010293406677,0.932989119663211,0.996974428981283,-0.21120220337846182,0.23014644160940048,248,220,3,242,
pooled,combat_ols,asthma,Bacteria.Actinomycetota.Coriobacteriia.Coriobacteriales.Eggerthellaceae.Asaccharobacter,Asaccharobacter,-0.03027288989925731,0.09776322235840984,-0.30965519720978346,0.7569615940172969,0.996974428981283,-0.22188880572174058,0.16134302592322597,248,220,3,242,
pooled,combat_ols,asthma,Bacteria.Pseudomonadota.NA.NA.NA.NA,Bacteria.Pseudomonadota.NA.NA.NA.NA,0.11557302916031681,0.203326270443373,0.5684116907682337,0.5700292546181276,0.996974428981283,-0.2829464609086943,0.514092519229328,248,220,3,242,
pooled,combat_ols,asthma,Bacteria.Bacillota.Clostridia.Oscillospirales.Ruminococcaceae.Negativibacillus,Negativibacillus,-0.086928363251444,0.1268552434287632,-0.6852563670358606,0.4935228805392071,0.996974428981283,-0.3355646403718199,0.16170791386893185,248,220,3,242,
pooled,combat_ols,asthma,Bacteria.Spirochaetota.Spirochaetia.Spirochaetales.Spirochaetaceae.Treponema,Treponema,-0.08400416864241551,0.24985407123980466,-0.33621292711212253,0.7368616423655809,0.996974428981283,-0.5737181482724326,0.4057098109876016,248,220,3,242,
pooled,combat_ols,asthma,Bacteria.Bacillota.Clostridia.Lachnospirales.Lachnospiraceae.Tyzzerella,Tyzzerella,-0.10275391919519514,0.14581902125734206,-0.7046674590817241,0.4813692270732173,0.996974428981283,-0.3885592008595856,0.18305136246919532,248,220,3,242,
pooled,combat_ols,asthma,Bacteria.Bacillota.Clostridia.Lachnospirales.Lachnospiraceae.Eisenbergiella,Eisenbergiella,-0.031167256791422897,0.14245207061811804,-0.21879118117542357,0.8269085058276959,0.996974428981283,-0.31037331520293426,0.24803880162008846,248,220,3,242,
pooled,combat_ols,asthma,Bacteria.Bacillota.Clostridia.Oscillospirales.Oscillospiraceae.Flavonifractor,Flavonifractor,-0.13758770651001875,0.1658070968299804,-0.8298058957699622,0.4070734174008118,0.996974428981283,-0.4625696162967804,0.18739420327674286,248,220,3,242,
pooled,combat_ols,asthma,Bacteria.Bacillota.Clostridia.Lachnospirales.Lachnospiraceae.Lachnoanaerobaculum,Lachnoanaerobaculum,0.03312845078410295,0.20759377518595692,0.15958306434972522,0.8732786645403324,0.996974428981283,-0.3737553485803726,0.4400122501485785,248,220,3,242,
pooled,combat_ols,asthma,Bacteria.Bacteroidota.Bacteroidia.Bacteroidales.Barnesiellaceae.Coprobacter,Coprobacter,-0.00045483832292048397,0.1803489304050437,-0.0025219906871583185,0.9979888239516932,0.9979888239516932,-0.35393874191680613,0.35302906527096517,248,220,3,242,
pooled,combat_ols,asthma,Bacteria.Bacillota.Clostridia.Lachnospirales.Lachnospiraceae.UC5-1-2E3,UC5-1-2E3,0.04271088818001387,0.1070595426842555,0.39894517675998875,0.690116349859849,0.996974428981283,-0.1671258154811269,0.2525475918411546,248,220,3,242,
pooled,combat_ols,asthma,Bacteria.Bacillota.Clostridia.Oscillospirales.NA.NA,Oscillospirales,-0.1620306442136887,0.12851600666923751,-1.2607818155345274,0.20801834044022316,0.996974428981283,-0.41392201728539424,0.0898607288580168,248,220,3,242,
pooled,combat_ols,asthma,Bacteria.Thermodesulfobacteriota.Desulfovibrionia.Desulfovibrionales.Desulfovibrionaceae.NA,Desulfovibrionaceae,0.036902962130025405,0.11643353145475399,0.3169444546510717,0.7514276912051965,0.996974428981283,-0.1913067595212924,0.26511268378134323,248,220,3,242,
pooled,combat_ols,asthma,Bacteria.Actinomycetota.Coriobacteriia.Coriobacteriales.Atopobiaceae.Olsenella,Olsenella,-0.033105267847830806,0.1701629378262665,-0.1945504013431569,0.8458297205226677,0.996974428981283,-0.36662462598731316,0.30041409029165156,248,220,3,242,
pooled,combat_ols,asthma,Bacteria.Bacillota.Clostridia.Peptostreptococcales-Tissierellales.Anaerovoracaceae.Incertae Sedis,Incertae Sedis,0.08035218885065237,0.1342716819807423,0.5984298972450256,0.5498438731530937,0.996974428981283,-0.18282030783160252,0.34352468553290727,248,220,3,242,
pooled,combat_ols,asthma,Bacteria.Bacillota.Clostridia.Christensenellales.Christensenellaceae.NA,Christensenellaceae,0.1676165958494096,0.13283642914084734,1.2618270224027524,0.20764224289579922,0.996974428981283,-0.09274280526665116,0.4279759969654704,248,220,3,242,
pooled,combat_ols,asthma,Bacteria.Bacillota.Clostridia.Oscillospirales.Ruminococcaceae.Anaerofilum,Anaerofilum,0.019420004720052286,0.0867806354322767,0.22378269787166505,0.8230244660864837,0.996974428981283,-0.15067004072721005,0.18951005016731462,248,220,3,242,
pooled,combat_ols,asthma,Bacteria.Bacteroidota.Bacteroidia.Bacteroidales.Barnesiellaceae.Incertae Sedis,Incertae Sedis,-0.08304335127964743,0.11602389771274942,-0.7157435055771456,0.47450822145619853,0.996974428981283,-0.31045019079663627,0.1443634882373414,248,220,3,242,
pooled,combat_ols,asthma,Bacteria.Bacillota.Clostridia.Peptostreptococcales-Tissierellales.Anaerovoracaceae.[Eubacterium] sulci group,[Eubacterium] sulci group,-0.15377790527676966,0.2025442130432791,-0.7592312955587174,0.4480980785804385,0.996974428981283,-0.5507645628415967,0.24320875228805738,248,220,3,242,
pooled,combat_ols,asthma,Bacteria.Bacillota.Clostridia.Oscillospirales.Ruminococcaceae.[Clostridium] methylpentosum group,[Clostridium] methylpentosum group,0.03591560619622325,0.10444838555390189,0.34385985006621816,0.7311067858975433,0.996974428981283,-0.16880322948942444,0.24063444188187094,248,220,3,242,
pooled,combat_ols,asthma,Bacteria.Bacillota.Clostridia.Lachnospirales.Lachnospiraceae.Stomatobaculum,Stomatobaculum,0.0848449416958617,0.20358827444880268,0.4167476831638359,0.677054869732191,0.996974428981283,-0.3141880762237915,0.48387795961551494,248,220,3,242,
pooled,combat_ols,asthma,Bacteria.Bacillota.Clostridia.Oscillospirales.Oscillospiraceae.Pseudoflavonifractor,Pseudoflavonifractor,-0.028081682263489876,0.09695787308776051,-0.2896276637387869,0.772229919297983,0.996974428981283,-0.21811911351550045,0.16195574898852072,248,220,3,242,
pooled,combat_ols,asthma,Bacteria.Cyanobacteriota.Cyanobacteriia.Chloroplast.Incertae Sedis.Incertae Sedis,Incertae Sedis,-0.08138785583142012,0.2065978127839064,-0.39394345339245573,0.6938029859339072,0.996974428981283,-0.48631956888787664,0.3235438572250364,248,220,3,242,
pooled,combat_ols,asthma,Bacteria.Pseudomonadota.Gammaproteobacteria.Burkholderiales.Burkholderiaceae.Lautropia,Lautropia,-0.15666755284169784,0.20685813320106017,-0.7573671405485491,0.44921271890528314,0.996974428981283,-0.5621094939157758,0.2487743882323801,248,220,3,242,
pooled,combat_ols,asthma,Bacteria.Pseudomonadota.Gammaproteobacteria.Enterobacterales.Pasteurellaceae.Aggregatibacter,Aggregatibacter,-0.20694367234351016,0.24331677134303548,-0.8505113363178513,0.3954776465277994,0.996974428981283,-0.6838445441758597,0.26995719948883934,248,220,3,242,
pooled,combat_ols,asthma,Bacteria.Actinomycetota.Coriobacteriia.Coriobacteriales.Atopobiaceae.Lancefieldella,Lancefieldella,0.2117345147530568,0.21207301002580758,0.9984038738700903,0.31860169901017626,0.996974428981283,-0.20392858489752605,0.6273976144036396,248,220,3,242,
pooled,combat_ols,asthma,Bacteria.Bacillota.Bacilli.Lactobacillales.Aerococcaceae.Abiotrophia,Abiotrophia,0.01520018740044809,0.17974263496328766,0.0845663990825144,0.9326424305360392,0.996974428981283,-0.3370953771275957,0.3674957519284919,248,220,3,242,
pooled,combat_ols,asthma,Bacteria.Fusobacteriota.Fusobacteriia.Fusobacteriales.Leptotrichiaceae.Pseudoleptotrichia,Pseudoleptotrichia,-0.2359857148556461,0.2501750557047132,-0.9432823515953761,0.34602527683662143,0.996974428981283,-0.726328824036884,0.2543573943255918,248,220,3,242,
pooled,combat_ols,asthma,Bacteria.Pseudomonadota.Gammaproteobacteria.Enterobacterales.Pasteurellaceae.NA,Pasteurellaceae,0.14570883124777667,0.23149485741581494,0.6294257802282495,0.5293787956671228,0.996974428981283,-0.3080210892872206,0.599438751782774,248,220,3,242,
pooled,combat_ols,asthma,Bacteria.Bacillota.Negativicutes.Veillonellales-Selenomonadales.Selenomonadaceae.Selenomonas,Selenomonas,0.13469338547453452,0.25830776495085117,0.5214453599571928,0.6023042830099288,0.996974428981283,-0.37158983382913374,0.6409766047782028,248,220,3,242,
pooled,combat_ols,asthma,Bacteria.Actinomycetota.Actinobacteria.Actinomycetales.Actinomycetaceae.F0332,F0332,0.045089372852279,0.16474004888953603,0.27370013033389956,0.7844363470620268,0.996974428981283,-0.2778011229712116,0.3679798686757696,248,220,3,242,
pooled,combat_ols,asthma,Bacteria.Actinomycetota.Actinobacteria.Bifidobacteriales.Bifidobacteriaceae.Scardovia,Scardovia,0.19426813878047575,0.16129240613946072,1.204446901316003,0.2290282659621232,0.996974428981283,-0.12186497725286724,0.5104012548138187,248,220,3,242,
pooled,combat_ols,asthma,Bacteria.Actinomycetota.Actinobacteria.Bifidobacteriales.Bifidobacteriaceae.Alloscardovia,Alloscardovia,0.04849562032963875,0.1647108199490095,0.2944288683928101,0.768561318644142,0.996974428981283,-0.27433758677041986,0.3713288274296973,248,220,3,242,
pooled,combat_ols,asthma,Bacteria.Bacillota.Clostridia.Lachnospirales.Lachnospiraceae.Johnsonella,Johnsonella,-0.24269598516056243,0.14296308633517202,-1.6976129389902095,0.09024848032401545,0.996974428981283,-0.5229036343774995,0.03751166405637471,248,220,3,242,
pooled,combat_ols,asthma,Bacteria.Bacillota.Negativicutes.Veillonellales-Selenomonadales.Veillonellaceae.Anaeroglobus,Anaeroglobus,0.009959154915982723,0.17469419635589392,0.05700907714011025,0.9545624000765265,0.996974428981283,-0.33244146994156937,0.3523597797735348,248,220,3,242,
pooled,combat_ols,asthma,Bacteria.Fusobacteriota.Fusobacteriia.Fusobacteriales.Leptotrichiaceae.Leptotrichia,Leptotrichia,0.1674111414549173,0.25351361687022816,0.6603635083657613,0.509346865657561,0.996974428981283,-0.3294755476107299,0.6642978305205645,248,220,3,242,
pooled,combat_ols,asthma,Bacteria.Bacillota.Clostridia.Peptostreptococcales-Tissierellales.Family XI.Finegoldia,Finegoldia,0.026529290450090465,0.20512724641278868,0.12933089540286685,0.8971516277905991,0.996974428981283,-0.3755201125189754,0.4285786934191563,248,220,3,242,
pooled,combat_ols,asthma,Bacteria.Bacillota.Clostridia.Peptostreptococcales-Tissierellales.Peptostreptococcaceae.Clostridioides,Clostridioides,0.008432451347466874,0.17309952325841296,0.04871446892940556,0.9611677163139013,0.996974428981283,-0.3308426142390225,0.3477075169339563,248,220,3,242,
pooled,combat_ols,asthma,Bacteria.Bacteroidota.Bacteroidia.Bacteroidales.Prevotellaceae.Alloprevotella,Alloprevotella,-0.02804471486565463,0.2624784035920098,-0.10684579943288085,0.9149572943893438,0.996974428981283,-0.5425023859059939,0.4864129561746846,248,220,3,242,
pooled,combat_ols,asthma,Bacteria.Pseudomonadota.Gammaproteobacteria.Burkholderiales.Neisseriaceae.Eikenella,Eikenella,-0.057441863576676154,0.19716280976322575,-0.29134228532073825,0.7709191856876005,0.996974428981283,-0.44388097071259863,0.32899724355924637,248,220,3,242,
pooled,combat_ols,asthma,Bacteria.Actinomycetota.Actinobacteria.Actinomycetales.Actinomycetaceae.Mobiluncus,Mobiluncus,0.003970935430263531,0.10484772165627458,0.037873359263652547,0.9698048729578883,0.996974428981283,-0.20153059901603465,0.2094724698765617,248,220,3,242,
pooled,combat_ols,asthma,Bacteria.Fusobacteriota.Fusobacteriia.Fusobacteriales.Leptotrichiaceae.Incertae Sedis,Incertae Sedis,-0.04673677046043064,0.2320895424908895,-0.2013738747503682,0.8404941105492425,0.996974428981283,-0.501632273742574,0.4081587328217128,248,220,3,242,
pooled,combat_ols,asthma,Bacteria.Pseudomonadota.Gammaproteobacteria.Burkholderiales.Burkholderiaceae.Ralstonia,Ralstonia,0.13043028891218855,0.1965240189515218,0.6636862486735673,0.507219347259906,0.996974428981283,-0.2547567882327942,0.5156173660571712,248,220,3,242,
pooled,combat_ols,asthma,Bacteria.Pseudomonadota.Gammaproteobacteria.Pseudomonadales.Moraxellaceae.Enhydrobacter,Enhydrobacter,-0.28866869597297057,0.1360759344065167,-2.1213794873573635,0.03441713646000327,0.996974428981283,-0.5553775274097432,-0.02195986453619786,248,220,3,242,
pooled,combat_ols,asthma,Bacteria.Bacteroidota.Bacteroidia.Flavobacteriales.Flavobacteriaceae.Flavobacterium,Flavobacterium,-0.018529248460064814,0.10932577555679182,-0.16948654940425614,0.8654874995343242,0.996974428981283,-0.23280776855137678,0.19574927163124714,248,220,3,242,
pooled,combat_ols,asthma,Bacteria.Bacillota.Negativicutes.Veillonellales-Selenomonadales.Selenomonadaceae.Centipeda,Centipeda,-0.06057180404991593,0.23229976547228262,-0.2607484511521954,0.7944016845937354,0.996974428981283,-0.5158793443755899,0.39473573627575803,248,220,3,242,
pooled,combat_ols,asthma,Bacteria.Actinomycetota.Actinobacteria.Micrococcales.NA.NA,Micrococcales,-0.010387208398938544,0.09630510388847045,-0.10785729914136036,0.9141553117010992,0.996974428981283,-0.19914521202034063,0.17837079522246352,248,220,3,242,
pooled,combat_ols,asthma,Bacteria.Pseudomonadota.Gammaproteobacteria.Burkholderiales.Comamonadaceae.Delftia,Delftia,0.14120290485368478,0.1974146686496374,0.7152604506014966,0.47480631954750885,0.996974428981283,-0.24572984569960452,0.528135655406974,248,220,3,242,
pooled,combat_ols,asthma,Bacteria.Pseudomonadota.Gammaproteobacteria.Pseudomonadales.Moraxellaceae.Moraxella,Moraxella,0.18254693092927715,0.2845106711815136,0.6416171673673882,0.5214372435417719,0.996974428981283,-0.3750939845864894,0.7401878464450438,248,220,3,242,
pooled,combat_ols,asthma,Bacteria.Pseudomonadota.Alphaproteobacteria.Hyphomicrobiales.Xanthobacteraceae.Bradyrhizobium,Bradyrhizobium,0.032969736150862884,0.10586213397763543,0.31144031309465303,0.7556051901928743,0.996974428981283,-0.17452004644530256,0.2404595187470283,248,220,3,242,
pooled,combat_ols,asthma,Bacteria.Bacteroidota.Bacteroidia.Flavobacteriales.Weeksellaceae.Bergeyella,Bergeyella,-0.10677402552618687,0.20347257335593438,-0.5247588103159592,0.6000004122906428,0.996974428981283,-0.5055802693038183,0.29203221825144454,248,220,3,242,
pooled,combat_ols,asthma,Bacteria.Bacteroidota.Bacteroidia.Flavobacteriales.Flavobacteriaceae.Capnocytophaga,Capnocytophaga,-0.1860952139614646,0.22264491723847046,-0.8358385911956022,0.40367407037946923,0.996974428981283,-0.6224792517488666,0.2502888238259375,248,220,3,242,
pooled,combat_ols,asthma,Eukaryota.NA.NA.NA.NA.NA,Eukaryota.NA.NA.NA.NA.NA,0.058073437666568056,0.12673184742220733,0.4582387051701086,0.6469945688242444,0.996974428981283,-0.1903209832809583,0.3064678586140944,248,220,3,242,
pooled,combat_ols,asthma,Bacteria.Pseudomonadota.Gammaproteobacteria.Burkholderiales.Comamonadaceae.Paucibacter,Paucibacter,-0.0027410200924577856,0.12471189543869658,-0.021978818322147643,0.9824742597522914,0.996974428981283,-0.24717633515230308,0.24169429496738754,248,220,3,242,
pooled,combat_ols,asthma,Bacteria.Actinomycetota.Actinobacteria.Micrococcales.Micrococcaceae.Micrococcus,Micrococcus,-0.1246070527539285,0.16591813792645912,-0.7510152555422169,0.4530225481984933,0.996974428981283,-0.44980660308978837,0.2005924975819314,248,220,3,242,
pooled,combat_ols,asthma,Bacteria.Pseudomonadota.Gammaproteobacteria.Enterobacterales.Pasteurellaceae.Mannheimia,Mannheimia,-0.17306738346970602,0.24258285792928516,-0.7134361634083664,0.47593303537188525,0.996974428981283,-0.6485297850111049,0.3023950180716929,248,220,3,242,
pooled,combat_ols,asthma,Bacteria.Bacillota.Clostridia.Lachnospirales.Lachnospiraceae.Syntrophococcus,Syntrophococcus,0.1062285972053596,0.12277337636979528,0.865241311645592,0.3873515578236434,0.996974428981283,-0.13440722047943915,0.34686441489015835,248,220,3,242,
pooled,mixedlm,asthma,Bacteria.Actinomycetota.Coriobacteriia.Coriobacteriales.Coriobacteriaceae.Collinsella,Collinsella,-0.03555191034104637,0.204728995865569,-0.1736535178651039,0.8621377697544237,0.9785387808767378,-0.4368207422375616,0.36571692155546887,248,220,3,242,True
pooled,mixedlm,asthma,Bacteria.Actinomycetota.Coriobacteriia.Coriobacteriales.Eggerthellaceae.Adlercreutzia,Adlercreutzia,-0.14408253814167216,0.15667706868219292,-0.9196147167772983,0.3577741333676353,0.9091449215282793,-0.4511695927587703,0.16300451647542596,248,220,3,242,True
pooled,mixedlm,asthma,Bacteria.Actinomycetota.Coriobacteriia.Coriobacteriales.Eggerthellaceae.Senegalimassilia,Senegalimassilia,-0.008538924308690592,0.11442065008678819,-0.07462747591639979,0.9405111124544603,0.980000755153281,-0.23280339847879544,0.21572554986141423,248,220,3,242,True
pooled,mixedlm,asthma,Bacteria.Bacillota.Bacilli.Erysipelotrichales.Erysipelotrichaceae.Holdemanella,Holdemanella,-0.16292978660458227,0.11901332253858769,-1.3690046049403883,0.17099783546901826,0.9091449215282793,-0.3961958987802141,0.0703363255710496,248,220,3,242,True
pooled,mixedlm,asthma,Bacteria.Bacillota.Bacilli.Lactobacillales.Lactobacillaceae.Limosilactobacillus,Limosilactobacillus,0.1207736623342052,0.21461484269148523,0.5627460841924184,0.5736077986320053,0.9459094406443006,-0.2998714293411059,0.5414187540095162,248,220,3,242,True
pooled,mixedlm,asthma,Bacteria.Bacillota.Bacilli.Lactobacillales.Streptococcaceae.Streptococcus,Streptococcus,-0.07364572555812238,0.19565153217884887,-0.3764127208101871,0.7066100903986579,0.9785387808767378,-0.45712272862866615,0.3098312775124214,248,220,3,242,True
pooled,mixedlm,asthma,Bacteria.Bacillota.Bacilli.RF39.Incertae Sedis.Incertae Sedis,Incertae Sedis,-0.06160807001114234,0.20465846389747996,-0.30102869355065526,0.763392614452441,0.9785387808767378,-0.462738659250203,0.3395225192279184,248,220,3,242,True
pooled,mixedlm,asthma,Bacteria.Bacillota.Clostridia.Christensenellales.Christensenellaceae.Christensenellaceae R-7 group,Christensenellaceae R-7 group,-0.2757599441539007,0.19860191335138852,-1.388505979124157,0.16498302535622655,0.9091449215282793,-0.6650196943226222,0.11349980601482079,248,220,3,242,True
pooled,mixedlm,asthma,Bacteria.Bacillota.Clostridia.Clostridia UCG-014.Incertae Sedis.Incertae Sedis,Incertae Sedis,-0.4056054087799584,0.2424781137979904,-1.6727505935561264,0.09437640475970321,0.9091449215282793,-0.8808625118240195,0.06965169426410278,248,220,3,242,True
pooled,mixedlm,asthma,Bacteria.Bacillota.Clostridia.Clostridiales.Clostridiaceae.Clostridium,Clostridium,-0.0006881783120242293,0.16050642206582605,-0.004287543782777721,0.9965790454932111,0.9965790454932111,-0.3152807655610433,0.31390440893699484,248,220,3,242,True
pooled,mixedlm,asthma,Bacteria.Bacillota.Clostridia.Lachnospirales.Lachnospiraceae.Agathobacter,Agathobacter,-0.16634151450694887,0.22662406012080552,-0.7339975923927844,0.4629502054435647,0.9409801694858807,-0.6105246723437276,0.27784164332982997,248,220,3,242,True
pooled,mixedlm,asthma,Bacteria.Bacillota.Clostridia.Lachnospirales.Lachnospiraceae.Blautia,Blautia,-0.014642710094854136,0.18671657751116277,-0.07842212132438389,0.9374922774454846,0.980000755153281,-0.38060720201673315,0.3513217818270249,248,220,3,242,True
pooled,mixedlm,asthma,Bacteria.Bacillota.Clostridia.Lachnospirales.Lachnospiraceae.Coprococcus,Coprococcus,0.024811316337185706,0.1952823749157226,0.12705353643867476,0.8988980258929709,0.9785387808767378,-0.35794213849763057,0.40756477117200196,248,220,3,242,True
pooled,mixedlm,asthma,Bacteria.Bacillota.Clostridia.Lachnospirales.Lachnospiraceae.Dorea,Dorea,0.022443898650877217,0.17556517534447355,0.12783798727076945,0.8982771871922286,0.9785387808767378,-0.32166384502429096,0.36655164232604537,248,220,3,242,True
pooled,mixedlm,asthma,Bacteria.Bacillota.Clostridia.Lachnospirales.Lachnospiraceae.Howardella,Howardella,-0.07245803267531564,0.13041599605891227,-0.5555916058225286,0.5784900711378367,0.9459094406443006,-0.3280733849507837,0.1831573196001524,248,220,3,242,True
pooled,mixedlm,asthma,Bacteria.Bacillota.Clostridia.Lachnospirales.Lachnospiraceae.Lachnospiraceae NK4A136 group,Lachnospiraceae NK4A136 group,0.1858306386657303,0.20475416177015354,0.9075792992883543,0.3641005353231017,0.9091449215282793,-0.21548751840377062,0.5871487957352313,248,220,3,242,True
pooled,mixedlm,asthma,Bacteria.Bacillota.Clostridia.Lachnospirales.Lachnospiraceae.Mediterraneibacter,Mediterraneibacter,-0.07543529774560173,0.19691259442019113,-0.383090263818426,0.7016528383429678,0.9785387808767378,-0.46138398280917636,0.31051338731797284,248,220,3,242,True
pooled,mixedlm,asthma,Bacteria.Bacillota.Clostridia.Lachnospirales.Lachnospiraceae.Roseburia,Roseburia,0.025692672131089753,0.20895855693953336,0.12295582677920426,0.9021420775870784,0.9785387808767378,-0.38386609947039557,0.4352514437325751,248,220,3,242,True
pooled,mixedlm,asthma,Bacteria.Bacillota.Clostridia.Lachnospirales.Lachnospiraceae.[Eubacterium] eligens group,[Eubacterium] eligens group,-0.03142163148187345,0.21590473900461252,-0.14553470028836268,0.884288720517655,0.9785387808767378,-0.45459491993091394,0.3917516569671671,248,220,3,242,True
pooled,mixedlm,asthma,Bacteria.Bacillota.Clostridia.Lachnospirales.Lachnospiraceae.[Eubacterium] ruminantium group,[Eubacterium] ruminantium group,-0.1384619268091937,0.17125013426827843,-0.8085361649543638,0.41878199574458985,0.9409801694858807,-0.47411218997501936,0.197188336356632,248,220,3,242,True
pooled,mixedlm,asthma,Bacteria.Bacillota.Clostridia.NA.NA.NA,Clostridia,0.007494851126263588,0.144035741097644,0.052034662155018285,0.9585010744081877,0.980000755153281,-0.27481520142511867,0.28980490367764583,248,220,3,242,True
pooled,mixedlm,asthma,Bacteria.Bacillota.Clostridia.Oscillospirales.Oscillospiraceae.Colidextribacter,Colidextribacter,0.221925944461646,0.18165382849346295,1.221697039375266,0.22182221630500376,0.9091449215282793,-0.13411555938554134,0.5779674483088334,248,220,3,242,True
pooled,mixedlm,asthma,Bacteria.Bacillota.Clostridia.Oscillospirales.Oscillospiraceae.UCG-002,UCG-002,-0.4339640661021078,0.22947463410205965,-1.891119982826079,0.058608329588318464,0.9091449215282793,-0.8837343489421448,0.01580621673792909,248,220,3,242,True
pooled,mixedlm,asthma,Bacteria.Bacillota.Clostridia.Oscillospirales.Ruminococcaceae.Faecalibacterium,Faecalibacterium,-0.12513093447952847,0.23675686707631258,-0.5285208240198401,0.5971378976563132,0.963897597231087,-0.5891743939491011,0.3389125249900442,248,220,3,242,True
pooled,mixedlm,asthma,Bacteria.Bacillota.Clostridia.Oscillospirales.Ruminococcaceae.Gemmiger,Gemmiger,-0.22212576121778035,0.21874423304287605,-1.0154588220583693,0.3098871658169233,0.9091449215282793,-0.6508644579818174,0.20661293554625668,248,220,3,242,True
pooled,mixedlm,asthma,Bacteria.Bacillota.Clostridia.Oscillospirales.Ruminococcaceae.NA,Ruminococcaceae,0.009458264756931178,0.2137275352108759,0.04425384285463784,0.964702063667708,0.980000755153281,-0.40944770425638555,0.4283642337702479,248,220,3,242,True
pooled,mixedlm,asthma,Bacteria.Bacillota.Clostridia.Oscillospirales.Ruminococcaceae.Ruminococcus,Ruminococcus,-0.04272104888334046,0.2139452966344953,-0.1996821129296673,0.8417292038536439,0.9785387808767378,-0.46205383028695124,0.37661173252027036,248,220,3,242,True
pooled,mixedlm,asthma,Bacteria.Bacillota.Clostridia.Oscillospirales.Ruminococcaceae.[Eubacterium] siraeum group,[Eubacterium] siraeum group,-0.0027956369067105753,0.17684415966824663,-0.015808477429817818,0.9873871852715994,0.9936632837647037,-0.349410189856474,0.3438189160430528,248,220,3,242,True
pooled,mixedlm,asthma,Bacteria.Bacillota.Clostridia.Oscillospirales.UCG-010.Incertae Sedis,Incertae Sedis,-0.17589971896466255,0.16834585391224297,-1.0448711083574256,0.29608254449530236,0.9091449215282793,-0.5058575926326587,0.15405815470333367,248,220,3,242,True
pooled,mixedlm,asthma,Bacteria.Bacillota.Clostridia.Peptostreptococcales-Tissierellales.Peptostreptococcaceae.Romboutsia,Romboutsia,-0.09944445220445744,0.17158018392116212,-0.5795800536625506,0.5621978472452824,0.9459094406443006,-0.43574161268993516,0.2368527082810203,248,220,3,242,True
pooled,mixedlm,asthma,Bacteria.Bacillota.NA.NA.NA.NA,Bacteria.Bacillota.NA.NA.NA.NA,0.07500990712498437,0.14983305026350993,0.5006232402868738,0.6166363032588686,0.9689999051210794,-0.21866287139149507,0.3686826856414638,248,220,3,242,True
pooled,mixedlm,asthma,Bacteria.Bacillota.Negativicutes.Acidaminococcales.Acidaminococcaceae.Phascolarctobacterium,Phascolarctobacterium,0.2598977095533897,0.24106634548827394,1.0781169350992288,0.2809815749122463,0.9091449215282793,-0.21259232760362723,0.7323877467104066,248,220,3,242,True
pooled,mixedlm,asthma,Bacteria.Bacteroidota.Bacteroidia.Bacteroidales.Bacteroidaceae.Bacteroides,Bacteroides,0.0795247482301985,0.2785458246431539,0.2854996959013044,0.7752613373480864,0.9785387808767378,-0.4664250680703832,0.6254745645307802,248,220,3,242,True
pooled,mixedlm,asthma,Bacteria.Bacteroidota.Bacteroidia.Bacteroidales.Prevotellaceae.Incertae Sedis,Incertae Sedis,-0.05789291307733305,0.26699925747808545,-0.2168279927972636,0.8283423957828688,0.9785387808767378,-0.5812114577343805,0.4654256315797145,248,220,3,242,True
pooled,mixedlm,asthma,Bacteria.Bacteroidota.Bacteroidia.Bacteroidales.Prevotellaceae.Segatella,Segatella,-0.19868621473806516,0.2644209423727748,-0.7514012050451047,0.45241123773037584,0.9409801694858807,-0.7169512617887037,0.31957883231257345,248,220,3,242,True
pooled,mixedlm,asthma,Bacteria.Bacteroidota.Bacteroidia.Bacteroidales.Rikenellaceae.Alistipes,Alistipes,-0.14562047023044095,0.25498685496196494,-0.5710901067906516,0.5679385644638011,0.9459094406443006,-0.6453947059558922,0.3541537654950103,248,220,3,242,True
pooled,mixedlm,asthma,Bacteria.Bacteroidota.Bacteroidia.Bacteroidales.Tannerellaceae.Parabacteroides,Parabacteroides,-0.11350893926276807,0.24947035994014932,-0.4549997013272443,0.6491094537083671,0.9727388077898284,-0.6024708447454608,0.3754529662199246,248,220,3,242,True
pooled,mixedlm,asthma,Bacteria.NA.NA.NA.NA.NA,Bacteria.NA.NA.NA.NA.NA,0.4446708422869345,0.2620689109811726,1.6967706723476266,0.08974002543832983,0.9091449215282793,-0.06898422323616377,0.9583259078100328,248,220,3,242,True
pooled,mixedlm,asthma,Bacteria.Pseudomonadota.Gammaproteobacteria.Burkholderiales.Oxalobacteraceae.Oxalobacter,Oxalobacter,0.022733970615661004,0.12383368045874371,0.18358471242591412,0.8543392569938704,0.9785387808767378,-0.21998004308347666,0.26544798431479866,248,220,3,242,True
pooled,mixedlm,asthma,Bacteria.Pseudomonadota.Gammaproteobacteria.Enterobacterales.Enterobacteriaceae.Klebsiella,Klebsiella,0.17685227836052694,0.3160031155294668,0.559653590959725,0.5757157433015969,0.9459094406443006,-0.44251382807722794,0.7962183847982819,248,220,3,242,True
pooled,mixedlm,asthma,Bacteria.Pseudomonadota.Gammaproteobacteria.Enterobacterales.Enterobacteriaceae.NA,Enterobacteriaceae,0.39325246010024345,0.26203044881014,1.5007891712049972,0.13341010039073437,0.9091449215282793,-0.12032721956763087,0.9068321397681178,248,220,3,242,True
pooled,mixedlm,asthma,Bacteria.Pseudomonadota.Gammaproteobacteria.Enterobacterales.Pasteurellaceae.Haemophilus,Haemophilus,-0.38627540825585016,0.2556577973165336,-1.5109079883747767,0.1308118952943271,0.9091449215282793,-0.887364690996256,0.11481387448455571,248,220,3,242,True
pooled,mixedlm,asthma,Archaea.Methanobacteriota.Methanobacteria.Methanobacteriales.Methanobacteriaceae.Methanobrevibacter,Methanobrevibacter,-0.09896544105397348,0.16363576551587913,-0.6047910170614255,0.5453178630506023,0.9459094406443006,-0.4196915414650966,0.22176065935714961,248,220,3,242,True
pooled,mixedlm,asthma,Bacteria.Actinomycetota.Actinobacteria.Micrococcales.Micrococcaceae.Rothia,Rothia,-0.03634454299898204,0.2552480971547053,-0.14238908498876565,0.8867726834592425,0.9785387808767378,-0.5366308134222044,0.46394172742424034,248,220,3,242,True
pooled,mixedlm,asthma,Bacteria.Actinomycetota.Coriobacteriia.Coriobacteriales.Eggerthellaceae.Eggerthella,Eggerthella,0.10667014390386505,0.11030672694122685,0.9670320828275556,0.3335279955247299,0.9091449215282793,-0.10953104090093958,0.3228713287086697,248,220,3,242,True
pooled,mixedlm,asthma,Bacteria.Bacillota.Bacilli.Lactobacillales.Enterococcaceae.Enterococcus,Enterococcus,0.09610528975630181,0.16907797606021055,0.5684080919094847,0.5697578971177686,0.9459094406443006,-0.23528754332171084,0.42749812283431443,248,220,3,242,True
pooled,mixedlm,asthma,Bacteria.Bacillota.Bacilli.Lactobacillales.Lactobacillaceae.HT002,HT002,-0.12645643720824526,0.1703501168984784,-0.7423325531593739,0.4578858731486162,0.9409801694858807,-0.4603426663292629,0.20742979191277242,248,220,3,242,True
pooled,mixedlm,asthma,Bacteria.Bacillota.Bacilli.Lactobacillales.Lactobacillaceae.Lactobacillus,Lactobacillus,0.05017635933393989,0.2202538799887436,0.22781146618849224,0.8197928123345037,0.9785387808767378,-0.38152124544399757,0.48187396411187733,248,220,3,242,True
pooled,mixedlm,asthma,Bacteria.Bacillota.Bacilli.Staphylococcales.Gemellaceae.Gemella,Gemella,-0.08388075803296827,0.2333559893256735,-0.3594540610479194,0.7192554383942722,0.9785387808767378,-0.5412584971112884,0.3734969810453518,248,220,3,242,True
pooled,mixedlm,asthma,Bacteria.Bacillota.Bacilli.Staphylococcales.Staphylococcaceae.Staphylococcus,Staphylococcus,0.4263493787201183,0.30373214936316933,1.403701845899549,0.16040765256478795,0.9091449215282793,-0.16896563403169357,1.0216643914719301,248,220,3,242,True
pooled,mixedlm,asthma,Bacteria.Bacillota.Clostridia.Lachnospirales.Lachnospiraceae.NA,Lachnospiraceae,-0.3105367932323617,0.2457812216458579,-1.2634683445418342,0.2064209159825885,0.9091449215282793,-0.7922679876582432,0.17119440119351975,248,220,3,242,True
pooled,mixedlm,asthma,Bacteria.Bacillota.Clostridia.Oscillospirales.Butyricicoccaceae.Agathobaculum,Agathobaculum,0.07678766022170011,0.17349588937558352,0.44259066020561644,0.6580618415634207,0.9727388077898284,-0.2632642829544436,0.41683960339784376,248,220,3,242,True
pooled,mixedlm,asthma,Bacteria.Bacillota.Clostridia.Oscillospirales.Oscillospiraceae.Intestinimonas,Intestinimonas,0.2036061206458107,0.18798869511577102,1.0830764079745425,0.2787745096533406,0.9091449215282793,-0.1648517217811005,0.5720639630727219,248,220,3,242,True
pooled,mixedlm,asthma,Bacteria.Bacillota.Clostridia.Oscillospirales.Oscillospiraceae.NA,Oscillospiraceae,0.012429905974828752,0.1712457037543784,0.07258521354005616,0.9421361935652895,0.980000755153281,-0.3232116733837529,0.34807148533341037,248,220,3,242,True
pooled,mixedlm,asthma,Bacteria.Bacillota.Clostridia.Oscillospirales.Oscillospiraceae.NK4A214 group,NK4A214 group,0.15198273369189477,0.19936524725124094,0.7623331337199681,0.4458612032885405,0.9409801694858807,-0.23877315092053744,0.542738618304327,248,220,3,242,True
pooled,mixedlm,asthma,Bacteria.Bacillota.Clostridia.Oscillospirales.Ruminococcaceae.Acutalibacter,Acutalibacter,0.03735949574823808,0.18281325611533053,0.20435878963103898,0.8380731316855978,0.9785387808767378,-0.32095448623780976,0.39567347773428596,248,220,3,242,True
pooled,mixedlm,asthma,Bacteria.Bacillota.Clostridia.Oscillospirales.Ruminococcaceae.Incertae Sedis,Incertae Sedis,0.04522773876724367,0.17727779096657573,0.2551235466137492,0.7986276782086428,0.9785387808767378,-0.30223673152724473,0.3926922090617321,248,220,3,242,True
pooled,mixedlm,asthma,Bacteria.Bacillota.Clostridia.Peptostreptococcales-Tissierellales.Anaerovoracaceae.Mogibacterium,Mogibacterium,0.11498814182984214,0.19343558987551193,0.5944518374506176,0.5522099462557671,0.9459094406443006,-0.26414561432616124,0.4941218979858455,248,220,3,242,True
pooled,mixedlm,asthma,Bacteria.Bacteroidota.Bacteroidia.Bacteroidales.Prevotellaceae.Massiliprevotella,Massiliprevotella,-0.17913632484632702,0.20978999366621298,-0.8538840280978436,0.39316925007583314,0.9409801694858807,-0.5903247124321045,0.2320520627394504,248,220,3,242,True
pooled,mixedlm,asthma,Bacteria.Pseudomonadota.Gammaproteobacteria.Enterobacterales.Enterobacteriaceae.Escherichia-Shigella,Escherichia-Shigella,-0.5184363143668385,0.2530024580997637,-2.049135483744625,0.0404488685879593,0.8436266906125302,-1.0143211322423753,-0.02255149649130167,248,220,3,242,True
pooled,mixedlm,asthma,Bacteria.Pseudomonadota.Gammaproteobacteria.Enterobacterales.NA.NA,Enterobacterales,-0.04308171755815577,0.10364161028215096,-0.4156797394489658,0.6776443687787619,0.9785387808767378,-0.24621927371117164,0.1600558385948601,248,220,3,242,True
pooled,mixedlm,asthma,Bacteria.Pseudomonadota.Gammaproteobacteria.Lysobacterales.Lysobacteraceae.Stenotrophomonas,Stenotrophomonas,0.28049004571795266,0.12562393385792084,2.2327755317325404,0.02556375061546287,0.8436266906125302,0.034267135356427836,0.5267129560794774,248,220,3,242,True
pooled,mixedlm,asthma,Bacteria.Verrucomicrobiota.Verrucomicrobiia.Verrucomicrobiales.Akkermansiaceae.Akkermansia,Akkermansia,0.0633064463225846,0.20361469813256017,0.31091294932632974,0.7558667998962818,0.9785387808767378,-0.3357783620172333,0.4623912546624025,248,220,3,242,True
pooled,mixedlm,asthma,Bacteria.Actinomycetota.Coriobacteriia.Coriobacteriales.Eggerthellaceae.Slackia,Slackia,-0.27984146080562006,0.1891499268936795,-1.4794690402546016,0.1390149998990282,0.9091449215282793,-0.6505753175172319,0.09089239590599174,248,220,3,242,True
pooled,mixedlm,asthma,Bacteria.Bacillota.Bacilli.Erysipelotrichales.Erysipelatoclostridiaceae.Erysipelotrichaceae UCG-003,Erysipelotrichaceae UCG-003,0.23081237941527924,0.12502312332124974,1.846157520974753,0.06486933685259005,0.9091449215282793,-0.014232942294370249,0.47585770112492876,248,220,3,242,True
pooled,mixedlm,asthma,Bacteria.Bacillota.Clostridia.Oscillospirales.Ruminococcaceae.Fournierella,Fournierella,-0.1408301592790115,0.12504659238323107,-1.1262214874869074,0.2600717805386866,0.9091449215282793,-0.3859214803501444,0.10426116179212142,248,220,3,242,True
pooled,mixedlm,asthma,Bacteria.Bacillota.Clostridia.Oscillospirales.[Eubacterium] coprostanoligenes group.Incertae Sedis,Incertae Sedis,-0.11773818790438897,0.20818100148954652,-0.5655568330537646,0.5716950793539275,0.9459094406443006,-0.5257729508239002,0.2902965750151222,248,220,3,242,True
pooled,mixedlm,asthma,Bacteria.Bacillota.Clostridia.Peptococcales.Peptococcaceae.Peptococcus,Peptococcus,-0.537052369425065,0.1969019804667612,-2.7275112629744434,0.00638140790315851,0.8436266906125302,-0.9229802511399169,-0.15112448771021303,248,220,3,242,True
pooled,mixedlm,asthma,Bacteria.Bacillota.Clostridia.Peptostreptococcales-Tissierellales.Anaerovoracaceae.Family XIII AD3011 group,Family XIII AD3011 group,0.12837588969746097,0.13577909471298782,0.9454761056466323,0.3444158639991167,0.9091449215282793,-0.13775113593999513,0.3945029153349171,248,220,3,242,True
pooled,mixedlm,asthma,Bacteria.Bacillota.Clostridia.Peptostreptococcales-Tissierellales.Family XI.Parvimonas,Parvimonas,-0.07351201817449297,0.22098028387539975,-0.3326632443641121,0.739388497490078,0.9785387808767378,-0.5066333745702765,0.35960933822129054,248,220,3,242,True
pooled,mixedlm,asthma,Bacteria.Bacillota.Clostridia.Peptostreptococcales-Tissierellales.Peptostreptococcaceae.Intestinibacter,Intestinibacter,-0.17288766261106184,0.1375563949121074,-1.2568493287537057,0.2088081998447734,0.9091449215282793,-0.4424981966387923,0.09672287141666866,248,220,3,242,True
pooled,mixedlm,asthma,Bacteria.Bacteroidota.Bacteroidia.Bacteroidales.Muribaculaceae.Incertae Sedis,Incertae Sedis,0.09547157640998634,0.2954646061949899,0.3231235633921598,0.746601665636276,0.9785387808767378,-0.48363905173219385,0.6745822045521666,248,220,3,242,True
pooled,mixedlm,asthma,Bacteria.Actinomycetota.Actinobacteria.Actinomycetales.Actinomycetaceae.Schaalia,Schaalia,0.03687265209711793,0.2546794318806971,0.14478064374821867,0.8848840652390181,0.9785387808767378,-0.46229903438904835,0.5360443385832843,248,220,3,242,True
pooled,mixedlm,asthma,Bacteria.Bacillota.Bacilli.Bacillales.Bacillaceae.Bacillus,Bacillus,-0.11052253823856469,0.17133864876306243,-0.6450531683099825,0.5188927311430975,0.9459094406443006,-0.446346289814167,0.22530121333703768,248,220,3,242,True
pooled,mixedlm,asthma,Bacteria.Bacillota.Clostridia.Lachnospirales.Lachnospiraceae.Anaerostipes,Anaerostipes,0.07795798655303755,0.16460194577991075,0.47361521872454154,0.6357743209396087,0.9695408481960222,-0.24466182717558754,0.4005778002816626,248,220,3,242,True
pooled,mixedlm,asthma,Bacteria.Bacillota.Clostridia.Lachnospirales.Lachnospiraceae.Fusicatenibacter,Fusicatenibacter,-0.03577005855396323,0.1674978437747105,-0.21355533747691108,0.8308938313680876,0.9785387808767378,-0.36406583235239576,0.29252571524446935,248,220,3,242,True
pooled,mixedlm,asthma,Bacteria.Bacillota.Negativicutes.Veillonellales-Selenomonadales.Veillonellaceae.Dialister,Dialister,-0.28096458104324473,0.2516068725491656,-1.1166808688357368,0.26413080061316574,0.9091449215282793,-0.7741140512396092,0.21218488915311978,248,220,3,242,True
pooled,mixedlm,asthma,Bacteria.Bacillota.Negativicutes.Veillonellales-Selenomonadales.Veillonellaceae.Megasphaera,Megasphaera,-0.26477687268770944,0.2597134045989779,-1.0194963679158187,0.30796737661466556,0.9091449215282793,-0.7738151457017062,0.2442614003262873,248,220,3,242,True
pooled,mixedlm,asthma,Bacteria.Patescibacteria.Saccharimonadia.Saccharimonadales.Incertae Sedis.Incertae Sedis,Incertae Sedis,-0.17408387070342837,0.09806079224811753,-1.7752647792499376,0.07585417803079188,0.9091449215282793,-0.36628302350973874,0.01811528210288199,248,220,3,242,True
pooled,mixedlm,asthma,Bacteria.Bacillota.Bacilli.Erysipelotrichales.Erysipelotrichaceae.Turicibacter,Turicibacter,0.13585928201848785,0.17452734049097465,0.7784412553144563,0.4363089255813667,0.9409801694858807,-0.20621430534382246,0.47793286938079815,248,220,3,242,True
pooled,mixedlm,asthma,Bacteria.Bacillota.Clostridia.Lachnospirales.Lachnospiraceae.Faecalimonas,Faecalimonas,-0.023005732120258526,0.107900427158048,-0.2132126139460106,0.8311611299644405,0.9785387808767378,-0.2344905693500326,0.18847910510951554,248,220,3,242,True
pooled,mixedlm,asthma,Bacteria.Bacteroidota.Bacteroidia.Bacteroidales.Prevotellaceae.Leyella,Leyella,-0.24859134340388014,0.12419113789165001,-2.0016834342943417,0.04531878916513592,0.8436266906125302,-0.49200597367151416,-0.005176713136246125,248,220,3,242,True
pooled,mixedlm,asthma,Bacteria.Cyanobacteriota.Vampirivibrionia.Gastranaerophilales.Gastranaerophilaceae.Zag_111,Zag_111,-0.10724354442549641,0.16385325116631347,-0.6545097131862379,0.5127834713723792,0.9459094406443006,-0.4283959167114708,0.21390882786047796,248,220,3,242,True
pooled,mixedlm,asthma,Bacteria.Bacillota.Bacilli.Lactobacillales.Streptococcaceae.Lactococcus,Lactococcus,0.09327776911881892,0.13271540766415854,0.7028405424851794,0.482155128166319,0.9409801694858807,-0.1668444299029318,0.3533999681405696,248,220,3,242,True
pooled,mixedlm,asthma,Bacteria.Bacillota.Clostridia.Lachnospirales.Lachnospiraceae.CAG-56,CAG-56,0.08559967600140325,0.13389115973350973,0.6393228363379372,0.5226129354689435,0.9459094406443006,-0.17682699707627583,0.34802634907908236,248,220,3,242,True
pooled,mixedlm,asthma,Bacteria.Bacillota.Clostridia.Lachnospirales.Lachnospiraceae.Lachnoclostridium,Lachnoclostridium,-0.009133828807650141,0.20048877174887583,-0.04555780719276792,0.9636626992129491,0.980000755153281,-0.40209182143544675,0.3838241638201465,248,220,3,242,True
pooled,mixedlm,asthma,Bacteria.Bacillota.Clostridia.Lachnospirales.Lachnospiraceae.Lachnospira,Lachnospira,0.192717780087806,0.21536685472775843,0.8948349100952291,0.37087534561326396,0.9091449215282793,-0.22940125517860055,0.6148368153542125,248,220,3,242,True
pooled,mixedlm,asthma,Bacteria.Bacillota.Clostridia.Lachnospirales.Lachnospiraceae.Lachnospiraceae FCS020 group,Lachnospiraceae FCS020 group,0.08356736600990457,0.14857341696771612,0.562465128119542,0.5737991563305586,0.9459094406443006,-0.20763653124681902,0.37477126326662813,248,220,3,242,True
pooled,mixedlm,asthma,Bacteria.Bacillota.Clostridia.Oscillospirales.Ruminococcaceae.Ruthenibacterium,Ruthenibacterium,0.1459427162254138,0.16290309824175614,0.8958866823320186,0.3703132876256269,0.9091449215282793,-0.1733473563284282,0.4652327887792558,248,220,3,242,True
pooled,mixedlm,asthma,Bacteria.Actinomycetota.Actinobacteria.Bifidobacteriales.Bifidobacteriaceae.Bifidobacterium,Bifidobacterium,0.1037020947816229,0.2443479761801561,0.4244033300491265,0.6712716925610792,0.9785387808767378,-0.37521993853148305,0.5826241280947289,248,220,3,242,True
pooled,mixedlm,asthma,Bacteria.Bacillota.Bacilli.Erysipelotrichales.Erysipelotrichaceae.Solobacterium,Solobacterium,-0.15064733337530087,0.16549943896314337,-0.9102588765201188,0.3626860005795295,0.9091449215282793,-0.47502623374306185,0.17373156699246015,248,220,3,242,True
pooled,mixedlm,asthma,Bacteria.Bacillota.Bacilli.Lactobacillales.Lactobacillaceae.Ligilactobacillus,Ligilactobacillus,-0.15778267602841176,0.1637417513770343,-0.9636068669199641,0.33524306274988647,0.9091449215282793,-0.478716508727399,0.16315115667057548,248,220,3,242,True
pooled,mixedlm,asthma,Bacteria.Bacillota.Clostridia.Oscillospirales.Ruminococcaceae.Candidatus Soleaferrea,Candidatus Soleaferrea,0.08995147811117679,0.08969358395462361,1.002875279871564,0.31592104118140707,0.9091449215282793,-0.08584794643988547,0.26575090266223905,248,220,3,242,True
pooled,mixedlm,asthma,Bacteria.Bacillota.Clostridia.Peptostreptococcales-Tissierellales.Family XI.Anaerococcus,Anaerococcus,0.21048301812210582,0.25385651729236075,0.8291416756486001,0.40702424361498835,0.9409801694858807,-0.28707575577092126,0.7080417920151328,248,220,3,242,True
pooled,mixedlm,asthma,Bacteria.Bacteroidota.Bacteroidia.Bacteroidales.Incertae Sedis.Incertae Sedis,Incertae Sedis,-0.12483288189525682,0.176799969408361,-0.7060684586823993,0.48014556544700215,0.9409801694858807,-0.4713608219356444,0.22169505814513074,248,220,3,242,True
pooled,mixedlm,asthma,Bacteria.Thermodesulfobacteriota.Desulfovibrionia.Desulfovibrionales.Desulfovibrionaceae.Bilophila,Bilophila,0.023329737930835384,0.21562925541033684,0.10819375082680456,0.9138420019757965,0.9785387808767378,-0.39930360267342485,0.4459630785350956,248,220,3,242,True
pooled,mixedlm,asthma,Bacteria.Actinomycetota.Coriobacteriia.Coriobacteriales.Eggerthellaceae.Gordonibacter,Gordonibacter,0.12520519074878872,0.07752144059605445,1.6151040252360995,0.10628816942432875,0.9091449215282793,-0.026736832819478,0.27714721431705547,248,220,3,242,True
pooled,mixedlm,asthma,Bacteria.Bacillota.Bacilli.Lactobacillales.Carnobacteriaceae.Granulicatella,Granulicatella,-0.2260234369359186,0.2551386929130148,-0.8858845922401015,0.37567971963978486,0.9091449215282793,-0.7260952750454275,0.27404840117359036,248,220,3,242,True
pooled,mixedlm,asthma,Bacteria.Bacillota.Clostridia.Lachnospirales.Lachnospiraceae.Anaerobutyricum,Anaerobutyricum,-0.001730948975008697,0.13225025311067187,-0.013088436008966843,0.9895572371375768,0.9936632837647037,-0.26094144507192557,0.2574795471219082,248,220,3,242,True
pooled,mixedlm,asthma,Bacteria.Bacillota.Clostridia.Lachnospirales.Lachnospiraceae.Extibacter,Extibacter,0.0873438875431307,0.11161714801763095,0.7825310814189047,0.4339025264414569,0.9409801694858807,-0.13142572257142598,0.30611349765768736,248,220,3,242,True
pooled,mixedlm,asthma,Bacteria.Bacillota.Clostridia.Lachnospirales.Lachnospiraceae.Lachnospiraceae UCG-004,Lachnospiraceae UCG-004,0.22936030517231634,0.18669348857654042,1.2285393932112605,0.21924455091143236,0.9091449215282793,-0.13655893243770287,0.5952795427823355,248,220,3,242,True
pooled,mixedlm,asthma,Bacteria.Bacillota.Clostridia.Lachnospirales.Lachnospiraceae.[Eubacterium] ventriosum group,[Eubacterium] ventriosum group,-0.042478744497836486,0.1646460065817373,-0.25800045430648344,0.7964065566061324,0.9785387808767378,-0.36518491739804165,0.28022742840236864,248,220,3,242,True
pooled,mixedlm,asthma,Bacteria.Bacillota.Clostridia.Lachnospirales.Lachnospiraceae.[Ruminococcus] gnavus group,[Ruminococcus] gnavus group,-0.2337866774058133,0.17572422736719226,-1.330418012977198,0.18338058290477832,0.9091449215282793,-0.5782061630455101,0.11063280823388352,248,220,3,242,True
pooled,mixedlm,asthma,Bacteria.Bacillota.Clostridia.Monoglobales.Monoglobaceae.Monoglobus,Monoglobus,0.19125614129771584,0.17113133302902894,1.1175986180466035,0.2637384592774067,0.9091449215282793,-0.1441612714391809,0.5266735540346126,248,220,3,242,True
pooled,mixedlm,asthma,Bacteria.Bacillota.Clostridia.Oscillospirales.Oscillospiraceae.UCG-005,UCG-005,-0.13956839104602684,0.18638157116194082,-0.7488314975344877,0.45395877272678464,0.9409801694858807,-0.5048762705234309,0.22573948843137717,248,220,3,242,True
pooled,mixedlm,asthma,Bacteria.Bacillota.Clostridia.Peptostreptococcales-Tissierellales.Anaerovoracaceae.Family XIII UCG-001,Family XIII UCG-001,-0.3788128792569736,0.17697553011365394,-2.140481675707932,0.03231586012719718,0.8436266906125302,-0.7256849182797354,-0.0319408402342119,248,220,3,242,True
pooled,mixedlm,asthma,Bacteria.Bacillota.Clostridia.Peptostreptococcales-Tissierellales.Family XI.Fenollaria,Fenollaria,0.09894263384545977,0.08130783305671399,1.2168893220465624,0.22364632884524072,0.9091449215282793,-0.060420718945699656,0.2583059866366192,248,220,3,242,True
pooled,mixedlm,asthma,Bacteria.Bacteroidota.Bacteroidia.Bacteroidales.Rikenellaceae.Rikenellaceae RC9 gut group,Rikenellaceae RC9 gut group,0.34220551187156595,0.2146632812527619,1.5941501959462994,0.11090239840871381,0.9091449215282793,-0.07853451938384737,0.7629455431269793,248,220,3,242,True
pooled,mixedlm,asthma,Bacteria.Bacillota.Clostridia.Lachnospirales.Lachnospiraceae.Butyribacter,Butyribacter,0.15868824095745668,0.1521624209179459,1.0428871990872821,0.29700053897233647,0.9091449215282793,-0.13955010404171728,0.4569265859566306,248,220,3,242,True
pooled,mixedlm,asthma,Bacteria.Bacillota.Clostridia.Lachnospirales.Lachnospiraceae.[Eubacterium] xylanophilum group,[Eubacterium] xylanophilum group,-0.08701464829400843,0.17686898535346593,-0.49197233828255965,0.6227388985777207,0.9695408481960222,-0.4336778595868016,0.2596485629987848,248,220,3,242,True
pooled,mixedlm,asthma,Bacteria.Bacillota.Clostridia.Lachnospirales.Lachnospiraceae.[Ruminococcus] gauvreauii group,[Ruminococcus] gauvreauii group,-0.06872154622273785,0.11016568528095881,-0.6238017405099896,0.532757796461,0.9459094406443006,-0.2846462893734171,0.14720319692794143,248,220,3,242,True
pooled,mixedlm,asthma,Bacteria.Bacillota.Clostridia.Oscillospirales.Oscillospiraceae.UCG-003,UCG-003,0.029169655848001134,0.18980834916373998,0.15367951924410686,0.8778624342011707,0.9785387808767378,-0.3428547085129292,0.40119402020893147,248,220,3,242,True
pooled,mixedlm,asthma,Bacteria.Bacillota.Clostridia.Oscillospirales.Ruminococcaceae.Paludicola,Paludicola,0.059075985471058086,0.10323619836437985,0.5722410008023058,0.5671587140077596,0.9459094406443006,-0.1432669633231264,0.2614189342652426,248,220,3,242,True
pooled,mixedlm,asthma,Bacteria.Bacteroidota.Bacteroidia.Bacteroidales.Prevotellaceae.Hoylesella,Hoylesella,-0.2487969579292563,0.26973497381358197,-0.9223755985799741,0.3563326932704485,0.9091449215282793,-0.7774775066038769,0.2798835907453644,248,220,3,242,True
pooled,mixedlm,asthma,Bacteria.Bacillota.Bacilli.Erysipelotrichales.Erysipelatoclostridiaceae.Thomasclavelia,Thomasclavelia,-0.09463947281358823,0.10260352456063382,-0.9223803297094417,0.3563302263217182,0.9091449215282793,-0.2957423809524305,0.10646343532525404,248,220,3,242,True
pooled,mixedlm,asthma,Bacteria.Bacillota.Clostridia.Lachnospirales.Lachnospiraceae.Lachnospiraceae NC2004 group,Lachnospiraceae NC2004 group,-0.01357182889522395,0.09587743221648624,-0.1415539463403595,0.8874323460118303,0.9785387808767378,-0.20149159603953698,0.17434793824908906,248,220,3,242,True
pooled,mixedlm,asthma,Bacteria.Bacillota.Negativicutes.Veillonellales-Selenomonadales.Veillonellaceae.Veillonella,Veillonella,0.02498648155254108,0.22151343798510978,0.1127989424922414,0.9101899567621445,0.9785387808767378,-0.4091798568982741,0.4591528200033562,248,220,3,242,True
pooled,mixedlm,asthma,Bacteria.Bacillota.Bacilli.Lactobacillales.Carnobacteriaceae.Dolosigranulum,Dolosigranulum,0.08457605094455009,0.2607055887535226,0.3244121131001543,0.745626050299647,0.9785387808767378,-0.4264069030123542,0.5955590049014544,248,220,3,242,True
pooled,mixedlm,asthma,Bacteria.Bacteroidota.Bacteroidia.Bacteroidales.Barnesiellaceae.Barnesiella,Barnesiella,-0.2254524932773967,0.22922997310510676,-0.9835210039222139,0.3253510830392857,0.9091449215282793,-0.674743240563406,0.22383825400861257,248,220,3,242,True
pooled,mixedlm,asthma,Bacteria.Bacillota.Clostridia.Lachnospirales.Lachnospiraceae.Hungatella,Hungatella,0.1024348875013117,0.11551337815173313,0.886779428844665,0.3751976649554366,0.9091449215282793,-0.12397133367608522,0.32884110867870864,248,220,3,242,True
pooled,mixedlm,asthma,Bacteria.Bacillota.Clostridia.Lachnospirales.Lachnospiraceae.Incertae Sedis,Incertae Sedis,0.0410800832969256,0.20593298069180788,0.1994827791008601,0.8418851129341881,0.9785387808767378,-0.3625485588590178,0.444708725452869,248,220,3,242,True
pooled,mixedlm,asthma,Bacteria.Bacillota.Clostridia.Oscillospirales.Ruminococcaceae.DTU089,DTU089,-0.005287139072750399,0.13118648096736024,-0.04030246892639694,0.9678519854612982,0.980000755153281,-0.2624126417687765,0.25183836362327566,248,220,3,242,True
pooled,mixedlm,asthma,Bacteria.Pseudomonadota.Gammaproteobacteria.Pseudomonadales.Moraxellaceae.Acinetobacter,Acinetobacter,0.26206705955392656,0.21890718286967462,1.1971606235961063,0.2312439543455409,0.9091449215282793,-0.16699101887063567,0.6911251379784888,248,220,3,242,True
pooled,mixedlm,asthma,Bacteria.Bacillota.Clostridia.Lachnospirales.Lachnospiraceae.GCA-900066575,GCA-900066575,0.04476369498081666,0.152009195017732,0.2944801791470242,0.7683910070592446,0.9785387808767378,-0.253174327253938,0.34270171721557136,248,220,3,242,True
pooled,mixedlm,asthma,Bacteria.Bacillota.Clostridia.Lachnospirales.Lachnospiraceae.Lachnospiraceae UCG-010,Lachnospiraceae UCG-010,0.12956366611577347,0.18012429272361438,0.7193014565479963,0.471955198664438,0.9409801694858807,-0.22347994762251072,0.48260727985405766,248,220,3,242,True
pooled,mixedlm,asthma,Bacteria.Bacillota.Clostridia.Lachnospirales.Lachnospiraceae.Oribacterium,Oribacterium,-0.10700838674492094,0.20792479829487245,-0.514649467607827,0.6067979909242662,0.9660862750241607,-0.5145409914028709,0.3005242179130291,248,220,3,242,True
pooled,mixedlm,asthma,Bacteria.Bacillota.Clostridia.Oscillospirales.Butyricicoccaceae.UCG-009,UCG-009,0.255074113240987,0.1256757636888088,2.0296205549431714,0.04239512389924423,0.8436266906125302,0.008749616410921729,0.5013986100710522,248,220,3,242,True
pooled,mixedlm,asthma,Bacteria.Thermodesulfobacteriota.Desulfovibrionia.Desulfovibrionales.Desulfovibrionaceae.Desulfovibrio,Desulfovibrio,-0.401731772758197,0.18059353523158048,-2.2245080492114204,0.026114281556712474,0.8436266906125302,-0.7556951018120948,-0.04776844370429928,248,220,3,242,True
pooled,mixedlm,asthma,Bacteria.Actinomycetota.Coriobacteriia.Coriobacteriales.Coriobacteriales Incertae Sedis.Incertae Sedis,Incertae Sedis,-0.05282738713144361,0.10004036373458179,-0.528060726284448,0.5974571883663763,0.963897597231087,-0.24890650005122392,0.1432517257883367,248,220,3,242,True
pooled,mixedlm,asthma,Bacteria.Bacillota.Clostridia.Clostridia vadinBB60 group.Incertae Sedis.Incertae Sedis,Incertae Sedis,-0.3598660516267164,0.21989973054274928,-1.6365006484478488,0.10173485010169077,0.9091449215282793,-0.790869523490505,0.07113742023707215,248,220,3,242,True
pooled,mixedlm,asthma,Bacteria.Bacillota.Clostridia.Lachnospirales.Lachnospiraceae.Butyrivibrio,Butyrivibrio,-0.04626760280445793,0.15949184275937284,-0.29009385059436793,0.7717444401397769,0.9785387808767378,-0.3588716146128287,0.26633640900391287,248,220,3,242,True
pooled,mixedlm,asthma,Bacteria.Pseudomonadota.Alphaproteobacteria.Rhodospirillales.Incertae Sedis.Incertae Sedis,Incertae Sedis,-0.31858607145428836,0.17330143195158892,-1.8383349050646283,0.06601307069461698,0.9091449215282793,-0.6582568780794027,0.02108473517082593,248,220,3,242,True
pooled,mixedlm,asthma,Bacteria.Pseudomonadota.Gammaproteobacteria.Burkholderiales.Sutterellaceae.Sutterella,Sutterella,-0.21344487538882886,0.2243694091503806,-0.9513100569149794,0.34144700321512356,0.9091449215282793,-0.6532089173235748,0.22631916654591708,248,220,3,242,True
pooled,mixedlm,asthma,Bacteria.Actinomycetota.Actinobacteria.Mycobacteriales.Corynebacteriaceae.Corynebacterium,Corynebacterium,0.1779623178517871,0.3115685859031657,0.5711818389389779,0.5678763875732151,0.9459094406443006,-0.43271211051841774,0.7886367462219919,248,220,3,242,True
pooled,mixedlm,asthma,Bacteria.Bacillota.Negativicutes.Veillonellales-Selenomonadales.Selenomonadaceae.Megamonas,Megamonas,-0.22612538066786583,0.21929281409989698,-1.0311572752441234,0.3024670724917279,0.9091449215282793,-0.6559392963036639,0.20368853496793224,248,220,3,242,True
pooled,mixedlm,asthma,Bacteria.Patescibacteria.Saccharimonadia.Saccharimonadales.Saccharimonadaceae.TM7x,TM7x,-0.17832959650794983,0.15810739294837559,-1.127901695059744,0.2593614379422058,0.9091449215282793,-0.488220086686766,0.13156089367086632,248,220,3,242,True
pooled,mixedlm,asthma,Bacteria.Bacillota.Bacilli.Acholeplasmatales.Acholeplasmataceae.Anaeroplasma,Anaeroplasma,0.26494626507635594,0.17252177366305183,1.5357265315033,0.12460546511958923,0.9091449215282793,-0.07319641130322563,0.6030889414559375,248,220,3,242,True
pooled,mixedlm,asthma,Bacteria.Bacillota.Bacilli.Izemoplasmatales.Incertae Sedis.Incertae Sedis,Incertae Sedis,-0.1514647577857693,0.10154208011574647,-1.4916452136209601,0.13579217860755188,0.9091449215282793,-0.3504872348126324,0.04755771924109381,248,220,3,242,True
pooled,mixedlm,asthma,Bacteria.Bacillota.Clostridia.Lachnospirales.Lachnospiraceae.Lachnospiraceae ND3007 group,Lachnospiraceae ND3007 group,-0.07400163231027064,0.13050373950507385,-0.5670460677289139,0.5706828833160902,0.9459094406443006,-0.3297889617402154,0.18178569711967413,248,220,3,242,True
pooled,mixedlm,asthma,Bacteria.Bacillota.Clostridia.Oscillospirales.Oscillospiraceae.Oscillibacter,Oscillibacter,0.2471530806849111,0.18685492781526386,1.3227003621186895,0.1859350430774972,0.9091449215282793,-0.11908257783300608,0.6133887392028283,248,220,3,242,True
pooled,mixedlm,asthma,Bacteria.Bacillota.Clostridia.Peptococcales.Peptococcaceae.Incertae Sedis,Incertae Sedis,0.27837962994672805,0.17648209891760078,1.5773816815081232,0.11470772786932108,0.9091449215282793,-0.06752528393176949,0.6242845438252256,248,220,3,242,True
pooled,mixedlm,asthma,Bacteria.Bacillota.Negativicutes.Veillonellales-Selenomonadales.Veillonellaceae.Incertae Sedis,Incertae Sedis,0.0935943975625704,0.21416557805443653,0.4370188636886391,0.6620976677108943,0.9727388077898284,-0.3261701354241252,0.513358930549266,248,220,3,242,True
pooled,mixedlm,asthma,Bacteria.Bacteroidota.Bacteroidia.Bacteroidales.Prevotellaceae.Paraprevotella,Paraprevotella,-0.010859639251882476,0.23074667348619773,-0.0470630370865652,0.9624629868081025,0.980000755153281,-0.46312311928483,0.44140384078106504,248,220,3,242,True
pooled,mixedlm,asthma,Bacteria.Pseudomonadota.Gammaproteobacteria.Burkholderiales.Comamonadaceae.Comamonas,Comamonas,0.1680266449399579,0.13017144314703263,1.2908103411757266,0.1967694510364889,0.9091449215282793,-0.08710938362822607,0.42316267350814185,248,220,3,242,True
pooled,mixedlm,asthma,Bacteria.Pseudomonadota.Gammaproteobacteria.Burkholderiales.Comamonadaceae.NA,Comamonadaceae,0.1362119010786641,0.1287037412179364,1.0583367646478434,0.2899019374558389,0.9091449215282793,-0.11604743170849124,0.38847123386581944,248,220,3,242,True
pooled,mixedlm,asthma,Bacteria.Bacillota.Clostridia.Lachnospirales.Defluviitaleaceae.Defluviitaleaceae UCG-011,Defluviitaleaceae UCG-011,-0.2233344937294136,0.168481324906666,-1.3255741777501735,0.18498078413208585,0.9091449215282793,-0.553557890546479,0.10688890308765175,248,220,3,242,True
pooled,mixedlm,asthma,Bacteria.Bacillota.Clostridia.Peptostreptococcales-Tissierellales.Family XI.Peptoniphilus,Peptoniphilus,0.16790993789797493,0.23478086293863887,0.7151772755084345,0.47449950896963744,0.9409801694858807,-0.2922605534617572,0.6280804292577071,248,220,3,242,True
pooled,mixedlm,asthma,Bacteria.Bacteroidota.Bacteroidia.Bacteroidales.Marinifilaceae.Odoribacter,Odoribacter,-0.20468209364783882,0.21445758765773767,-0.9544175885000628,0.3398723066659841,0.9091449215282793,-0.6250189654570046,0.21565477816132703,248,220,3,242,True
pooled,mixedlm,asthma,Bacteria.Bacteroidota.Bacteroidia.Bacteroidales.Porphyromonadaceae.Porphyromonas,Porphyromonas,-0.3089174004080237,0.25520593230947386,-1.210463242811366,0.22610118702822868,0.9091449215282793,-0.8091210277345924,0.19128622691854508,248,220,3,242,True
pooled,mixedlm,asthma,Bacteria.Bacteroidota.Bacteroidia.Bacteroidales.Prevotellaceae.Prevotella,Prevotella,-0.01985761286978619,0.312913121428268,-0.0634604671710398,0.9493998383891159,0.980000755153281,-0.6331673308691914,0.5934521051296191,248,220,3,242,True
pooled,mixedlm,asthma,Bacteria.Bacillota.Clostridia.Lachnospirales.Lachnospiraceae.Enterocloster,Enterocloster,0.1275604282989077,0.20734388246545019,0.6152119212881199,0.5384147759281404,0.9459094406443006,-0.27883358133337466,0.53395443793119,248,220,3,242,True
pooled,mixedlm,asthma,Bacteria.Pseudomonadota.Alphaproteobacteria.Rickettsiales.Mitochondria.Incertae Sedis,Incertae Sedis,0.20259548324091622,0.2838645596209436,0.7137047453597257,0.4754097714649015,0.9409801694858807,-0.35377905361613315,0.7589700200979657,248,220,3,242,True
pooled,mixedlm,asthma,Bacteria.Bacillota.Clostridia.Oscillospirales.Oscillospiraceae.Incertae Sedis,Incertae Sedis,0.4523521485149547,0.17196457021011666,2.6304962002477814,0.008526032271583908,0.8436266906125302,0.11530159090312608,0.7894027061267833,248,220,3,242,True
pooled,mixedlm,asthma,Bacteria.Bacillota.Clostridia.Peptostreptococcales-Tissierellales.Peptostreptococcaceae.Peptostreptococcus,Peptostreptococcus,-0.48799627326477474,0.23498167754621382,-2.076741805406511,0.03782539590666868,0.8436266906125302,-0.9485603612553538,-0.027432185274195664,248,220,3,242,True
pooled,mixedlm,asthma,Bacteria.Cyanobacteriota.Vampirivibrionia.Gastranaerophilales.Gastranaerophilaceae.CAG-196,CAG-196,0.011358601059321646,0.14120488544764498,0.08044056707608119,0.9358868635617128,0.980000755153281,-0.26540297441806254,0.2881201765367058,248,220,3,242,True
pooled,mixedlm,asthma,Bacteria.Bacteroidota.Bacteroidia.Bacteroidales.Prevotellaceae.Prevotellaceae UCG-001,Prevotellaceae UCG-001,0.029338481374514377,0.24804741022125645,0.1182777169426791,0.9058476127553516,0.9785387808767378,-0.45683444265914824,0.515511405408177,248,220,3,242,True
pooled,mixedlm,asthma,Bacteria.Pseudomonadota.Alphaproteobacteria.Caulobacterales.Caulobacteraceae.Brevundimonas,Brevundimonas,-0.22055785893198968,0.1333540881635892,-1.6539264897632922,0.09814244962756727,0.9091449215282793,-0.48193187173262453,0.04081615386864515,248,220,3,242,True
pooled,mixedlm,asthma,Bacteria.Bacillota.Clostridia.Oscillospirales.Ethanoligenenaceae.Acetanaerobacterium,Acetanaerobacterium,0.04652294613215395,0.08021916335199004,0.5799480347110829,0.5619496616316142,0.9459094406443006,-0.11070661403774652,0.20375250630205444,248,220,3,242,True
pooled,mixedlm,asthma,Bacteria.Bacillota.Clostridia.Oscillospirales.Ruminococcaceae.Angelakisella,Angelakisella,-0.033324274253457846,0.1298016089180493,-0.2567323666573135,0.7973853837928365,0.9785387808767378,-0.28773542773283445,0.22108687922591874,248,220,3,242,True
pooled,mixedlm,asthma,Bacteria.Pseudomonadota.Gammaproteobacteria.Pseudomonadales.Pseudomonadaceae.Pseudomonas,Pseudomonas,0.07393018900127572,0.25671418940364277,0.2879863757161943,0.7733571676879365,0.9785387808767378,-0.4292296222298641,0.5770900002324155,248,220,3,242,True
pooled,mixedlm,asthma,Bacteria.Bacillota.Bacilli.Erysipelotrichales.Erysipelotrichaceae.Holdemania,Holdemania,0.07376045541257285,0.09049359037264998,0.8150903849524529,0.41502057494941946,0.9409801694858807,-0.10360698171782111,0.2511278925429668,248,220,3,242,True
pooled,mixedlm,asthma,Bacteria.Bacillota.Negativicutes.Veillonellales-Selenomonadales.Veillonellaceae.Allisonella,Allisonella,-0.13345124058438695,0.13632599340240606,-0.9789126582079367,0.3276231371684295,0.9091449215282793,-0.40065018765310284,0.13374770648432893,248,220,3,242,True
pooled,mixedlm,asthma,Bacteria.Pseudomonadota.Gammaproteobacteria.Enterobacterales.Pasteurellaceae.Actinobacillus,Actinobacillus,-0.03149778425233189,0.21997405383226565,-0.14318863385747096,0.8861412061898188,0.9785387808767378,-0.4626469297635726,0.39965136125890877,248,220,3,242,True
pooled,mixedlm,asthma,Bacteria.Bacillota.Negativicutes.Acidaminococcales.Acidaminococcaceae.Acidaminococcus,Acidaminococcus,-0.27852979788084564,0.19636134700934657,-1.4184553229184558,0.15605787358026907,0.9091449215282793,-0.6633980380191649,0.10633844225747363,248,220,3,242,True
pooled,mixedlm,asthma,Bacteria.Bacillota.Clostridia.Peptostreptococcales-Tissierellales.Anaerovoracaceae.[Eubacterium] brachy group,[Eubacterium] brachy group,0.15908166854822337,0.20656846163288115,0.7701159571539409,0.4412311111888203,0.9409801694858807,-0.24579251625222365,0.5639558533486704,248,220,3,242,True
pooled,mixedlm,asthma,Bacteria.Bacteroidota.Bacteroidia.Bacteroidales.Marinifilaceae.Butyricimonas,Butyricimonas,-0.2155915941378594,0.1903028902522555,-1.1328865991056811,0.257261878305851,0.9091449215282793,-0.5885852590322802,0.15740207075656137,248,220,3,242,True
pooled,mixedlm,asthma,Bacteria.Fusobacteriota.Fusobacteriia.Fusobacteriales.Fusobacteriaceae.Fusobacterium,Fusobacterium,-0.3404722205700093,0.2604212043765902,-1.307390545962067,0.19108010651232532,0.9091449215282793,-0.8508977811481262,0.16995334000810752,248,220,3,242,True
pooled,mixedlm,asthma,Bacteria.Bacteroidota.Bacteroidia.Bacteroidales.NA.NA,Bacteroidales,-0.16130442402431303,0.155809010133246,-1.0352701932087716,0.3005427458148181,0.9091449215282793,-0.46669008388547517,0.14408123583684915,248,220,3,242,True
pooled,mixedlm,asthma,Bacteria.Actinomycetota.Actinobacteria.Mycobacteriales.Corynebacteriaceae.Lawsonella,Lawsonella,0.21506803398644278,0.22004055572159606,0.9774017943244757,0.3283702750421934,0.9091449215282793,-0.2162114552278855,0.646347523200771,248,220,3,242,True
pooled,mixedlm,asthma,Bacteria.Bacillota.Clostridia.Christensenellales.Christensenellaceae.Incertae Sedis,Incertae Sedis,0.12492290459420617,0.10478742334166884,1.1921555145686118,0.23320027274349497,0.9091449215282793,-0.08046044515546476,0.3303062543438771,248,220,3,242,True
pooled,mixedlm,asthma,Bacteria.Bacillota.Clostridia.Oscillospirales.Ruminococcaceae.Anaerotruncus,Anaerotruncus,0.20971733582895966,0.14238517299840958,1.4728874602083895,0.14078138387833913,0.9091449215282793,-0.06935760324792314,0.4887922749058424,248,220,3,242,True
pooled,mixedlm,asthma,Bacteria.Bacillota.Clostridia.Oscillospirales.Oscillospiraceae.Oscillospira,Oscillospira,0.3237773885270114,0.16815306768957186,1.925492011390112,0.05416783442124478,0.9091449215282793,-0.005802624144549462,0.6533574011985722,248,220,3,242,True
pooled,mixedlm,asthma,Bacteria.Pseudomonadota.Gammaproteobacteria.Burkholderiales.Sutterellaceae.Parasutterella,Parasutterella,-0.15377263804260247,0.21490519589706383,-0.7155370878806351,0.4742772321804797,0.9409801694858807,-0.5749868220008476,0.2674415459156426,248,220,3,242,True
pooled,mixedlm,asthma,Bacteria.Pseudomonadota.Alphaproteobacteria.Sphingomonadales.Sphingomonadaceae.Sphingomonas,Sphingomonas,0.022511016744179147,0.16503774145477304,0.13639920508938902,0.8915057020525803,0.9785387808767378,-0.30096295650717597,0.3459849899955343,248,220,3,242,True
pooled,mixedlm,asthma,NA.NA.NA.NA.NA.NA,NA.NA.NA.NA.NA.NA,-0.03397231519367927,0.18865575634441184,-0.18007568839648375,0.8570931484459674,0.9785387808767378,-0.40373759762872646,0.3357929672413679,248,220,3,242,True
pooled,mixedlm,asthma,Bacteria.Actinomycetota.Actinobacteria.Propionibacteriales.Propionibacteriaceae.Cutibacterium,Cutibacterium,-0.02903114474905155,0.1712860440820883,-0.16948925935342674,0.8654118199380206,0.9785387808767378,-0.3647517911499446,0.3066895016518415,248,220,3,242,True
pooled,mixedlm,asthma,Bacteria.Bacteroidota.Bacteroidia.NA.NA.NA,Bacteroidia,0.13419170964741592,0.13537150613700605,0.9912847502162229,0.32154655726536907,0.9091449215282793,-0.1311364423811159,0.3995198616759478,248,220,3,242,True
pooled,mixedlm,asthma,Bacteria.Pseudomonadota.Gammaproteobacteria.Burkholderiales.Neisseriaceae.Neisseria,Neisseria,-0.36967627109832185,0.26960278883659816,-1.3711886019190127,0.17031617040838187,0.9091449215282793,-0.8980977372180543,0.15874519502141055,248,220,3,242,True
pooled,mixedlm,asthma,Bacteria.Bacillota.Clostridia.Lachnospirales.Lachnospiraceae.Shuttleworthia,Shuttleworthia,-0.07619895156161116,0.14616572014617255,-0.5213188939609688,0.6021446411692319,0.9650265110129412,-0.36268376304810934,0.21028585992488702,248,220,3,242,True
pooled,mixedlm,asthma,Bacteria.Bacteroidota.Bacteroidia.Bacteroidales.Prevotellaceae.NA,Prevotellaceae,-0.06285798498644207,0.20968962852421263,-0.29976678116525884,0.7643550554876617,0.9785387808767378,-0.47384965689389885,0.3481336869210147,248,220,3,242,True
pooled,mixedlm,asthma,Bacteria.Bacillota.Clostridia.Lachnospirales.Lachnospiraceae.Lachnospiraceae AC2044 group,Lachnospiraceae AC2044 group,-0.08045202183131658,0.11898891375904763,-0.6761303997970081,0.49895785717801067,0.9459094406443006,-0.3136702927990499,0.15276624913641676,248,220,3,242,True
pooled,mixedlm,asthma,Bacteria.Bacteroidota.Bacteroidia.Bacteroidales.Prevotellaceae.Prevotellaceae NK3B31 group,Prevotellaceae NK3B31 group,-0.09936305798311575,0.21056844464236144,-0.47188009652575563,0.6370123754676345,0.9695408481960222,-0.5120772094821442,0.31335109351591267,248,220,3,242,True
pooled,mixedlm,asthma,Bacteria.Campylobacterota.Campylobacteria.Campylobacterales.Campylobacteraceae.Campylobacter,Campylobacter,-0.11722802884399657,0.23278706663506551,-0.503584801933056,0.6145531747335263,0.9689999051210794,-0.573490679448725,0.33903462176073185,248,220,3,242,True
pooled,mixedlm,asthma,Bacteria.Actinomycetota.Actinobacteria.Actinomycetales.Actinomycetaceae.Actinomyces,Actinomyces,0.10605791234466162,0.24355562074385953,0.43545664033842885,0.6632310053112466,0.9727388077898284,-0.37131110431330305,0.5834269290026263,248,220,3,242,True
pooled,mixedlm,asthma,Bacteria.Bacillota.Negativicutes.Veillonellales-Selenomonadales.Selenomonadaceae.Incertae Sedis,Incertae Sedis,0.22126436884214384,0.20468657552623276,1.0809911117682776,0.2797010673699015,0.9091449215282793,-0.17992131918927234,0.62245005687356,248,220,3,242,True
pooled,mixedlm,asthma,Bacteria.Bacillota.Clostridia.Peptostreptococcales-Tissierellales.Anaerovoracaceae.NA,Anaerovoracaceae,-0.03697761647155208,0.11643194945814683,-0.3175899454027799,0.7507960019839679,0.9785387808767378,-0.26518423740951985,0.19122900446641572,248,220,3,242,True
pooled,mixedlm,asthma,Bacteria.Actinomycetota.Coriobacteriia.Coriobacteriales.Eggerthellaceae.Asaccharobacter,Asaccharobacter,0.1260604574962376,0.10375712996713235,1.2149570592032604,0.22438246947374674,0.9091449215282793,-0.07730351723934181,0.329424432231817,248,220,3,242,True
pooled,mixedlm,asthma,Bacteria.Pseudomonadota.NA.NA.NA.NA,Bacteria.Pseudomonadota.NA.NA.NA.NA,0.34555330333128814,0.22021301577894584,1.5691774716811533,0.11660659201172165,0.9091449215282793,-0.0860642075954457,0.777170814258022,248,220,3,242,True
pooled,mixedlm,asthma,Bacteria.Bacillota.Clostridia.Oscillospirales.Ruminococcaceae.Negativibacillus,Negativibacillus,0.14788875540155388,0.13913121061097686,1.06294450218696,0.28780711993913066,0.9091449215282793,-0.12480841739596077,0.42058592819906854,248,220,3,242,True
pooled,mixedlm,asthma,Bacteria.Spirochaetota.Spirochaetia.Spirochaetales.Spirochaetaceae.Treponema,Treponema,-0.07652102298763785,0.2506749947376914,-0.30525989665506986,0.7601682169476213,0.9785387808767378,-0.5678440126735129,0.41480196669823727,248,220,3,242,True
pooled,mixedlm,asthma,Bacteria.Bacillota.Clostridia.Lachnospirales.Lachnospiraceae.Tyzzerella,Tyzzerella,0.326117609745423,0.15627179657714607,2.086861589157131,0.03690064788263705,0.8436266906125302,0.019824888454216705,0.6324103310366292,248,220,3,242,True
pooled,mixedlm,asthma,Bacteria.Bacillota.Clostridia.Lachnospirales.Lachnospiraceae.Eisenbergiella,Eisenbergiella,0.11468709031028274,0.15329986375559373,0.7481225847214619,0.45438622055634514,0.9409801694858807,-0.185780642650681,0.4151548232712465,248,220,3,242,True
pooled,mixedlm,asthma,Bacteria.Bacillota.Clostridia.Oscillospirales.Oscillospiraceae.Flavonifractor,Flavonifractor,0.14967420453488747,0.18936961599154176,0.7903813066905765,0.42930511587979037,0.9409801694858807,-0.22149024280853438,0.5208386518783094,248,220,3,242,True
pooled,mixedlm,asthma,Bacteria.Bacillota.Clostridia.Lachnospirales.Lachnospiraceae.Lachnoanaerobaculum,Lachnoanaerobaculum,-0.03991814174659246,0.20960093894391105,-0.19044829640421843,0.8489578550864975,0.9785387808767378,-0.4507359820766581,0.37089969858347316,248,220,3,242,True
pooled,mixedlm,asthma,Bacteria.Bacteroidota.Bacteroidia.Bacteroidales.Barnesiellaceae.Coprobacter,Coprobacter,0.016705479672855243,0.19188816488064184,0.08705841594371584,0.9306250791060747,0.980000755153281,-0.35939532349320275,0.3928062828389132,248,220,3,242,True
pooled,mixedlm,asthma,Bacteria.Bacillota.Clostridia.Lachnospirales.Lachnospiraceae.UC5-1-2E3,UC5-1-2E3,-0.022030587468914526,0.11491143268925429,-0.19171797751830374,0.847963123183454,0.9785387808767378,-0.24725699553985295,0.20319582060202387,248,220,3,242,True
pooled,mixedlm,asthma,Bacteria.Bacillota.Clostridia.Oscillospirales.NA.NA,Oscillospirales,0.30717300556383126,0.1403098132763461,2.189248195768325,0.028578805379090192,0.8436266906125302,0.03216577154219291,0.5821802395854696,248,220,3,242,True
pooled,mixedlm,asthma,Bacteria.Thermodesulfobacteriota.Desulfovibrionia.Desulfovibrionales.Desulfovibrionaceae.NA,Desulfovibrionaceae,0.20595998497329873,0.12035057999403294,1.711333547237665,0.08701955682951149,0.9091449215282793,-0.029927151815005826,0.4418471217616033,248,220,3,242,True
pooled,mixedlm,asthma,Bacteria.Actinomycetota.Coriobacteriia.Coriobacteriales.Atopobiaceae.Olsenella,Olsenella,-0.03625263982496355,0.172150452326393,-0.21058695655489446,0.8332095912377129,0.9785387808767378,-0.37366752638469386,0.3011622467347667,248,220,3,242,True
pooled,mixedlm,asthma,Bacteria.Bacillota.Clostridia.Peptostreptococcales-Tissierellales.Anaerovoracaceae.Incertae Sedis,Incertae Sedis,0.08957851198221178,0.13481442447001613,0.6644579193536876,0.5063972732681609,0.9459094406443006,-0.17465775997901983,0.3538147839434434,248,220,3,242,True
pooled,mixedlm,asthma,Bacteria.Bacillota.Clostridia.Christensenellales.Christensenellaceae.NA,Christensenellaceae,-0.18925130500785714,0.14207172358595616,-1.3320828397873024,0.18283296857209208,0.9091449215282793,-0.4677118832363312,0.08920927322061695,248,220,3,242,True
pooled,mixedlm,asthma,Bacteria.Bacillota.Clostridia.Oscillospirales.Ruminococcaceae.Anaerofilum,Anaerofilum,0.012954061948487373,0.0909579275812252,0.14241817390704542,0.8867497080027532,0.9785387808767378,-0.16532347611071402,0.19123160000768874,248,220,3,242,True
pooled,mixedlm,asthma,Bacteria.Bacteroidota.Bacteroidia.Bacteroidales.Barnesiellaceae.Incertae Sedis,Incertae Sedis,0.17377991284901695,0.12562958922123413,1.3832721568721358,0.16658143200265074,0.9091449215282793,-0.07245408202460193,0.4200139077226358,248,220,3,242,True
pooled,mixedlm,asthma,Bacteria.Bacillota.Clostridia.Peptostreptococcales-Tissierellales.Anaerovoracaceae.[Eubacterium] sulci group,[Eubacterium] sulci group,-0.21060383077357053,0.20611896479259562,-1.021758628496353,0.30689515477478113,0.9091449215282793,-0.6145970017670579,0.19338934021991688,248,220,3,242,True
pooled,mixedlm,asthma,Bacteria.Bacillota.Clostridia.Oscillospirales.Ruminococcaceae.[Clostridium] methylpentosum group,[Clostridium] methylpentosum group,-0.013003377612230908,0.11176290486365527,-0.11634788508847663,0.907376836460856,0.9785387808767378,-0.23205867114499523,0.2060519159205334,248,220,3,242,True
pooled,mixedlm,asthma,Bacteria.Bacillota.Clostridia.Lachnospirales.Lachnospiraceae.Stomatobaculum,Stomatobaculum,0.0489748628755549,0.20532441182739983,0.23852430619270074,0.8114744656745607,0.9785387808767378,-0.35346098430614875,0.4514107100572586,248,220,3,242,True
pooled,mixedlm,asthma,Bacteria.Bacillota.Clostridia.Oscillospirales.Oscillospiraceae.Pseudoflavonifractor,Pseudoflavonifractor,0.12355803290464346,0.10280904667977707,1.2018206266370117,0.22943303206060606,0.9091449215282793,-0.0779476985877196,0.3250637643970065,248,220,3,242,True
pooled,mixedlm,asthma,Bacteria.Cyanobacteriota.Cyanobacteriia.Chloroplast.Incertae Sedis.Incertae Sedis,Incertae Sedis,-0.08366939399219067,0.2084171706292445,-0.4014515394272914,0.6880877102106414,0.9785387808767378,-0.49216704842550985,0.32482826044112856,248,220,3,242,True
pooled,mixedlm,asthma,Bacteria.Pseudomonadota.Gammaproteobacteria.Burkholderiales.Burkholderiaceae.Lautropia,Lautropia,-0.17273204107142345,0.20782597939390768,-0.8311378662820198,0.4058957504538463,0.9409801694858807,-0.5800709606834825,0.23460687854063558,248,220,3,242,True
pooled,mixedlm,asthma,Bacteria.Pseudomonadota.Gammaproteobacteria.Enterobacterales.Pasteurellaceae.Aggregatibacter,Aggregatibacter,-0.22453993604762287,0.24503769597460967,-0.9163485444741093,0.35948411424931226,0.9091449215282793,-0.7048138201578579,0.25573394806261207,248,220,3,242,True
pooled,mixedlm,asthma,Bacteria.Actinomycetota.Coriobacteriia.Coriobacteriales.Atopobiaceae.Lancefieldella,Lancefieldella,0.10181661782155789,0.21386591632702398,0.47607687830850676,0.6340196088060288,0.9695408481960222,-0.3173605781794091,0.5209938138225249,248,220,3,242,True
pooled,mixedlm,asthma,Bacteria.Bacillota.Bacilli.Lactobacillales.Aerococcaceae.Abiotrophia,Abiotrophia,-0.06690334406488674,0.18316140068517422,-0.3652698866388509,0.7149099546980306,0.9785387808767378,-0.4258996894078282,0.2920930012780547,248,220,3,242,True
pooled,mixedlm,asthma,Bacteria.Fusobacteriota.Fusobacteriia.Fusobacteriales.Leptotrichiaceae.Pseudoleptotrichia,Pseudoleptotrichia,-0.2498056630335163,0.2521988467417777,-0.9905107269950693,0.32192454863260034,0.9091449215282793,-0.7441154026474006,0.24450407658036805,248,220,3,242,True
pooled,mixedlm,asthma,Bacteria.Pseudomonadota.Gammaproteobacteria.Enterobacterales.Pasteurellaceae.NA,Pasteurellaceae,0.14303205084077347,0.2329852665342603,0.6139102826905182,0.5392746149078445,0.9459094406443006,-0.3136190715663767,0.5996831732479236,248,220,3,242,True
pooled,mixedlm,asthma,Bacteria.Bacillota.Negativicutes.Veillonellales-Selenomonadales.Selenomonadaceae.Selenomonas,Selenomonas,0.1027423476938062,0.25880791861870217,0.3969830144384993,0.6913799861645051,0.9785387808767378,-0.40452117279885,0.6100058681864624,248,220,3,242,True
pooled,mixedlm,asthma,Bacteria.Actinomycetota.Actinobacteria.Actinomycetales.Actinomycetaceae.F0332,F0332,0.03809572246990871,0.16695219538369033,0.22818341730911018,0.8195036524772077,0.9785387808767378,-0.2891305804821243,0.36532202542194175,248,220,3,242,True
pooled,mixedlm,asthma,Bacteria.Actinomycetota.Actinobacteria.Bifidobacteriales.Bifidobacteriaceae.Scardovia,Scardovia,0.1866246976225441,0.16277873582686772,1.1464931010463129,0.25159118017013804,0.9091449215282793,-0.1324216245981166,0.5056710198432048,248,220,3,242,True
pooled,mixedlm,asthma,Bacteria.Actinomycetota.Actinobacteria.Bifidobacteriales.Bifidobacteriaceae.Alloscardovia,Alloscardovia,0.0480425304596796,0.16796840051372963,0.2860212415712837,0.7748618524513514,0.9785387808767378,-0.2811755345472305,0.3772605954665897,248,220,3,242,True
pooled,mixedlm,asthma,Bacteria.Bacillota.Clostridia.Lachnospirales.Lachnospiraceae.Johnsonella,Johnsonella,-0.3790617131601815,0.14814523096953003,-2.5587169474132145,0.010505924411639037,0.8436266906125302,-0.6694263658604603,-0.08869706045990267,248,220,3,242,True
pooled,mixedlm,asthma,Bacteria.Bacillota.Negativicutes.Veillonellales-Selenomonadales.Veillonellaceae.Anaeroglobus,Anaeroglobus,-0.008832703329466207,0.17528498941671186,-0.05039052892582762,0.9598111836219885,0.980000755153281,-0.3523912825862215,0.33472587592728903,248,220,3,242,True
pooled,mixedlm,asthma,Bacteria.Fusobacteriota.Fusobacteriia.Fusobacteriales.Leptotrichiaceae.Leptotrichia,Leptotrichia,0.11479302826440188,0.2549869647161559,0.4501917515359507,0.6525721833441491,0.9727388077898284,-0.3849814225792637,0.6145674791080674,248,220,3,242,True
pooled,mixedlm,asthma,Bacteria.Bacillota.Clostridia.Peptostreptococcales-Tissierellales.Family XI.Finegoldia,Finegoldia,0.06255439431739415,0.2096888595775661,0.29832006546945156,0.7654588910983576,0.9785387808767378,-0.3484357704546355,0.4735445590894237,248,220,3,242,True
pooled,mixedlm,asthma,Bacteria.Bacillota.Clostridia.Peptostreptococcales-Tissierellales.Peptostreptococcaceae.Clostridioides,Clostridioides,0.07151377709030059,0.18331782067143432,0.3901081565794781,0.6964565716516204,0.9785387808767378,-0.28778915142571065,0.43081670560631186,248,220,3,242,True
pooled,mixedlm,asthma,Bacteria.Bacteroidota.Bacteroidia.Bacteroidales.Prevotellaceae.Alloprevotella,Alloprevotella,-0.03517179501625338,0.26424414489999426,-0.1331034034058332,0.8941116035702857,0.9785387808767378,-0.5530903190202421,0.48274672898773535,248,220,3,242,True
pooled,mixedlm,asthma,Bacteria.Pseudomonadota.Gammaproteobacteria.Burkholderiales.Neisseriaceae.Eikenella,Eikenella,-0.11499014724907317,0.20012333424788628,-0.5745963991717158,0.5655642879045316,0.9459094406443006,-0.5072318823749302,0.27725158787678394,248,220,3,242,True
pooled,mixedlm,asthma,Bacteria.Actinomycetota.Actinobacteria.Actinomycetales.Actinomycetaceae.Mobiluncus,Mobiluncus,-0.05265558052825275,0.10875571157884686,-0.48416381782466617,0.6282696129668703,0.9695408481960222,-0.26581677522279257,0.16050561416628709,248,220,3,242,True
pooled,mixedlm,asthma,Bacteria.Fusobacteriota.Fusobacteriia.Fusobacteriales.Leptotrichiaceae.Incertae Sedis,Incertae Sedis,-0.10570667864940751,0.238094658200505,-0.44396913164002816,0.6570649015922443,0.9727388077898284,-0.5723722087223972,0.36095885142358225,248,220,3,242,True
pooled,mixedlm,asthma,Bacteria.Pseudomonadota.Gammaproteobacteria.Burkholderiales.Burkholderiaceae.Ralstonia,Ralstonia,0.12586581261717644,0.1973794108811616,0.6376846098348012,0.523679005837236,0.9459094406443006,-0.2609978327099003,0.5127294579442532,248,220,3,242,True
pooled,mixedlm,asthma,Bacteria.Pseudomonadota.Gammaproteobacteria.Pseudomonadales.Moraxellaceae.Enhydrobacter,Enhydrobacter,-0.2902145309125483,0.1366438852251645,-2.123874993998649,0.03368059789195278,0.8436266906125302,-0.5580365459538708,-0.02239251587122587,248,220,3,242,True
pooled,mixedlm,asthma,Bacteria.Bacteroidota.Bacteroidia.Flavobacteriales.Flavobacteriaceae.Flavobacterium,Flavobacterium,-0.02112150895515198,0.10959031100389487,-0.1927315358599659,0.847169224415875,0.9785387808767378,-0.2359185185227859,0.19367550061248195,248,220,3,242,True
pooled,mixedlm,asthma,Bacteria.Bacillota.Negativicutes.Veillonellales-Selenomonadales.Selenomonadaceae.Centipeda,Centipeda,-0.0486261506294493,0.2331671911215672,-0.20854628129948571,0.8348024496697724,0.9785387808767378,-0.5056338452277209,0.40838154396882237,248,220,3,242,True
pooled,mixedlm,asthma,Bacteria.Actinomycetota.Actinobacteria.Micrococcales.NA.NA,Micrococcales,0.03121812888101385,0.10554714534619883,0.2957742606739116,0.7674024809823375,0.9785387808767378,-0.17565427599753583,0.23809053375956354,248,220,3,242,True
pooled,mixedlm,asthma,Bacteria.Pseudomonadota.Gammaproteobacteria.Burkholderiales.Comamonadaceae.Delftia,Delftia,0.35462752751667176,0.2108565762792849,1.6818423867745942,0.0925994069843007,0.9091449215282793,-0.058651361990726625,0.7679064170240701,248,220,3,242,True
pooled,mixedlm,asthma,Bacteria.Pseudomonadota.Gammaproteobacteria.Pseudomonadales.Moraxellaceae.Moraxella,Moraxella,0.25813013129703993,0.2870364060912864,0.8992940470936172,0.3684960573464995,0.9091449215282793,-0.30446122464188136,0.8207214872359612,248,220,3,242,True
pooled,mixedlm,asthma,Bacteria.Pseudomonadota.Alphaproteobacteria.Hyphomicrobiales.Xanthobacteraceae.Bradyrhizobium,Bradyrhizobium,0.005134294315589707,0.1240926621774059,0.04137468102867835,0.9669971971205618,0.980000755153281,-0.23808732355212586,0.24835591218330527,248,220,3,242,True
pooled,mixedlm,asthma,Bacteria.Bacteroidota.Bacteroidia.Flavobacteriales.Weeksellaceae.Bergeyella,Bergeyella,-0.16181282023618257,0.20555045902524297,-0.7872170220564231,0.4311548343235898,0.9409801694858807,-0.5646917199256588,0.24106607945329364,248,220,3,242,True
pooled,mixedlm,asthma,Bacteria.Bacteroidota.Bacteroidia.Flavobacteriales.Flavobacteriaceae.Capnocytophaga,Capnocytophaga,-0.21638947285725166,0.22430936624648679,-0.9646920968046774,0.334699054913945,0.9091449215282793,-0.6560358307003658,0.2232568849858624,248,220,3,242,True
pooled,mixedlm,asthma,Eukaryota.NA.NA.NA.NA.NA,Eukaryota.NA.NA.NA.NA.NA,0.17014638084236147,0.1316914894880384,1.2920074144792473,0.19635457690135028,0.9091449215282793,-0.08796893855419383,0.42826170023891674,248,220,3,242,True
pooled,mixedlm,asthma,Bacteria.Pseudomonadota.Gammaproteobacteria.Burkholderiales.Comamonadaceae.Paucibacter,Paucibacter,0.16588309409788302,0.15453061618880248,1.0734642635166245,0.28306286444855233,0.9091449215282793,-0.13699691363216984,0.4687631018279359,248,220,3,242,True
pooled,mixedlm,asthma,Bacteria.Actinomycetota.Actinobacteria.Micrococcales.Micrococcaceae.Micrococcus,Micrococcus,-0.18772986224776564,0.16642817819304356,-1.127993253822762,0.25932276822162637,0.9091449215282793,-0.513929091506131,0.13846936701059973,248,220,3,242,True
pooled,mixedlm,asthma,Bacteria.Pseudomonadota.Gammaproteobacteria.Enterobacterales.Pasteurellaceae.Mannheimia,Mannheimia,-0.2022963278887782,0.2513738431549215,-0.8047628398794981,0.4209565491784907,0.9409801694858807,-0.6949890604724244,0.29039640469486794,248,220,3,242,True
pooled,mixedlm,asthma,Bacteria.Bacillota.Clostridia.Lachnospirales.Lachnospiraceae.Syntrophococcus,Syntrophococcus,-0.0952302756133807,0.13411441742275543,-0.7100673994891679,0.47766234137041186,0.9409801694858807,-0.35809453376198136,0.16763398253521994,248,220,3,242,True
pooled,combat_ols,NAFLD,Bacteria.Actinomycetota.Coriobacteriia.Coriobacteriales.Coriobacteriaceae.Collinsella,Collinsella,-0.10094032351232879,0.35561837595645945,-0.2838445095556241,0.776805261203101,0.9424119380153024,-0.7979523403869893,0.5960716933623318,104,111,3,187,
pooled,combat_ols,NAFLD,Bacteria.Actinomycetota.Coriobacteriia.Coriobacteriales.Eggerthellaceae.Senegalimassilia,Senegalimassilia,-0.059233886817274414,0.17195879356885663,-0.34446558729522414,0.7308360282144859,0.9342947563481184,-0.39627312221223343,0.2778053485776846,104,111,3,187,
pooled,combat_ols,NAFLD,Bacteria.Bacillota.Bacilli.Erysipelotrichales.Erysipelotrichaceae.Holdemanella,Holdemanella,-0.04560704867824736,0.3463231677520048,-0.13168928020116075,0.8953543709819449,0.9622486630668028,-0.7244004574721767,0.633186360115682,104,111,3,187,
pooled,combat_ols,NAFLD,Bacteria.Bacillota.Bacilli.Lactobacillales.Lactobacillaceae.Weissella,Weissella,0.1595281142857475,0.2245472849828471,0.7104433006078594,0.47820641353461446,0.7835540258688127,-0.28058456428063283,0.5996407928521278,104,111,3,187,
pooled,combat_ols,NAFLD,Bacteria.Bacillota.Bacilli.Lactobacillales.Streptococcaceae.Streptococcus,Streptococcus,0.08154779673845981,0.22366539294005602,0.36459729270819835,0.71577375128449,0.9342947563481184,-0.35683637342405,0.5199319669009697,104,111,3,187,
pooled,combat_ols,NAFLD,Bacteria.Bacillota.Bacilli.RF39.Incertae Sedis.Incertae Sedis,Incertae Sedis,-1.1371040613074472,0.38089190212042123,-2.9853721094546795,0.003163599791240476,0.03943954406413126,-1.8836521894634728,-0.3905559331514217,104,111,3,187,
pooled,combat_ols,NAFLD,Bacteria.Bacillota.Clostridia.Christensenellales.Christensenellaceae.Christensenellaceae R-7 group,Christensenellaceae R-7 group,-1.2736975974788924,0.38491597181099024,-3.3090276599494577,0.0010991759403529546,0.02055459008460025,-2.0281329022284336,-0.5192622927293515,104,111,3,187,
pooled,combat_ols,NAFLD,Bacteria.Bacillota.Clostridia.Clostridia UCG-014.Incertae Sedis.Incertae Sedis,Incertae Sedis,-1.3314330615721734,0.4210881615021639,-3.161886709952855,0.0017959852184275748,0.02438510006549657,-2.1567658581164144,-0.5061002650279323,104,111,3,187,
pooled,combat_ols,NAFLD,Bacteria.Bacillota.Clostridia.Clostridiales.Clostridiaceae.Clostridium,Clostridium,0.13055984124017878,0.34735154681433605,0.37587234730226987,0.707385881765835,0.9342947563481184,-0.5502491905159199,0.8113688729962774,104,111,3,187,
pooled,combat_ols,NAFLD,Bacteria.Bacillota.Clostridia.Lachnospirales.Lachnospiraceae.Agathobacter,Agathobacter,0.24911452980469953,0.24078659822451606,1.0345863583836932,0.30203531057135735,0.623996067614586,-0.22282720271535192,0.721056262324751,104,111,3,187,
pooled,combat_ols,NAFLD,Bacteria.Bacillota.Clostridia.Lachnospirales.Lachnospiraceae.Blautia,Blautia,0.08162265080727037,0.24045554077809667,0.3394500727375439,0.7346051577372931,0.9342947563481184,-0.3896702091177991,0.5529155107323398,104,111,3,187,
pooled,combat_ols,NAFLD,Bacteria.Bacillota.Clostridia.Lachnospirales.Lachnospiraceae.Coprococcus,Coprococcus,0.21858268112209825,0.23532528529217478,0.9288533565388467,0.35401650439252974,0.6755212889939088,-0.24265487805056432,0.6798202402947608,104,111,3,187,
pooled,combat_ols,NAFLD,Bacteria.Bacillota.Clostridia.Lachnospirales.Lachnospiraceae.Dorea,Dorea,0.141898686133997,0.3637756750560277,0.39007194780723636,0.6968731315768921,0.9342947563481184,-0.5711016369758173,0.8548990092438113,104,111,3,187,
pooled,combat_ols,NAFLD,Bacteria.Bacillota.Clostridia.Lachnospirales.Lachnospiraceae.Howardella,Howardella,0.16251950911352384,0.18181733650457088,0.8938614558872834,0.372404882878029,0.6980661673535843,-0.1938424704354351,0.5188814886624827,104,111,3,187,
pooled,combat_ols,NAFLD,Bacteria.Bacillota.Clostridia.Lachnospirales.Lachnospiraceae.Lachnospiraceae NK4A136 group,Lachnospiraceae NK4A136 group,0.18125186855797934,0.22914004335485016,0.7910091396696195,0.42981854541167774,0.7562795763949406,-0.26786261641752696,0.6303663535334857,104,111,3,187,
pooled,combat_ols,NAFLD,Bacteria.Bacillota.Clostridia.Lachnospirales.Lachnospiraceae.Mediterraneibacter,Mediterraneibacter,-0.5028469548693693,0.38030145360725515,-1.3222325344795272,0.18750882238060884,0.4938612645799134,-1.2482378039395892,0.24254389420085076,104,111,3,187,
pooled,combat_ols,NAFLD,Bacteria.Bacillota.Clostridia.Lachnospirales.Lachnospiraceae.Roseburia,Roseburia,0.6272291136300427,0.5005281281653331,1.2531345959099787,0.21153060352846498,0.5260873678451139,-0.3538060175740101,1.6082642448340956,104,111,3,187,
pooled,combat_ols,NAFLD,Bacteria.Bacillota.Clostridia.Lachnospirales.Lachnospiraceae.[Eubacterium] eligens group,[Eubacterium] eligens group,-0.10355645182347832,0.40460337583088407,-0.25594559514195153,0.7982398549376701,0.9507697635244861,-0.8965790684520111,0.6894661648050545,104,111,3,187,
pooled,combat_ols,NAFLD,Bacteria.Bacillota.Clostridia.Lachnospirales.Lachnospiraceae.[Eubacterium] ruminantium group,[Eubacterium] ruminantium group,-0.8857208130276305,0.4273810721595691,-2.072438090325473,0.03942832954564163,0.18611141317261498,-1.723387714460386,-0.04805391159487504,104,111,3,187,
pooled,combat_ols,NAFLD,Bacteria.Bacillota.Clostridia.NA.NA.NA,Clostridia,-0.7158627038706249,0.32189265841157816,-2.223917461812096,0.027203946741685244,0.14130939001930948,-1.346772314357318,-0.08495309338393175,104,111,3,187,
pooled,combat_ols,NAFLD,Bacteria.Bacillota.Clostridia.Oscillospirales.Oscillospiraceae.Colidextribacter,Colidextribacter,-0.4526138943843711,0.3379528537552233,-1.339281172965611,0.1819065149285859,0.4859502613092223,-1.1150014877446088,0.20977369897586656,104,111,3,187,
pooled,combat_ols,NAFLD,Bacteria.Bacillota.Clostridia.Oscillospirales.Oscillospiraceae.UCG-002,UCG-002,-1.5484039865150971,0.42153110788074516,-3.6732852156504525,0.0003029018038424664,0.011524019871604495,-2.3746049579613575,-0.7222030150688367,104,111,3,187,
pooled,combat_ols,NAFLD,Bacteria.Bacillota.Clostridia.Oscillospirales.Ruminococcaceae.CAG-352,CAG-352,-0.08620317656234985,0.4143529074859546,-0.208042890504568,0.8353942669936563,0.9622486630668028,-0.8983348752348209,0.7259285221101212,104,111,3,187,
pooled,combat_ols,NAFLD,Bacteria.Bacillota.Clostridia.Oscillospirales.Ruminococcaceae.Faecalibacterium,Faecalibacterium,0.04657244880807128,0.24828940331976587,0.1875732439055877,0.8513897628885978,0.9622486630668028,-0.4400747816986698,0.5332196793148124,104,111,3,187,
pooled,combat_ols,NAFLD,Bacteria.Bacillota.Clostridia.Oscillospirales.Ruminococcaceae.Gemmiger,Gemmiger,-0.13042391765719508,0.3398915954124664,-0.3837221026278176,0.7015671748497547,0.9342947563481184,-0.7966114446656292,0.535763609351239,104,111,3,187,
pooled,combat_ols,NAFLD,Bacteria.Bacillota.Clostridia.Oscillospirales.Ruminococcaceae.NA,Ruminococcaceae,-1.0817945634895025,0.3678212003573134,-2.9410881222686793,0.0036320948904432666,0.042450109032055684,-1.8027241161898369,-0.3608650107891682,104,111,3,187,
pooled,combat_ols,NAFLD,Bacteria.Bacillota.Clostridia.Oscillospirales.Ruminococcaceae.Ruminococcus,Ruminococcus,-1.3452070442154038,0.41375252173652094,-3.2512358802541304,0.0013357061019002045,0.022707003732303478,-2.1561619868189847,-0.5342521016118228,104,111,3,187,
pooled,combat_ols,NAFLD,Bacteria.Bacillota.Clostridia.Oscillospirales.Ruminococcaceae.[Eubacterium] siraeum group,[Eubacterium] siraeum group,-0.8541156327619114,0.3807506905424545,-2.2432411916182087,0.0259106703544029,0.14130939001930948,-1.600386986225122,-0.10784427929870066,104,111,3,187,
pooled,combat_ols,NAFLD,Bacteria.Bacillota.Clostridia.Oscillospirales.UCG-010.Incertae Sedis,Incertae Sedis,-1.2192832220911063,0.3422601451858263,-3.5624458156795034,0.00045330938070495085,0.0141281423653043,-1.8901131066553258,-0.5484533375268867,104,111,3,187,
pooled,combat_ols,NAFLD,Bacteria.Bacillota.Clostridia.Peptostreptococcales-Tissierellales.Peptostreptococcaceae.Romboutsia,Romboutsia,0.2229437120248115,0.21420342452312918,1.040803677724296,0.29914661956433014,0.623996067614586,-0.19689500004052168,0.6427824240901447,104,111,3,187,
pooled,combat_ols,NAFLD,Bacteria.Bacillota.NA.NA.NA.NA,Bacteria.Bacillota.NA.NA.NA.NA,0.046347327772855856,0.20347281324461514,0.22778142708007418,0.8200346674931971,0.9622486630668028,-0.3524593861865898,0.44515404173230155,104,111,3,187,
pooled,combat_ols,NAFLD,Bacteria.Bacillota.Negativicutes.Acidaminococcales.Acidaminococcaceae.Phascolarctobacterium,Phascolarctobacterium,-0.06484148154070504,0.34571553851433984,-0.1875573247860119,0.8514022273851357,0.9622486630668028,-0.7424439370288111,0.612760973947401,104,111,3,187,
pooled,combat_ols,NAFLD,Bacteria.Bacteroidota.Bacteroidia.Bacteroidales.Bacteroidaceae.Bacteroides,Bacteroides,0.23891069258333894,0.19160682276966504,1.2468798820934417,0.21381090885683776,0.5260873678451139,-0.13663868004520455,0.6144600652118825,104,111,3,187,
pooled,combat_ols,NAFLD,Bacteria.Bacteroidota.Bacteroidia.Bacteroidales.Prevotellaceae.Incertae Sedis,Incertae Sedis,-0.35168601405242483,0.25868523160560264,-1.359513304526844,0.17542147535010816,0.48145208901113573,-0.858709067999406,0.15533703989455638,104,111,3,187,
pooled,combat_ols,NAFLD,Bacteria.Bacteroidota.Bacteroidia.Bacteroidales.Prevotellaceae.Segatella,Segatella,-0.472140243077074,0.5500073208095185,-0.8584253794697909,0.3916225728047782,0.7093132892858552,-1.5501545918637303,0.6058741057095822,104,111,3,187,
pooled,combat_ols,NAFLD,Bacteria.Bacteroidota.Bacteroidia.Bacteroidales.Rikenellaceae.Alistipes,Alistipes,-0.8117707785874244,0.3561565982106041,-2.27925239253157,0.023642881763639188,0.14130939001930948,-1.5098377110802084,-0.11370384609464046,104,111,3,187,
pooled,combat_ols,NAFLD,Bacteria.Bacteroidota.Bacteroidia.Bacteroidales.Tannerellaceae.Parabacteroides,Parabacteroides,-0.13590209875897655,0.2566430404475994,-0.5295374404930518,0.5969841598213146,0.8715104825227367,-0.6389224580362713,0.3671182605183183,104,111,3,187,
pooled,combat_ols,NAFLD,Bacteria.NA.NA.NA.NA.NA,Bacteria.NA.NA.NA.NA.NA,-0.33924842700746594,0.24576675281419172,-1.3803674546001332,0.16892045431780572,0.4765979155381664,-0.8209512625232818,0.14245440850834984,104,111,3,187,
pooled,combat_ols,NAFLD,Bacteria.Pseudomonadota.Gammaproteobacteria.Burkholderiales.Oxalobacteraceae.Oxalobacter,Oxalobacter,0.025908209719472115,0.15897143439746766,0.1629739947788055,0.8706934264603049,0.9622486630668028,-0.2856758016995645,0.33749222113850874,104,111,3,187,
pooled,combat_ols,NAFLD,Bacteria.Pseudomonadota.Gammaproteobacteria.Enterobacterales.Enterobacteriaceae.Enterobacter,Enterobacter,0.14409198796435324,0.2417630073641267,0.5960051106881371,0.551804629135081,0.8467851979085994,-0.3297635064693351,0.6179474823980415,104,111,3,187,
pooled,combat_ols,NAFLD,Bacteria.Pseudomonadota.Gammaproteobacteria.Enterobacterales.Enterobacteriaceae.Klebsiella,Klebsiella,0.3469525656981797,0.37061831773940285,0.9361452175770127,0.3502585903687795,0.6755212889939088,-0.3794593370710499,1.0733644684674093,104,111,3,187,
pooled,combat_ols,NAFLD,Bacteria.Pseudomonadota.Gammaproteobacteria.Enterobacterales.Enterobacteriaceae.NA,Enterobacteriaceae,0.3189987871744685,0.2550410553692584,1.2507742595113152,0.2123890317861099,0.5260873678451139,-0.180881681349278,0.818879255698215,104,111,3,187,
pooled,combat_ols,NAFLD,Bacteria.Pseudomonadota.Gammaproteobacteria.Enterobacterales.Pasteurellaceae.Haemophilus,Haemophilus,-0.01026644651350215,0.3264701927208639,-0.03144681120178126,0.9749426562423953,0.9998479534972623,-0.6501480242463954,0.629615131219391,104,111,3,187,
pooled,combat_ols,NAFLD,Archaea.Methanobacteriota.Methanobacteria.Methanobacteriales.Methanobacteriaceae.Methanobrevibacter,Methanobrevibacter,0.16167379063496,0.15553917195629938,1.0394409884114866,0.2997781582038951,0.623996067614586,-0.14318298639938676,0.4665305676693068,104,111,3,187,
pooled,combat_ols,NAFLD,Bacteria.Actinomycetota.Actinobacteria.Micrococcales.Micrococcaceae.Rothia,Rothia,-0.002590255544750164,0.18300689721911317,-0.014153868428515374,0.9887204723331529,0.9998479534972623,-0.361283774094212,0.3561032630047116,104,111,3,187,
pooled,combat_ols,NAFLD,Bacteria.Actinomycetota.Coriobacteriia.Coriobacteriales.Eggerthellaceae.Eggerthella,Eggerthella,0.19471055925609498,0.25574764721402293,0.7613386139703215,0.4472969270032632,0.7646254967667196,-0.30655482928339,0.69597594779558,104,111,3,187,
pooled,combat_ols,NAFLD,Bacteria.Bacillota.Bacilli.Lactobacillales.Lactobacillaceae.Lactobacillus,Lactobacillus,0.01218668173763706,0.26846622741896364,0.04539372365306397,0.9638360127149587,0.9998479534972623,-0.5140071240035317,0.5383804874788057,104,111,3,187,
pooled,combat_ols,NAFLD,Bacteria.Bacillota.Bacilli.Staphylococcales.Gemellaceae.Gemella,Gemella,0.007889474095121387,0.19657873665061726,0.040133913919405656,0.96802395695863,0.9998479534972623,-0.3774048497400885,0.3931837979303312,104,111,3,187,
pooled,combat_ols,NAFLD,Bacteria.Bacillota.Bacilli.Staphylococcales.Staphylococcaceae.Staphylococcus,Staphylococcus,0.248223475411057,0.20105988787468512,1.2345748226307953,0.21834903505208947,0.5302762279836459,-0.14585390482332583,0.6423008556454398,104,111,3,187,
pooled,combat_ols,NAFLD,Bacteria.Bacillota.Clostridia.Lachnospirales.Lachnospiraceae.NA,Lachnospiraceae,0.17165351120757935,0.22810940009160321,0.7525052064432568,0.4525781120061154,0.7646254967667196,-0.27544091297196294,0.6187479353871217,104,111,3,187,
pooled,combat_ols,NAFLD,Bacteria.Bacillota.Clostridia.Oscillospirales.Butyricicoccaceae.Agathobaculum,Agathobaculum,0.20843404491809142,0.2351899795562637,0.88623692774389,0.37648934366677766,0.6980661673535843,-0.25253831501218543,0.6694064048483683,104,111,3,187,
pooled,combat_ols,NAFLD,Bacteria.Bacillota.Clostridia.Oscillospirales.Oscillospiraceae.Intestinimonas,Intestinimonas,-0.799008258769609,0.32491352184563993,-2.4591412946771793,0.014724206478998511,0.11013706446290886,-1.4358387615870631,-0.16217775595215478,104,111,3,187,
pooled,combat_ols,NAFLD,Bacteria.Bacillota.Clostridia.Oscillospirales.Oscillospiraceae.NA,Oscillospiraceae,-0.1355284590882362,0.2723416641001952,-0.49764129750773245,0.6192502440506964,0.8722330020615987,-0.6693181207246188,0.39826120254814645,104,111,3,187,
pooled,combat_ols,NAFLD,Bacteria.Bacillota.Clostridia.Oscillospirales.Oscillospiraceae.NK4A214 group,NK4A214 group,-0.7977025753131075,0.3719988313186082,-2.1443684983781415,0.03313604172516419,0.16747134601637037,-1.5268202846975796,-0.06858486592863544,104,111,3,187,
pooled,combat_ols,NAFLD,Bacteria.Bacillota.Clostridia.Oscillospirales.Ruminococcaceae.Acutalibacter,Acutalibacter,-0.6048148800203518,0.23468809360923462,-2.5771008265438193,0.010638558193718464,0.09947051911126764,-1.0648035434944516,-0.14482621654625194,104,111,3,187,
pooled,combat_ols,NAFLD,Bacteria.Bacillota.Clostridia.Oscillospirales.Ruminococcaceae.Incertae Sedis,Incertae Sedis,-0.06514973393305021,0.2279039219546082,-0.2858649090998361,0.7752594075922654,0.9424119380153024,-0.5118414209640822,0.3815419530979819,104,111,3,187,
pooled,combat_ols,NAFLD,Bacteria.Bacillota.Clostridia.Peptostreptococcales-Tissierellales.Anaerovoracaceae.Mogibacterium,Mogibacterium,0.21697702775767194,0.1794392505621034,1.2091949062313814,0.2279284537215888,0.5395268461511026,-0.13472390334405068,0.5686779588593945,104,111,3,187,
pooled,combat_ols,NAFLD,Bacteria.Pseudomonadota.Gammaproteobacteria.Enterobacterales.Enterobacteriaceae.Escherichia-Shigella,Escherichia-Shigella,0.4197396858320055,0.3258645607338138,1.2880801916194706,0.19911559823398411,0.5171474565243754,-0.21895485320626962,1.0584342248702807,104,111,3,187,
pooled,combat_ols,NAFLD,Bacteria.Verrucomicrobiota.Verrucomicrobiia.Verrucomicrobiales.Akkermansiaceae.Akkermansia,Akkermansia,-1.2354441222680488,0.38365186093401094,-3.220221894037804,0.0014813566610219484,0.023084474634258695,-1.9874017696987103,-0.4834864748373874,104,111,3,187,
pooled,combat_ols,NAFLD,Bacteria.Actinomycetota.Coriobacteriia.Coriobacteriales.Eggerthellaceae.Slackia,Slackia,0.09850889059607465,0.17551150085439532,0.561267438979955,0.5752052479859118,0.860507050986924,-0.24549365107854015,0.44251143227068945,104,111,3,187,
pooled,combat_ols,NAFLD,Bacteria.Bacillota.Bacilli.Erysipelotrichales.Erysipelatoclostridiaceae.Erysipelotrichaceae UCG-003,Erysipelotrichaceae UCG-003,0.4243812020315304,0.30726713315606474,1.381147399894482,0.16868089559096314,0.4765979155381664,-0.17786237895435653,1.0266247830174173,104,111,3,187,
pooled,combat_ols,NAFLD,Bacteria.Bacillota.Clostridia.Oscillospirales.Ruminococcaceae.Fournierella,Fournierella,0.01803729716532532,0.2320018053470174,0.0777463655437766,0.9381027953390808,0.9967342200477733,-0.43668624131482875,0.4727608356454794,104,111,3,187,
pooled,combat_ols,NAFLD,Bacteria.Bacillota.Clostridia.Oscillospirales.[Eubacterium] coprostanoligenes group.Incertae Sedis,Incertae Sedis,-1.537966012444097,0.39119752593259566,-3.9314308258408888,0.00011418805466798738,0.010676583111456821,-2.3047131632719844,-0.7712188616162096,104,111,3,187,
pooled,combat_ols,NAFLD,Bacteria.Bacillota.Clostridia.Peptococcales.Peptococcaceae.Peptococcus,Peptococcus,-0.28961247520871997,0.28676000738651314,-1.0099472302578165,0.31366647249075447,0.623996067614586,-0.8516620896862857,0.2724371392688458,104,111,3,187,
pooled,combat_ols,NAFLD,Bacteria.Bacillota.Clostridia.Peptostreptococcales-Tissierellales.Anaerovoracaceae.Family XIII AD3011 group,Family XIII AD3011 group,-0.9041186953048075,0.25766116877378165,-3.5089443225284564,0.0005488169419745982,0.01466125259274998,-1.4091345861014195,-0.39910280450819546,104,111,3,187,
pooled,combat_ols,NAFLD,Bacteria.Bacillota.Clostridia.Peptostreptococcales-Tissierellales.Family XI.Parvimonas,Parvimonas,-0.038634500608911035,0.21049739320418068,-0.18353909291140674,0.8545496464599489,0.9622486630668028,-0.45120939128910514,0.37394039007128305,104,111,3,187,
pooled,combat_ols,NAFLD,Bacteria.Bacillota.Clostridia.Peptostreptococcales-Tissierellales.Peptostreptococcaceae.Intestinibacter,Intestinibacter,3.6367079182876936e-05,0.19061729938384228,0.0001907858274166673,0.9998479534972623,0.9998479534972623,-0.373573539713148,0.3736462738715137,104,111,3,187,
pooled,combat_ols,NAFLD,Bacteria.Bacteroidota.Bacteroidia.Bacteroidales.Muribaculaceae.Incertae Sedis,Incertae Sedis,0.21324392051479507,0.3478607051149829,0.6130152597842542,0.5405202354083589,0.8467851979085994,-0.4685630615105714,0.8950509025401616,104,111,3,187,
pooled,combat_ols,NAFLD,Bacteria.Actinomycetota.Actinobacteria.Actinomycetales.Actinomycetaceae.Schaalia,Schaalia,0.01957081214685285,0.2172595146723073,0.09008034550924741,0.9283080164634399,0.9919634233066472,-0.40625783661086945,0.44539946090457516,104,111,3,187,
pooled,combat_ols,NAFLD,Bacteria.Bacillota.Bacilli.Lactobacillales.P5D1-392.Incertae Sedis,Incertae Sedis,0.25502606381330867,0.16723759189441073,1.524932647764536,0.12875930364503038,0.43240437413413746,-0.07275961629973637,0.5828117439263537,104,111,3,187,
pooled,combat_ols,NAFLD,Bacteria.Bacillota.Clostridia.Lachnospirales.Lachnospiraceae.Anaerostipes,Anaerostipes,-0.44058958237014084,0.42969322753565775,-1.025358451416549,0.3063571379679281,0.623996067614586,-1.28278830834003,0.40160914359974836,104,111,3,187,
pooled,combat_ols,NAFLD,Bacteria.Bacillota.Clostridia.Lachnospirales.Lachnospiraceae.Fusicatenibacter,Fusicatenibacter,-0.10275312579646757,0.3418818917198919,-0.30055153047022004,0.7640496451510457,0.9424119380153024,-0.7728416335674557,0.5673353819745206,104,111,3,187,
pooled,combat_ols,NAFLD,Bacteria.Bacillota.Clostridia.Lachnospirales.Lachnospiraceae.Marvinbryantia,Marvinbryantia,0.12686983128212892,0.12348399080735711,1.027419266680925,0.30538840759976965,0.623996067614586,-0.11515879070029103,0.36889845326454884,104,111,3,187,
pooled,combat_ols,NAFLD,Bacteria.Bacillota.Negativicutes.Veillonellales-Selenomonadales.Veillonellaceae.Dialister,Dialister,-0.285212686290957,0.3992566820381876,-0.7143592057995345,0.4757872174864045,0.7835540258688127,-1.0677557830858047,0.4973304105038907,104,111,3,187,
pooled,combat_ols,NAFLD,Bacteria.Bacillota.Negativicutes.Veillonellales-Selenomonadales.Veillonellaceae.Megasphaera,Megasphaera,0.008731014985857353,0.39056522691810214,0.0223548190778596,0.9821858482877951,0.9998479534972623,-0.7567768297736228,0.7742388597453376,104,111,3,187,
pooled,combat_ols,NAFLD,Bacteria.Patescibacteria.Saccharimonadia.Saccharimonadales.Incertae Sedis.Incertae Sedis,Incertae Sedis,0.08980948598152948,0.14910159718250662,0.6023375180320765,0.5475901741013665,0.8467851979085994,-0.2024296444961835,0.3820486164592425,104,111,3,187,
pooled,combat_ols,NAFLD,Bacteria.Bacillota.Bacilli.Erysipelotrichales.Erysipelotrichaceae.Turicibacter,Turicibacter,-0.04156250338872495,0.2836230166393365,-0.14654136283155422,0.8836326400218404,0.9622486630668028,-0.5974636160018244,0.5143386092243746,104,111,3,187,
pooled,combat_ols,NAFLD,Bacteria.Bacillota.Clostridia.Lachnospirales.Lachnospiraceae.Faecalimonas,Faecalimonas,0.08391540773536917,0.11183418050205479,0.7503556368781845,0.4538686103802454,0.7646254967667196,-0.1352795860486582,0.30311040151939656,104,111,3,187,
pooled,combat_ols,NAFLD,Bacteria.Bacteroidota.Bacteroidia.Bacteroidales.Prevotellaceae.Leyella,Leyella,0.7838533575248317,0.31580221627793537,2.4821021421678933,0.013833969141983496,0.11013706446290886,0.16488101362007834,1.402825701429585,104,111,3,187,
pooled,combat_ols,NAFLD,Bacteria.Bacillota.Bacilli.Lactobacillales.Streptococcaceae.Lactococcus,Lactococcus,0.025939039540193786,0.1611738965956956,0.16093821696984728,0.8722946004189098,0.9622486630668028,-0.2899617977873696,0.34183987686775713,104,111,3,187,
pooled,combat_ols,NAFLD,Bacteria.Bacillota.Clostridia.Lachnospirales.Lachnospiraceae.CAG-56,CAG-56,0.42940927312780197,0.26660352411585686,1.610666155115021,0.10873340087123749,0.38364426345134733,-0.09313363413927744,0.9519521803948814,104,111,3,187,
pooled,combat_ols,NAFLD,Bacteria.Bacillota.Clostridia.Lachnospirales.Lachnospiraceae.Lachnoclostridium,Lachnoclostridium,0.45557512161695235,0.226243099250962,2.013653115278455,0.04530407469523993,0.20171099923833014,0.012138647085066845,0.8990115961488379,104,111,3,187,
pooled,combat_ols,NAFLD,Bacteria.Bacillota.Clostridia.Lachnospirales.Lachnospiraceae.Lachnospira,Lachnospira,0.16526492152286618,0.39059527980464204,0.42311039090263497,0.6726416007119013,0.9248822009788642,-0.6003018268942322,0.9308316699399646,104,111,3,187,
pooled,combat_ols,NAFLD,Bacteria.Bacillota.Clostridia.Lachnospirales.Lachnospiraceae.Lachnospiraceae FCS020 group,Lachnospiraceae FCS020 group,0.173469002778652,0.13827200787611174,1.2545489534951708,0.2110174290384621,0.5260873678451139,-0.09754413265852704,0.44448213821583105,104,111,3,187,
pooled,combat_ols,NAFLD,Bacteria.Bacillota.Clostridia.Oscillospirales.Ruminococcaceae.Ruthenibacterium,Ruthenibacterium,-0.7700968840231366,0.2797362382511769,-2.752939300383606,0.006416126692135483,0.0631481942857545,-1.3183799109954433,-0.2218138570508299,104,111,3,187,
pooled,combat_ols,NAFLD,Bacteria.Actinomycetota.Actinobacteria.Bifidobacteriales.Bifidobacteriaceae.Bifidobacterium,Bifidobacterium,-0.3694189451554331,0.3232318893920215,-1.1428913955559474,0.254366663710738,0.5800800745598538,-1.0029534483637952,0.264115558052929,104,111,3,187,
pooled,combat_ols,NAFLD,Bacteria.Bacillota.Bacilli.Erysipelotrichales.Erysipelotrichaceae.Solobacterium,Solobacterium,0.029121596312225762,0.19057869118992965,0.15280615125645575,0.8786958020398441,0.9622486630668028,-0.34441263842003633,0.4026558310444879,104,111,3,187,
pooled,combat_ols,NAFLD,Bacteria.Bacillota.Clostridia.Oscillospirales.Ruminococcaceae.Candidatus Soleaferrea,Candidatus Soleaferrea,0.023903848460038082,0.18070876909908876,0.13227829827633206,0.894889043506637,0.9622486630668028,-0.3302853389741759,0.378093035894252,104,111,3,187,
pooled,combat_ols,NAFLD,Bacteria.Bacillota.Clostridia.Peptostreptococcales-Tissierellales.Family XI.Anaerococcus,Anaerococcus,-0.15823290666020004,0.20161410053608436,-0.7848305561935631,0.4334249482396251,0.7562795763949406,-0.5533965437109254,0.23693073039052528,104,111,3,187,
pooled,combat_ols,NAFLD,Bacteria.Thermodesulfobacteriota.Desulfovibrionia.Desulfovibrionales.Desulfovibrionaceae.Bilophila,Bilophila,-0.4850071353596435,0.3265840847658031,-1.4850911541125689,0.13899813534138766,0.4436360120945444,-1.1251119415006174,0.15509767078133047,104,111,3,187,
pooled,combat_ols,NAFLD,Bacteria.Actinomycetota.Coriobacteriia.Coriobacteriales.Eggerthellaceae.Gordonibacter,Gordonibacter,-0.005133408760030763,0.16964379425045037,-0.03025992658742443,0.9758880900399862,0.9998479534972623,-0.3376352454909135,0.32736842797085197,104,111,3,187,
pooled,combat_ols,NAFLD,Bacteria.Bacillota.Clostridia.Lachnospirales.Lachnospiraceae.Anaerobutyricum,Anaerobutyricum,-0.021649478672667765,0.33807646222410026,-0.06403722557389105,0.9490006427670352,0.9998479534972623,-0.6842793446319042,0.6409803872865687,104,111,3,187,
pooled,combat_ols,NAFLD,Bacteria.Bacillota.Clostridia.Lachnospirales.Lachnospiraceae.Lachnospiraceae UCG-004,Lachnospiraceae UCG-004,0.3656961385594679,0.21668332180654784,1.6876985986302946,0.09293280158396584,0.3620507061708669,-0.05900317218136586,0.7903954493003017,104,111,3,187,
pooled,combat_ols,NAFLD,Bacteria.Bacillota.Clostridia.Lachnospirales.Lachnospiraceae.[Eubacterium] ventriosum group,[Eubacterium] ventriosum group,-0.7511187315336997,0.31654298236149,-2.3728806935796385,0.018539633997848047,0.1195486743999167,-1.37154297696222,-0.1306944861051793,104,111,3,187,
pooled,combat_ols,NAFLD,Bacteria.Bacillota.Clostridia.Lachnospirales.Lachnospiraceae.[Ruminococcus] gnavus group,[Ruminococcus] gnavus group,1.0514053863129624,0.4359444535912012,2.411787505613957,0.016722295354734785,0.11581737893834833,0.19695425727420812,1.9058565153517169,104,111,3,187,
pooled,combat_ols,NAFLD,Bacteria.Bacillota.Clostridia.Monoglobales.Monoglobaceae.Monoglobus,Monoglobus,-0.44034616779617103,0.30435814857151494,-1.4468026233662774,0.14942223531865376,0.4436360120945444,-1.0368881389963402,0.15619580340399825,104,111,3,187,
pooled,combat_ols,NAFLD,Bacteria.Bacillota.Clostridia.Oscillospirales.Oscillospiraceae.UCG-005,UCG-005,-1.3914571162318825,0.4099819561877687,-3.3939472097025787,0.0008214999821903038,0.017068944074398535,-2.195021750359909,-0.5878924821038558,104,111,3,187,
pooled,combat_ols,NAFLD,Bacteria.Bacillota.Clostridia.Peptostreptococcales-Tissierellales.Anaerovoracaceae.Family XIII UCG-001,Family XIII UCG-001,-0.6736598112724732,0.26649871916907586,-2.527816318865985,0.012202825684146157,0.10372401831524233,-1.195997300843862,-0.1513223217010845,104,111,3,187,
pooled,combat_ols,NAFLD,Bacteria.Bacillota.Clostridia.Peptostreptococcales-Tissierellales.Family XI.Fenollaria,Fenollaria,-0.21159034932250442,0.25637792653827524,-0.8253064223565894,0.41012100572916266,0.7304059816319373,-0.7140910853375239,0.290910386692515,104,111,3,187,
pooled,combat_ols,NAFLD,Bacteria.Bacteroidota.Bacteroidia.Bacteroidales.Rikenellaceae.Rikenellaceae RC9 gut group,Rikenellaceae RC9 gut group,-0.24989196139060915,0.2592699871238583,-0.9638291117406926,0.33622457086402535,0.6618315237007657,-0.7580611361533713,0.2582772133721531,104,111,3,187,
pooled,combat_ols,NAFLD,Bacteria.Actinomycetota.Actinobacteria.Bifidobacteriales.Bifidobacteriaceae.Gardnerella,Gardnerella,-0.18431178360591957,0.23656818573561217,-0.7791063833575061,0.4367817874366502,0.7562795763949406,-0.6479854276477194,0.2793618604358803,104,111,3,187,
pooled,combat_ols,NAFLD,Bacteria.Bacillota.Clostridia.Lachnospirales.Lachnospiraceae.[Eubacterium] xylanophilum group,[Eubacterium] xylanophilum group,-0.03387978290005452,0.20431876859362158,-0.1658182610107615,0.8684572575157085,0.9622486630668028,-0.4343445693435528,0.3665850035434438,104,111,3,187,
pooled,combat_ols,NAFLD,Bacteria.Bacillota.Clostridia.Lachnospirales.Lachnospiraceae.[Ruminococcus] gauvreauii group,[Ruminococcus] gauvreauii group,0.35162318468503123,0.18442514645120384,1.9065902424432426,0.05791956753605474,0.24615816202823265,-0.009850102359328261,0.7130964717293907,104,111,3,187,
pooled,combat_ols,NAFLD,Bacteria.Bacillota.Clostridia.Oscillospirales.Oscillospiraceae.UCG-003,UCG-003,-0.9543013287599672,0.37432465037176227,-2.549394830963439,0.011494282251631687,0.10235384671691074,-1.6879776434886211,-0.22062501403131318,104,111,3,187,
pooled,combat_ols,NAFLD,Bacteria.Bacillota.Clostridia.Oscillospirales.Ruminococcaceae.Paludicola,Paludicola,-0.4822182644086751,0.21647218878606259,-2.227622250751328,0.02695173630016608,0.14130939001930948,-0.9065037544293577,-0.057932774387992436,104,111,3,187,
pooled,combat_ols,NAFLD,Bacteria.Bacteroidota.Bacteroidia.Bacteroidales.Prevotellaceae.Hoylesella,Hoylesella,-0.030476689646233374,0.22471213165036455,-0.13562547523536847,0.8922454518203542,0.9622486630668028,-0.47091246768094785,0.40995908838848116,104,111,3,187,
pooled,combat_ols,NAFLD,Bacteria.Bacillota.Bacilli.Erysipelotrichales.Erysipelatoclostridiaceae.Thomasclavelia,Thomasclavelia,0.0017890009563877424,0.26661286760206004,0.006710107327070058,0.9946524294806858,0.9998479534972623,-0.5207722195436499,0.5243502214564255,104,111,3,187,
pooled,combat_ols,NAFLD,Bacteria.Bacillota.Bacilli.Erysipelotrichales.Erysipelotrichaceae.[Clostridium] innocuum group,[Clostridium] innocuum group,-0.07922555107905588,0.2548276876499162,-0.3108985205245688,0.7561818053135999,0.9424119380153024,-0.5786878188728917,0.42023671671477986,104,111,3,187,
pooled,combat_ols,NAFLD,Bacteria.Bacillota.Negativicutes.Veillonellales-Selenomonadales.Veillonellaceae.Veillonella,Veillonella,0.3247908075173009,0.3201104144918473,1.0146211832341767,0.31143756995261124,0.623996067614586,-0.3026256048867198,0.9522072199213216,104,111,3,187,
pooled,combat_ols,NAFLD,Bacteria.Bacteroidota.Bacteroidia.Bacteroidales.Barnesiellaceae.Barnesiella,Barnesiella,-1.153056139999722,0.40675552237238605,-2.8347645614608155,0.005027347564647365,0.05222855525494763,-1.9502969638495986,-0.3558153161498453,104,111,3,187,
pooled,combat_ols,NAFLD,Bacteria.Bacillota.Clostridia.Lachnospirales.Lachnospiraceae.Hungatella,Hungatella,-0.39834046277321605,0.2945206402695802,-1.3525044031162219,0.17764809701480408,0.48145208901113573,-0.9756009177015932,0.17891999215516113,104,111,3,187,
pooled,combat_ols,NAFLD,Bacteria.Bacillota.Clostridia.Oscillospirales.Ruminococcaceae.DTU089,DTU089,-0.2993659619676153,0.2023273910898781,-1.4796116351573505,0.14045438979487612,0.4436360120945444,-0.6959276485037764,0.0971957245685458,104,111,3,187,
pooled,combat_ols,NAFLD,Bacteria.Pseudomonadota.Gammaproteobacteria.Pseudomonadales.Moraxellaceae.Acinetobacter,Acinetobacter,0.1019515961896841,0.17411242402511173,0.5855503807986724,0.5587975722208816,0.8467851979085994,-0.2393087548995349,0.44321194727890306,104,111,3,187,
pooled,combat_ols,NAFLD,Bacteria.Bacillota.Clostridia.Lachnospirales.Lachnospiraceae.GCA-900066575,GCA-900066575,-0.11946621952865796,0.31742642436007884,-0.37635877280695174,0.7070248092701888,0.9342947563481184,-0.7416220112744125,0.5026895722170965,104,111,3,187,
pooled,combat_ols,NAFLD,Bacteria.Bacillota.Clostridia.Lachnospirales.Lachnospiraceae.Lachnospiraceae UCG-010,Lachnospiraceae UCG-010,-0.3262045666560776,0.28740862596024164,-1.134985303820362,0.25765706730323334,0.5805044769362004,-0.8895254735381513,0.23711634022599598,104,111,3,187,
pooled,combat_ols,NAFLD,Bacteria.Bacillota.Clostridia.Oscillospirales.Butyricicoccaceae.UCG-009,UCG-009,-0.717632419226224,0.20839530187904617,-3.4436113134774122,0.0006910428520511275,0.016153126666695106,-1.1260872109091544,-0.30917762754329353,104,111,3,187,
pooled,combat_ols,NAFLD,Bacteria.Thermodesulfobacteriota.Desulfovibrionia.Desulfovibrionales.Desulfovibrionaceae.Desulfovibrio,Desulfovibrio,-0.14254877226422988,0.35259753553331247,-0.4042818167989216,0.6864111398159551,0.9342947563481184,-0.8336399419095223,0.5485423973810625,104,111,3,187,
pooled,combat_ols,NAFLD,Bacteria.Actinomycetota.Coriobacteriia.Coriobacteriales.Coriobacteriales Incertae Sedis.Incertae Sedis,Incertae Sedis,-0.4150736535112022,0.20067370630209735,-2.0684007943040816,0.03980992795136149,0.18611141317261498,-0.8083941178633129,-0.021753189159091357,104,111,3,187,
pooled,combat_ols,NAFLD,Bacteria.Actinomycetota.Coriobacteriia.Coriobacteriales.Incertae Sedis.Incertae Sedis,Incertae Sedis,0.122049463813893,0.1124349791269019,1.0855115086217033,0.2789221912674609,0.613628820788414,-0.09832309527483471,0.3424220229026207,104,111,3,187,
pooled,combat_ols,NAFLD,Bacteria.Bacillota.Clostridia.Clostridia vadinBB60 group.Incertae Sedis.Incertae Sedis,Incertae Sedis,-0.7383951374221999,0.29911433449748503,-2.468604985657778,0.014351297487302343,0.11013706446290886,-1.3246592330372704,-0.15213104180712922,104,111,3,187,
pooled,combat_ols,NAFLD,Bacteria.Pseudomonadota.Alphaproteobacteria.Rhodospirillales.Incertae Sedis.Incertae Sedis,Incertae Sedis,0.26808941850057927,0.3142014516730416,0.8532405470218942,0.3944843961803687,0.7093132892858552,-0.3477454267785823,0.8839242637797409,104,111,3,187,
pooled,combat_ols,NAFLD,Bacteria.Pseudomonadota.Gammaproteobacteria.Burkholderiales.Sutterellaceae.Sutterella,Sutterella,0.09220725980230823,0.4428317449639735,0.20822188303101383,0.8352546894976314,0.9622486630668028,-0.7757429603270798,0.9601574799316963,104,111,3,187,
pooled,combat_ols,NAFLD,Bacteria.Actinomycetota.Actinobacteria.Mycobacteriales.Corynebacteriaceae.Corynebacterium,Corynebacterium,0.2438557625541546,0.2049737146828458,1.1896928488195213,0.23549155873134217,0.5504615185345123,-0.15789271822422318,0.6456042433325324,104,111,3,187,
pooled,combat_ols,NAFLD,Bacteria.Bacillota.Negativicutes.Veillonellales-Selenomonadales.Selenomonadaceae.Megamonas,Megamonas,1.547154650440004,0.42172499615845455,3.668633978382188,0.0003081288735723127,0.011524019871604495,0.7205736579694331,2.373735642910575,104,111,3,187,
pooled,combat_ols,NAFLD,Bacteria.Patescibacteria.Saccharimonadia.Saccharimonadales.Saccharimonadaceae.TM7x,TM7x,0.22909807025705745,0.15099154744334098,1.5172906969711377,0.1306760650144836,0.43240437413413746,-0.06684536273189087,0.5250415032460057,104,111,3,187,
pooled,combat_ols,NAFLD,Bacteria.Bacillota.Clostridia.Lachnospirales.Lachnospiraceae.Lachnospiraceae ND3007 group,Lachnospiraceae ND3007 group,-0.2284032642526208,0.3621233768484254,-0.6307332772615338,0.5288911008055586,0.8381579309376225,-0.9381650828755346,0.48135855437029296,104,111,3,187,
pooled,combat_ols,NAFLD,Bacteria.Bacillota.Clostridia.Oscillospirales.Oscillospiraceae.Oscillibacter,Oscillibacter,-0.45819773951007153,0.3333784881462119,-1.3744070352527271,0.17075968096822003,0.4765979155381664,-1.1116195762766468,0.19522409725650375,104,111,3,187,
pooled,combat_ols,NAFLD,Bacteria.Bacillota.Clostridia.Peptococcales.Peptococcaceae.Incertae Sedis,Incertae Sedis,-0.3103147210692855,0.13192200887552205,-2.3522589120219495,0.01957173904558807,0.12199717338416563,-0.5688818584653087,-0.051747583673262265,104,111,3,187,
pooled,combat_ols,NAFLD,Bacteria.Bacillota.Negativicutes.Veillonellales-Selenomonadales.Veillonellaceae.Incertae Sedis,Incertae Sedis,-0.08884753609147115,0.17550052535541566,-0.5062522514479155,0.6132031621714495,0.8722330020615987,-0.4328285657880859,0.25513349360514354,104,111,3,187,
pooled,combat_ols,NAFLD,Bacteria.Bacteroidota.Bacteroidia.Bacteroidales.Prevotellaceae.Paraprevotella,Paraprevotella,-0.13270796844951208,0.4337569625961981,-0.30595005934937647,0.7599414906552837,0.9424119380153024,-0.9828716151380603,0.7174556782390362,104,111,3,187,
pooled,combat_ols,NAFLD,Bacteria.Bacillota.Clostridia.Lachnospirales.Defluviitaleaceae.Defluviitaleaceae UCG-011,Defluviitaleaceae UCG-011,-0.08924629364418947,0.18482628227036446,-0.4828658162026963,0.6296869266220098,0.8722330020615987,-0.4515058068941038,0.2730132196057249,104,111,3,187,
pooled,combat_ols,NAFLD,Bacteria.Bacillota.Clostridia.Oscillospirales.Oscillospiraceae.Fastidiosipila,Fastidiosipila,-0.1474261142294205,0.23111741207898046,-0.6378840646547225,0.5242343004875851,0.8378787537707558,-0.6004162419042222,0.3055640134453812,104,111,3,187,
pooled,combat_ols,NAFLD,Bacteria.Bacillota.Clostridia.Peptostreptococcales-Tissierellales.Family XI.Ezakiella,Ezakiella,0.1626085198192294,0.2409602926137249,0.6748353351309275,0.5005122254833833,0.8068602255637298,-0.3096736537036714,0.6348906933421302,104,111,3,187,
pooled,combat_ols,NAFLD,Bacteria.Bacillota.Clostridia.Peptostreptococcales-Tissierellales.Family XI.Peptoniphilus,Peptoniphilus,-0.46212269787053667,0.2266903425955601,-2.038563674920255,0.04272912041553768,0.1948864760415987,-0.9064357693578344,-0.017809626383238908,104,111,3,187,
pooled,combat_ols,NAFLD,Bacteria.Bacillota.Clostridia.Peptostreptococcales-Tissierellales.Family XI.W5053,W5053,0.29655507773160894,0.20499197353164658,1.4466667773498307,0.14946026075912458,0.4436360120945444,-0.10522919039041834,0.6983393458536362,104,111,3,187,
pooled,combat_ols,NAFLD,Bacteria.Bacteroidota.Bacteroidia.Bacteroidales.Marinifilaceae.Odoribacter,Odoribacter,-1.0838423150780716,0.34332586377654706,-3.1568909582165596,0.0018256224647965344,0.02438510006549657,-1.7567610080801037,-0.4109236220760394,104,111,3,187,
pooled,combat_ols,NAFLD,Bacteria.Bacteroidota.Bacteroidia.Bacteroidales.Porphyromonadaceae.Porphyromonas,Porphyromonas,-0.1264519645348688,0.22872156566535087,-0.552864196111198,0.5809361585828854,0.8621830290079331,-0.5747462332389566,0.32184230416921894,104,111,3,187,
pooled,combat_ols,NAFLD,Bacteria.Bacteroidota.Bacteroidia.Bacteroidales.Prevotellaceae.Prevotella,Prevotella,-0.1388664755855559,0.265288714647983,-0.5234541385215751,0.6012024184247755,0.8715104825227367,-0.6588323562956026,0.3810994051244908,104,111,3,187,
pooled,combat_ols,NAFLD,Bacteria.Bacillota.Clostridia.Lachnospirales.Lachnospiraceae.Enterocloster,Enterocloster,0.6024752332161588,0.36188787024136954,1.6648119010297968,0.09742053324362238,0.36435279433114764,-0.10682499245692545,1.311775458889243,104,111,3,187,
pooled,combat_ols,NAFLD,Bacteria.Bacteroidota.Bacteroidia.Bacteroidales.Tannerellaceae.Incertae Sedis,Incertae Sedis,-0.20126935636179913,0.2318539440111811,-0.8680868346673153,0.38632379215321766,0.7082602856142324,-0.655703086623714,0.2531643739001158,104,111,3,187,
pooled,combat_ols,NAFLD,Bacteria.Pseudomonadota.Alphaproteobacteria.Rickettsiales.Mitochondria.Incertae Sedis,Incertae Sedis,0.058159758747761206,0.1695041949703646,0.3431169285098202,0.7318488986218299,0.9342947563481184,-0.2740684633941534,0.3903879808896758,104,111,3,187,
pooled,combat_ols,NAFLD,Bacteria.Bacillota.Clostridia.Oscillospirales.Oscillospiraceae.Incertae Sedis,Incertae Sedis,-0.06815515052097897,0.24099765929130754,-0.28280420117523203,0.7776015725007558,0.9424119380153024,-0.5405105627319418,0.4042002616899838,104,111,3,187,
pooled,combat_ols,NAFLD,Bacteria.Bacillota.Clostridia.Peptostreptococcales-Tissierellales.Peptostreptococcaceae.Peptostreptococcus,Peptostreptococcus,-0.04756252636692659,0.20825901222792037,-0.22838159971139096,0.8195686967971949,0.9622486630668028,-0.4557501903336505,0.3606251375997973,104,111,3,187,
pooled,combat_ols,NAFLD,Bacteria.Pseudomonadota.Gammaproteobacteria.Enterobacterales.Enterobacteriaceae.Citrobacter,Citrobacter,-0.9384505522999577,0.21892249864092872,-4.286679341437543,2.7478030073393286e-05,0.005138391623724545,-1.3675386496361779,-0.5093624549637374,104,111,3,187,
pooled,combat_ols,NAFLD,Bacteria.Bacillota.Bacilli.Erysipelotrichales.Erysipelotrichaceae.Holdemania,Holdemania,-0.1269521187986654,0.23256532822959336,-0.5458772370115962,0.5857215781316172,0.86244043394183,-0.5827801621286683,0.3288759245313376,104,111,3,187,
pooled,combat_ols,NAFLD,Bacteria.Bacillota.Negativicutes.Veillonellales-Selenomonadales.Veillonellaceae.Allisonella,Allisonella,0.8359890889130771,0.29431045941275813,2.8405007779238907,0.004941101770429936,0.05222855525494763,0.2591405884640712,1.412837589362083,104,111,3,187,
pooled,combat_ols,NAFLD,Bacteria.Bacillota.Clostridia.Peptostreptococcales-Tissierellales.Anaerovoracaceae.[Eubacterium] brachy group,[Eubacterium] brachy group,0.061322935733443724,0.1265629346850005,0.4845252354970192,0.6285110226517485,0.8722330020615987,-0.18674041624915724,0.3093862877160447,104,111,3,187,
pooled,combat_ols,NAFLD,Bacteria.Bacteroidota.Bacteroidia.Bacteroidales.Marinifilaceae.Butyricimonas,Butyricimonas,-1.2489416724409588,0.33599274277640173,-3.7171685975137603,0.0002575372426644113,0.011524019871604495,-1.9074874482827062,-0.5903958965992114,104,111,3,187,
pooled,combat_ols,NAFLD,Bacteria.Fusobacteriota.Fusobacteriia.Fusobacteriales.Fusobacteriaceae.Fusobacterium,Fusobacterium,0.9825929752281145,0.41388693737728555,2.3740613353361657,0.01848202275574597,0.1195486743999167,0.17137457796863487,1.7938113724875941,104,111,3,187,
pooled,combat_ols,NAFLD,Bacteria.Bacteroidota.Bacteroidia.Bacteroidales.NA.NA,Bacteroidales,0.160902621007559,0.2710081931037142,0.5937186590738308,0.5533302819754287,0.8467851979085994,-0.37027343747572083,0.6920786794908389,104,111,3,187,
pooled,combat_ols,NAFLD,Bacteria.Actinomycetota.Actinobacteria.Mycobacteriales.Corynebacteriaceae.Lawsonella,Lawsonella,0.22759422735504026,0.14041458436559062,1.6208731335376405,0.10652426460660083,0.3830776438737376,-0.04761835800151737,0.5028068127115979,104,111,3,187,
pooled,combat_ols,NAFLD,Bacteria.Bacillota.Clostridia.Christensenellales.Christensenellaceae.Incertae Sedis,Incertae Sedis,-0.3869836445273222,0.22311595446305904,-1.7344507946938168,0.08428482261893946,0.3426361267335148,-0.8242909152749179,0.05032362622027353,104,111,3,187,
pooled,combat_ols,NAFLD,Bacteria.Bacillota.Clostridia.Lachnospirales.Lachnospiraceae.Faecalicatena,Faecalicatena,0.12517050619930825,0.24521862170217792,0.5104445385527446,0.6102686422855141,0.8722330020615987,-0.35545799233696046,0.605799004735577,104,111,3,187,
pooled,combat_ols,NAFLD,Bacteria.Bacillota.Clostridia.Oscillospirales.Ruminococcaceae.Anaerotruncus,Anaerotruncus,-0.44074739157857884,0.20696647409173144,-2.1295593574408156,0.03435564989331027,0.16906596131707946,-0.8464016807983725,-0.03509310235878521,104,111,3,187,
pooled,combat_ols,NAFLD,Bacteria.Bacillota.Clostridia.Lachnospirales.Lachnospiraceae.Sellimonas,Sellimonas,0.2970958033286353,0.21486331547515136,1.3827199988589676,0.16819865563169487,0.4765979155381664,-0.12403629500266139,0.718227901659932,104,111,3,187,
pooled,combat_ols,NAFLD,Bacteria.Bacillota.Clostridia.Oscillospirales.Oscillospiraceae.Oscillospira,Oscillospira,-0.3227532653216907,0.29357402679388434,-1.0993931201832539,0.2728376738446876,0.6073886310590069,-0.8981583578377039,0.25265182719432255,104,111,3,187,
pooled,combat_ols,NAFLD,Bacteria.Pseudomonadota.Gammaproteobacteria.Burkholderiales.Sutterellaceae.Parasutterella,Parasutterella,0.4256321622545915,0.4159228384334299,1.0233440506843328,0.3073060301677221,0.623996067614586,-0.38957660107493114,1.2408409255841142,104,111,3,187,
pooled,combat_ols,NAFLD,Bacteria.Bacillota.Clostridia.Lachnospirales.Lachnospiraceae.Moryella,Moryella,-0.03175226968534272,0.1818272191934772,-0.17462880324620722,0.8615371886553698,0.9622486630668028,-0.38813361930455803,0.3246290799338726,104,111,3,187,
pooled,combat_ols,NAFLD,Bacteria.Bacillota.Clostridia.Peptostreptococcales-Tissierellales.Anaerovoracaceae.S5-A14a,S5-A14a,0.2514514679294994,0.17268577780084818,1.4561214660045059,0.14683145138635262,0.4436360120945444,-0.087012656560163,0.5899155924191618,104,111,3,187,
pooled,combat_ols,NAFLD,Bacteria.Pseudomonadota.Gammaproteobacteria.Burkholderiales.Neisseriaceae.Neisseria,Neisseria,-0.008924078072361638,0.1667559227583306,-0.053515808762575535,0.9573710937676437,0.9998479534972623,-0.33576568667868956,0.3179175305339663,104,111,3,187,
pooled,combat_ols,NAFLD,Bacteria.Bacillota.Bacilli.Erysipelotrichales.Erysipelotrichaceae.Faecalitalea,Faecalitalea,-0.10505532741775406,0.21650838152468324,-0.4852252216655046,0.6280152800946617,0.8722330020615987,-0.5294117552061331,0.3193011003706251,104,111,3,187,
pooled,combat_ols,NAFLD,Bacteria.Bacteroidota.Bacteroidia.Bacteroidales.Prevotellaceae.NA,Prevotellaceae,-0.2604363406326221,0.29420162093584407,-0.8852308148547384,0.377030389854075,0.6980661673535843,-0.8370715176668765,0.31619883640163227,104,111,3,187,
pooled,combat_ols,NAFLD,Bacteria.Bacillota.Clostridia.Lachnospirales.Lachnospiraceae.Anaerotignum,Anaerotignum,0.32641496017914656,0.21576291884051466,1.512840862244835,0.1318024028109403,0.43240437413413746,-0.09648036074826216,0.7493102811065553,104,111,3,187,
pooled,combat_ols,NAFLD,Bacteria.Campylobacterota.Campylobacteria.Campylobacterales.Campylobacteraceae.Campylobacter,Campylobacter,0.04421994729099556,0.233536123335278,0.18934949616985305,0.8499992123228393,0.9622486630668028,-0.4135108544461494,0.5019507490281405,104,111,3,187,
pooled,combat_ols,NAFLD,Bacteria.Bacillota.Clostridia.Peptostreptococcales-Tissierellales.Anaerovoracaceae.NA,Anaerovoracaceae,-0.42296090854211965,0.25573904142424203,-1.6538769606181307,0.09962546196475569,0.36529336053743755,-0.9242094297336341,0.07828761264939477,104,111,3,187,
pooled,combat_ols,NAFLD,Bacteria.Actinomycetota.Coriobacteriia.Coriobacteriales.Eggerthellaceae.Asaccharobacter,Asaccharobacter,-0.3534678784777204,0.15695511254086628,-2.252031633475388,0.025340290791549917,0.14130939001930948,-0.6610998990578183,-0.045835857897622456,104,111,3,187,
pooled,combat_ols,NAFLD,Bacteria.Pseudomonadota.NA.NA.NA.NA,Bacteria.Pseudomonadota.NA.NA.NA.NA,0.1730070068492957,0.16359023855611546,1.0575631429863712,0.29145257576544503,0.623996067614586,-0.14762986072069056,0.493643874419282,104,111,3,187,
pooled,combat_ols,NAFLD,Bacteria.Bacillota.Clostridia.Oscillospirales.Ruminococcaceae.Negativibacillus,Negativibacillus,0.0948042683361087,0.2586636480163431,0.36651562391217296,0.7143441693457756,0.9342947563481184,-0.4121764817759238,0.6017850184481411,104,111,3,187,
pooled,combat_ols,NAFLD,Bacteria.Bacillota.Clostridia.Lachnospirales.Lachnospiraceae.Tyzzerella,Tyzzerella,0.7322573240153787,0.3034977226415417,2.4127275738416034,0.016680405184630157,0.11581737893834833,0.13740178763795696,1.3271128603928004,104,111,3,187,
pooled,combat_ols,NAFLD,Bacteria.Actinomycetota.Actinobacteria.Actinomycetales.Actinomycetaceae.Varibaculum,Varibaculum,0.24689028009808917,0.16993079378648368,1.4528872289521833,0.14772667120395153,0.4436360120945444,-0.08617407572341884,0.5799546359195972,104,111,3,187,
pooled,combat_ols,NAFLD,Bacteria.Bacillota.Bacilli.Erysipelotrichales.Erysipelatoclostridiaceae.Coprobacillus,Coprobacillus,-0.24090086537892474,0.2067015177860469,-1.1654528131151751,0.2451392050506953,0.5659386585738274,-0.6460358402395767,0.16423410948172718,104,111,3,187,
pooled,combat_ols,NAFLD,Bacteria.Bacillota.Clostridia.Oscillospirales.Oscillospiraceae.Flavonifractor,Flavonifractor,-0.10721487160756296,0.3219409576617638,-0.3330265039473623,0.7394418392487783,0.9342947563481184,-0.7382191486246199,0.523789405409494,104,111,3,187,
pooled,combat_ols,NAFLD,Bacteria.Bacteroidota.Bacteroidia.Bacteroidales.Barnesiellaceae.Coprobacter,Coprobacter,-0.3090782215893031,0.33260896684012325,-0.9292540262087077,0.35380935258435064,0.6755212889939088,-0.9609917965959447,0.3428353534173385,104,111,3,187,
pooled,combat_ols,NAFLD,Bacteria.Bacillota.Clostridia.Oscillospirales.NA.NA,Oscillospirales,0.000447347416721329,0.24554265257879768,0.0018218725423998167,0.9985480619814215,0.9998479534972623,-0.4808162516377221,0.48171094647116475,104,111,3,187,
pooled,combat_ols,NAFLD,Bacteria.Bacillota.Clostridia.Oscillospirales.Ruminococcaceae.Phocea,Phocea,0.05382246888907079,0.19348031846537248,0.27818058868196194,0.7811435849859458,0.9424119380153024,-0.3253989553030593,0.43304389308120084,104,111,3,187,
pooled,combat_ols,NAFLD,Bacteria.Bacillota.Clostridia.Christensenellales.Christensenellaceae.Christensenella,Christensenella,0.045072461071666736,0.1347947027159711,0.3343785784122386,0.7384229129230837,0.9342947563481184,-0.21912515625163664,0.3092700783949701,104,111,3,187,
pooled,combat_ols,NAFLD,Bacteria.Bacillota.Clostridia.Christensenellales.Christensenellaceae.NA,Christensenellaceae,-0.1486455314668561,0.2109430454372731,-0.704671401508982,0.48178453024223167,0.7835540258688127,-0.5620939005239114,0.2648028375901992,104,111,3,187,
pooled,combat_ols,NAFLD,Bacteria.Verrucomicrobiota.Lentisphaeria.Victivallales.Victivallaceae.Victivallis,Victivallis,-0.4345064896138077,0.19404245245413634,-2.239234168185476,0.026174359600296595,0.14130939001930948,-0.814829696423915,-0.054183282803700494,104,111,3,187,
pooled,combat_ols,NAFLD,Bacteria.Synergistota.Synergistia.Synergistales.Synergistaceae.Cloacibacillus,Cloacibacillus,-0.17395954199861635,0.1436735824601084,-1.2107969956614466,0.22731498258554886,0.5395268461511026,-0.45555976362042877,0.10764067962319607,104,111,3,187,
pooled,combat_ols,NAFLD,Bacteria.Cyanobacteriota.Cyanobacteriia.Chloroplast.Incertae Sedis.Incertae Sedis,Incertae Sedis,0.32260766605032193,0.19343770987697356,1.6677599536072905,0.09683285710228415,0.36435279433114764,-0.05653024530854622,0.7017455774091901,104,111,3,187,
pooled,combat_ols,NAFLD,Bacteria.Actinomycetota.Coriobacteriia.Coriobacteriales.Atopobiaceae.Atopobium,Atopobium,-0.0445645656539885,0.17117994192499225,-0.26033754394843667,0.7948549104276769,0.9507697635244861,-0.3800772518269733,0.2909481205189963,104,111,3,187,
pooled,combat_ols,NAFLD,Bacteria.Bacillota.Clostridia.Peptostreptococcales-Tissierellales.Family XI.Finegoldia,Finegoldia,0.0944243136795404,0.1623748758195566,0.5815204673934404,0.5615046232121194,0.8467851979085994,-0.2238304429267905,0.4126790702858713,104,111,3,187,
pooled,combat_ols,NAFLD,Bacteria.Actinomycetota.Actinobacteria.Actinomycetales.Actinomycetaceae.Mobiluncus,Mobiluncus,0.31229108286213036,0.15695444579686554,1.9896924950205328,0.04790394433238742,0.20832645558503365,0.004660369100273898,0.6199217966239868,104,111,3,187,
pooled,combat_ols,NAFLD,Bacteria.Bacillota.Clostridia.Peptostreptococcales-Tissierellales.Family XI.Murdochiella,Murdochiella,0.14372865243710004,0.20400289269750008,0.7045422274978425,0.48186477526691696,0.7835540258688127,-0.25611701725000013,0.5435743221242002,104,111,3,187,
pooled,combat_ols,NAFLD,Bacteria.Bacillota.Negativicutes.Veillonellales-Selenomonadales.Veillonellaceae.Negativicoccus,Negativicoccus,0.25801663787261636,0.16877147669505022,1.5287929152792887,0.12779946741419426,0.43240437413413746,-0.07277545644968203,0.5888087321949147,104,111,3,187,
pooled,combat_ols,NAFLD,Bacteria.Bacillota.Clostridia.Peptostreptococcales-Tissierellales.Family XI.Incertae Sedis,Incertae Sedis,0.34579143237537296,0.20329525516647692,1.7009321348508946,0.090415108265498,0.3597367073542155,-0.05266726775092179,0.7442501325016677,104,111,3,187,
pooled,combat_ols,NAFLD,Eukaryota.NA.NA.NA.NA.NA,Eukaryota.NA.NA.NA.NA.NA,0.24533162784235543,0.1342534678170818,1.8273764680448763,0.06904242468887607,0.286909631484885,-0.01780516907912491,0.5084684247638358,104,111,3,187,
pooled,mixedlm,NAFLD,Bacteria.Actinomycetota.Coriobacteriia.Coriobacteriales.Coriobacteriaceae.Collinsella,Collinsella,-0.2350662214610074,0.3770720541892849,-0.6233986816297116,0.5330225641212867,0.7283691941315278,-0.9741274476720059,0.503995004749991,104,111,3,187,True
pooled,mixedlm,NAFLD,Bacteria.Actinomycetota.Coriobacteriia.Coriobacteriales.Eggerthellaceae.Senegalimassilia,Senegalimassilia,-0.10031928162827505,0.18388695775541186,-0.5455486503926493,0.5853762299122145,0.7644942832127452,-0.46073771882888226,0.2600991555723322,104,111,3,187,True
pooled,mixedlm,NAFLD,Bacteria.Bacillota.Bacilli.Erysipelotrichales.Erysipelotrichaceae.Holdemanella,Holdemanella,0.04449900695984463,0.36530974745244565,0.12181171531875783,0.9030481355652631,0.9329834328768188,-0.6715080980469488,0.7605061119666381,104,111,3,187,True
pooled,mixedlm,NAFLD,Bacteria.Bacillota.Bacilli.Lactobacillales.Lactobacillaceae.Weissella,Weissella,0.3979651315846746,0.25625904958396745,1.5529798156621777,0.12042795679312135,0.292467895069009,-0.10430260559990157,0.9002328687692508,104,111,3,187,True
pooled,mixedlm,NAFLD,Bacteria.Bacillota.Bacilli.Lactobacillales.Streptococcaceae.Streptococcus,Streptococcus,0.09198810236575594,0.24014487965222425,0.38305252437183884,0.7016808198177649,0.8455068739405978,-0.37869586175260356,0.5626720664841154,104,111,3,187,True
pooled,mixedlm,NAFLD,Bacteria.Bacillota.Bacilli.RF39.Incertae Sedis.Incertae Sedis,Incertae Sedis,-1.2199508922489894,0.4019232067683797,-3.035283536021404,0.0024030965521733404,0.021740894018335403,-2.007720377515014,-0.43218140698296525,104,111,3,187,True
pooled,mixedlm,NAFLD,Bacteria.Bacillota.Clostridia.Christensenellales.Christensenellaceae.Christensenellaceae R-7 group,Christensenellaceae R-7 group,-1.3222005843322286,0.40792558355592184,-3.2412788940730173,0.0011899470402783256,0.015467137382176978,-2.1217347281018357,-0.5226664405626218,104,111,3,187,True
pooled,mixedlm,NAFLD,Bacteria.Bacillota.Clostridia.Clostridia UCG-014.Incertae Sedis.Incertae Sedis,Incertae Sedis,-1.3481589108807823,0.4448635045201541,-3.0305001358449384,0.002441490772112532,0.021740894018335403,-2.2200913797402846,-0.4762264420212803,104,111,3,187,True
pooled,mixedlm,NAFLD,Bacteria.Bacillota.Clostridia.Clostridiales.Clostridiaceae.Clostridium,Clostridium,0.21890784251997455,0.3665569032213756,0.5972001634566654,0.5503737500833513,0.7404308724142928,-0.49954368779392155,0.9373593728338706,104,111,3,187,True
pooled,mixedlm,NAFLD,Bacteria.Bacillota.Clostridia.Lachnospirales.Lachnospiraceae.Agathobacter,Agathobacter,0.16523031850121436,0.2980931055943388,0.5542909762095226,0.5793797249609284,0.7644942832127452,-0.41903216846368974,0.7494928054661185,104,111,3,187,True
pooled,mixedlm,NAFLD,Bacteria.Bacillota.Clostridia.Lachnospirales.Lachnospiraceae.Blautia,Blautia,0.09730281486017048,0.2564137020317197,0.37947587858675985,0.7043345132717183,0.8455068739405978,-0.4052680411220002,0.5998736708423411,104,111,3,187,True
pooled,mixedlm,NAFLD,Bacteria.Bacillota.Clostridia.Lachnospirales.Lachnospiraceae.Coprococcus,Coprococcus,0.09189381720567008,0.29024136974465414,0.31661171281859496,0.7515382471503314,0.8647641636779319,-0.47697926749385205,0.6607669019051923,104,111,3,187,True
pooled,mixedlm,NAFLD,Bacteria.Bacillota.Clostridia.Lachnospirales.Lachnospiraceae.Dorea,Dorea,0.20496303807158484,0.3843308654715771,0.5332984063616476,0.5938270306619025,0.7658321016122466,-0.5483254582527062,0.958251534395876,104,111,3,187,True
pooled,mixedlm,NAFLD,Bacteria.Bacillota.Clostridia.Lachnospirales.Lachnospiraceae.Howardella,Howardella,0.24346974866171026,0.20108238614357243,1.2107959992471609,0.22597359888972346,0.4268390201250332,-0.15065172817969172,0.6375912255031122,104,111,3,187,True
pooled,mixedlm,NAFLD,Bacteria.Bacillota.Clostridia.Lachnospirales.Lachnospiraceae.Lachnospiraceae NK4A136 group,Lachnospiraceae NK4A136 group,-0.03626580915086036,0.28049015579790115,-0.12929440980805976,0.8971246946342446,0.9329834328768188,-0.5860265145147465,0.5134948962130259,104,111,3,187,True
pooled,mixedlm,NAFLD,Bacteria.Bacillota.Clostridia.Lachnospirales.Lachnospiraceae.Mediterraneibacter,Mediterraneibacter,-0.6326427491744102,0.40356912330957806,-1.56761930641832,0.11697000370619469,0.2878077722770843,-1.4236382308611832,0.15835273251236281,104,111,3,187,True
pooled,mixedlm,NAFLD,Bacteria.Bacillota.Clostridia.Lachnospirales.Lachnospiraceae.Roseburia,Roseburia,0.5299371612187438,0.5338238554780586,0.992719144677725,0.32084684249912454,0.5172272374770369,-0.5163575955182509,1.5762319179557385,104,111,3,187,True
pooled,mixedlm,NAFLD,Bacteria.Bacillota.Clostridia.Lachnospirales.Lachnospiraceae.[Eubacterium] eligens group,[Eubacterium] eligens group,-0.13772200860139208,0.428526971736371,-0.32138469147775933,0.7479188827330151,0.8647641636779319,-0.9776348732046792,0.7021908560018951,104,111,3,187,True
pooled,mixedlm,NAFLD,Bacteria.Bacillota.Clostridia.Lachnospirales.Lachnospiraceae.[Eubacterium] ruminantium group,[Eubacterium] ruminantium group,-0.9064843817061613,0.46325046461034636,-1.9567910902553158,0.05037203503169208,0.15728556739114916,-1.8144552923424402,0.001486528930117581,104,111,3,187,True
pooled,mixedlm,NAFLD,Bacteria.Bacillota.Clostridia.NA.NA.NA,Clostridia,-0.8946529070849755,0.34067470916226844,-2.6261207040726906,0.008636418557479302,0.046708520807957114,-1.5623753370430216,-0.22693047712692938,104,111,3,187,True
pooled,mixedlm,NAFLD,Bacteria.Bacillota.Clostridia.Oscillospirales.Oscillospiraceae.Colidextribacter,Colidextribacter,-0.5612573841417117,0.35758539126488137,-1.569575821194441,0.1165138272428582,0.2878077722770843,-1.2621247510208793,0.13960998273745584,104,111,3,187,True
pooled,mixedlm,NAFLD,Bacteria.Bacillota.Clostridia.Oscillospirales.Oscillospiraceae.UCG-002,UCG-002,-1.5884150783017228,0.44572834793570254,-3.563639345933761,0.0003657483938337982,0.007599438849657808,-2.4620426402557,-0.7147875163477458,104,111,3,187,True
pooled,mixedlm,NAFLD,Bacteria.Bacillota.Clostridia.Oscillospirales.Ruminococcaceae.CAG-352,CAG-352,-0.06358753654350438,0.44358225552689784,-0.14335004556927902,0.8860137332747102,0.9329834328768188,-0.9330087573762241,0.8058336842892154,104,111,3,187,True
pooled,mixedlm,NAFLD,Bacteria.Bacillota.Clostridia.Oscillospirales.Ruminococcaceae.Faecalibacterium,Faecalibacterium,0.022213862980323296,0.264908801308447,0.0838547563184152,0.9331719120335593,0.9507775724849766,-0.49700738758423285,0.5414351135448794,104,111,3,187,True
pooled,mixedlm,NAFLD,Bacteria.Bacillota.Clostridia.Oscillospirales.Ruminococcaceae.Gemmiger,Gemmiger,-0.1993495812783318,0.35863012581475473,-0.5558640140045095,0.578303820448884,0.7644942832127452,-0.9022646278752511,0.5035654653185875,104,111,3,187,True
pooled,mixedlm,NAFLD,Bacteria.Bacillota.Clostridia.Oscillospirales.Ruminococcaceae.NA,Ruminococcaceae,-1.2342589687534704,0.3898206758536651,-3.166222433047136,0.00154432653157739,0.01698759184735129,-1.9983074934266538,-0.4702104440802869,104,111,3,187,True
pooled,mixedlm,NAFLD,Bacteria.Bacillota.Clostridia.Oscillospirales.Ruminococcaceae.Ruminococcus,Ruminococcus,-1.2748505560030479,0.4372623601362272,-2.9155277751459643,0.0035508749899620068,0.02834364606286033,-2.131884781870053,-0.4178163301360426,104,111,3,187,True
pooled,mixedlm,NAFLD,Bacteria.Bacillota.Clostridia.Oscillospirales.Ruminococcaceae.[Eubacterium] siraeum group,[Eubacterium] siraeum group,-0.8009362478388239,0.4041801823774013,-1.9816316651838055,0.047520480457077775,0.1543079206678858,-1.5931294052985305,-0.008743090379117358,104,111,3,187,True
pooled,mixedlm,NAFLD,Bacteria.Bacillota.Clostridia.Oscillospirales.UCG-010.Incertae Sedis,Incertae Sedis,-1.2622397319873688,0.36210501659041705,-3.4858388427551366,0.0004905964630461712,0.009174153858963401,-1.9719655645045862,-0.5525138994701514,104,111,3,187,True
pooled,mixedlm,NAFLD,Bacteria.Bacillota.Clostridia.Peptostreptococcales-Tissierellales.Peptostreptococcaceae.Romboutsia,Romboutsia,0.05496629128345929,0.26064103458994264,0.21088886241545127,0.8329739951939994,0.9109130824636134,-0.4558901365128283,0.5658227190797469,104,111,3,187,True
pooled,mixedlm,NAFLD,Bacteria.Bacillota.NA.NA.NA.NA,Bacteria.Bacillota.NA.NA.NA.NA,-0.27764737915428434,0.23851568050706037,-1.1640634215915444,0.24439831081842633,0.4442898831860832,-0.7451381129481227,0.18984335463955399,104,111,3,187,True
pooled,mixedlm,NAFLD,Bacteria.Bacillota.Negativicutes.Acidaminococcales.Acidaminococcaceae.Phascolarctobacterium,Phascolarctobacterium,-0.07228306511347737,0.3666824742276132,-0.19712713367535706,0.8437280504108009,0.9173089850396497,-0.7909807145995992,0.6464145843726444,104,111,3,187,True
pooled,mixedlm,NAFLD,Bacteria.Bacteroidota.Bacteroidia.Bacteroidales.Bacteroidaceae.Bacteroides,Bacteroides,0.40381125990368166,0.20678151061497613,1.9528402645997291,0.050838525775676935,0.15728556739114916,-0.0014805009016715664,0.8091030207090348,104,111,3,187,True
pooled,mixedlm,NAFLD,Bacteria.Bacteroidota.Bacteroidia.Bacteroidales.Prevotellaceae.Incertae Sedis,Incertae Sedis,-0.27890256334333474,0.2779839730031234,-1.0033044723056788,0.3157139789505239,0.5133783831630258,-0.8237511504294566,0.2659460237427871,104,111,3,187,True
pooled,mixedlm,NAFLD,Bacteria.Bacteroidota.Bacteroidia.Bacteroidales.Prevotellaceae.Segatella,Segatella,-0.5138731549272992,0.5816415018308947,-0.8834877726395489,0.37697278605896023,0.5778189425657833,-1.653890498515853,0.6261441886612544,104,111,3,187,True
pooled,mixedlm,NAFLD,Bacteria.Bacteroidota.Bacteroidia.Bacteroidales.Rikenellaceae.Alistipes,Alistipes,-0.7684409564246634,0.37745833906414067,-2.03582985695829,0.0417674432172371,0.1394734264575596,-1.508259300990379,-0.028622611858947655,104,111,3,187,True
pooled,mixedlm,NAFLD,Bacteria.Bacteroidota.Bacteroidia.Bacteroidales.Tannerellaceae.Parabacteroides,Parabacteroides,-0.1370715175668844,0.27179936709157193,-0.5043113934871807,0.614042572293142,0.7864791850603942,-0.6697982770663654,0.3956552419325966,104,111,3,187,True
pooled,mixedlm,NAFLD,Bacteria.NA.NA.NA.NA.NA,Bacteria.NA.NA.NA.NA.NA,-0.9157992351663274,0.2732560158960267,-3.3514330221179356,0.0008039448372937031,0.012528140381160206,-1.4513810263225397,-0.38021744401011504,104,111,3,187,True
pooled,mixedlm,NAFLD,Bacteria.Pseudomonadota.Gammaproteobacteria.Burkholderiales.Oxalobacteraceae.Oxalobacter,Oxalobacter,-0.02065641259419805,0.16846932716946364,-0.12261230540453054,0.9024141096709963,0.9329834328768188,-0.35085629384634676,0.3095434686579507,104,111,3,187,True
pooled,mixedlm,NAFLD,Bacteria.Pseudomonadota.Gammaproteobacteria.Enterobacterales.Enterobacteriaceae.Enterobacter,Enterobacter,0.08402667583525467,0.2827163248994679,0.29721196986107545,0.7663046839325894,0.8647641636779319,-0.4700973209677024,0.6381506726382118,104,111,3,187,True
pooled,mixedlm,NAFLD,Bacteria.Pseudomonadota.Gammaproteobacteria.Enterobacterales.Enterobacteriaceae.Klebsiella,Klebsiella,0.36188710440393473,0.3960873772382545,0.9136547267100925,0.3608983001525694,0.5577519184176072,-0.41444415498304404,1.1382183637909136,104,111,3,187,True
pooled,mixedlm,NAFLD,Bacteria.Pseudomonadota.Gammaproteobacteria.Enterobacterales.Enterobacteriaceae.NA,Enterobacteriaceae,0.42083475910244583,0.2833059566270375,1.485442678695458,0.13742659717327857,0.31339967891954995,-0.1344449158865476,0.9761144340914393,104,111,3,187,True
pooled,mixedlm,NAFLD,Bacteria.Pseudomonadota.Gammaproteobacteria.Enterobacterales.Pasteurellaceae.Haemophilus,Haemophilus,0.06028642629746307,0.3467280415567488,0.1738723699034767,0.8619657674726765,0.9317202226438758,-0.6193005351537646,0.7398733877486907,104,111,3,187,True
pooled,mixedlm,NAFLD,Archaea.Methanobacteriota.Methanobacteria.Methanobacteriales.Methanobacteriaceae.Methanobrevibacter,Methanobrevibacter,-0.22870545257981184,0.18118179816516608,-1.2622981717585284,0.20684151432168274,0.4071511913489965,-0.5838217769835374,0.1264108718239137,104,111,3,187,True
pooled,mixedlm,NAFLD,Bacteria.Actinomycetota.Actinobacteria.Micrococcales.Micrococcaceae.Rothia,Rothia,0.06877913244708218,0.21505697524645825,0.31981818942752427,0.7491061580758132,0.8647641636779319,-0.352732539035976,0.49029080393014035,104,111,3,187,True
pooled,mixedlm,NAFLD,Bacteria.Actinomycetota.Coriobacteriia.Coriobacteriales.Eggerthellaceae.Eggerthella,Eggerthella,0.1717194497753186,0.2750362984268079,0.6243519519334145,0.5323964723769892,0.7283691941315278,-0.3673516951412248,0.710790594691862,104,111,3,187,True
pooled,mixedlm,NAFLD,Bacteria.Bacillota.Bacilli.Lactobacillales.Lactobacillaceae.Lactobacillus,Lactobacillus,-0.3859590407852865,0.29911254219041916,-1.2903472317104632,0.19693012468879023,0.39176524805110396,-0.9722196234785081,0.2003015419079351,104,111,3,187,True
pooled,mixedlm,NAFLD,Bacteria.Bacillota.Bacilli.Staphylococcales.Gemellaceae.Gemella,Gemella,-0.20972715838605244,0.22938100824577234,-0.9143178852947511,0.36054983531985074,0.5577519184176072,-0.6593139345477662,0.23985961777566134,104,111,3,187,True
pooled,mixedlm,NAFLD,Bacteria.Bacillota.Bacilli.Staphylococcales.Staphylococcaceae.Staphylococcus,Staphylococcus,-0.5078309857927471,0.2492374028471006,-2.0375392296327433,0.04159603485525694,0.1394734264575596,-0.9963362953730643,-0.01932567621242992,104,111,3,187,True
pooled,mixedlm,NAFLD,Bacteria.Bacillota.Clostridia.Lachnospirales.Lachnospiraceae.NA,Lachnospiraceae,0.19570052926496026,0.24385281927821098,0.8025354385658592,0.42224329727519316,0.6168710671129776,-0.28225099652033325,0.6736520550502538,104,111,3,187,True
pooled,mixedlm,NAFLD,Bacteria.Bacillota.Clostridia.Oscillospirales.Butyricicoccaceae.Agathobaculum,Agathobaculum,0.2785566591704636,0.2521416750976518,1.104762467618975,0.26926252758867497,0.4705803052250675,-0.21564102402093388,0.7727543423618611,104,111,3,187,True
pooled,mixedlm,NAFLD,Bacteria.Bacillota.Clostridia.Oscillospirales.Oscillospiraceae.Intestinimonas,Intestinimonas,-0.9749240527759508,0.34417721277594177,-2.8326223136992605,0.004616789948232554,0.031975545197018056,-1.6495113898167966,-0.300336715735105,104,111,3,187,True
pooled,mixedlm,NAFLD,Bacteria.Bacillota.Clostridia.Oscillospirales.Oscillospiraceae.NA,Oscillospiraceae,-0.30958173822827045,0.2912412454903246,-1.062973541769705,0.2877939501233515,0.48653631133979436,-0.8804145793893066,0.2612511029327657,104,111,3,187,True
pooled,mixedlm,NAFLD,Bacteria.Bacillota.Clostridia.Oscillospirales.Oscillospiraceae.NK4A214 group,NK4A214 group,-0.8996375406231936,0.3935426334602826,-2.2859976636152366,0.022254395243416693,0.09908504548854574,-1.6709811022053476,-0.12829397904103967,104,111,3,187,True
pooled,mixedlm,NAFLD,Bacteria.Bacillota.Clostridia.Oscillospirales.Ruminococcaceae.Acutalibacter,Acutalibacter,-0.6280654972372767,0.2513648934814808,-2.498620585151638,0.012467771709524683,0.061354560781081986,-1.120740688460979,-0.13539030601357438,104,111,3,187,True
pooled,mixedlm,NAFLD,Bacteria.Bacillota.Clostridia.Oscillospirales.Ruminococcaceae.Incertae Sedis,Incertae Sedis,-0.3046166301081063,0.2513401493327403,-1.2119696392192207,0.2255240027140758,0.4268390201250332,-0.7972433228002773,0.18801006258406466,104,111,3,187,True
pooled,mixedlm,NAFLD,Bacteria.Bacillota.Clostridia.Peptostreptococcales-Tissierellales.Anaerovoracaceae.Mogibacterium,Mogibacterium,-0.1400918605021467,0.2293690664471062,-0.6107705048119585,0.5413515225351517,0.7335705414063288,-0.5896552307384748,0.30947150973418147,104,111,3,187,True
pooled,mixedlm,NAFLD,Bacteria.Pseudomonadota.Gammaproteobacteria.Enterobacterales.Enterobacteriaceae.Escherichia-Shigella,Escherichia-Shigella,0.36764615007892765,0.3468394353028346,1.059989472529057,0.28914938871443385,0.48653631133979436,-0.3121591431146282,1.0474514432724835,104,111,3,187,True
pooled,mixedlm,NAFLD,Bacteria.Verrucomicrobiota.Verrucomicrobiia.Verrucomicrobiales.Akkermansiaceae.Akkermansia,Akkermansia,-1.2224265253254056,0.40533766560240825,-3.015822680847212,0.0025628308516860076,0.021784062239331065,-2.0168883499061256,-0.4279647007446855,104,111,3,187,True
pooled,mixedlm,NAFLD,Bacteria.Actinomycetota.Coriobacteriia.Coriobacteriales.Eggerthellaceae.Slackia,Slackia,0.10507747423887973,0.1924550898317243,0.5459843869588258,0.5850766695471432,0.7644942832127452,-0.27213450183129984,0.48228945030905934,104,111,3,187,True
pooled,mixedlm,NAFLD,Bacteria.Bacillota.Bacilli.Erysipelotrichales.Erysipelatoclostridiaceae.Erysipelotrichaceae UCG-003,Erysipelotrichaceae UCG-003,0.3670057872694959,0.32400136373026517,1.132729143618767,0.25732801505838654,0.4582889411039836,-0.2680368856418239,1.0020484601808157,104,111,3,187,True
pooled,mixedlm,NAFLD,Bacteria.Bacillota.Clostridia.Oscillospirales.Ruminococcaceae.Fournierella,Fournierella,0.0897076191300858,0.2505390102937325,0.35805848767787657,0.7202995442651774,0.8525064226429631,-0.4013488410456299,0.5807640793058015,104,111,3,187,True
pooled,mixedlm,NAFLD,Bacteria.Bacillota.Clostridia.Oscillospirales.[Eubacterium] coprostanoligenes group.Incertae Sedis,Incertae Sedis,-1.5212641008694738,0.4128301125180502,-3.684963995456992,0.00022873497255771025,0.006110491409755974,-2.330411121404852,-0.7121170803340955,104,111,3,187,True
pooled,mixedlm,NAFLD,Bacteria.Bacillota.Clostridia.Peptococcales.Peptococcaceae.Peptococcus,Peptococcus,-0.4876991662973889,0.3042541534268521,-1.6029334712587258,0.10894934298464597,0.2790894128510794,-1.084037307014019,0.10863897441924114,104,111,3,187,True
pooled,mixedlm,NAFLD,Bacteria.Bacillota.Clostridia.Peptostreptococcales-Tissierellales.Anaerovoracaceae.Family XIII AD3011 group,Family XIII AD3011 group,-1.0264884174342532,0.27256354338522365,-3.766051778918507,0.00016584941128562476,0.005642531267880771,-1.5607129624692915,-0.4922638723992149,104,111,3,187,True
pooled,mixedlm,NAFLD,Bacteria.Bacillota.Clostridia.Peptostreptococcales-Tissierellales.Family XI.Parvimonas,Parvimonas,-0.3622242180159691,0.24857467479252351,-1.4572048352001459,0.14505984630683652,0.32293084832593366,-0.8494305806093152,0.124982144577377,104,111,3,187,True
pooled,mixedlm,NAFLD,Bacteria.Bacillota.Clostridia.Peptostreptococcales-Tissierellales.Peptostreptococcaceae.Intestinibacter,Intestinibacter,-0.3117221599687103,0.22253342439107657,-1.4007880426128476,0.16127746537301602,0.3506847212180697,-0.7478876717752203,0.12444335183779981,104,111,3,187,True
pooled,mixedlm,NAFLD,Bacteria.Bacteroidota.Bacteroidia.Bacteroidales.Muribaculaceae.Incertae Sedis,Incertae Sedis,0.23526954128111272,0.36948007817717304,0.6367583942328179,0.5242822307059742,0.7283691941315278,-0.48891141194614646,0.9594504945083719,104,111,3,187,True
pooled,mixedlm,NAFLD,Bacteria.Actinomycetota.Actinobacteria.Actinomycetales.Actinomycetaceae.Schaalia,Schaalia,-0.1967739430820586,0.2559634738064652,-0.7687579018826725,0.4420370445249213,0.6407823823733356,-0.6984623517427304,0.3049144655786133,104,111,3,187,True
pooled,mixedlm,NAFLD,Bacteria.Bacillota.Bacilli.Lactobacillales.P5D1-392.Incertae Sedis,Incertae Sedis,0.17693709463498306,0.1911815096015202,0.9254927163394264,0.354709670685067,0.5574009110765339,-0.1977786641839965,0.5516528534539626,104,111,3,187,True
pooled,mixedlm,NAFLD,Bacteria.Bacillota.Clostridia.Lachnospirales.Lachnospiraceae.Anaerostipes,Anaerostipes,-0.6103331607087941,0.45947935809825435,-1.3283146455912855,0.18407418346045745,0.37415078594679935,-1.5109127025813724,0.29024638116378443,104,111,3,187,True
pooled,mixedlm,NAFLD,Bacteria.Bacillota.Clostridia.Lachnospirales.Lachnospiraceae.Fusicatenibacter,Fusicatenibacter,-0.13629562060705364,0.360457510364627,-0.3781184097653603,0.7053426328060601,0.8455068739405978,-0.8427923409217224,0.5702010997076152,104,111,3,187,True
pooled,mixedlm,NAFLD,Bacteria.Bacillota.Clostridia.Lachnospirales.Lachnospiraceae.Marvinbryantia,Marvinbryantia,0.06343394579302747,0.15709492033749967,0.40379374238675075,0.6863643984487309,0.8388898203262266,-0.24447209806847187,0.3713399896545268,104,111,3,187,True
pooled,mixedlm,NAFLD,Bacteria.Bacillota.Negativicutes.Veillonellales-Selenomonadales.Veillonellaceae.Dialister,Dialister,-0.2000838984424262,0.42560854797408465,-0.47011249984248277,0.6382746441045328,0.8064686381591056,-1.034276652471632,0.6341088555867798,104,111,3,187,True
pooled,mixedlm,NAFLD,Bacteria.Bacillota.Negativicutes.Veillonellales-Selenomonadales.Veillonellaceae.Megasphaera,Megasphaera,-0.057671961992034344,0.4121709173175198,-0.13992244374584584,0.8887212681872309,0.9329834328768188,-0.8655269599343732,0.7501830359503044,104,111,3,187,True
pooled,mixedlm,NAFLD,Bacteria.Patescibacteria.Saccharimonadia.Saccharimonadales.Incertae Sedis.Incertae Sedis,Incertae Sedis,0.051050322988653966,0.1815202493815549,0.2812376203899234,0.7785281516939794,0.8717650560884679,-0.30472936579919363,0.4068300117765016,104,111,3,187,True
pooled,mixedlm,NAFLD,Bacteria.Bacillota.Bacilli.Erysipelotrichales.Erysipelotrichaceae.Turicibacter,Turicibacter,0.06880721500246208,0.3048537902623732,0.22570562413950299,0.8214303835264816,0.9035734218791297,-0.5287062139117893,0.6663206439167135,104,111,3,187,True
pooled,mixedlm,NAFLD,Bacteria.Bacillota.Clostridia.Lachnospirales.Lachnospiraceae.Faecalimonas,Faecalimonas,0.2165573253394115,0.13575610817486145,1.595193971386345,0.11066886647245326,0.2796632166263346,-0.049524646683316936,0.48263929736213995,104,111,3,187,True
pooled,mixedlm,NAFLD,Bacteria.Bacteroidota.Bacteroidia.Bacteroidales.Prevotellaceae.Leyella,Leyella,0.7592134003214929,0.3368859484296707,2.2536214521870703,0.02421999259916132,0.10064752480095927,0.09891694139933838,1.4195098592436475,104,111,3,187,True
pooled,mixedlm,NAFLD,Bacteria.Bacillota.Bacilli.Lactobacillales.Streptococcaceae.Lactococcus,Lactococcus,0.12876088944226433,0.17189440418271276,0.7490696980769643,0.4538151976499851,0.6527957073888248,-0.2081521427558527,0.46567392164038135,104,111,3,187,True
pooled,mixedlm,NAFLD,Bacteria.Bacillota.Clostridia.Lachnospirales.Lachnospiraceae.CAG-56,CAG-56,0.43350132854100837,0.2836225783766058,1.5284443538390915,0.12640224960364466,0.3025475004323489,-0.12239892507713906,0.9894015821591557,104,111,3,187,True
pooled,mixedlm,NAFLD,Bacteria.Bacillota.Clostridia.Lachnospirales.Lachnospiraceae.Lachnoclostridium,Lachnoclostridium,0.4831884413183122,0.2546736247911754,1.8972849729315786,0.057790337190590346,0.1743031137845225,-0.015971863272391584,0.9823487459090159,104,111,3,187,True
pooled,mixedlm,NAFLD,Bacteria.Bacillota.Clostridia.Lachnospirales.Lachnospiraceae.Lachnospira,Lachnospira,0.10754015315913458,0.4139140536558721,0.2598127611500319,0.7950082069322643,0.884919849382937,-0.7037313920063747,0.9188116983246438,104,111,3,187,True
pooled,mixedlm,NAFLD,Bacteria.Bacillota.Clostridia.Lachnospirales.Lachnospiraceae.Lachnospiraceae FCS020 group,Lachnospiraceae FCS020 group,-0.01192382657876681,0.18270474844691803,-0.06526281708672224,0.9479647468690123,0.9582130144027314,-0.3700251335347261,0.34617748037719254,104,111,3,187,True
pooled,mixedlm,NAFLD,Bacteria.Bacillota.Clostridia.Oscillospirales.Ruminococcaceae.Ruthenibacterium,Ruthenibacterium,-0.7935482801353348,0.295361395457587,-2.686702772736886,0.007216113364395631,0.043529458036838165,-1.3724566152322053,-0.2146399450384644,104,111,3,187,True
pooled,mixedlm,NAFLD,Bacteria.Actinomycetota.Actinobacteria.Bifidobacteriales.Bifidobacteriaceae.Bifidobacterium,Bifidobacterium,-0.37633479193667,0.3425902431637247,-1.098498277304467,0.2719869694845869,0.47094040086683103,-1.0478116685375705,0.29514208466423036,104,111,3,187,True
pooled,mixedlm,NAFLD,Bacteria.Bacillota.Bacilli.Erysipelotrichales.Erysipelotrichaceae.Solobacterium,Solobacterium,0.03589028611279621,0.22561812347134658,0.15907536841717534,0.8736094942467931,0.9329834328768188,-0.4063212358910431,0.4781018081166355,104,111,3,187,True
pooled,mixedlm,NAFLD,Bacteria.Bacillota.Clostridia.Oscillospirales.Ruminococcaceae.Candidatus Soleaferrea,Candidatus Soleaferrea,-0.01617269563020071,0.19991895970977883,-0.08089625743190398,0.9355244563488541,0.9507775724849766,-0.4080138566613672,0.3756684654009658,104,111,3,187,True
pooled,mixedlm,NAFLD,Bacteria.Bacillota.Clostridia.Peptostreptococcales-Tissierellales.Family XI.Anaerococcus,Anaerococcus,-0.6529384830783614,0.23276434485356218,-2.8051482003789765,0.005029344957377131,0.0335888395367687,-1.1091565989913432,-0.1967203671653796,104,111,3,187,True
pooled,mixedlm,NAFLD,Bacteria.Thermodesulfobacteriota.Desulfovibrionia.Desulfovibrionales.Desulfovibrionaceae.Bilophila,Bilophila,-0.48708882305737716,0.34432168167085514,-1.4146330277365349,0.15717611985830815,0.34578746368827795,-1.1619593191322533,0.18778167301749887,104,111,3,187,True
pooled,mixedlm,NAFLD,Bacteria.Actinomycetota.Coriobacteriia.Coriobacteriales.Eggerthellaceae.Gordonibacter,Gordonibacter,-0.19523751102915576,0.18505008670729828,-1.0550522537067026,0.2914014271126041,0.48653631133979436,-0.5579356809754603,0.16746065891714884,104,111,3,187,True
pooled,mixedlm,NAFLD,Bacteria.Bacillota.Clostridia.Lachnospirales.Lachnospiraceae.Anaerobutyricum,Anaerobutyricum,-0.01648828633151138,0.3567914826057384,-0.04621266800175065,0.963140745657498,0.9665161942585832,-0.7157995922387586,0.6828230195757359,104,111,3,187,True
pooled,mixedlm,NAFLD,Bacteria.Bacillota.Clostridia.Lachnospirales.Lachnospiraceae.Lachnospiraceae UCG-004,Lachnospiraceae UCG-004,0.4805864253588687,0.26438595913781493,1.817745643248612,0.06910301805520028,0.1988040673280377,-0.037610054551248606,0.998782905268986,104,111,3,187,True
pooled,mixedlm,NAFLD,Bacteria.Bacillota.Clostridia.Lachnospirales.Lachnospiraceae.[Eubacterium] ventriosum group,[Eubacterium] ventriosum group,-0.8213014730216451,0.33504020756044844,-2.4513519705645024,0.014232071185451006,0.06824095670972662,-1.477980279840124,-0.16462266620316623,104,111,3,187,True
pooled,mixedlm,NAFLD,Bacteria.Bacillota.Clostridia.Lachnospirales.Lachnospiraceae.[Ruminococcus] gnavus group,[Ruminococcus] gnavus group,1.0174464629749946,0.46775293212930225,2.175179230503977,0.02961668795732731,0.11302695200041239,0.10065071600156228,1.9342422099484269,104,111,3,187,True
pooled,mixedlm,NAFLD,Bacteria.Bacillota.Clostridia.Monoglobales.Monoglobaceae.Monoglobus,Monoglobus,-0.4809288755755291,0.3214002318520223,-1.496355098452313,0.13456114394015714,0.3106535051457949,-1.110873330005493,0.14901557885443462,104,111,3,187,True
pooled,mixedlm,NAFLD,Bacteria.Bacillota.Clostridia.Oscillospirales.Oscillospiraceae.UCG-005,UCG-005,-1.4627542386690318,0.433148512921401,-3.377027035839005,0.0007327384757739497,0.012456554088157145,-2.3117253239949775,-0.6137831533430859,104,111,3,187,True
pooled,mixedlm,NAFLD,Bacteria.Bacillota.Clostridia.Peptostreptococcales-Tissierellales.Anaerovoracaceae.Family XIII UCG-001,Family XIII UCG-001,-0.8124706121252312,0.28238739887217856,-2.877148964047764,0.004012861112343733,0.02886173184647223,-1.3659499139147013,-0.25899131033576117,104,111,3,187,True
pooled,mixedlm,NAFLD,Bacteria.Bacillota.Clostridia.Peptostreptococcales-Tissierellales.Family XI.Fenollaria,Fenollaria,-0.6435035075154009,0.2925221601945676,-2.199845328256096,0.027817870728521165,0.11012212577618949,-1.2168469414967533,-0.0701600735340483,104,111,3,187,True
pooled,mixedlm,NAFLD,Bacteria.Bacteroidota.Bacteroidia.Bacteroidales.Rikenellaceae.Rikenellaceae RC9 gut group,Rikenellaceae RC9 gut group,-0.26469087366984434,0.27650703675858207,-0.957266320498547,0.33843285006833335,0.536330025108291,-0.8066446657166652,0.2772629183769765,104,111,3,187,True
pooled,mixedlm,NAFLD,Bacteria.Actinomycetota.Actinobacteria.Bifidobacteriales.Bifidobacteriaceae.Gardnerella,Gardnerella,-0.6339916077885863,0.2705889874816575,-2.3430059504234735,0.01912907800972613,0.0872472582394826,-1.164346023252635,-0.10363719232453761,104,111,3,187,True
pooled,mixedlm,NAFLD,Bacteria.Bacillota.Clostridia.Lachnospirales.Lachnospiraceae.[Eubacterium] xylanophilum group,[Eubacterium] xylanophilum group,-0.42447181390575756,0.23983375689717257,-1.7698585028117937,0.07675071518089925,0.21421468266907703,-0.8945459774242157,0.045602349612700654,104,111,3,187,True
pooled,mixedlm,NAFLD,Bacteria.Bacillota.Clostridia.Lachnospirales.Lachnospiraceae.[Ruminococcus] gauvreauii group,[Ruminococcus] gauvreauii group,0.4333480235997316,0.22235488943289897,1.948902606571667,0.05130705674256737,0.15728556739114916,-0.0024675596887503426,0.8691636068882136,104,111,3,187,True
pooled,mixedlm,NAFLD,Bacteria.Bacillota.Clostridia.Oscillospirales.Oscillospiraceae.UCG-003,UCG-003,-1.0383097702169768,0.3962248787267596,-2.6205062477487813,0.008779932130028922,0.046708520807957114,-1.8149105325214256,-0.26170900791252794,104,111,3,187,True
pooled,mixedlm,NAFLD,Bacteria.Bacillota.Clostridia.Oscillospirales.Ruminococcaceae.Paludicola,Paludicola,-0.7570877978606587,0.2350112906743923,-3.2214954255521384,0.0012752349811429526,0.015467137382176978,-1.2177099275824677,-0.29646566813884984,104,111,3,187,True
pooled,mixedlm,NAFLD,Bacteria.Bacteroidota.Bacteroidia.Bacteroidales.Prevotellaceae.Hoylesella,Hoylesella,-0.3085288366724292,0.26522313770274575,-1.1632802452485091,0.24471581801158593,0.4442898831860832,-0.8283661865698109,0.21130851322495242,104,111,3,187,True
pooled,mixedlm,NAFLD,Bacteria.Bacillota.Bacilli.Erysipelotrichales.Erysipelatoclostridiaceae.Thomasclavelia,Thomasclavelia,0.012062309860565732,0.2873480102542307,0.04197805250119402,0.9665161942585832,0.9665161942585832,-0.5511397902377263,0.5752644099588579,104,111,3,187,True
pooled,mixedlm,NAFLD,Bacteria.Bacillota.Bacilli.Erysipelotrichales.Erysipelotrichaceae.[Clostridium] innocuum group,[Clostridium] innocuum group,-0.0852416721346041,0.2722271237669401,-0.3131270350840626,0.75418415012943,0.8647641636779319,-0.6188068347178066,0.4483234904485984,104,111,3,187,True
pooled,mixedlm,NAFLD,Bacteria.Bacillota.Negativicutes.Veillonellales-Selenomonadales.Veillonellaceae.Veillonella,Veillonella,0.2847843410025013,0.33885908621730537,0.8404211443215462,0.40067229788181324,0.6042396750314442,-0.37937946798341726,0.9489481499884198,104,111,3,187,True
pooled,mixedlm,NAFLD,Bacteria.Bacteroidota.Bacteroidia.Bacteroidales.Barnesiellaceae.Barnesiella,Barnesiella,-1.2521359522638038,0.43058579681161335,-2.9079824776747776,0.003637687195233412,0.02834364606286033,-2.096084114014566,-0.40818779051304166,104,111,3,187,True
pooled,mixedlm,NAFLD,Bacteria.Bacillota.Clostridia.Lachnospirales.Lachnospiraceae.Hungatella,Hungatella,-0.46185312687466684,0.31309307623647514,-1.4751304386106423,0.1401774784517205,0.31582154783700883,-1.075515556298158,0.1518093025488244,104,111,3,187,True
pooled,mixedlm,NAFLD,Bacteria.Bacillota.Clostridia.Oscillospirales.Ruminococcaceae.DTU089,DTU089,-0.5270078810669773,0.2188459539806561,-2.408122569693748,0.01603479660613639,0.07496267413368764,-0.9559459508690632,-0.09806981126489134,104,111,3,187,True
pooled,mixedlm,NAFLD,Bacteria.Pseudomonadota.Gammaproteobacteria.Pseudomonadales.Moraxellaceae.Acinetobacter,Acinetobacter,0.4253876137830272,0.19748760529840778,2.1539965160864547,0.031240445134297867,0.11683926480227401,0.03831190739814794,0.8124633201679065,104,111,3,187,True
pooled,mixedlm,NAFLD,Bacteria.Bacillota.Clostridia.Lachnospirales.Lachnospiraceae.GCA-900066575,GCA-900066575,-0.45938000488175346,0.3450219509625168,-1.331451531127828,0.1830404831608038,0.37415078594679935,-1.1356230287682862,0.21686301900477944,104,111,3,187,True
pooled,mixedlm,NAFLD,Bacteria.Bacillota.Clostridia.Lachnospirales.Lachnospiraceae.Lachnospiraceae UCG-010,Lachnospiraceae UCG-010,-0.34094178285016885,0.3034605022986343,-1.1235128798233167,0.2612197335470987,0.46083103937082504,-0.935724367355492,0.2538408016551543,104,111,3,187,True
pooled,mixedlm,NAFLD,Bacteria.Bacillota.Clostridia.Oscillospirales.Butyricicoccaceae.UCG-009,UCG-009,-0.8785492274028519,0.22496902777520625,-3.905200800710739,9.414717707181118e-05,0.005642531267880771,-1.319488521842256,-0.4376099329634477,104,111,3,187,True
pooled,mixedlm,NAFLD,Bacteria.Thermodesulfobacteriota.Desulfovibrionia.Desulfovibrionales.Desulfovibrionaceae.Desulfovibrio,Desulfovibrio,-0.161441960315625,0.37242402202346,-0.43348965364391917,0.6646590809543498,0.8231208485990954,-0.8913930434816065,0.5685091228503566,104,111,3,187,True
pooled,mixedlm,NAFLD,Bacteria.Actinomycetota.Coriobacteriia.Coriobacteriales.Coriobacteriales Incertae Sedis.Incertae Sedis,Incertae Sedis,-0.6805842717144438,0.21632950935826573,-3.146053784956913,0.0016548956955841439,0.01719252750412416,-1.1045901100566446,-0.256578433372243,104,111,3,187,True
pooled,mixedlm,NAFLD,Bacteria.Actinomycetota.Coriobacteriia.Coriobacteriales.Incertae Sedis.Incertae Sedis,Incertae Sedis,-0.038638598121658756,0.13077965636427555,-0.295448078056072,0.7676516105376293,0.8647641636779319,-0.29496672459563883,0.2176895283523213,104,111,3,187,True
pooled,mixedlm,NAFLD,Bacteria.Bacillota.Clostridia.Clostridia vadinBB60 group.Incertae Sedis.Incertae Sedis,Incertae Sedis,-0.8392076012091721,0.3171451123144123,-2.6461312775244537,0.008141821272121163,0.046136987208686586,-1.4608120213454203,-0.2176031810729241,104,111,3,187,True
pooled,mixedlm,NAFLD,Bacteria.Pseudomonadota.Alphaproteobacteria.Rhodospirillales.Incertae Sedis.Incertae Sedis,Incertae Sedis,0.3433995786508855,0.33566839140847116,1.0230322170341215,0.30629261344187064,0.5063532753860381,-0.3145104685097179,1.0013096258114889,104,111,3,187,True
pooled,mixedlm,NAFLD,Bacteria.Pseudomonadota.Gammaproteobacteria.Burkholderiales.Sutterellaceae.Sutterella,Sutterella,0.07214994297050005,0.4670194311700086,0.1544902377824947,0.8772232079358115,0.9329834328768188,-0.8432081421227168,0.9875080280637168,104,111,3,187,True
pooled,mixedlm,NAFLD,Bacteria.Actinomycetota.Actinobacteria.Mycobacteriales.Corynebacteriaceae.Corynebacterium,Corynebacterium,-0.5399053025566293,0.24613134986139498,-2.1935657642176363,0.028266641910465753,0.11012212577618949,-1.0223227482849635,-0.0574878568282951,104,111,3,187,True
pooled,mixedlm,NAFLD,Bacteria.Bacillota.Negativicutes.Veillonellales-Selenomonadales.Selenomonadaceae.Megamonas,Megamonas,1.6631984923538587,0.4605264162430701,3.6115159384820332,0.00030441237136555143,0.007115639180669765,0.7605667165174413,2.5658302681902763,104,111,3,187,True
pooled,mixedlm,NAFLD,Bacteria.Patescibacteria.Saccharimonadia.Saccharimonadales.Saccharimonadaceae.TM7x,TM7x,0.1954330192692197,0.1688553632026396,1.1573989452421765,0.2471094047908633,0.4443217182297253,-0.13552349260795393,0.5263895311463933,104,111,3,187,True
pooled,mixedlm,NAFLD,Bacteria.Bacillota.Clostridia.Lachnospirales.Lachnospiraceae.Lachnospiraceae ND3007 group,Lachnospiraceae ND3007 group,-0.418666371084783,0.3841035696195921,-1.0899830259307957,0.27572062123675267,0.47302528597497934,-1.1715093675391834,0.33417662536961745,104,111,3,187,True
pooled,mixedlm,NAFLD,Bacteria.Bacillota.Clostridia.Oscillospirales.Oscillospiraceae.Oscillibacter,Oscillibacter,-0.6536974332393249,0.35665891534433264,-1.8328363742378893,0.0668269080403192,0.19525987193030767,-1.352748907314217,0.045354040835567044,104,111,3,187,True
pooled,mixedlm,NAFLD,Bacteria.Bacillota.Clostridia.Peptococcales.Peptococcaceae.Incertae Sedis,Incertae Sedis,-0.45385956665268645,0.1413514751822068,-3.210858366123496,0.0013233914337691531,0.015467137382176978,-0.7309084580098117,-0.1768106752955611,104,111,3,187,True
pooled,mixedlm,NAFLD,Bacteria.Bacillota.Negativicutes.Veillonellales-Selenomonadales.Veillonellaceae.Incertae Sedis,Incertae Sedis,0.29232719934220913,0.22564668572561045,1.2955084999461641,0.19514487106525769,0.39176524805110396,-0.1499403046799873,0.7345947033644056,104,111,3,187,True
pooled,mixedlm,NAFLD,Bacteria.Bacteroidota.Bacteroidia.Bacteroidales.Prevotellaceae.Paraprevotella,Paraprevotella,-0.16848606527360804,0.4592156459351295,-0.36689966198888835,0.7136938635916119,0.8500684872078434,-1.0685487313064619,0.7315766007592457,104,111,3,187,True
pooled,mixedlm,NAFLD,Bacteria.Bacillota.Clostridia.Lachnospirales.Defluviitaleaceae.Defluviitaleaceae UCG-011,Defluviitaleaceae UCG-011,-0.37742612231361855,0.204516765887008,-1.8454532110200685,0.06497163877946763,0.19285232463111818,-0.7782789834521542,0.023426738824917137,104,111,3,187,True
pooled,mixedlm,NAFLD,Bacteria.Bacillota.Clostridia.Oscillospirales.Oscillospiraceae.Fastidiosipila,Fastidiosipila,-0.8439404119683532,0.2716284959288057,-3.10696567045584,0.0018901834752692217,0.018603384730281287,-1.3763322639888125,-0.311548559947894,104,111,3,187,True
pooled,mixedlm,NAFLD,Bacteria.Bacillota.Clostridia.Peptostreptococcales-Tissierellales.Family XI.Ezakiella,Ezakiella,-0.8072065413143766,0.2965048970922458,-2.7224054281411956,0.00648085799054403,0.04179036014592185,-1.3883561396151785,-0.22605694301357482,104,111,3,187,True
pooled,mixedlm,NAFLD,Bacteria.Bacillota.Clostridia.Peptostreptococcales-Tissierellales.Family XI.Peptoniphilus,Peptoniphilus,-0.9520229859834954,0.2529023500904295,-3.7643896375145727,0.00016695638369072964,0.005642531267880771,-1.4477115921607373,-0.45633437980625363,104,111,3,187,True
pooled,mixedlm,NAFLD,Bacteria.Bacillota.Clostridia.Peptostreptococcales-Tissierellales.Family XI.W5053,W5053,-0.3669410112034031,0.27346278893539067,-1.3418315984852256,0.17965060422289758,0.37415078594679935,-0.9029280775167687,0.16904605510996257,104,111,3,187,True
pooled,mixedlm,NAFLD,Bacteria.Bacteroidota.Bacteroidia.Bacteroidales.Marinifilaceae.Odoribacter,Odoribacter,-1.2060551483659587,0.3629997950969621,-3.3224678488972845,0.0008922495315799176,0.012834666338880352,-1.9175347467560044,-0.494575549975913,104,111,3,187,True
pooled,mixedlm,NAFLD,Bacteria.Bacteroidota.Bacteroidia.Bacteroidales.Porphyromonadaceae.Porphyromonas,Porphyromonas,-0.476260381351425,0.2634294223935896,-1.807924023915009,0.07061832614883991,0.20008525742171307,-0.9925820492428605,0.04006128654001051,104,111,3,187,True
pooled,mixedlm,NAFLD,Bacteria.Bacteroidota.Bacteroidia.Bacteroidales.Prevotellaceae.Prevotella,Prevotella,-0.09308997099746595,0.2856109773454974,-0.32593274902335784,0.7444752373284085,0.8647641636779319,-0.6528874865946408,0.46670754459970887,104,111,3,187,True
pooled,mixedlm,NAFLD,Bacteria.Bacillota.Clostridia.Lachnospirales.Lachnospiraceae.Enterocloster,Enterocloster,0.5147456120355911,0.3857284132644944,1.3344767829758744,0.18204765078482332,0.37415078594679935,-0.24128207796281798,1.2707733020340002,104,111,3,187,True
pooled,mixedlm,NAFLD,Bacteria.Bacteroidota.Bacteroidia.Bacteroidales.Tannerellaceae.Incertae Sedis,Incertae Sedis,-0.5490795765301267,0.2625579907435407,-2.091269722834116,0.03650389231595408,0.1338476051584983,-1.0636932383874664,-0.034465914672787035,104,111,3,187,True
pooled,mixedlm,NAFLD,Bacteria.Pseudomonadota.Alphaproteobacteria.Rickettsiales.Mitochondria.Incertae Sedis,Incertae Sedis,0.04621718740271477,0.20049571896996174,0.23051458475100423,0.8176919316247532,0.9035734218791297,-0.3467544217784102,0.4391887965838398,104,111,3,187,False
pooled,mixedlm,NAFLD,Bacteria.Bacillota.Clostridia.Oscillospirales.Oscillospiraceae.Incertae Sedis,Incertae Sedis,-0.1109254023552076,0.2643046781350295,-0.4196876239115881,0.6747136673128735,0.8300753670230746,-0.6289625714998655,0.4071117667894502,104,111,3,187,True
pooled,mixedlm,NAFLD,Bacteria.Bacillota.Clostridia.Peptostreptococcales-Tissierellales.Peptostreptococcaceae.Peptostreptococcus,Peptostreptococcus,-0.025925540106962505,0.25305913309048234,-0.10244854548558309,0.9184006526202816,0.9436314397801794,-0.5219214409643078,0.47007036075038283,104,111,3,187,True
pooled,mixedlm,NAFLD,Bacteria.Pseudomonadota.Gammaproteobacteria.Enterobacterales.Enterobacteriaceae.Citrobacter,Citrobacter,-0.9351839904651797,0.2309143563226318,-4.049917057380996,5.123578948978465e-05,0.004790546317294865,-1.387776128857538,-0.48259185207282146,104,111,3,187,True
pooled,mixedlm,NAFLD,Bacteria.Bacillota.Bacilli.Erysipelotrichales.Erysipelotrichaceae.Holdemania,Holdemania,-0.21132814140976608,0.24773947171473296,-0.8530257207180381,0.39364504090091634,0.5984684768168403,-0.6968975059706426,0.2742412231511105,104,111,3,187,True
pooled,mixedlm,NAFLD,Bacteria.Bacillota.Negativicutes.Veillonellales-Selenomonadales.Veillonellaceae.Allisonella,Allisonella,0.8298619846197757,0.31234087611637484,2.656911240495394,0.007886020281216443,0.046083931018358594,0.21767386743168093,1.4420501018078704,104,111,3,187,True
pooled,mixedlm,NAFLD,Bacteria.Bacillota.Clostridia.Peptostreptococcales-Tissierellales.Anaerovoracaceae.[Eubacterium] brachy group,[Eubacterium] brachy group,-0.08645811248176152,0.1388902070835375,-0.6224925017914335,0.5336180727059856,0.7283691941315278,-0.35868291836549504,0.18576669340197197,104,111,3,187,True
pooled,mixedlm,NAFLD,Bacteria.Bacteroidota.Bacteroidia.Bacteroidales.Marinifilaceae.Butyricimonas,Butyricimonas,-1.3348038516369756,0.35650889658167834,-3.744096891930336,0.00018104378399617447,0.005642531267880771,-2.033561288937065,-0.636046414336886,104,111,3,187,True
pooled,mixedlm,NAFLD,Bacteria.Fusobacteriota.Fusobacteriia.Fusobacteriales.Fusobacteriaceae.Fusobacterium,Fusobacterium,0.9793991221969808,0.4371282571860872,2.2405303388566957,0.02505651343571462,0.10186017418431813,0.1226277381122498,1.8361705062817117,104,111,3,187,True
pooled,mixedlm,NAFLD,Bacteria.Bacteroidota.Bacteroidia.Bacteroidales.NA.NA,Bacteroidales,-0.5414357135256024,0.3116600537775984,-1.7372637492771934,0.08234062705977217,0.2235943154900564,-1.1522894189296953,0.06941799187849051,104,111,3,187,True
pooled,mixedlm,NAFLD,Bacteria.Actinomycetota.Actinobacteria.Mycobacteriales.Corynebacteriaceae.Lawsonella,Lawsonella,-0.14853154405287222,0.18426019579401512,-0.8060967449471071,0.4201870682980108,0.6168710671129776,-0.5096815278091418,0.2126184397033974,104,111,3,187,True
pooled,mixedlm,NAFLD,Bacteria.Bacillota.Clostridia.Christensenellales.Christensenellaceae.Incertae Sedis,Incertae Sedis,-0.6931587787170241,0.23955591767075343,-2.893515574387539,0.0038095539738734435,0.028495463724573355,-1.1626883773517007,-0.22362918008234745,104,111,3,187,True
pooled,mixedlm,NAFLD,Bacteria.Bacillota.Clostridia.Lachnospirales.Lachnospiraceae.Faecalicatena,Faecalicatena,-0.37458432976776596,0.29982054400093266,-1.249361784116437,0.21153277943310667,0.4120482266040723,-0.9622325960095939,0.21306393647406202,104,111,3,187,True
pooled,mixedlm,NAFLD,Bacteria.Bacillota.Clostridia.Oscillospirales.Ruminococcaceae.Anaerotruncus,Anaerotruncus,-0.5949552288898781,0.22072933019193858,-2.695406307682471,0.007030284602127174,0.043529458036838165,-1.0275847160660776,-0.16232574171367847,104,111,3,187,True
pooled,mixedlm,NAFLD,Bacteria.Bacillota.Clostridia.Lachnospirales.Lachnospiraceae.Sellimonas,Sellimonas,0.34577192737795176,0.22802167817639013,1.516399362303061,0.12941840022503182,0.3025475004323489,-0.10115056184777288,0.7926944166036765,104,111,3,187,True
pooled,mixedlm,NAFLD,Bacteria.Bacillota.Clostridia.Oscillospirales.Oscillospiraceae.Oscillospira,Oscillospira,-0.3808320957291782,0.3196400310315435,-1.1914405542389528,0.23348068039344527,0.43660887233574264,-1.0073265565510034,0.24566236509264705,104,111,3,187,True
pooled,mixedlm,NAFLD,Bacteria.Pseudomonadota.Gammaproteobacteria.Burkholderiales.Sutterellaceae.Parasutterella,Parasutterella,0.3196951924269915,0.4395359635327572,0.7273470636110204,0.46701337411621036,0.6666526790819186,-0.5417952960972126,1.1811856809511956,104,111,3,187,True
pooled,mixedlm,NAFLD,Bacteria.Bacillota.Clostridia.Lachnospirales.Lachnospiraceae.Moryella,Moryella,0.3456824542533188,0.25630149820407905,1.3487336464107225,0.1774225341871083,0.37415078594679935,-0.15666848222667618,0.8480333907333137,104,111,3,187,True
pooled,mixedlm,NAFLD,Bacteria.Bacillota.Clostridia.Peptostreptococcales-Tissierellales.Anaerovoracaceae.S5-A14a,S5-A14a,-0.4524149311135586,0.2221327660314873,-2.036687064210189,0.0416814116570301,0.1394734264575596,-0.8877951525352736,-0.017034709691843564,104,111,3,187,True
pooled,mixedlm,NAFLD,Bacteria.Pseudomonadota.Gammaproteobacteria.Burkholderiales.Neisseriaceae.Neisseria,Neisseria,-0.19588545291453954,0.19242504057143275,-1.0179831706561195,0.3086859539786543,0.5063532753860381,-0.5730385324345477,0.18126762660546866,104,111,3,187,True
pooled,mixedlm,NAFLD,Bacteria.Bacillota.Bacilli.Erysipelotrichales.Erysipelotrichaceae.Faecalitalea,Faecalitalea,-0.03214519928676759,0.23335556986584813,-0.13775201211287683,0.8904364114699479,0.9329834328768188,-0.4895221162238299,0.42523171765029477,104,111,3,187,True
pooled,mixedlm,NAFLD,Bacteria.Bacteroidota.Bacteroidia.Bacteroidales.Prevotellaceae.NA,Prevotellaceae,-0.6689490464106131,0.32197232572477325,-2.077660074991789,0.037740678769907984,0.1357212871148614,-1.3000148048311688,-0.03788328799005758,104,111,3,187,True
pooled,mixedlm,NAFLD,Bacteria.Bacillota.Clostridia.Lachnospirales.Lachnospiraceae.Anaerotignum,Anaerotignum,0.42817557231244285,0.24777951596343537,1.7280507254507205,0.0839791305073558,0.2235943154900564,-0.05747227897589047,0.9138234236007762,104,111,3,187,True
pooled,mixedlm,NAFLD,Bacteria.Campylobacterota.Campylobacteria.Campylobacterales.Campylobacteraceae.Campylobacter,Campylobacter,-0.12404158201526393,0.2708879485144415,-0.4579073476524596,0.6470190078147853,0.8115154384463291,-0.6549819611035692,0.40689879707304133,104,111,3,187,True
pooled,mixedlm,NAFLD,Bacteria.Bacillota.Clostridia.Peptostreptococcales-Tissierellales.Anaerovoracaceae.NA,Anaerovoracaceae,-0.4709387862067899,0.27332977940809017,-1.7229691811358145,0.08489409839462035,0.2235943154900564,-1.0066651538466467,0.06478758143306679,104,111,3,187,True
pooled,mixedlm,NAFLD,Bacteria.Actinomycetota.Coriobacteriia.Coriobacteriales.Eggerthellaceae.Asaccharobacter,Asaccharobacter,-0.37388888722972585,0.1655128630750458,-2.258971781910385,0.023885140217416296,0.10064752480095927,-0.6982940988568156,-0.04948367560263606,104,111,3,187,True
pooled,mixedlm,NAFLD,Bacteria.Pseudomonadota.NA.NA.NA.NA,Bacteria.Pseudomonadota.NA.NA.NA.NA,-0.19092686483565277,0.19616000822382798,-0.9733220678589902,0.33039325794892904,0.5280644379183738,-0.5754004809543556,0.19354675128305007,104,111,3,187,True
pooled,mixedlm,NAFLD,Bacteria.Bacillota.Clostridia.Oscillospirales.Ruminococcaceae.Negativibacillus,Negativibacillus,0.08262282341900168,0.27393083739873364,0.3016192853772645,0.7629423046972146,0.8647641636779319,-0.45428161788251625,0.6195272647205197,104,111,3,187,True
pooled,mixedlm,NAFLD,Bacteria.Bacillota.Clostridia.Lachnospirales.Lachnospiraceae.Tyzzerella,Tyzzerella,0.8896355938288468,0.3405489348842117,2.612357587115424,0.008992014700997092,0.046708520807957114,0.222159681455792,1.5571115062019016,104,111,3,187,True
pooled,mixedlm,NAFLD,Bacteria.Actinomycetota.Actinobacteria.Actinomycetales.Actinomycetaceae.Varibaculum,Varibaculum,-0.3369681020034217,0.22222387095160573,-1.5163452088223417,0.12943208574645942,0.3025475004323489,-0.7725268890685689,0.09859068506172552,104,111,3,187,True
pooled,mixedlm,NAFLD,Bacteria.Bacillota.Bacilli.Erysipelotrichales.Erysipelatoclostridiaceae.Coprobacillus,Coprobacillus,-0.17706577230164014,0.22028636609562244,-0.8037981443880144,0.4215135616205593,0.6168710671129776,-0.6088270498490601,0.2546955052457799,104,111,3,187,True
pooled,mixedlm,NAFLD,Bacteria.Bacillota.Clostridia.Oscillospirales.Oscillospiraceae.Flavonifractor,Flavonifractor,-0.15445321560548392,0.3413743333007861,-0.45244530867935717,0.6509482126574833,0.8115154384463291,-0.8235469088750247,0.5146404776640567,104,111,3,187,True
pooled,mixedlm,NAFLD,Bacteria.Bacteroidota.Bacteroidia.Bacteroidales.Barnesiellaceae.Coprobacter,Coprobacter,-0.49026369256327074,0.3567812554800974,-1.3741296243367793,0.1694014440061432,0.36411574746148023,-1.1895549533042615,0.20902756817772017,104,111,3,187,True
pooled,mixedlm,NAFLD,Bacteria.Bacillota.Clostridia.Oscillospirales.NA.NA,Oscillospirales,-0.5801366825624732,0.28402854389305077,-2.042529509924609,0.0410990352802502,0.1394734264575596,-1.1368326285928527,-0.023440736532093664,104,111,3,187,True
pooled,mixedlm,NAFLD,Bacteria.Bacillota.Clostridia.Oscillospirales.Ruminococcaceae.Phocea,Phocea,0.13399607008273753,0.2108486654376313,0.6355082675274193,0.5250969763658296,0.7283691941315278,-0.2792673141750198,0.5472594543404949,104,111,3,187,True
pooled,mixedlm,NAFLD,Bacteria.Bacillota.Clostridia.Christensenellales.Christensenellaceae.Christensenella,Christensenella,-0.18731585627177347,0.15808799053428568,-1.1848835299804061,0.23606350019050248,0.4370680647091481,-0.4971683177189734,0.12253660517542644,104,111,3,187,True
pooled,mixedlm,NAFLD,Bacteria.Bacillota.Clostridia.Christensenellales.Christensenellaceae.NA,Christensenellaceae,-0.28145904793058113,0.229768064650191,-1.2249702688625888,0.22058642269522066,0.4252542375670749,-0.7318044546449555,0.1688863587837932,104,111,3,187,True
pooled,mixedlm,NAFLD,Bacteria.Verrucomicrobiota.Lentisphaeria.Victivallales.Victivallaceae.Victivallis,Victivallis,-0.5307334970048467,0.20526775080683196,-2.5855668750630763,0.009721901121302877,0.04913501377523346,-0.9330582885862373,-0.12840870542345612,104,111,3,187,True
pooled,mixedlm,NAFLD,Bacteria.Synergistota.Synergistia.Synergistales.Synergistaceae.Cloacibacillus,Cloacibacillus,-0.2688095409335456,0.15576814009331416,-1.7257029632151546,0.08440086468219639,0.2235943154900564,-0.5741150955164414,0.03649601364935018,104,111,3,187,True
pooled,mixedlm,NAFLD,Bacteria.Cyanobacteriota.Cyanobacteriia.Chloroplast.Incertae Sedis.Incertae Sedis,Incertae Sedis,0.47731297634424136,0.21031530790565636,2.2695113403649882,0.023237248387685552,0.10064752480095927,0.06509497284915489,0.8895309798393278,104,111,3,187,True
pooled,mixedlm,NAFLD,Bacteria.Actinomycetota.Coriobacteriia.Coriobacteriales.Atopobiaceae.Atopobium,Atopobium,0.11462660907617055,0.21198935210756856,0.540718710334122,0.5887014801210444,0.7644942832127452,-0.3008725210546638,0.5301257392070049,104,111,3,187,True
pooled,mixedlm,NAFLD,Bacteria.Bacillota.Clostridia.Peptostreptococcales-Tissierellales.Family XI.Finegoldia,Finegoldia,-0.168688629881411,0.2040537131490707,-0.8266873818570316,0.4084142750938309,0.610987755540371,-0.5686339076535896,0.23125664789076758,104,111,3,187,True
pooled,mixedlm,NAFLD,Bacteria.Actinomycetota.Actinobacteria.Actinomycetales.Actinomycetaceae.Mobiluncus,Mobiluncus,-0.34414882878847863,0.20748637589509938,-1.6586574771659843,0.09718483261606492,0.25241060693339085,-0.7508221255428734,0.06252446796591615,104,111,3,187,True
pooled,mixedlm,NAFLD,Bacteria.Bacillota.Clostridia.Peptostreptococcales-Tissierellales.Family XI.Murdochiella,Murdochiella,-0.5083374532545277,0.2569167681645526,-1.978607534596351,0.04786021068843516,0.1543079206678858,-1.0118943188570508,-0.00478058765200462,104,111,3,187,True
pooled,mixedlm,NAFLD,Bacteria.Bacillota.Negativicutes.Veillonellales-Selenomonadales.Veillonellaceae.Negativicoccus,Negativicoccus,-0.11581687670827973,0.23646998460029947,-0.4897741119408567,0.6242937516592706,0.7941696024509088,-0.5792980465248667,0.3476642931083072,104,111,3,187,True
pooled,mixedlm,NAFLD,Bacteria.Bacillota.Clostridia.Peptostreptococcales-Tissierellales.Family XI.Incertae Sedis,Incertae Sedis,-0.18810483379602772,0.29975559465440504,-0.6275273494491337,0.530313614364619,0.7283691941315278,-0.7756257993186616,0.39941613172660617,104,111,3,187,True
pooled,mixedlm,NAFLD,Eukaryota.NA.NA.NA.NA.NA,Eukaryota.NA.NA.NA.NA.NA,0.6481387915251148,0.15228584285923408,4.256067270312343,2.0805413124983287e-05,0.003890612254371875,0.349658539521016,0.9466190435292136,104,111,3,187,True
pooled,combat_ols,T1D,Bacteria.Actinomycetota.Coriobacteriia.Coriobacteriales.Coriobacteriaceae.Collinsella,Collinsella,-0.945549655291685,0.30447667046869686,-3.1054913134597504,0.0021506285451729245,0.255924796875578,-1.5423239294103308,-0.3487753811730392,99,123,2,119,
pooled,combat_ols,T1D,Bacteria.Actinomycetota.Coriobacteriia.Coriobacteriales.Eggerthellaceae.Adlercreutzia,Adlercreutzia,0.0795333929678733,0.19418855718931227,0.4095678659908734,0.6825232853876099,0.9696793659879687,-0.30107617912317874,0.4601429650589254,99,123,2,119,
pooled,combat_ols,T1D,Bacteria.Actinomycetota.Coriobacteriia.Coriobacteriales.Eggerthellaceae.Senegalimassilia,Senegalimassilia,-0.1488479077339931,0.2076363449067426,-0.7168682717895384,0.4742192111588237,0.9696793659879687,-0.5558151437512086,0.25811932828322237,99,123,2,119,
pooled,combat_ols,T1D,Bacteria.Bacillota.Bacilli.Erysipelotrichales.Erysipelotrichaceae.Holdemanella,Holdemanella,0.036795990230596216,0.18711276556845732,0.19665141562526897,0.8442827040453849,0.9696793659879687,-0.32994503028358013,0.40353701074477255,99,123,2,119,
pooled,combat_ols,T1D,Bacteria.Bacillota.Bacilli.Lactobacillales.Lactobacillaceae.Pediococcus,Pediococcus,0.03573009144266353,0.20659926583571864,0.17294394197448404,0.8628552229792162,0.9696793659879687,-0.369204469595345,0.44066465248067205,99,123,2,119,
pooled,combat_ols,T1D,Bacteria.Bacillota.Bacilli.Lactobacillales.Lactobacillaceae.Weissella,Weissella,0.07906769426320971,0.20847374753133588,0.379269309443027,0.7048553691906402,0.9696793659879687,-0.3295408508982086,0.487676239424628,99,123,2,119,
pooled,combat_ols,T1D,Bacteria.Bacillota.Bacilli.Lactobacillales.Streptococcaceae.Streptococcus,Streptococcus,0.3562763222716766,0.32886179382610425,1.0833618527911717,0.27983914868364573,0.9696793659879687,-0.2882927936274877,1.000845438170841,99,123,2,119,
pooled,combat_ols,T1D,Bacteria.Bacillota.Bacilli.RF39.Incertae Sedis.Incertae Sedis,Incertae Sedis,-0.33742616557831523,0.2481469188049815,-1.3597838216298719,0.1752966170617303,0.9696793659879687,-0.823794126436079,0.1489417952794485,99,123,2,119,
pooled,combat_ols,T1D,Bacteria.Bacillota.Clostridia.Christensenellales.Christensenellaceae.Christensenellaceae R-7 group,Christensenellaceae R-7 group,-0.08457625282367605,0.24800360724546136,-0.34102831714043086,0.7334092131929721,0.9696793659879687,-0.5706633230247803,0.4015108173774282,99,123,2,119,
pooled,combat_ols,T1D,Bacteria.Bacillota.Clostridia.Clostridia UCG-014.Incertae Sedis.Incertae Sedis,Incertae Sedis,-0.26289082638304845,0.3123879288036899,-0.8415524485526895,0.4009565035393937,0.9696793659879687,-0.8751711668382807,0.3493895140721837,99,123,2,119,
pooled,combat_ols,T1D,Bacteria.Bacillota.Clostridia.Clostridiales.Clostridiaceae.Clostridium,Clostridium,-0.46797627666516667,0.33256355159452133,-1.4071784909121596,0.16079210507672603,0.9696793659879687,-1.1198008377904285,0.1838482844600951,99,123,2,119,
pooled,combat_ols,T1D,Bacteria.Bacillota.Clostridia.Lachnospirales.Lachnospiraceae.Agathobacter,Agathobacter,0.11750152360270971,0.37425643019983745,0.31395993260548327,0.7538503282973429,0.9696793659879687,-0.6160410795889717,0.8510441267943911,99,123,2,119,
pooled,combat_ols,T1D,Bacteria.Bacillota.Clostridia.Lachnospirales.Lachnospiraceae.Blautia,Blautia,0.1635457700450516,0.3046065435139452,0.5369082625684445,0.5918760218293166,0.9696793659879687,-0.433483055242281,0.7605745953323841,99,123,2,119,
pooled,combat_ols,T1D,Bacteria.Bacillota.Clostridia.Lachnospirales.Lachnospiraceae.Coprococcus,Coprococcus,-0.37943735631578485,0.23760654461997374,-1.5969145838245085,0.11172665304658083,0.9696793659879687,-0.8451461837709333,0.08627147113936368,99,123,2,119,
pooled,combat_ols,T1D,Bacteria.Bacillota.Clostridia.Lachnospirales.Lachnospiraceae.Dorea,Dorea,-0.6772575619416263,0.25702375965793156,-2.634999825864257,0.009014841510865713,0.5165185663178294,-1.1810241308711722,-0.17349099301208049,99,123,2,119,
pooled,combat_ols,T1D,Bacteria.Bacillota.Clostridia.Lachnospirales.Lachnospiraceae.Lachnospiraceae NK4A136 group,Lachnospiraceae NK4A136 group,0.3386247285376052,0.31981646072756476,1.0588095677353588,0.29085294244005094,0.9696793659879687,-0.2882155344884217,0.9654649915636322,99,123,2,119,
pooled,combat_ols,T1D,Bacteria.Bacillota.Clostridia.Lachnospirales.Lachnospiraceae.Mediterraneibacter,Mediterraneibacter,-0.5981456213677727,0.3132900863221145,-1.9092389050344196,0.057538344809799656,0.7699997673584542,-1.2121941905591171,0.01590294782357171,99,123,2,119,
pooled,combat_ols,T1D,Bacteria.Bacillota.Clostridia.Lachnospirales.Lachnospiraceae.Roseburia,Roseburia,0.27796992299571055,0.3518381871100096,0.790050464046978,0.4303529154822523,0.9696793659879687,-0.41163292373990823,0.9675727697313293,99,123,2,119,
pooled,combat_ols,T1D,Bacteria.Bacillota.Clostridia.Lachnospirales.Lachnospiraceae.[Eubacterium] eligens group,[Eubacterium] eligens group,-0.025982097991007223,0.30030662157425486,-0.08651856510790522,0.9311332496967133,0.9696793659879687,-0.6145830762765467,0.5626188802945322,99,123,2,119,
pooled,combat_ols,T1D,Bacteria.Bacillota.Clostridia.Lachnospirales.Lachnospiraceae.[Eubacterium] ruminantium group,[Eubacterium] ruminantium group,-0.09959090133466841,0.16195924639443632,-0.6149133411754971,0.5392503392786281,0.9696793659879687,-0.4170310242677636,0.2178492215984268,99,123,2,119,
pooled,combat_ols,T1D,Bacteria.Bacillota.Clostridia.NA.NA.NA,Clostridia,-0.03569024405477648,0.1291110181891837,-0.2764306606464857,0.7824780120000607,0.9696793659879687,-0.28874783970557655,0.21736735159602358,99,123,2,119,
pooled,combat_ols,T1D,Bacteria.Bacillota.Clostridia.Oscillospirales.Oscillospiraceae.Colidextribacter,Colidextribacter,0.10169440402016729,0.17332581691788915,0.5867239273901342,0.5579934475317199,0.9696793659879687,-0.23802419713889544,0.44141300517923,99,123,2,119,
pooled,combat_ols,T1D,Bacteria.Bacillota.Clostridia.Oscillospirales.Oscillospiraceae.UCG-002,UCG-002,0.045841019248044686,0.266668363855297,0.17190272811258378,0.8636727449477314,0.9696793659879687,-0.4768289739083375,0.5685110124044269,99,123,2,119,
pooled,combat_ols,T1D,Bacteria.Bacillota.Clostridia.Oscillospirales.Ruminococcaceae.CAG-352,CAG-352,0.09351898303175829,0.21472882087598108,0.43552133640118657,0.6636129940390515,0.9696793659879687,-0.32734950588516465,0.5143874719486812,99,123,2,119,
pooled,combat_ols,T1D,Bacteria.Bacillota.Clostridia.Oscillospirales.Ruminococcaceae.Faecalibacterium,Faecalibacterium,-0.10270650933780086,0.37851179709475263,-0.2713429545026582,0.7863828697801556,0.9696793659879687,-0.8445896316435161,0.6391766129679143,99,123,2,119,
pooled,combat_ols,T1D,Bacteria.Bacillota.Clostridia.Oscillospirales.Ruminococcaceae.Gemmiger,Gemmiger,0.1663506559577969,0.3009607124243875,0.5527321311069476,0.5810105724132708,0.9696793659879687,-0.4235323403940025,0.7562336523095963,99,123,2,119,
pooled,combat_ols,T1D,Bacteria.Bacillota.Clostridia.Oscillospirales.Ruminococcaceae.NA,Ruminococcaceae,-0.04722766749844248,0.21832342548453731,-0.2163197439469791,0.8289398804566219,0.9696793659879687,-0.4751415814481356,0.38068624645125065,99,123,2,119,
pooled,combat_ols,T1D,Bacteria.Bacillota.Clostridia.Oscillospirales.Ruminococcaceae.Ruminococcus,Ruminococcus,-0.14340657211260308,0.33885920974782036,-0.4232039973749762,0.6725617255486858,0.9696793659879687,-0.807570623218331,0.5207574789931247,99,123,2,119,
pooled,combat_ols,T1D,Bacteria.Bacillota.Clostridia.Oscillospirales.Ruminococcaceae.[Eubacterium] siraeum group,[Eubacterium] siraeum group,0.14032891304385697,0.19985433491230453,0.7021559632691123,0.4833274942790794,0.9696793659879687,-0.2513855833842599,0.5320434094719739,99,123,2,119,
pooled,combat_ols,T1D,Bacteria.Bacillota.Clostridia.Oscillospirales.UCG-010.Incertae Sedis,Incertae Sedis,-0.10353514250894985,0.1744292511818616,-0.5935652524300705,0.5534154771392503,0.9696793659879687,-0.44541647482539853,0.23834618980749883,99,123,2,119,
pooled,combat_ols,T1D,Bacteria.Bacillota.Clostridia.Peptostreptococcales-Tissierellales.Peptostreptococcaceae.Romboutsia,Romboutsia,-0.4763333838607431,0.3642213550201803,-1.3078128926140287,0.19230794038893662,0.9696793659879687,-1.1902072397002965,0.23754047197881034,99,123,2,119,
pooled,combat_ols,T1D,Bacteria.Bacillota.Negativicutes.Acidaminococcales.Acidaminococcaceae.Phascolarctobacterium,Phascolarctobacterium,-0.01897533015128287,0.30132358887325117,-0.06297326479562361,0.9498452317293008,0.9696793659879687,-0.6095695643428551,0.5716189040402895,99,123,2,119,
pooled,combat_ols,T1D,Bacteria.Bacteroidota.Bacteroidia.Bacteroidales.Bacteroidaceae.Bacteroides,Bacteroides,0.540514232393279,0.42338098294172594,1.2766615747303778,0.20307381741959027,0.9696793659879687,-0.2893124941725038,1.3703409589590618,99,123,2,119,
pooled,combat_ols,T1D,Bacteria.Bacteroidota.Bacteroidia.Bacteroidales.Prevotellaceae.Incertae Sedis,Incertae Sedis,-0.10637117588423142,0.22092750930202845,-0.4814754677689872,0.6306593566608573,0.9696793659879687,-0.5393890941162072,0.3266467423477444,99,123,2,119,
pooled,combat_ols,T1D,Bacteria.Bacteroidota.Bacteroidia.Bacteroidales.Prevotellaceae.Segatella,Segatella,0.048580331056815695,0.36715403254875345,0.13231594031413732,0.894855887202147,0.9696793659879687,-0.6710415727387411,0.7682022348523725,99,123,2,119,
pooled,combat_ols,T1D,Bacteria.Bacteroidota.Bacteroidia.Bacteroidales.Rikenellaceae.Alistipes,Alistipes,0.034742075249559815,0.35859160143870467,0.09688479905879335,0.9229064859515224,0.9696793659879687,-0.6680974635703013,0.737581614069421,99,123,2,119,
pooled,combat_ols,T1D,Bacteria.Bacteroidota.Bacteroidia.Bacteroidales.Tannerellaceae.Parabacteroides,Parabacteroides,-0.02454511938453358,0.332342038884073,-0.07385499429127403,0.9411931803338198,0.9696793659879687,-0.6759355155973167,0.6268452768282494,99,123,2,119,
pooled,combat_ols,T1D,Bacteria.Pseudomonadota.Gammaproteobacteria.Enterobacterales.Enterobacteriaceae.Klebsiella,Klebsiella,0.2819726602934118,0.3518829954396831,0.8013250539176601,0.42381204340946765,0.9696793659879687,-0.40771801076836706,0.9716633313551906,99,123,2,119,
pooled,combat_ols,T1D,Bacteria.Pseudomonadota.Gammaproteobacteria.Enterobacterales.Enterobacteriaceae.NA,Enterobacteriaceae,0.07108286961844787,0.2587416866078354,0.2747252309836929,0.7837863343806064,0.9696793659879687,-0.4360508361329095,0.5782165753698053,99,123,2,119,
pooled,combat_ols,T1D,Bacteria.Pseudomonadota.Gammaproteobacteria.Enterobacterales.Pasteurellaceae.Haemophilus,Haemophilus,0.08506384554156608,0.2765455732676665,0.30759431270748777,0.7586833706913179,0.9696793659879687,-0.4569654780630602,0.6270931691461924,99,123,2,119,
pooled,combat_ols,T1D,Archaea.Methanobacteriota.Methanobacteria.Methanobacteriales.Methanobacteriaceae.Methanobrevibacter,Methanobrevibacter,0.01801057060936778,0.1942764885008968,0.09270586857083656,0.9262219852253786,0.9696793659879687,-0.36277134685238993,0.3987924880711255,99,123,2,119,
pooled,combat_ols,T1D,Bacteria.Actinomycetota.Coriobacteriia.Coriobacteriales.Eggerthellaceae.Eggerthella,Eggerthella,0.05818616185907389,0.19465802178779726,0.29891479079400296,0.7652885148334535,0.9696793659879687,-0.32334356084500876,0.4397158845631565,99,123,2,119,
pooled,combat_ols,T1D,Bacteria.Bacillota.Bacilli.Erysipelotrichales.Erysipelatoclostridiaceae.Catenibacterium,Catenibacterium,0.006754358857741796,0.21405377735174427,0.031554495049357076,0.9748560714620844,0.983117563593119,-0.412791044751677,0.42629976246716056,99,123,2,119,
pooled,combat_ols,T1D,Bacteria.Bacillota.Bacilli.Lactobacillales.Enterococcaceae.Enterococcus,Enterococcus,-0.31508308678395786,0.411717081777468,-0.7652902945480883,0.4449226403711366,0.9696793659879687,-1.122048567067795,0.49188239349987944,99,123,2,119,
pooled,combat_ols,T1D,Bacteria.Bacillota.Bacilli.Lactobacillales.Lactobacillaceae.Lactobacillus,Lactobacillus,-0.01702240243402515,0.2272626184233889,-0.07490190226670942,0.9403611368576581,0.9696793659879687,-0.4624571345438674,0.4284123296758171,99,123,2,119,
pooled,combat_ols,T1D,Bacteria.Bacillota.Bacilli.Staphylococcales.Staphylococcaceae.Staphylococcus,Staphylococcus,0.03167355384505065,0.23023283656591953,0.1375718351799135,0.8907052157325044,0.9696793659879687,-0.4195828058241516,0.4829299135142529,99,123,2,119,
pooled,combat_ols,T1D,Bacteria.Bacillota.Clostridia.Lachnospirales.Lachnospiraceae.NA,Lachnospiraceae,0.36465327527619956,0.3160230787275998,1.1538817884579788,0.2498063196322689,0.9696793659879687,-0.25475195902989606,0.9840585095822951,99,123,2,119,
pooled,combat_ols,T1D,Bacteria.Bacillota.Clostridia.Oscillospirales.Butyricicoccaceae.Agathobaculum,Agathobaculum,0.3608389991340946,0.2652431304423729,1.3604084619733101,0.1750992646115336,0.9696793659879687,-0.15903753653295633,0.8807155348011455,99,123,2,119,
pooled,combat_ols,T1D,Bacteria.Bacillota.Clostridia.Oscillospirales.Oscillospiraceae.Intestinimonas,Intestinimonas,0.282587025379427,0.20115777603008103,1.4048028913243158,0.1614966899608617,0.9696793659879687,-0.11168221563953185,0.6768562663983858,99,123,2,119,
pooled,combat_ols,T1D,Bacteria.Bacillota.Clostridia.Oscillospirales.Oscillospiraceae.NK4A214 group,NK4A214 group,-0.021913691235876276,0.19589033660127328,-0.11186713758362003,0.9110312172766319,0.9696793659879687,-0.4058587509743719,0.36203136850261936,99,123,2,119,
pooled,combat_ols,T1D,Bacteria.Bacillota.Clostridia.Oscillospirales.Ruminococcaceae.Acutalibacter,Acutalibacter,-0.20436146981997982,0.22752421403106504,-0.8981965752096931,0.37006718208225264,0.9696793659879687,-0.6503089293208673,0.24158598968090766,99,123,2,119,
pooled,combat_ols,T1D,Bacteria.Bacillota.Clostridia.Oscillospirales.Ruminococcaceae.Incertae Sedis,Incertae Sedis,0.1089300928414721,0.19888420707023677,0.5477060971613649,0.5844514991657617,0.9696793659879687,-0.280882953016192,0.49874313869913617,99,123,2,119,
pooled,combat_ols,T1D,Bacteria.Bacillota.Clostridia.Peptostreptococcales-Tissierellales.Anaerovoracaceae.Mogibacterium,Mogibacterium,0.030890788298938845,0.17440048874114358,0.1771255833163916,0.8595734534449743,0.9696793659879687,-0.3109341696337026,0.3727157462315802,99,123,2,119,
pooled,combat_ols,T1D,Bacteria.Pseudomonadota.Gammaproteobacteria.Enterobacterales.Enterobacteriaceae.Escherichia-Shigella,Escherichia-Shigella,-0.018719868852543856,0.3198501968591128,-0.05852698868523617,0.9533822337864901,0.9696793659879687,-0.6456262546964049,0.6081865169913172,99,123,2,119,
pooled,combat_ols,T1D,Bacteria.Verrucomicrobiota.Verrucomicrobiia.Verrucomicrobiales.Akkermansiaceae.Akkermansia,Akkermansia,-0.2059923446515505,0.3724873664770264,-0.5530183388495011,0.5808149162846628,0.9696793659879687,-0.9360675829465223,0.5240828936434213,99,123,2,119,
pooled,combat_ols,T1D,Bacteria.Actinomycetota.Coriobacteriia.Coriobacteriales.Eggerthellaceae.Incertae Sedis,Incertae Sedis,-0.1963933252595136,0.1717441607819858,-1.1435225766354746,0.2540701267659913,0.9696793659879687,-0.5330118803922057,0.1402252298731785,99,123,2,119,
pooled,combat_ols,T1D,Bacteria.Actinomycetota.Coriobacteriia.Coriobacteriales.Eggerthellaceae.Slackia,Slackia,-0.010697972917627497,0.1235152354968865,-0.08661257758681247,0.9310586056491491,0.9696793659879687,-0.25278783449152503,0.23139188865627006,99,123,2,119,
pooled,combat_ols,T1D,Bacteria.Bacillota.Bacilli.Erysipelotrichales.Erysipelatoclostridiaceae.Erysipelotrichaceae UCG-003,Erysipelotrichaceae UCG-003,-0.38919089969322335,0.2920347867840474,-1.3326867801575315,0.18401950356330288,0.9696793659879687,-0.9615790817899561,0.18319728240350946,99,123,2,119,
pooled,combat_ols,T1D,Bacteria.Bacillota.Clostridia.Oscillospirales.Ruminococcaceae.Fournierella,Fournierella,0.1242019003919644,0.1445341680677223,0.8593255287135212,0.39110058081038424,0.9696793659879687,-0.1590850690207713,0.40748886980470006,99,123,2,119,
pooled,combat_ols,T1D,Bacteria.Bacillota.Clostridia.Oscillospirales.[Eubacterium] coprostanoligenes group.Incertae Sedis,Incertae Sedis,0.30608128520129674,0.3177393852103316,0.9633092384775729,0.33645481713298586,0.9696793659879687,-0.3166879098109532,0.9288504802135467,99,123,2,119,
pooled,combat_ols,T1D,Bacteria.Bacillota.Clostridia.Peptococcales.Peptococcaceae.Peptococcus,Peptococcus,-0.008876406501913438,0.1211201666909606,-0.07328595018005288,0.9416454625736682,0.9696793659879687,-0.2462719332161962,0.22851912021236934,99,123,2,119,
pooled,combat_ols,T1D,Bacteria.Bacillota.Clostridia.Peptostreptococcales-Tissierellales.Anaerovoracaceae.Family XIII AD3011 group,Family XIII AD3011 group,-0.077917952107444,0.1796446598063718,-0.43373375079129595,0.6649087469753262,0.9696793659879687,-0.4300214853279327,0.2741855811130447,99,123,2,119,
pooled,combat_ols,T1D,Bacteria.Bacillota.Clostridia.Peptostreptococcales-Tissierellales.Peptostreptococcaceae.Intestinibacter,Intestinibacter,-0.3590975855942839,0.3186182970320546,-1.1270463402111426,0.26095625594071237,0.9696793659879687,-0.9835894477771108,0.26539427658854303,99,123,2,119,
pooled,combat_ols,T1D,Bacteria.Actinomycetota.Actinobacteria.Actinomycetales.Actinomycetaceae.Schaalia,Schaalia,-0.11673445252003146,0.18484527826966596,-0.6315252064471488,0.5283557941892022,0.9696793659879687,-0.47903119792857674,0.24556229288851383,99,123,2,119,
pooled,combat_ols,T1D,Bacteria.Bacillota.Clostridia.Lachnospirales.Lachnospiraceae.Anaerostipes,Anaerostipes,-0.7110197275591257,0.3173069252897211,-2.2407948610321697,0.02604295292358804,0.5165185663178294,-1.332941301126979,-0.0890981539912723,99,123,2,119,
pooled,combat_ols,T1D,Bacteria.Bacillota.Clostridia.Lachnospirales.Lachnospiraceae.Fusicatenibacter,Fusicatenibacter,-0.15013852208101772,0.3501790586071494,-0.4287478602466962,0.6685281497138964,0.9696793659879687,-0.8364894769510305,0.536212432788995,99,123,2,119,
pooled,combat_ols,T1D,Bacteria.Bacillota.Clostridia.Lachnospirales.Lachnospiraceae.Marvinbryantia,Marvinbryantia,-0.11284898774417337,0.1626515161525318,-0.6938083973244095,0.4885376281296314,0.9696793659879687,-0.43164595940313566,0.20594798391478894,99,123,2,119,
pooled,combat_ols,T1D,Bacteria.Bacillota.Negativicutes.Veillonellales-Selenomonadales.Veillonellaceae.Dialister,Dialister,-0.031780968425402595,0.39035426299911585,-0.08141570731475418,0.9351857152364851,0.9696793659879687,-0.7968753239036697,0.7333133870528645,99,123,2,119,
pooled,combat_ols,T1D,Bacteria.Bacillota.Negativicutes.Veillonellales-Selenomonadales.Veillonellaceae.Megasphaera,Megasphaera,0.6426909166454249,0.33756704167622914,1.9038911898924344,0.058235276522908296,0.7699997673584542,-0.018940485039984245,1.3043223183308341,99,123,2,119,
pooled,combat_ols,T1D,Bacteria.Bacillota.Bacilli.Erysipelotrichales.Erysipelotrichaceae.Turicibacter,Turicibacter,-0.0711344898290805,0.26575271336509626,-0.267671734855834,0.7892039323866746,0.9696793659879687,-0.5920098080246692,0.44974082836650814,99,123,2,119,
pooled,combat_ols,T1D,Bacteria.Bacillota.Clostridia.Lachnospirales.Lachnospiraceae.Faecalimonas,Faecalimonas,-0.10128232925563765,0.22033197266251994,-0.45968058122354616,0.6462015091665447,0.9696793659879687,-0.5331329956741767,0.33056833716290146,99,123,2,119,
pooled,combat_ols,T1D,Bacteria.Bacillota.Clostridia.Peptostreptococcales-Tissierellales.Peptostreptococcaceae.Terrisporobacter,Terrisporobacter,-0.4101003677621599,0.3420724881781351,-1.1988697774157129,0.23187420464900568,0.9696793659879687,-1.0805624445913047,0.2603617090669849,99,123,2,119,
pooled,combat_ols,T1D,Bacteria.Bacteroidota.Bacteroidia.Bacteroidales.Prevotellaceae.Leyella,Leyella,-0.08464339639172107,0.1773716327756857,-0.47720932071909117,0.6336889516748947,0.9696793659879687,-0.4322917966320651,0.2630050038486229,99,123,2,119,
pooled,combat_ols,T1D,Bacteria.Cyanobacteriota.Vampirivibrionia.Gastranaerophilales.Gastranaerophilaceae.Zag_111,Zag_111,0.01577375596443198,0.21373944552972046,0.0737989935612453,0.94123768945788,0.9696793659879687,-0.40315555727382013,0.4347030692026841,99,123,2,119,
pooled,combat_ols,T1D,Bacteria.Bacillota.Clostridia.Lachnospirales.Lachnospiraceae.CAG-56,CAG-56,0.04316269040742396,0.2172243570625158,0.19870096977661675,0.842681006856306,0.9696793659879687,-0.382597049435107,0.46892243024995495,99,123,2,119,
pooled,combat_ols,T1D,Bacteria.Bacillota.Clostridia.Lachnospirales.Lachnospiraceae.Lachnoclostridium,Lachnoclostridium,0.04590277844127104,0.28452714387257516,0.1613300503302015,0.8719821885364282,0.9696793659879687,-0.5117704235489763,0.6035759804315183,99,123,2,119,
pooled,combat_ols,T1D,Bacteria.Bacillota.Clostridia.Lachnospirales.Lachnospiraceae.Lachnospira,Lachnospira,-0.39625867567765993,0.3158202174842952,-1.254696988160249,0.21092614488224765,0.9696793659879687,-1.0152663019468786,0.22274895059155864,99,123,2,119,
pooled,combat_ols,T1D,Bacteria.Bacillota.Clostridia.Lachnospirales.Lachnospiraceae.Lachnospiraceae FCS020 group,Lachnospiraceae FCS020 group,-0.2073955459762217,0.20770408398224882,-0.9985145308647205,0.3191319094162334,0.9696793659879687,-0.6144955505814294,0.19970445862898598,99,123,2,119,
pooled,combat_ols,T1D,Bacteria.Bacillota.Clostridia.Oscillospirales.Ruminococcaceae.Ruthenibacterium,Ruthenibacterium,0.5333911303115193,0.22543548245400866,2.366047813348713,0.018851406980976926,0.5165185663178294,0.09153758470166234,0.9752446759213762,99,123,2,119,
pooled,combat_ols,T1D,Bacteria.Actinomycetota.Actinobacteria.Bifidobacteriales.Bifidobacteriaceae.Bifidobacterium,Bifidobacterium,-0.11198499369855051,0.31518553948234973,-0.3552986405482655,0.7227078310245327,0.9696793659879687,-0.729748651083956,0.505778663686855,99,123,2,119,
pooled,combat_ols,T1D,Bacteria.Bacillota.Bacilli.Lactobacillales.Lactobacillaceae.Ligilactobacillus,Ligilactobacillus,0.026740796978735774,0.26966594106110797,0.09916267836239706,0.9210998155292804,0.9696793659879687,-0.5018044475010358,0.5552860414585074,99,123,2,119,
pooled,combat_ols,T1D,Bacteria.Bacillota.Clostridia.Peptostreptococcales-Tissierellales.Family XI.Anaerococcus,Anaerococcus,-0.10604143231027598,0.2380660707763678,-0.44542858192458745,0.6564500487852872,0.9696793659879687,-0.5726509310319569,0.36056806641140493,99,123,2,119,
pooled,combat_ols,T1D,Bacteria.Thermodesulfobacteriota.Desulfovibrionia.Desulfovibrionales.Desulfovibrionaceae.Bilophila,Bilophila,-0.14602843286851033,0.1847129552492667,-0.7905695227032001,0.4300504976653995,0.9696793659879687,-0.5080658251570731,0.2160089594200524,99,123,2,119,
pooled,combat_ols,T1D,Bacteria.Bacillota.Clostridia.Lachnospirales.Lachnospiraceae.Anaerobutyricum,Anaerobutyricum,-0.6517802664871786,0.2772187283473385,-2.351140813511477,0.019603912554822328,0.5165185663178294,-1.195128974047962,-0.10843155892639511,99,123,2,119,
pooled,combat_ols,T1D,Bacteria.Bacillota.Clostridia.Lachnospirales.Lachnospiraceae.Lachnospiraceae UCG-004,Lachnospiraceae UCG-004,-0.026939862339458692,0.22783443321998495,-0.11824315560522398,0.9059833778137556,0.9696793659879687,-0.47349535145062915,0.4196156267717118,99,123,2,119,
pooled,combat_ols,T1D,Bacteria.Bacillota.Clostridia.Lachnospirales.Lachnospiraceae.[Eubacterium] ventriosum group,[Eubacterium] ventriosum group,-0.08769061278493731,0.17340434858521203,-0.5057001943745694,0.6135757419547248,0.9696793659879687,-0.42756313601195284,0.25218191044207827,99,123,2,119,
pooled,combat_ols,T1D,Bacteria.Bacillota.Clostridia.Lachnospirales.Lachnospiraceae.[Ruminococcus] gnavus group,[Ruminococcus] gnavus group,0.25896365135649163,0.3096202820021561,0.8363911100458474,0.40384658827001196,0.9696793659879687,-0.34789210136773424,0.8658194040807174,99,123,2,119,
pooled,combat_ols,T1D,Bacteria.Bacillota.Clostridia.Monoglobales.Monoglobaceae.Monoglobus,Monoglobus,0.4505584435502652,0.2690337404367196,1.6747283921298437,0.09541489538166723,0.9696793659879687,-0.07674768770570528,0.9778645748062357,99,123,2,119,
pooled,combat_ols,T1D,Bacteria.Bacillota.Clostridia.Oscillospirales.Oscillospiraceae.UCG-005,UCG-005,0.06547547946995204,0.22189197227834262,0.2950781806014109,0.7682137059877328,0.9696793659879687,-0.3694327861955995,0.5003837451355035,99,123,2,119,
pooled,combat_ols,T1D,Bacteria.Bacillota.Clostridia.Peptostreptococcales-Tissierellales.Family XI.Fenollaria,Fenollaria,0.1378168919787674,0.1465914373449457,0.9401428519625546,0.3481800900845208,0.9696793659879687,-0.14950232521732615,0.42513610917486094,99,123,2,119,
pooled,combat_ols,T1D,Bacteria.Bacillota.Clostridia.Lachnospirales.Lachnospiraceae.[Eubacterium] xylanophilum group,[Eubacterium] xylanophilum group,-0.23427947129292417,0.18825510927833913,-1.24447868740995,0.2146536264047481,0.9696793659879687,-0.6032594854784689,0.13470054289262054,99,123,2,119,
pooled,combat_ols,T1D,Bacteria.Bacillota.Clostridia.Lachnospirales.Lachnospiraceae.[Ruminococcus] gauvreauii group,[Ruminococcus] gauvreauii group,-0.26127745204456915,0.25430369408983877,-1.0274229518359521,0.3053547875156883,0.9696793659879687,-0.7597126924606532,0.23715778837151485,99,123,2,119,
pooled,combat_ols,T1D,Bacteria.Bacillota.Clostridia.Oscillospirales.Oscillospiraceae.UCG-003,UCG-003,-0.003326435007329027,0.17227966933712244,-0.019308343347349658,0.98461270788217,0.98461270788217,-0.34099458690808904,0.33434171689343095,99,123,2,119,
pooled,combat_ols,T1D,Bacteria.Bacteroidota.Bacteroidia.Bacteroidales.Prevotellaceae.Hoylesella,Hoylesella,0.038543814197109075,0.1710880810970605,0.22528637851308103,0.8219665792918999,0.9696793659879687,-0.2967888247531295,0.37387645314734763,99,123,2,119,
pooled,combat_ols,T1D,Bacteria.Bacillota.Bacilli.Erysipelotrichales.Erysipelatoclostridiaceae.Thomasclavelia,Thomasclavelia,0.14081395634807028,0.21863224983204768,0.644067636207572,0.5202055396012171,0.9696793659879687,-0.2877052533227432,0.5693331660188837,99,123,2,119,
pooled,combat_ols,T1D,Bacteria.Bacillota.Bacilli.Erysipelotrichales.Erysipelotrichaceae.[Clostridium] innocuum group,[Clostridium] innocuum group,0.0975121254865217,0.17189534377603194,0.5672761306063848,0.5711076100998087,0.9696793659879687,-0.23940274831450087,0.4344269992875443,99,123,2,119,
pooled,combat_ols,T1D,Bacteria.Bacillota.Negativicutes.Veillonellales-Selenomonadales.Veillonellaceae.Veillonella,Veillonella,0.21498903228666263,0.32581490376213873,0.6598502088278179,0.5100433008926941,0.9696793659879687,-0.4236081790871292,0.8535862436604545,99,123,2,119,
pooled,combat_ols,T1D,Bacteria.Bacteroidota.Bacteroidia.Bacteroidales.Barnesiellaceae.Barnesiella,Barnesiella,0.019135322338725645,0.1837243317845507,0.10415235778985006,0.9171437612470168,0.9696793659879687,-0.3409643679589937,0.37923501263644505,99,123,2,119,
pooled,combat_ols,T1D,Bacteria.Bacillota.Clostridia.Lachnospirales.Lachnospiraceae.Hungatella,Hungatella,0.17523875940979824,0.21449737445439074,0.8169739133429804,0.4148311799764476,0.9696793659879687,-0.2451760945208076,0.5956536133404041,99,123,2,119,
pooled,combat_ols,T1D,Bacteria.Bacillota.Clostridia.Lachnospirales.Lachnospiraceae.GCA-900066575,GCA-900066575,-0.05260056797864364,0.11108063870075459,-0.4735349795777355,0.6363032448013471,0.9696793659879687,-0.27031861983212263,0.16511748387483532,99,123,2,119,
pooled,combat_ols,T1D,Bacteria.Bacillota.Clostridia.Lachnospirales.Lachnospiraceae.Lachnospiraceae UCG-010,Lachnospiraceae UCG-010,0.22984924431527093,0.15745943256462488,1.459736267123506,0.14579552150548764,0.9696793659879687,-0.07877124351139386,0.5384697321419357,99,123,2,119,
pooled,combat_ols,T1D,Bacteria.Thermodesulfobacteriota.Desulfovibrionia.Desulfovibrionales.Desulfovibrionaceae.Desulfovibrio,Desulfovibrio,-0.09748607460293236,0.16225276354810417,-0.6008284387342963,0.5485755787818166,0.9696793659879687,-0.4155014911572165,0.22052934195135182,99,123,2,119,
pooled,combat_ols,T1D,Bacteria.Bacillota.Clostridia.Clostridiales.Clostridiaceae.Sarcina,Sarcina,0.07352406454720249,0.2605235496299634,0.2822165775479144,0.7780439741006488,0.9696793659879687,-0.43710209272752576,0.5841502218219308,99,123,2,119,
pooled,combat_ols,T1D,Bacteria.Pseudomonadota.Gammaproteobacteria.Burkholderiales.Sutterellaceae.Sutterella,Sutterella,0.31089529204075095,0.22337125148570924,1.391832162701749,0.16538516580297935,0.9696793659879687,-0.12691236087123914,0.748702944952741,99,123,2,119,
pooled,combat_ols,T1D,Bacteria.Bacillota.Clostridia.Lachnospirales.Lachnospiraceae.Lachnospiraceae ND3007 group,Lachnospiraceae ND3007 group,0.0451818708615247,0.23882017656013887,0.1891878295724614,0.8501208220398982,0.9696793659879687,-0.4229056751963475,0.5132694169193969,99,123,2,119,
pooled,combat_ols,T1D,Bacteria.Bacillota.Clostridia.Oscillospirales.Oscillospiraceae.Oscillibacter,Oscillibacter,0.059392740088352575,0.21283462975512574,0.2790558104040031,0.7804653367117412,0.9696793659879687,-0.3577631342316938,0.476548614408399,99,123,2,119,
pooled,combat_ols,T1D,Bacteria.Bacillota.Clostridia.Peptostreptococcales-Tissierellales.Family XI.Peptoniphilus,Peptoniphilus,-0.20412900981811188,0.19296669129052846,-1.0578458305572414,0.2912911678968491,0.9696793659879687,-0.5823437247475476,0.17408570511132387,99,123,2,119,
pooled,combat_ols,T1D,Bacteria.Bacteroidota.Bacteroidia.Bacteroidales.Marinifilaceae.Odoribacter,Odoribacter,0.0937750538768423,0.20888575510368632,0.44892986518058364,0.6539261599903508,0.9696793659879687,-0.31564102612638284,0.5031911338800674,99,123,2,119,
pooled,combat_ols,T1D,Bacteria.Bacillota.Clostridia.Lachnospirales.Lachnospiraceae.Enterocloster,Enterocloster,0.6913319893284864,0.2993748489135619,2.309252069228079,0.021861629724943373,0.5165185663178294,0.10455728545790499,1.2781066931990677,99,123,2,119,
pooled,combat_ols,T1D,Bacteria.Pseudomonadota.Gammaproteobacteria.Enterobacterales.Enterobacteriaceae.Citrobacter,Citrobacter,0.29934063141395134,0.22130758122946054,1.3525999866384288,0.17757834400925757,0.9696793659879687,-0.13442222779579133,0.733103490623694,99,123,2,119,
pooled,combat_ols,T1D,Bacteria.Pseudomonadota.Gammaproteobacteria.Pseudomonadales.Pseudomonadaceae.Pseudomonas,Pseudomonas,0.1934577543216913,0.0977237579191421,1.979638917301571,0.048996493321377864,0.7699997673584542,0.0019191888001727775,0.3849963198432098,99,123,2,119,
pooled,combat_ols,T1D,Bacteria.Bacillota.Clostridia.Lachnospirales.Lachnospiraceae.Sellimonas,Sellimonas,0.026443605598022748,0.21900052421126429,0.12074676849866016,0.9040023222878744,0.9696793659879687,-0.40279742185605527,0.4556846330521007,99,123,2,119,
pooled,combat_ols,T1D,Bacteria.Pseudomonadota.Gammaproteobacteria.Burkholderiales.Sutterellaceae.Parasutterella,Parasutterella,0.025772481343819532,0.21245755896475968,0.12130649278566931,0.9035595062207504,0.9696793659879687,-0.3906443342271094,0.4421892969147485,99,123,2,119,
pooled,combat_ols,T1D,Bacteria.Bacillota.Bacilli.Lactobacillales.Lactobacillaceae.Lacticaseibacillus,Lacticaseibacillus,0.039004093147292335,0.20066840888326365,0.19437086965683015,0.846065680021361,0.9696793659879687,-0.35430598826390436,0.4323141745584891,99,123,2,119,
pooled,combat_ols,T1D,Bacteria.Bacillota.Clostridia.Lachnospirales.Lachnospiraceae.Tyzzerella,Tyzzerella,-0.14653605624087784,0.14412091589848347,-1.0167577365668115,0.3103906409041854,0.9696793659879687,-0.42901305140190543,0.13594093892014975,99,123,2,119,
pooled,combat_ols,T1D,Bacteria.Bacillota.Clostridia.Oscillospirales.Oscillospiraceae.Flavonifractor,Flavonifractor,0.2637442851544532,0.24080870610424446,1.0952439777666514,0.27461280087464596,0.9696793659879687,-0.2082407788098659,0.7357293491187723,99,123,2,119,
pooled,combat_ols,T1D,Bacteria.Bacillota.Clostridia.Christensenellales.Christensenellaceae.NA,Christensenellaceae,0.038597183942661956,0.1884678790377142,0.20479449410548253,0.8379228987646521,0.9696793659879687,-0.33079985897125785,0.4079942268565818,99,123,2,119,
pooled,combat_ols,T1D,Bacteria.Bacillota.Clostridia.Peptostreptococcales-Tissierellales.Family XI.Finegoldia,Finegoldia,0.05964348503649608,0.19758081180835121,0.30186881251580683,0.7630385378072,0.9696793659879687,-0.3276149061078723,0.44690187618086447,99,123,2,119,
pooled,combat_ols,T1D,Bacteria.Bacillota.Clostridia.Peptostreptococcales-Tissierellales.Peptostreptococcaceae.Clostridioides,Clostridioides,0.06049897535128224,0.16545395757228645,0.3656544469469724,0.7149758772526429,0.9696793659879687,-0.2637907814903992,0.38478873219296367,99,123,2,119,
pooled,mixedlm,T1D,Bacteria.Actinomycetota.Coriobacteriia.Coriobacteriales.Coriobacteriaceae.Collinsella,Collinsella,-0.9444994036609916,0.3065235217921143,-3.0813276519168915,0.002060797406500602,0.12261744568678581,-1.5452855063735356,-0.34371330094844765,99,123,2,119,True
pooled,mixedlm,T1D,Bacteria.Actinomycetota.Coriobacteriia.Coriobacteriales.Eggerthellaceae.Adlercreutzia,Adlercreutzia,-0.46280466247437785,0.22361051962983206,-2.0696909216995296,0.03848129743660056,0.5895068123104015,-0.9010812809488487,-0.024528043999907045,99,123,2,119,True
pooled,mixedlm,T1D,Bacteria.Actinomycetota.Coriobacteriia.Coriobacteriales.Eggerthellaceae.Senegalimassilia,Senegalimassilia,-0.3804114734563621,0.22150627377691018,-1.717384645454752,0.08590891527090858,0.7573897110116106,-0.8145637700591061,0.053740823146381844,99,123,2,119,True
pooled,mixedlm,T1D,Bacteria.Bacillota.Bacilli.Erysipelotrichales.Erysipelotrichaceae.Holdemanella,Holdemanella,-0.1788346364108094,0.22503018782926057,-0.7947139809815136,0.42677989775983693,0.8791913675324967,-0.6198938045561602,0.2622245317345413,99,123,2,119,True
pooled,mixedlm,T1D,Bacteria.Bacillota.Bacilli.Lactobacillales.Lactobacillaceae.Pediococcus,Pediococcus,-0.1709981775136766,0.2452638913055013,-0.697200784850473,0.4856771478496327,0.8952255395916879,-0.6517154044724591,0.309719049445106,99,123,2,119,True
pooled,mixedlm,T1D,Bacteria.Bacillota.Bacilli.Lactobacillales.Lactobacillaceae.Weissella,Weissella,-0.3184022301788039,0.24473484174134996,-1.3010089937063802,0.19325537627342304,0.8389698114565759,-0.7980825199918498,0.16127805963424197,99,123,2,119,True
pooled,mixedlm,T1D,Bacteria.Bacillota.Bacilli.Lactobacillales.Streptococcaceae.Streptococcus,Streptococcus,0.34710474834369653,0.3300372791107315,1.051713761787615,0.292930895172293,0.876266316084593,-0.2997683187133372,0.9939778154007303,99,123,2,119,True
pooled,mixedlm,T1D,Bacteria.Bacillota.Bacilli.RF39.Incertae Sedis.Incertae Sedis,Incertae Sedis,-0.37164088182146204,0.25000843947031187,-1.4865133457448496,0.13714338948126323,0.8389698114565759,-0.8616574231832733,0.11837565954034923,99,123,2,119,True
pooled,mixedlm,T1D,Bacteria.Bacillota.Clostridia.Christensenellales.Christensenellaceae.Christensenellaceae R-7 group,Christensenellaceae R-7 group,-0.06712084005750725,0.25384207535477665,-0.26441967890349666,0.7914565494154289,0.9566208040531422,-0.5646513077528695,0.430409627637855,99,123,2,119,True
pooled,mixedlm,T1D,Bacteria.Bacillota.Clostridia.Clostridia UCG-014.Incertae Sedis.Incertae Sedis,Incertae Sedis,-0.2833542617886417,0.3157375598790018,-0.8974360285080744,0.36948629470587624,0.876266316084593,-0.9021998791514854,0.3354913555742019,99,123,2,119,True
pooled,mixedlm,T1D,Bacteria.Bacillota.Clostridia.Clostridiales.Clostridiaceae.Clostridium,Clostridium,-0.4612358853414308,0.33580038148555763,-1.3735418741960779,0.1695839527811247,0.8389698114565759,-1.1194046330531238,0.1969328623702622,99,123,2,119,True
pooled,mixedlm,T1D,Bacteria.Bacillota.Clostridia.Lachnospirales.Lachnospiraceae.Agathobacter,Agathobacter,0.12316644185678768,0.3774066519498575,0.3263494197053836,0.7441600015644511,0.9566208040531422,-0.616550595964933,0.8628834796785084,99,123,2,119,True
pooled,mixedlm,T1D,Bacteria.Bacillota.Clostridia.Lachnospirales.Lachnospiraceae.Blautia,Blautia,0.3669352996144858,0.3205336888133519,1.1447636002721502,0.2523070974313958,0.876266316084593,-0.261310730459684,0.9951813296886556,99,123,2,119,True
pooled,mixedlm,T1D,Bacteria.Bacillota.Clostridia.Lachnospirales.Lachnospiraceae.Coprococcus,Coprococcus,-0.38025320262027396,0.23940584048140195,-1.5883204931661372,0.11221388575745125,0.8345907753210438,-0.8494886499638218,0.08898224472327387,99,123,2,119,True
pooled,mixedlm,T1D,Bacteria.Bacillota.Clostridia.Lachnospirales.Lachnospiraceae.Dorea,Dorea,-0.6760612794229107,0.25915343809424707,-2.6087297332210024,0.009087898715056367,0.3604866490305692,-1.184002018087635,-0.1681205407581865,99,123,2,119,True
pooled,mixedlm,T1D,Bacteria.Bacillota.Clostridia.Lachnospirales.Lachnospiraceae.Lachnospiraceae NK4A136 group,Lachnospiraceae NK4A136 group,0.32285384070288214,0.32172984238853264,1.0034936091287177,0.31562275891921765,0.876266316084593,-0.30773665037864184,0.9534443317844061,99,123,2,119,True
pooled,mixedlm,T1D,Bacteria.Bacillota.Clostridia.Lachnospirales.Lachnospiraceae.Mediterraneibacter,Mediterraneibacter,-0.5461849567115017,0.31861115078690855,-1.7142681772515789,0.08647948475136602,0.7573897110116106,-1.1706628122538425,0.07829289883083901,99,123,2,119,True
pooled,mixedlm,T1D,Bacteria.Bacillota.Clostridia.Lachnospirales.Lachnospiraceae.Roseburia,Roseburia,0.3062675550308587,0.35634598129355605,0.8594668415203959,0.3900830062893408,0.876266316084593,-0.39217056830451114,1.0047056783662285,99,123,2,119,True
pooled,mixedlm,T1D,Bacteria.Bacillota.Clostridia.Lachnospirales.Lachnospiraceae.[Eubacterium] eligens group,[Eubacterium] eligens group,-0.029197525556123583,0.30307989718259,-0.09633606790665361,0.9232536662424607,0.9566208040531422,-0.6232341240339999,0.5648390729217528,99,123,2,119,True
pooled,mixedlm,T1D,Bacteria.Bacillota.Clostridia.Lachnospirales.Lachnospiraceae.[Eubacterium] ruminantium group,[Eubacterium] ruminantium group,0.23337095654702164,0.1850401686878168,1.2611907900967396,0.20724011605432158,0.8389698114565759,-0.1293077740810993,0.5960496871751426,99,123,2,119,True
pooled,mixedlm,T1D,Bacteria.Bacillota.Clostridia.NA.NA.NA,Clostridia,-0.14565243734293656,0.14840718470220382,-0.9814379110769134,0.3263768385585456,0.876266316084593,-0.436530519359256,0.14522564467338292,99,123,2,119,True
pooled,mixedlm,T1D,Bacteria.Bacillota.Clostridia.Oscillospirales.Oscillospiraceae.Colidextribacter,Colidextribacter,0.10387419404131772,0.173915502307651,0.5972681713995086,0.5503283511401746,0.9355581969382969,-0.23700019048167825,0.44474857856431366,99,123,2,119,True
pooled,mixedlm,T1D,Bacteria.Bacillota.Clostridia.Oscillospirales.Oscillospiraceae.UCG-002,UCG-002,-0.05121719000728792,0.27634187992439685,-0.18533994927334288,0.8529624057961978,0.9566208040531422,-0.5928472746591058,0.4904128946445299,99,123,2,119,True
pooled,mixedlm,T1D,Bacteria.Bacillota.Clostridia.Oscillospirales.Ruminococcaceae.CAG-352,CAG-352,0.0923143442707666,0.215455507461843,0.428461288171598,0.6683153119592953,0.9566208040531422,-0.32997845035444573,0.5146071388959789,99,123,2,119,True
pooled,mixedlm,T1D,Bacteria.Bacillota.Clostridia.Oscillospirales.Ruminococcaceae.Faecalibacterium,Faecalibacterium,-0.08816262613146245,0.3871718468896295,-0.22770928940139293,0.8198722502494082,0.9566208040531422,-0.8470194460351362,0.6706941937722114,99,123,2,119,True
pooled,mixedlm,T1D,Bacteria.Bacillota.Clostridia.Oscillospirales.Ruminococcaceae.Gemmiger,Gemmiger,0.18470470590695826,0.30449505674567257,0.6065934464782843,0.544120750495946,0.9355581969382969,-0.4121056053145599,0.7815150171284764,99,123,2,119,True
pooled,mixedlm,T1D,Bacteria.Bacillota.Clostridia.Oscillospirales.Ruminococcaceae.NA,Ruminococcaceae,-0.07239343844202598,0.2190923832683289,-0.33042425921928836,0.7410794137279656,0.9566208040531422,-0.5018145096479506,0.3570276327638986,99,123,2,119,True
pooled,mixedlm,T1D,Bacteria.Bacillota.Clostridia.Oscillospirales.Ruminococcaceae.Ruminococcus,Ruminococcus,-0.1045754239323292,0.3444639436937128,-0.3035888830945819,0.7614411220902703,0.9566208040531422,-0.7797247535720063,0.5705739057073479,99,123,2,119,True
pooled,mixedlm,T1D,Bacteria.Bacillota.Clostridia.Oscillospirales.Ruminococcaceae.[Eubacterium] siraeum group,[Eubacterium] siraeum group,0.25784059556832595,0.20340879224247463,1.267598085243855,0.20494151607629385,0.8389698114565759,-0.1408406372269243,0.6565218283635762,99,123,2,119,True
pooled,mixedlm,T1D,Bacteria.Bacillota.Clostridia.Oscillospirales.UCG-010.Incertae Sedis,Incertae Sedis,-0.1589628865679874,0.19127611688694668,-0.8310650025478197,0.405936909135972,0.8782998579487394,-0.5338640756664028,0.21593830253042806,99,123,2,119,True
pooled,mixedlm,T1D,Bacteria.Bacillota.Clostridia.Peptostreptococcales-Tissierellales.Peptostreptococcaceae.Romboutsia,Romboutsia,-0.476206759813436,0.36665202658294876,-1.2987975663232898,0.19401341007664885,0.8389698114565759,-1.1948447319160156,0.2424312122891435,99,123,2,119,True
pooled,mixedlm,T1D,Bacteria.Bacillota.Negativicutes.Acidaminococcales.Acidaminococcaceae.Phascolarctobacterium,Phascolarctobacterium,-0.28519335993056594,0.3052269975957155,-0.9343647913750905,0.35011575308449394,0.876266316084593,-0.8834382752181683,0.31305155535703644,99,123,2,119,True
pooled,mixedlm,T1D,Bacteria.Bacteroidota.Bacteroidia.Bacteroidales.Bacteroidaceae.Bacteroides,Bacteroides,0.5294391127236637,0.42745404904951456,1.238587197620242,0.21549841163341055,0.8389698114565759,-0.30837082341338484,1.3672490488607123,99,123,2,119,True
pooled,mixedlm,T1D,Bacteria.Bacteroidota.Bacteroidia.Bacteroidales.Prevotellaceae.Incertae Sedis,Incertae Sedis,0.14430423600712333,0.25910298283218713,0.5569377643968871,0.5775699514932165,0.9566208040531422,-0.3635376103439634,0.6521460823582101,99,123,2,119,True
pooled,mixedlm,T1D,Bacteria.Bacteroidota.Bacteroidia.Bacteroidales.Prevotellaceae.Segatella,Segatella,0.07690340082079962,0.37639832657916633,0.20431387546199634,0.8381082276199282,0.9566208040531422,-0.6608373192743664,0.8146441209159656,99,123,2,119,True
pooled,mixedlm,T1D,Bacteria.Bacteroidota.Bacteroidia.Bacteroidales.Rikenellaceae.Alistipes,Alistipes,0.045939847274739556,0.3623556772093641,0.1267810887593632,0.8991136639273678,0.9566208040531422,-0.6642772800556141,0.7561569746050932,99,123,2,119,True
pooled,mixedlm,T1D,Bacteria.Bacteroidota.Bacteroidia.Bacteroidales.Tannerellaceae.Parabacteroides,Parabacteroides,0.0033240977711469087,0.33600644211149316,0.00989295845120705,0.9921066899451949,0.9921066899451949,-0.6552485287673796,0.6618967243096735,99,123,2,119,True
pooled,mixedlm,T1D,Bacteria.Pseudomonadota.Gammaproteobacteria.Enterobacterales.Enterobacteriaceae.Klebsiella,Klebsiella,0.17692142964298244,0.3576082403552242,0.494735326756566,0.6207869614485787,0.9566208040531422,-0.523990721453257,0.8778335807392218,99,123,2,119,True
pooled,mixedlm,T1D,Bacteria.Pseudomonadota.Gammaproteobacteria.Enterobacterales.Enterobacteriaceae.NA,Enterobacteriaceae,0.06075433321658256,0.2798193877736935,0.21711981324795904,0.8281149735093977,0.9566208040531422,-0.4876916668198566,0.6092003332530217,99,123,2,119,True
pooled,mixedlm,T1D,Bacteria.Pseudomonadota.Gammaproteobacteria.Enterobacterales.Pasteurellaceae.Haemophilus,Haemophilus,0.08358704176569541,0.28637398724247787,0.29188070666111443,0.770377835339775,0.9566208040531422,-0.4777059732295612,0.6448800567609521,99,123,2,119,True
pooled,mixedlm,T1D,Archaea.Methanobacteriota.Methanobacteria.Methanobacteriales.Methanobacteriaceae.Methanobrevibacter,Methanobrevibacter,-0.14689860482559322,0.2337802894303986,-0.6283618057942737,0.5297669517266035,0.9270921655215562,-0.6051079721091744,0.31131076245798806,99,123,2,119,True
pooled,mixedlm,T1D,Bacteria.Actinomycetota.Coriobacteriia.Coriobacteriales.Eggerthellaceae.Eggerthella,Eggerthella,0.06010912785850568,0.19699926045188168,0.3051236218888635,0.7602720008451626,0.9566208040531422,-0.3260094226271824,0.4462276783441938,99,123,2,119,True
pooled,mixedlm,T1D,Bacteria.Bacillota.Bacilli.Erysipelotrichales.Erysipelatoclostridiaceae.Catenibacterium,Catenibacterium,-0.0993047819688014,0.2598830475005993,-0.3821133503083628,0.7023772897323548,0.9566208040531422,-0.6086755550699761,0.41006599113237324,99,123,2,119,True
pooled,mixedlm,T1D,Bacteria.Bacillota.Bacilli.Lactobacillales.Enterococcaceae.Enterococcus,Enterococcus,-0.3504216653994085,0.4134767414379941,-0.8475003072257656,0.39671631589618495,0.876266316084593,-1.1608360786178769,0.4599927478190599,99,123,2,119,True
pooled,mixedlm,T1D,Bacteria.Bacillota.Bacilli.Lactobacillales.Lactobacillaceae.Lactobacillus,Lactobacillus,0.1052414480030686,0.22878657619783896,0.4599983519665201,0.6455174034275742,0.9566208040531422,-0.3431802413446957,0.553663137350833,99,123,2,119,True
pooled,mixedlm,T1D,Bacteria.Bacillota.Bacilli.Staphylococcales.Staphylococcaceae.Staphylococcus,Staphylococcus,0.07699607574179329,0.23218420634109346,0.3316163358186436,0.7401789827773719,0.9566208040531422,-0.3780849686867499,0.5320771201703365,99,123,2,119,True
pooled,mixedlm,T1D,Bacteria.Bacillota.Clostridia.Lachnospirales.Lachnospiraceae.NA,Lachnospiraceae,0.3940311160920014,0.319564347411705,1.2330258969232213,0.2175661024454293,0.8389698114565759,-0.23231500483494033,1.0203772370189432,99,123,2,119,False
pooled,mixedlm,T1D,Bacteria.Bacillota.Clostridia.Oscillospirales.Butyricicoccaceae.Agathobaculum,Agathobaculum,0.4444841469281228,0.2662402041682034,1.669485449490227,0.09502121165691024,0.7573897110116106,-0.07734665324155582,0.9663149470978014,99,123,2,119,True
pooled,mixedlm,T1D,Bacteria.Bacillota.Clostridia.Oscillospirales.Oscillospiraceae.Intestinimonas,Intestinimonas,0.38938528219890217,0.20219086985506934,1.925830194400044,0.05412557993560682,0.7156604458152458,-0.006908822717033747,0.7856793871148381,99,123,2,119,True
pooled,mixedlm,T1D,Bacteria.Bacillota.Clostridia.Oscillospirales.Oscillospiraceae.NK4A214 group,NK4A214 group,-0.11626195729740313,0.22722261195989515,-0.5116654381119577,0.6088851788194845,0.9566208040531422,-0.5616182767387976,0.32909436214399135,99,123,2,119,True
pooled,mixedlm,T1D,Bacteria.Bacillota.Clostridia.Oscillospirales.Ruminococcaceae.Acutalibacter,Acutalibacter,-0.20235585171100853,0.23051727367744945,-0.8778337886910562,0.3800339250420687,0.876266316084593,-0.6541697081188095,0.24945800469679238,99,123,2,119,True
pooled,mixedlm,T1D,Bacteria.Bacillota.Clostridia.Oscillospirales.Ruminococcaceae.Incertae Sedis,Incertae Sedis,0.08003290067927331,0.20480304371689317,0.3907798401175412,0.6959599777078554,0.9566208040531422,-0.3213810650058373,0.48144686636438394,99,123,2,119,True
pooled,mixedlm,T1D,Bacteria.Bacillota.Clostridia.Peptostreptococcales-Tissierellales.Anaerovoracaceae.Mogibacterium,Mogibacterium,-0.033699852706627724,0.18901824103631168,-0.17828889170624412,0.8584961021885569,0.9566208040531422,-0.4041756051377986,0.33677589972454314,99,123,2,119,True
pooled,mixedlm,T1D,Bacteria.Pseudomonadota.Gammaproteobacteria.Enterobacterales.Enterobacteriaceae.Escherichia-Shigella,Escherichia-Shigella,-0.030856199948436133,0.32335997774289504,-0.09542368280644191,0.9239783057481723,0.9566208040531422,-0.6646417563245104,0.6029293564276381,99,123,2,119,True
pooled,mixedlm,T1D,Bacteria.Verrucomicrobiota.Verrucomicrobiia.Verrucomicrobiales.Akkermansiaceae.Akkermansia,Akkermansia,-0.20794917442851998,0.3757740387435205,-0.5533888799871374,0.5799971517380715,0.9566208040531422,-0.9444662903658202,0.5285679415087802,99,123,2,119,True
pooled,mixedlm,T1D,Bacteria.Actinomycetota.Coriobacteriia.Coriobacteriales.Eggerthellaceae.Incertae Sedis,Incertae Sedis,-0.6729794794576484,0.18084166353408593,-3.721374081093884,0.0001981416616477109,0.023578857736077596,-1.0274291399844568,-0.3185298189308399,99,123,2,119,True
pooled,mixedlm,T1D,Bacteria.Actinomycetota.Coriobacteriia.Coriobacteriales.Eggerthellaceae.Slackia,Slackia,-0.1312600681219714,0.14000602103295548,-0.9375315943810346,0.3484851798196936,0.876266316084593,-0.4056718693465642,0.14315173310262133,99,123,2,119,True
pooled,mixedlm,T1D,Bacteria.Bacillota.Bacilli.Erysipelotrichales.Erysipelatoclostridiaceae.Erysipelotrichaceae UCG-003,Erysipelotrichaceae UCG-003,-0.40478532575397014,0.29384902070372587,-1.3775282448944968,0.16834898842825285,0.8389698114565759,-0.9807294063332728,0.17115875482533255,99,123,2,119,True
pooled,mixedlm,T1D,Bacteria.Bacillota.Clostridia.Oscillospirales.Ruminococcaceae.Fournierella,Fournierella,0.17412539974209673,0.14729883479378555,1.1821234023057117,0.23715673988519625,0.8552015771617683,-0.11458031645372296,0.4628311159379164,99,123,2,119,True
pooled,mixedlm,T1D,Bacteria.Bacillota.Clostridia.Oscillospirales.[Eubacterium] coprostanoligenes group.Incertae Sedis,Incertae Sedis,0.32647711741910584,0.3188484983547614,1.0239255292206413,0.30587045096348064,0.876266316084593,-0.2984659393562265,0.9514201741944381,99,123,2,119,True
pooled,mixedlm,T1D,Bacteria.Bacillota.Clostridia.Peptococcales.Peptococcaceae.Peptococcus,Peptococcus,-0.1083774520317639,0.12812764561694998,-0.8458553305175747,0.39763345435771447,0.876266316084593,-0.35950763744098585,0.14275273337745803,99,123,2,119,True
pooled,mixedlm,T1D,Bacteria.Bacillota.Clostridia.Peptostreptococcales-Tissierellales.Anaerovoracaceae.Family XIII AD3011 group,Family XIII AD3011 group,-0.199621045556038,0.18694217695163792,-1.0678224080362566,0.2856006281543182,0.876266316084593,-0.5660277123812483,0.16678562126917235,99,123,2,119,True
pooled,mixedlm,T1D,Bacteria.Bacillota.Clostridia.Peptostreptococcales-Tissierellales.Peptostreptococcaceae.Intestinibacter,Intestinibacter,-0.35756769438239916,0.3214407023921518,-1.1123908444742419,0.26597013940870073,0.876266316084593,-0.9875914710710165,0.27245608230621826,99,123,2,119,True
pooled,mixedlm,T1D,Bacteria.Actinomycetota.Actinobacteria.Actinomycetales.Actinomycetaceae.Schaalia,Schaalia,-0.12795816973723118,0.18493252732061882,-0.6919181367990996,0.4889887401131068,0.8952255395916879,-0.49042592328564405,0.2345095838111817,99,123,2,119,False
pooled,mixedlm,T1D,Bacteria.Bacillota.Clostridia.Lachnospirales.Lachnospiraceae.Anaerostipes,Anaerostipes,-0.6646460560035083,0.32302358564566835,-2.057577482074554,0.03963071007128749,0.5895068123104015,-1.2977722838690182,-0.03151982813799836,99,123,2,119,True
pooled,mixedlm,T1D,Bacteria.Bacillota.Clostridia.Lachnospirales.Lachnospiraceae.Fusicatenibacter,Fusicatenibacter,-0.1452806385450156,0.3529509547997187,-0.41161707191713026,0.6806201165555545,0.9566208040531422,-0.8370645099524643,0.5465032328624331,99,123,2,119,True
pooled,mixedlm,T1D,Bacteria.Bacillota.Clostridia.Lachnospirales.Lachnospiraceae.Marvinbryantia,Marvinbryantia,0.12843920154307667,0.17936917561143223,0.7160606113355549,0.4739539238412168,0.8952255395916879,-0.2231243826553305,0.4800027857414838,99,123,2,119,True
pooled,mixedlm,T1D,Bacteria.Bacillota.Negativicutes.Veillonellales-Selenomonadales.Veillonellaceae.Dialister,Dialister,-0.04404503021922392,0.3917547985130608,-0.11243009756715334,0.9104823922023874,0.9566208040531422,-0.811884435304823,0.7237943748663752,99,123,2,119,True
pooled,mixedlm,T1D,Bacteria.Bacillota.Negativicutes.Veillonellales-Selenomonadales.Veillonellaceae.Megasphaera,Megasphaera,0.6360898535431806,0.34119189325024246,1.8643170196211236,0.06227719812201294,0.7302864369269745,-0.03264625722729464,1.3048259643136557,99,123,2,119,True
pooled,mixedlm,T1D,Bacteria.Bacillota.Bacilli.Erysipelotrichales.Erysipelotrichaceae.Turicibacter,Turicibacter,-0.08939190851816653,0.26704909752391454,-0.3347396016201155,0.7378215253140668,0.9566208040531422,-0.6128081396650391,0.434024322628706,99,123,2,119,True
pooled,mixedlm,T1D,Bacteria.Bacillota.Clostridia.Lachnospirales.Lachnospiraceae.Faecalimonas,Faecalimonas,-0.1001828119914819,0.2218815777487282,-0.4515147810285306,0.6516185743658265,0.9566208040531422,-0.5350707043789892,0.33470508039602537,99,123,2,119,True
pooled,mixedlm,T1D,Bacteria.Bacillota.Clostridia.Peptostreptococcales-Tissierellales.Peptostreptococcaceae.Terrisporobacter,Terrisporobacter,-0.43657706007447034,0.3445912615524129,-1.2669417619810022,0.20517611458393148,0.8389698114565759,-1.1119759327171996,0.2388218125682589,99,123,2,119,True
pooled,mixedlm,T1D,Bacteria.Bacteroidota.Bacteroidia.Bacteroidales.Prevotellaceae.Leyella,Leyella,0.07269066862367933,0.21075125814054677,0.34491214555503646,0.7301604194555678,0.9566208040531422,-0.3403817973317923,0.485763134579151,99,123,2,119,True
pooled,mixedlm,T1D,Bacteria.Cyanobacteriota.Vampirivibrionia.Gastranaerophilales.Gastranaerophilaceae.Zag_111,Zag_111,-0.17090602739145422,0.21969273064005787,-0.7779321004092064,0.43660904296984837,0.8791913675324967,-0.6015037794459677,0.2596917246630592,99,123,2,119,True
pooled,mixedlm,T1D,Bacteria.Bacillota.Clostridia.Lachnospirales.Lachnospiraceae.CAG-56,CAG-56,0.019082871011421185,0.22079148960265144,0.08642937753517481,0.9311250944055381,0.9566208040531422,-0.4136684486097756,0.451834190632618,99,123,2,119,True
pooled,mixedlm,T1D,Bacteria.Bacillota.Clostridia.Lachnospirales.Lachnospiraceae.Lachnoclostridium,Lachnoclostridium,0.030011230566249766,0.2862055711716081,0.1048590020222042,0.9164876912073205,0.9566208040531422,-0.5309516889301021,0.5909741500626017,99,123,2,119,True
pooled,mixedlm,T1D,Bacteria.Bacillota.Clostridia.Lachnospirales.Lachnospiraceae.Lachnospira,Lachnospira,-0.39439917413612113,0.3205509271219553,-1.230379140304498,0.21855516096767946,0.8389698114565759,-1.0226789912951535,0.23388064302291123,99,123,2,119,True
pooled,mixedlm,T1D,Bacteria.Bacillota.Clostridia.Lachnospirales.Lachnospiraceae.Lachnospiraceae FCS020 group,Lachnospiraceae FCS020 group,-0.19013094213086557,0.20849101422516358,-0.9119383050510286,0.36180119568665003,0.876266316084593,-0.5987733300121862,0.21851144575045506,99,123,2,119,True
pooled,mixedlm,T1D,Bacteria.Bacillota.Clostridia.Oscillospirales.Ruminococcaceae.Ruthenibacterium,Ruthenibacterium,0.5728616804487585,0.22868906653102017,2.5049806234223864,0.01224581018522647,0.3643128530104875,0.12463111004795902,1.021092250849558,99,123,2,119,True
pooled,mixedlm,T1D,Bacteria.Actinomycetota.Actinobacteria.Bifidobacteriales.Bifidobacteriaceae.Bifidobacterium,Bifidobacterium,-0.1431110832029579,0.3169753815823436,-0.45148958410759293,0.6516367304067563,0.9566208040531422,-0.7643828311043515,0.4781606646984356,99,123,2,119,True
pooled,mixedlm,T1D,Bacteria.Bacillota.Bacilli.Lactobacillales.Lactobacillaceae.Ligilactobacillus,Ligilactobacillus,-0.37830713928984666,0.2886848491148042,-1.3104502728489276,0.1900435561237911,0.8389698114565759,-0.9441294435548628,0.18751516497516957,99,123,2,119,True
pooled,mixedlm,T1D,Bacteria.Bacillota.Clostridia.Peptostreptococcales-Tissierellales.Family XI.Anaerococcus,Anaerococcus,-0.27440857955221504,0.25659246143512277,-1.069433521224461,0.28487436934379917,0.876266316084593,-0.7773298039650556,0.22851264486062556,99,123,2,119,True
pooled,mixedlm,T1D,Bacteria.Thermodesulfobacteriota.Desulfovibrionia.Desulfovibrionales.Desulfovibrionaceae.Bilophila,Bilophila,-0.14841127385926084,0.1862268739523503,-0.7969380074394349,0.4254870357953041,0.8791913675324967,-0.5134159468058674,0.21659339908734576,99,123,2,119,True
pooled,mixedlm,T1D,Bacteria.Bacillota.Clostridia.Lachnospirales.Lachnospiraceae.Anaerobutyricum,Anaerobutyricum,-0.6483029047765548,0.2798440443467968,-2.3166578595224463,0.020522376839881545,0.4315855707887673,-1.1967972316962765,-0.09980857785683306,99,123,2,119,True
pooled,mixedlm,T1D,Bacteria.Bacillota.Clostridia.Lachnospirales.Lachnospiraceae.Lachnospiraceae UCG-004,Lachnospiraceae UCG-004,-0.036802895716387916,0.22992673002040437,-0.16006358074644875,0.8728309895830598,0.9566208040531422,-0.48745928655638043,0.41385349512360464,99,123,2,119,True
pooled,mixedlm,T1D,Bacteria.Bacillota.Clostridia.Lachnospirales.Lachnospiraceae.[Eubacterium] ventriosum group,[Eubacterium] ventriosum group,-0.014756166985874293,0.17422827637991778,-0.08469444393570977,0.9325043131946597,0.9566208040531422,-0.35624358869051315,0.3267312547187646,99,123,2,119,True
pooled,mixedlm,T1D,Bacteria.Bacillota.Clostridia.Lachnospirales.Lachnospiraceae.[Ruminococcus] gnavus group,[Ruminococcus] gnavus group,0.20300691998909123,0.3172980125242402,0.6397989019032458,0.5223033466036946,0.9270921655215562,-0.4188971845584196,0.8249110245366021,99,123,2,119,True
pooled,mixedlm,T1D,Bacteria.Bacillota.Clostridia.Monoglobales.Monoglobaceae.Monoglobus,Monoglobus,0.4521304743882368,0.2711871241503445,1.6672269223872824,0.09546929130398452,0.7573897110116106,-0.07939628894643841,0.983657237722912,99,123,2,119,True
pooled,mixedlm,T1D,Bacteria.Bacillota.Clostridia.Oscillospirales.Oscillospiraceae.UCG-005,UCG-005,-0.18340664325531988,0.23175726143393818,-0.7913738802423651,0.4287258474001715,0.8791913675324967,-0.6376508756658387,0.27083758915519895,99,123,2,119,True
pooled,mixedlm,T1D,Bacteria.Bacillota.Clostridia.Peptostreptococcales-Tissierellales.Family XI.Fenollaria,Fenollaria,0.09711337399360906,0.147118733940609,0.6601020236675852,0.509188360142903,0.9180820432879615,-0.19123934452998462,0.38546609251720276,99,123,2,119,True
pooled,mixedlm,T1D,Bacteria.Bacillota.Clostridia.Lachnospirales.Lachnospiraceae.[Eubacterium] xylanophilum group,[Eubacterium] xylanophilum group,-0.19364022429066677,0.18891662381016883,-1.0250036253307406,0.30536147707370265,0.876266316084593,-0.5639168069585977,0.17663635837726413,99,123,2,119,True
pooled,mixedlm,T1D,Bacteria.Bacillota.Clostridia.Lachnospirales.Lachnospiraceae.[Ruminococcus] gauvreauii group,[Ruminococcus] gauvreauii group,-0.2201194896356941,0.2561119667512891,-0.8594658517048234,0.3900835521621957,0.876266316084593,-0.7220989444682206,0.2818599651968325,99,123,2,119,True
pooled,mixedlm,T1D,Bacteria.Bacillota.Clostridia.Oscillospirales.Oscillospiraceae.UCG-003,UCG-003,-0.08109155523916906,0.18155115930576704,-0.44665952863784963,0.6551209073488564,0.9566208040531422,-0.4369318274784724,0.2747487170001343,99,123,2,119,True
pooled,mixedlm,T1D,Bacteria.Bacteroidota.Bacteroidia.Bacteroidales.Prevotellaceae.Hoylesella,Hoylesella,0.039524181602089224,0.17226635512796654,0.22943645364023077,0.8185297058137264,0.9566208040531422,-0.29811787444872523,0.37716623765290364,99,123,2,119,True
pooled,mixedlm,T1D,Bacteria.Bacillota.Bacilli.Erysipelotrichales.Erysipelatoclostridiaceae.Thomasclavelia,Thomasclavelia,0.009367216731633972,0.23433552980994077,0.03997352317521508,0.9681142348616273,0.9763185927841834,-0.4499304216958499,0.4686648551591179,99,123,2,119,True
pooled,mixedlm,T1D,Bacteria.Bacillota.Bacilli.Erysipelotrichales.Erysipelotrichaceae.[Clostridium] innocuum group,[Clostridium] innocuum group,0.04112726511654082,0.18871332979596633,0.2179351355890277,0.8274796508051534,0.9566208040531422,-0.3287508612835532,0.4110053915166348,99,123,2,119,True
pooled,mixedlm,T1D,Bacteria.Bacillota.Negativicutes.Veillonellales-Selenomonadales.Veillonellaceae.Veillonella,Veillonella,0.23587712243483686,0.3281159765951662,0.7188833804513736,0.47221277732618316,0.8952255395916879,-0.40723019169168895,0.8789844365613626,99,123,2,119,True
pooled,mixedlm,T1D,Bacteria.Bacteroidota.Bacteroidia.Bacteroidales.Barnesiellaceae.Barnesiella,Barnesiella,-0.14960215036277977,0.19833629341547884,-0.754285298905885,0.4506779278948092,0.8791913675324967,-0.5383412854571183,0.23913698473155878,99,123,2,119,True
pooled,mixedlm,T1D,Bacteria.Bacillota.Clostridia.Lachnospirales.Lachnospiraceae.Hungatella,Hungatella,0.21532409615574857,0.22361352037066187,0.9629296824218287,0.3355828125689124,0.876266316084593,-0.2229584037707487,0.6536065960822458,99,123,2,119,True
pooled,mixedlm,T1D,Bacteria.Bacillota.Clostridia.Lachnospirales.Lachnospiraceae.GCA-900066575,GCA-900066575,0.05525956113837302,0.12499922228039825,0.4420792396165056,0.6584318666692641,0.9566208040531422,-0.18973891453120756,0.3002580368079536,99,123,2,119,True
pooled,mixedlm,T1D,Bacteria.Bacillota.Clostridia.Lachnospirales.Lachnospiraceae.Lachnospiraceae UCG-010,Lachnospiraceae UCG-010,0.2258713181353677,0.15845457420296652,1.4254641702299247,0.15402307012643168,0.8389698114565759,-0.08469964730244667,0.5364422835731821,99,123,2,119,True
pooled,mixedlm,T1D,Bacteria.Thermodesulfobacteriota.Desulfovibrionia.Desulfovibrionales.Desulfovibrionaceae.Desulfovibrio,Desulfovibrio,-0.049321748055323675,0.1698226964184577,-0.2904308381359736,0.7714866544732186,0.9566208040531422,-0.3821742330355008,0.2835307369248534,99,123,2,119,True
pooled,mixedlm,T1D,Bacteria.Bacillota.Clostridia.Clostridiales.Clostridiaceae.Sarcina,Sarcina,-0.10892165767262835,0.29551146655381133,-0.3685869077868564,0.7124356556032594,0.9566208040531422,-0.6881241321180986,0.4702808167728419,99,123,2,119,True
pooled,mixedlm,T1D,Bacteria.Pseudomonadota.Gammaproteobacteria.Burkholderiales.Sutterellaceae.Sutterella,Sutterella,0.30609994061889845,0.22567957497116933,1.3563475589583278,0.1749886101576218,0.8389698114565759,-0.1362320263245934,0.7484319075623903,99,123,2,119,True
pooled,mixedlm,T1D,Bacteria.Bacillota.Clostridia.Lachnospirales.Lachnospiraceae.Lachnospiraceae ND3007 group,Lachnospiraceae ND3007 group,0.05520014125368758,0.2396244216482871,0.2303610828728824,0.8178111993372341,0.9566208040531422,-0.41446372517695507,0.5248640076843303,99,123,2,119,True
pooled,mixedlm,T1D,Bacteria.Bacillota.Clostridia.Oscillospirales.Oscillospiraceae.Oscillibacter,Oscillibacter,0.05478971206687545,0.21461371177577718,0.2552945551033492,0.7984956050477214,0.9566208040531422,-0.36585316301364784,0.4754325871473987,99,123,2,119,True
pooled,mixedlm,T1D,Bacteria.Bacillota.Clostridia.Peptostreptococcales-Tissierellales.Family XI.Peptoniphilus,Peptoniphilus,-0.23465783464839696,0.19429443165162397,-1.2077434883421974,0.22714594465556104,0.8446989816878676,-0.6154749206855799,0.146159251388786,99,123,2,119,True
pooled,mixedlm,T1D,Bacteria.Bacteroidota.Bacteroidia.Bacteroidales.Marinifilaceae.Odoribacter,Odoribacter,0.06355966999770335,0.2110888827309429,0.3011038249641857,0.7633353244024179,0.9566208040531422,-0.3501745401549447,0.4772938801503514,99,123,2,119,True
pooled,mixedlm,T1D,Bacteria.Bacillota.Clostridia.Lachnospirales.Lachnospiraceae.Enterocloster,Enterocloster,0.6986747057238238,0.3044970378946701,2.294520533120935,0.021760617014559697,0.4315855707887673,0.10186051145027053,1.2954888999973773,99,123,2,119,True
pooled,mixedlm,T1D,Bacteria.Pseudomonadota.Gammaproteobacteria.Enterobacterales.Enterobacteriaceae.Citrobacter,Citrobacter,0.3402081475076606,0.24248250779098568,1.4030213997989174,0.16061045765219406,0.8389698114565759,-0.1350575677626713,0.8154738627779925,99,123,2,119,True
pooled,mixedlm,T1D,Bacteria.Pseudomonadota.Gammaproteobacteria.Pseudomonadales.Pseudomonadaceae.Pseudomonas,Pseudomonas,0.1872069372646413,0.10239433983243486,1.8282938058001996,0.0675054689596363,0.7302864369269745,-0.013485968806931009,0.38789984333621363,99,123,2,119,True
pooled,mixedlm,T1D,Bacteria.Bacillota.Clostridia.Lachnospirales.Lachnospiraceae.Sellimonas,Sellimonas,0.030636761723288372,0.22480764176679977,0.13627989459125628,0.891600017381697,0.9566208040531422,-0.40998621613963915,0.4712597395862159,99,123,2,119,True
pooled,mixedlm,T1D,Bacteria.Pseudomonadota.Gammaproteobacteria.Burkholderiales.Sutterellaceae.Parasutterella,Parasutterella,0.009925655455148438,0.212133846937463,0.04678958873580659,0.9626809269318521,0.9763185927841834,-0.405856684542279,0.4257079954525759,99,123,2,119,True
pooled,mixedlm,T1D,Bacteria.Bacillota.Bacilli.Lactobacillales.Lactobacillaceae.Lacticaseibacillus,Lacticaseibacillus,0.027302427498521676,0.22600380289211552,0.12080516853760499,0.9038453561902268,0.9566208040531422,-0.4156650261700247,0.4702698811670681,99,123,2,119,True
pooled,mixedlm,T1D,Bacteria.Bacillota.Clostridia.Lachnospirales.Lachnospiraceae.Tyzzerella,Tyzzerella,-0.11241979578954751,0.14876327749663634,-0.7556958792608574,0.44983155527222396,0.8791913675324967,-0.4039958196829547,0.17915622810385967,99,123,2,119,True
pooled,mixedlm,T1D,Bacteria.Bacillota.Clostridia.Oscillospirales.Oscillospiraceae.Flavonifractor,Flavonifractor,0.21434865321435828,0.24748666940221142,0.8661018136132506,0.38643433072637945,0.876266316084593,-0.27072521881397615,0.6994225252426927,99,123,2,119,True
pooled,mixedlm,T1D,Bacteria.Bacillota.Clostridia.Christensenellales.Christensenellaceae.NA,Christensenellaceae,0.049936066183311284,0.20559794945777118,0.242882121708942,0.808096715744192,0.9566208040531422,-0.35303591475392027,0.4529080471205428,99,123,2,119,True
pooled,mixedlm,T1D,Bacteria.Bacillota.Clostridia.Peptostreptococcales-Tissierellales.Family XI.Finegoldia,Finegoldia,0.10629164519171606,0.20444624130729452,0.5199002168592259,0.6031331242530767,0.9566208040531422,-0.2944229877705812,0.5070062781540133,99,123,2,119,True
pooled,mixedlm,T1D,Bacteria.Bacillota.Clostridia.Peptostreptococcales-Tissierellales.Peptostreptococcaceae.Clostridioides,Clostridioides,-0.20136323171016712,0.20801365585430928,-0.9680289060022096,0.33302993360170763,0.876266316084593,-0.6090699971846133,0.20634353376427905,99,123,2,119,True
