analysis,disease_category,taxon,genus,k_projects,pooled_effect,se,ci_low,ci_high,z,p,Q,I2,tau2,n_case,n_control,sign_consistency,q
meta,HIV,Archaea.Methanobacteriota.Methanobacteria.Methanobacteriales.Methanobacteriaceae.Methanobrevibacter,Methanobrevibacter,3,-0.07969779690949541,0.3801628388304023,-0.8248169610170839,0.6654213671980931,-0.2096412083692643,0.8339477146182845,7.059786803312232,71.6705326135109,0.30662717841182174,359,148,0.6666666666666666,0.9584983473210154
meta,HIV,Bacteria.Actinomycetota.Actinobacteria.Actinomycetales.Actinomycetaceae.Schaalia,Schaalia,2,0.5057489455013963,0.2903199056622815,-0.06327806959667548,1.074775960599468,1.7420401964780035,0.08150141085559519,1.2771990679568561,21.703669765457416,0.044374091798899486,111,104,1.0,0.3508285440400437
meta,HIV,Bacteria.Actinomycetota.Actinobacteria.Bifidobacteriales.Bifidobacteriaceae.Bifidobacterium,Bifidobacterium,3,0.07400825763852996,0.2985639426028159,-0.5111770698629892,0.659193585140049,0.24788076213538038,0.8042266650599141,0.9864344389921071,0.0,0.0,359,148,0.6666666666666666,0.9412604332207266
meta,HIV,Bacteria.Actinomycetota.Coriobacteriia.Coriobacteriales.Atopobiaceae.Incertae Sedis,Incertae Sedis,2,0.2721324570580484,0.478171420906814,-0.665083527919307,1.209348442035404,0.5691106686007517,0.5692810387225526,3.1159853247283564,67.9074226677503,0.31566865034524283,111,104,0.5,0.8126027730152566
meta,HIV,Bacteria.Actinomycetota.Coriobacteriia.Coriobacteriales.Atopobiaceae.Parolsenella,Parolsenella,2,0.4374374564374734,0.5804044006833823,-0.7001551689019558,1.5750300817769027,0.7536770154092972,0.4510431866053851,4.6671600979868355,78.57369408794554,0.5321452269427691,111,104,0.5,0.7988389005546103
meta,HIV,Bacteria.Actinomycetota.Coriobacteriia.Coriobacteriales.Atopobiaceae.Tractidigestivibacter,Tractidigestivibacter,3,-0.24079190539174758,0.4912535067861954,-1.2036487786926906,0.7220649679091954,-0.4901581404823348,0.6240219990529423,16.70965292372893,88.0308704846894,0.628029033816,359,148,0.6666666666666666,0.8507726981297069
meta,HIV,Bacteria.Actinomycetota.Coriobacteriia.Coriobacteriales.Coriobacteriaceae.Collinsella,Collinsella,3,-0.031436368761449555,0.37410443995602705,-0.7646810710752625,0.7018083335523635,-0.08403099617086782,0.9330317875342615,5.221972696753612,61.70029764339142,0.25872362290198253,359,148,0.3333333333333333,0.9728153676759603
meta,HIV,Bacteria.Actinomycetota.Coriobacteriia.Coriobacteriales.Coriobacteriales Incertae Sedis.Incertae Sedis,Incertae Sedis,2,-0.4318738031115933,0.41452355009441416,-1.244339961296645,0.38059235507345845,-1.0418558921760352,0.29747849634711365,3.974408811205243,74.83902518581753,0.2592770137908301,111,104,0.5,0.6838142058888197
meta,HIV,Bacteria.Actinomycetota.Coriobacteriia.Coriobacteriales.Eggerthellaceae.Adlercreutzia,Adlercreutzia,3,-0.09601835766211118,0.39578617394153714,-0.871759258587524,0.6797225432633016,-0.2426015964779365,0.8083140443477426,8.694248099540133,76.99628562352866,0.3572636245604976,359,148,0.6666666666666666,0.9412604332207266
meta,HIV,Bacteria.Actinomycetota.Coriobacteriia.Coriobacteriales.Eggerthellaceae.Asaccharobacter,Asaccharobacter,2,-0.34014450469080254,0.5861781635188966,-1.4890537051878399,0.8087646958062349,-0.5802749502794082,0.5617292171433569,6.308827673613768,84.149194561417,0.5804475155678795,111,104,0.5,0.8126027730152566
meta,HIV,Bacteria.Actinomycetota.Coriobacteriia.Coriobacteriales.Eggerthellaceae.Eggerthella,Eggerthella,2,0.4104666234198035,1.0461325974479971,-1.6399532675782706,2.4608865144178775,0.3923657712426915,0.6947879730996591,19.89913308551985,94.97465545005235,2.07880503249118,111,104,0.5,0.8660385298495751
meta,HIV,Bacteria.Actinomycetota.Coriobacteriia.Coriobacteriales.Eggerthellaceae.Incertae Sedis,Incertae Sedis,3,-0.5403647212425783,0.24328231359136746,-1.0171980558816585,-0.06353138660349805,-2.221142643974561,0.02634130150879329,3.111536758063992,35.7230797670407,0.06423114332053327,359,148,1.0,0.1864964146822565
meta,HIV,Bacteria.Actinomycetota.Coriobacteriia.Coriobacteriales.Eggerthellaceae.Senegalimassilia,Senegalimassilia,3,-0.2956018493288947,0.5181594294650628,-1.3111943310804177,0.7199906324226282,-0.5704843577469352,0.5683492284736191,13.28347341933832,84.94369705224565,0.6795395602849352,359,148,0.6666666666666666,0.8126027730152566
meta,HIV,Bacteria.Actinomycetota.Coriobacteriia.Coriobacteriales.Eggerthellaceae.Slackia,Slackia,3,-0.6705669643888046,0.5744466308823469,-1.7964823609182046,0.4553484321405954,-1.167326829576522,0.2430784077680923,18.29582474709805,89.06854417526476,0.8782770893476235,359,148,0.6666666666666666,0.6167697480388026
meta,HIV,Bacteria.Bacillota.Bacilli.Acholeplasmatales.Acholeplasmataceae.Anaeroplasma,Anaeroplasma,2,-0.3157784927943352,0.15619114666559927,-0.6219131402589098,-0.009643845329760592,-2.0217438666380225,0.04320281952679303,0.31314510032880855,0.0,0.0,330,128,1.0,0.2525725501080082
meta,HIV,Bacteria.Bacillota.Bacilli.Erysipelotrichales.Erysipelatoclostridiaceae.Asteroleplasma,Asteroleplasma,2,0.027810985961715443,0.1476490353583599,-0.26158112334066996,0.31720309526410084,0.18835873796408642,0.8505954430361311,0.3982732984650441,0.0,0.0,330,128,0.5,0.9589515504292688
meta,HIV,Bacteria.Bacillota.Bacilli.Erysipelotrichales.Erysipelatoclostridiaceae.Catenibacterium,Catenibacterium,3,0.8023777130905962,1.7119068739532015,-2.5529597598576785,4.157715186038871,0.46870406638283696,0.6392811799505707,53.98173984478392,96.2950434614544,8.43811143810252,359,148,0.3333333333333333,0.8507726981297069
meta,HIV,Bacteria.Bacillota.Bacilli.Erysipelotrichales.Erysipelatoclostridiaceae.Erysipelotrichaceae UCG-003,Erysipelotrichaceae UCG-003,3,-0.5492171581612239,0.9203734819524905,-2.3531491827881053,1.2547148664656573,-0.5967329230261051,0.5506857079326901,19.63436720381057,89.81377917994807,2.2628310629585773,359,148,0.3333333333333333,0.8126027730152566
meta,HIV,Bacteria.Bacillota.Bacilli.Erysipelotrichales.Erysipelatoclostridiaceae.Massiliomicrobiota,Massiliomicrobiota,2,0.1670200512536212,0.4061422302364976,-0.6290187200099141,0.9630588225171565,0.41123537228907475,0.6808999534348616,5.041063809086385,80.16291723589124,0.2646837403659692,111,104,0.5,0.8600057325197685
meta,HIV,Bacteria.Bacillota.Bacilli.Erysipelotrichales.Erysipelatoclostridiaceae.Thomasclavelia,Thomasclavelia,2,-0.8010883786645827,1.5497152199018347,-3.8385302096721787,2.236353452343013,-0.5169261864223847,0.605207686853205,33.81360472825838,97.0426104875938,4.661193574298087,111,104,0.5,0.8368887544766975
meta,HIV,Bacteria.Bacillota.Bacilli.Erysipelotrichales.Erysipelatoclostridiaceae.UCG-004,UCG-004,2,0.17408027455030847,0.8776362979891388,-1.5460868695084036,1.8942474186090206,0.19835127028037167,0.8427702405782633,7.354980925781417,86.40377167404066,1.3316269312179647,277,64,0.5,0.9589515504292688
meta,HIV,Bacteria.Bacillota.Bacilli.Erysipelotrichales.Erysipelotrichaceae.Catenisphaera,Catenisphaera,3,0.41696046368424244,0.31316877637263824,-0.1968503380061285,1.0307712653746135,1.3314241238025049,0.1830494960494834,4.466092974487065,55.21812887852605,0.16234290768508483,359,148,0.6666666666666666,0.5509545417145041
meta,HIV,Bacteria.Bacillota.Bacilli.Erysipelotrichales.Erysipelotrichaceae.Dielma,Dielma,2,0.11804912224500272,0.340036161111118,-0.5484217535327885,0.784519998022794,0.34716637742074224,0.7284663287252492,8.219483551280256,87.833785495632,0.20350828703526508,111,104,0.5,0.8892313116163386
meta,HIV,Bacteria.Bacillota.Bacilli.Erysipelotrichales.Erysipelotrichaceae.Erysipelotrichaceae UCG-006,Erysipelotrichaceae UCG-006,2,0.15394716343620748,0.23848880308383932,-0.31349089060811763,0.6213852174805325,0.6455110740863095,0.5185960441853287,1.6537600989264412,39.53173736328731,0.04524761998845428,111,104,0.5,0.8126027730152566
meta,HIV,Bacteria.Bacillota.Bacilli.Erysipelotrichales.Erysipelotrichaceae.Holdemanella,Holdemanella,3,0.10446782790430854,1.1288414797797004,-2.108061472463904,2.3169971282725217,0.09254428524782418,0.9262656076212528,25.5009700671868,92.15716110120263,3.5030070814227403,359,148,0.3333333333333333,0.9728153676759603
meta,HIV,Bacteria.Bacillota.Bacilli.Erysipelotrichales.Erysipelotrichaceae.Holdemania,Holdemania,2,0.04989322971813556,0.4779045215087781,-0.8867996324390695,0.9865860918753406,0.10439999513002961,0.9168519265477151,5.206582675375825,80.79354420454263,0.37210415109763395,111,104,0.5,0.9728153676759603
meta,HIV,Bacteria.Bacillota.Bacilli.Erysipelotrichales.Erysipelotrichaceae.Solobacterium,Solobacterium,3,0.35052981628790203,0.595770097292206,-0.8171795744048216,1.5182392069806256,0.5883642329164743,0.5562878398185558,12.20877544548114,83.61834068509906,0.8856912540084707,359,148,0.3333333333333333,0.8126027730152566
meta,HIV,Bacteria.Bacillota.Bacilli.Erysipelotrichales.Erysipelotrichaceae.Turicibacter,Turicibacter,3,-0.27941975618631737,0.21015392504110658,-0.6913214492668862,0.13248193689425153,-1.3295957052986864,0.1836515139048347,0.5811951244351674,0.0,0.0,359,148,1.0,0.5509545417145041
meta,HIV,Bacteria.Bacillota.Bacilli.Erysipelotrichales.Erysipelotrichaceae.[Clostridium] innocuum group,[Clostridium] innocuum group,2,0.5029140274686669,0.23739812784236614,0.03761369689762928,0.9682143580397045,2.118441421756304,0.03413770098352339,0.5623398806612989,0.0,0.0,111,104,1.0,0.2237915953364311
meta,HIV,Bacteria.Bacillota.Bacilli.Izemoplasmatales.Incertae Sedis.Incertae Sedis,Incertae Sedis,2,-0.34330021671425354,0.36431568444723034,-1.057358958230825,0.3707585248023179,-0.9423152265188275,0.34603127478616535,3.059883766648486,67.3190200588793,0.18614225990118052,330,128,1.0,0.7316346344121112
meta,HIV,Bacteria.Bacillota.Bacilli.Lactobacillales.Carnobacteriaceae.Granulicatella,Granulicatella,2,0.5507456115186219,0.4406488237980822,-0.3129260831256192,1.4144173061628629,1.249851541124252,0.21135378412156014,2.5200053019713406,60.31754380763709,0.25441872999452086,111,104,1.0,0.5755326121464023
meta,HIV,Bacteria.Bacillota.Bacilli.Lactobacillales.Lactobacillaceae.Lactobacillus,Lactobacillus,2,0.13814012048437582,0.2944711035538883,-0.43902324248124514,0.7153034834499968,0.46911265253942364,0.6389891156694569,0.1724313037009547,0.0,0.0,111,104,0.5,0.8507726981297069
meta,HIV,Bacteria.Bacillota.Bacilli.Lactobacillales.Lactobacillaceae.Ligilactobacillus,Ligilactobacillus,2,0.2187086937938934,0.26038225972580364,-0.2916405352686818,0.7290579228564686,0.8399523609027946,0.4009350977074454,0.03292397774369339,0.0,0.0,330,128,1.0,0.754952258449126
meta,HIV,Bacteria.Bacillota.Bacilli.Lactobacillales.Streptococcaceae.Lactococcus,Lactococcus,2,0.132186089194423,0.2986860902162998,-0.4532386476295247,0.7176108260183707,0.4425585707680517,0.6580850565821987,2.6073234929661893,61.646492938152356,0.11032854758584518,111,104,0.5,0.8576032040054947
meta,HIV,Bacteria.Bacillota.Bacilli.Lactobacillales.Streptococcaceae.Streptococcus,Streptococcus,3,0.22245543131542994,0.20360900555700182,-0.1766182195762936,0.6215290822071535,1.0925618476789423,0.2745862216160496,0.27686995117507684,0.0,0.0,359,148,0.6666666666666666,0.6497096617977507
meta,HIV,Bacteria.Bacillota.Bacilli.RF39.Incertae Sedis.Incertae Sedis,Incertae Sedis,3,-0.6993603242885487,0.22531100571377702,-1.1409698954875516,-0.2577507530895457,-3.103977642250545,0.001909377590708897,1.6397608414404725,0.0,0.0,359,148,1.0,0.042244979194434346
meta,HIV,Bacteria.Bacillota.Bacilli.Staphylococcales.Gemellaceae.Gemella,Gemella,2,0.10264592182628793,0.1702894445176839,-0.23112138942837254,0.43641323308094837,0.6027732494930332,0.5466595447725024,1.1664514576790421,14.269900095992035,0.012215587850813815,111,104,0.5,0.8126027730152566
meta,HIV,Bacteria.Bacillota.Clostridia.Christensenellales.Christensenellaceae.Christensenellaceae R-7 group,Christensenellaceae R-7 group,3,-0.9745177691871667,0.23515880989160887,-1.4354290365747202,-0.5136065017996133,-4.144083607313494,3.4117526308357016e-05,0.031933191006876444,0.0,0.0,359,148,1.0,0.003019401078289596
meta,HIV,Bacteria.Bacillota.Clostridia.Christensenellales.Christensenellaceae.Incertae Sedis,Incertae Sedis,3,-0.4794071004672714,0.1742181787450146,-0.8208747308075001,-0.13793947012704277,-2.7517627834287643,0.005927544106475198,2.4413791959334743,18.079092206104864,0.0167636834747024,359,148,1.0,0.09537957334964636
meta,HIV,Bacteria.Bacillota.Clostridia.Christensenellales.Christensenellaceae.NA,Christensenellaceae,2,-0.428600618183198,0.3008449272050337,-1.018256675505064,0.161055439138668,-1.424656291083464,0.15425657964032635,0.380146679164436,0.0,0.0,111,104,1.0,0.5326100676901487
meta,HIV,Bacteria.Bacillota.Clostridia.Clostridia UCG-014.Incertae Sedis.Incertae Sedis,Incertae Sedis,3,-1.3250582991051145,0.35623606546448416,-2.0232809874155033,-0.6268356107947256,-3.7196073827545106,0.00019953270268285243,2.3696207208922146,15.598307257924562,0.06115511582692413,359,148,1.0,0.011772429458288294
meta,HIV,Bacteria.Bacillota.Clostridia.Clostridia vadinBB60 group.Incertae Sedis.Incertae Sedis,Incertae Sedis,3,-0.49886932996193556,0.3643186059855585,-1.2129337976936303,0.21519513776975907,-1.3693215821695108,0.17089877457010827,3.686867518627485,45.75340746866481,0.18753967737659355,359,148,0.6666666666666666,0.5509545417145041
meta,HIV,Bacteria.Bacillota.Clostridia.Clostridiales.Clostridiaceae.Clostridium,Clostridium,3,-0.8513229445294825,0.27127527398489426,-1.3830224815398753,-0.3196234075190898,-3.138225360623496,0.0016997413768626273,1.0955157539647273,0.0,0.0,359,148,1.0,0.042244979194434346
meta,HIV,Bacteria.Bacillota.Clostridia.Lachnospirales.Defluviitaleaceae.Defluviitaleaceae UCG-011,Defluviitaleaceae UCG-011,2,-0.32496382566278575,0.1628586786241858,-0.6441668357661898,-0.005760815559381627,-1.9953730952998538,0.04600220306584542,0.22506939244968727,0.0,0.0,330,128,1.0,0.2525725501080082
meta,HIV,Bacteria.Bacillota.Clostridia.Lachnospirales.Lachnospiraceae.Agathobacter,Agathobacter,3,0.01972537870478234,0.3009427085756251,-0.5701223301034429,0.6095730875130075,0.06554529530934114,0.947739843405675,2.994763673693595,33.216767066855134,0.0945781649856274,359,148,0.3333333333333333,0.9728153676759603
meta,HIV,Bacteria.Bacillota.Clostridia.Lachnospirales.Lachnospiraceae.Anaerobutyricum,Anaerobutyricum,3,-0.31062084084331154,0.3681434869470809,-1.03218207525959,0.41094039357296697,-0.8437493853801684,0.398809464466338,6.192887781200721,67.70488872620544,0.27090168752945637,359,148,0.6666666666666666,0.754952258449126
meta,HIV,Bacteria.Bacillota.Clostridia.Lachnospirales.Lachnospiraceae.Anaerostipes,Anaerostipes,3,-0.2604104057028509,0.6244687379903838,-1.4843691321640031,0.9635483207583013,-0.41701111658668966,0.6766702765830037,21.409750307944627,90.65846181654042,1.0372718059681494,359,148,0.6666666666666666,0.8600057325197685
meta,HIV,Bacteria.Bacillota.Clostridia.Lachnospirales.Lachnospiraceae.Blautia,Blautia,3,0.020945457538175286,0.2092021021297976,-0.389090662636228,0.43098157771257856,0.10012068389819459,0.9202485144626623,3.639968085071042,45.054463301401015,0.05984828022189544,359,148,0.3333333333333333,0.9728153676759603
meta,HIV,Bacteria.Bacillota.Clostridia.Lachnospirales.Lachnospiraceae.Butyribacter,Butyribacter,3,-0.30235308808358397,0.23052993411045378,-0.7541917589400733,0.1494855827729054,-1.3115567366566703,0.18966973850078295,0.27070473363803177,0.0,0.0,359,148,1.0,0.5525906475180666
meta,HIV,Bacteria.Bacillota.Clostridia.Lachnospirales.Lachnospiraceae.CAG-56,CAG-56,3,-0.5327114181507161,0.40687477669637534,-1.3301859804756118,0.26476314417417957,-1.3092760934361005,0.19044084462487043,5.268005744938469,62.03496926855837,0.30545024229324413,359,148,1.0,0.5525906475180666
meta,HIV,Bacteria.Bacillota.Clostridia.Lachnospirales.Lachnospiraceae.Coprococcus,Coprococcus,3,-0.5857218090473472,0.19800215782038258,-0.973806038375297,-0.19763757971939733,-2.95815871652613,0.0030948272953626446,0.07527888022879983,0.0,0.0,359,148,1.0,0.060864936808798675
meta,HIV,Bacteria.Bacillota.Clostridia.Lachnospirales.Lachnospiraceae.Dorea,Dorea,3,0.15566599115745616,0.16546904113578298,-0.16865332946867845,0.4799853117835908,0.940755987276904,0.3468299203935664,1.7991553819078396,0.0,0.0,359,148,0.6666666666666666,0.7316346344121112
meta,HIV,Bacteria.Bacillota.Clostridia.Lachnospirales.Lachnospiraceae.Eisenbergiella,Eisenbergiella,2,0.28855373095859255,0.3716105014194362,-0.43980285182350237,1.0169103137406874,0.77649509326676,0.4374567168463178,2.3121892689844303,56.750945373982105,0.15958952055748074,111,104,0.5,0.7982457616680233
meta,HIV,Bacteria.Bacillota.Clostridia.Lachnospirales.Lachnospiraceae.Enterocloster,Enterocloster,3,0.33999344593041114,0.2198348130807939,-0.09088278770794489,0.7708696795687672,1.5465860077650961,0.1219631058847062,2.173638338301047,7.988373007662619,0.013436159752903586,359,148,0.6666666666666666,0.455312334326281
meta,HIV,Bacteria.Bacillota.Clostridia.Lachnospirales.Lachnospiraceae.Faecalimonas,Faecalimonas,3,0.22585002428361173,0.193308386627694,-0.15303441350666852,0.6047344620738919,1.1683405372297266,0.24266943002404862,1.2146134031489582,0.0,0.0,359,148,1.0,0.6167697480388026
meta,HIV,Bacteria.Bacillota.Clostridia.Lachnospirales.Lachnospiraceae.Fusicatenibacter,Fusicatenibacter,3,-0.6256824038652092,0.33121231855502853,-1.2748585482330652,0.02349374050264663,-1.8890674314133538,0.05888279380051036,3.548042298686454,43.630886228711695,0.14532113315116552,359,148,1.0,0.27426985533395615
meta,HIV,Bacteria.Bacillota.Clostridia.Lachnospirales.Lachnospiraceae.GCA-900066575,GCA-900066575,3,-0.42349305213812255,0.17020093697699148,-0.7570868886130259,-0.08989921566321923,-2.4881945990424965,0.01283934576988402,1.472651001461851,0.0,0.0,359,148,1.0,0.12288450615927964
meta,HIV,Bacteria.Bacillota.Clostridia.Lachnospirales.Lachnospiraceae.Howardella,Howardella,3,-0.21602421487731305,0.34446366718147226,-0.8911730025529987,0.4591245727983726,-0.6271320764970721,0.5305726625020284,6.838520918200187,70.75390974271707,0.25070255353766674,359,148,0.6666666666666666,0.8126027730152566
meta,HIV,Bacteria.Bacillota.Clostridia.Lachnospirales.Lachnospiraceae.Hungatella,Hungatella,2,0.18228554001002562,0.18519080204017616,-0.18068843198871964,0.5452595120087709,0.9843120608683348,0.3249621011704301,0.4782309390682131,0.0,0.0,111,104,0.5,0.7189786488395766
meta,HIV,Bacteria.Bacillota.Clostridia.Lachnospirales.Lachnospiraceae.Incertae Sedis,Incertae Sedis,2,-0.5919057851653702,0.2622401677656765,-1.1058965139860961,-0.07791505634464424,-2.2571133560830576,0.02400099252790385,0.17870441469730503,0.0,0.0,111,104,1.0,0.184703290323434
meta,HIV,Bacteria.Bacillota.Clostridia.Lachnospirales.Lachnospiraceae.Lachnoclostridium,Lachnoclostridium,3,0.04833421455690832,0.20991258316651318,-0.3630944484494575,0.45976287756327416,0.2302587764286965,0.817890691622724,0.7829301305747071,0.0,0.0,359,148,0.3333333333333333,0.9461872707007983
meta,HIV,Bacteria.Bacillota.Clostridia.Lachnospirales.Lachnospiraceae.Lachnospira,Lachnospira,3,-0.1805394401628638,0.27044050908315986,-0.7106028379658571,0.34952395764012945,-0.6675754337799605,0.5044046433336172,0.8592817661659491,0.0,0.0,359,148,0.6666666666666666,0.8126027730152566
meta,HIV,Bacteria.Bacillota.Clostridia.Lachnospirales.Lachnospiraceae.Lachnospiraceae AC2044 group,Lachnospiraceae AC2044 group,2,-0.3921259205717647,0.23924994388599105,-0.8610558105883072,0.07680396944477774,-1.6389801987106134,0.10121738364356107,0.4067625854338074,0.0,0.0,111,104,1.0,0.40716992965705245
meta,HIV,Bacteria.Bacillota.Clostridia.Lachnospirales.Lachnospiraceae.Lachnospiraceae FCS020 group,Lachnospiraceae FCS020 group,3,-0.18764546056591988,0.1831569035165767,-0.5466329914584103,0.17134207032657048,-1.0245066222630093,0.3055960445553183,0.15424734271430662,0.0,0.0,359,148,1.0,0.6934679472601454
meta,HIV,Bacteria.Bacillota.Clostridia.Lachnospirales.Lachnospiraceae.Lachnospiraceae ND3007 group,Lachnospiraceae ND3007 group,3,-0.5507990775457143,0.2233056862740073,-0.9884782226427686,-0.11311993244866003,-2.46656986992197,0.0136414111939892,1.0946584110963231,0.0,0.0,359,148,1.0,0.12288450615927964
meta,HIV,Bacteria.Bacillota.Clostridia.Lachnospirales.Lachnospiraceae.Lachnospiraceae NK3A20 group,Lachnospiraceae NK3A20 group,3,0.03378091175468748,0.5241829427075787,-0.9936176559521668,1.0611794794615417,0.06444488937430484,0.9486159877365717,12.819882685833521,84.39923321443433,0.6933167767409372,359,148,0.3333333333333333,0.9728153676759603
meta,HIV,Bacteria.Bacillota.Clostridia.Lachnospirales.Lachnospiraceae.Lachnospiraceae NK4A136 group,Lachnospiraceae NK4A136 group,3,-0.7273618788721675,0.3998684236804311,-1.5111039892858125,0.05638023154147742,-1.81900304149413,0.06891096605774825,5.286172112785164,62.1654392379168,0.2972151674699763,359,148,1.0,0.312749769031319
meta,HIV,Bacteria.Bacillota.Clostridia.Lachnospirales.Lachnospiraceae.Lachnospiraceae UCG-004,Lachnospiraceae UCG-004,3,-0.011195941710475063,0.2339021737181567,-0.4696442021980622,0.4472523187771121,-0.047865915619774234,0.961823103634424,0.2922616862262739,0.0,0.0,359,148,0.3333333333333333,0.9728153676759603
meta,HIV,Bacteria.Bacillota.Clostridia.Lachnospirales.Lachnospiraceae.Lachnospiraceae UCG-010,Lachnospiraceae UCG-010,3,-0.24179215242016022,0.21978313070369765,-0.6725670885994076,0.18898278375908717,-1.1001397224891396,0.2712712488741357,0.5777327741027465,0.0,0.0,359,148,1.0,0.6497096617977507
meta,HIV,Bacteria.Bacillota.Clostridia.Lachnospirales.Lachnospiraceae.Marvinbryantia,Marvinbryantia,3,-0.318940861486752,0.2762197943466404,-0.8603316584061671,0.22244993543266317,-1.1546633080412008,0.2482283306361025,3.8404174270555114,47.9223277680671,0.10925682405862856,359,148,0.6666666666666666,0.6167697480388026
meta,HIV,Bacteria.Bacillota.Clostridia.Lachnospirales.Lachnospiraceae.Mediterraneibacter,Mediterraneibacter,3,0.1374988456272922,0.1713132810647316,-0.1982751852595817,0.4732728765141661,0.8026163807774924,0.4221964974220339,2.1452660894920332,6.771471856268891,0.008255928565000244,359,148,0.3333333333333333,0.778424792121875
meta,HIV,Bacteria.Bacillota.Clostridia.Lachnospirales.Lachnospiraceae.NA,Lachnospiraceae,3,-0.21980145243513866,0.2512592491206287,-0.7122695807115709,0.27266667584129356,-0.8747994479980824,0.3816830376285214,4.22320279633726,52.64257729383539,0.10170187318606619,359,148,0.6666666666666666,0.743650704702761
meta,HIV,Bacteria.Bacillota.Clostridia.Lachnospirales.Lachnospiraceae.Oribacterium,Oribacterium,3,-0.22616591710281472,0.6713768343738971,-1.542064512475653,1.0897326782700234,-0.336868812749146,0.7362157964151139,16.949448356128247,88.20020594194217,1.1860185706188764,359,148,0.6666666666666666,0.8893164539311472
meta,HIV,Bacteria.Bacillota.Clostridia.Lachnospirales.Lachnospiraceae.Roseburia,Roseburia,3,-0.28788152749669565,0.21124790303343727,-0.7019274174422327,0.12616436244884138,-1.3627663203413123,0.17295616874693664,0.3600851102360806,0.0,0.0,359,148,1.0,0.5509545417145041
meta,HIV,Bacteria.Bacillota.Clostridia.Lachnospirales.Lachnospiraceae.Shuttleworthia,Shuttleworthia,2,-0.03427259436473875,0.38962676090070997,-0.7979410457301302,0.7293958570006528,-0.0879626293776894,0.9299063784050974,2.1953656626753153,54.44950164787671,0.17005276256347118,111,104,0.5,0.9728153676759603
meta,HIV,Bacteria.Bacillota.Clostridia.Lachnospirales.Lachnospiraceae.[Eubacterium] eligens group,[Eubacterium] eligens group,3,-0.6783099145305183,0.27688885544585695,-1.221012071204398,-0.1356077578566386,-2.4497552039004167,0.014295336597442773,0.17986855635111687,0.0,0.0,359,148,1.0,0.12288450615927964
meta,HIV,Bacteria.Bacillota.Clostridia.Lachnospirales.Lachnospiraceae.[Eubacterium] ruminantium group,[Eubacterium] ruminantium group,3,-0.6395006648174287,0.3148328404780042,-1.256573032154317,-0.022428297480540538,-2.0312387483036654,0.04223078145930262,2.1738766367874875,7.998459243043296,0.024851731984628873,359,148,0.6666666666666666,0.2525725501080082
meta,HIV,Bacteria.Bacillota.Clostridia.Lachnospirales.Lachnospiraceae.[Eubacterium] ventriosum group,[Eubacterium] ventriosum group,3,-0.5648672543666031,0.6523268015867109,-1.8434277854765564,0.7136932767433501,-0.8659267915906992,0.3865303097890057,14.846274334714892,86.52860674059201,1.0991208623897637,359,148,0.6666666666666666,0.743650704702761
meta,HIV,Bacteria.Bacillota.Clostridia.Lachnospirales.Lachnospiraceae.[Eubacterium] xylanophilum group,[Eubacterium] xylanophilum group,3,-0.716720987723919,0.37099539711961976,-1.4438719660783739,0.010429990630535735,-1.931886468911708,0.05337352024533894,4.734653233737644,57.758258075826305,0.23726855402784092,359,148,1.0,0.2553273806331079
meta,HIV,Bacteria.Bacillota.Clostridia.Lachnospirales.Lachnospiraceae.[Ruminococcus] gauvreauii group,[Ruminococcus] gauvreauii group,3,-0.03396903377131201,0.2580766645935068,-0.5397992963745853,0.47186122883196135,-0.1316238096335296,0.8952818520095245,0.22462905802948616,0.0,0.0,359,148,0.6666666666666666,0.9728153676759603
meta,HIV,Bacteria.Bacillota.Clostridia.Lachnospirales.Lachnospiraceae.[Ruminococcus] gnavus group,[Ruminococcus] gnavus group,2,0.4432084718046778,0.7061759273548001,-0.9408963458107302,1.8273132894200859,0.6276176440407024,0.5302544474451822,2.662733967811639,62.44461474227381,0.6446508405471445,111,104,0.5,0.8126027730152566
meta,HIV,Bacteria.Bacillota.Clostridia.Monoglobales.Monoglobaceae.Monoglobus,Monoglobus,3,-0.6513632641744767,0.47835986003821585,-1.5889485898493798,0.2862220615004264,-1.3616595341474507,0.1733053574370197,9.775886639941797,79.54149762919195,0.5447104288953819,359,148,1.0,0.5509545417145041
meta,HIV,Bacteria.Bacillota.Clostridia.NA.NA.NA,Clostridia,3,-0.19599873526718167,0.27238966741589316,-0.7298824834023323,0.3378850128679689,-0.7195527536950387,0.47180041056859134,4.988472928802232,59.90757034176761,0.1296330827915533,359,148,0.6666666666666666,0.8114641581230227
meta,HIV,Bacteria.Bacillota.Clostridia.Oscillospirales.Butyricicoccaceae.Agathobaculum,Agathobaculum,3,-0.03714421861271163,0.2959216511559665,-0.617150654878406,0.5428622176529827,-0.12552044930681547,0.9001115368609645,4.444253844720353,54.99807009502972,0.14702793191762245,359,148,0.6666666666666666,0.9728153676759603
meta,HIV,Bacteria.Bacillota.Clostridia.Oscillospirales.Butyricicoccaceae.UCG-009,UCG-009,3,-0.535518715100143,0.19254025991721085,-0.9128976245378764,-0.15813980566240976,-2.781333708235396,0.005413605742320598,2.363285649159734,15.372058358197199,0.0172382478124735,359,148,1.0,0.09537957334964636
meta,HIV,Bacteria.Bacillota.Clostridia.Oscillospirales.NA.NA,Oscillospirales,2,-0.04862656103436263,0.571873599661148,-1.1694988163702127,1.0722456943014875,-0.08503026029383993,0.9322373335840699,7.000003139416558,85.71429212125541,0.5638842882121973,111,104,0.5,0.9728153676759603
meta,HIV,Bacteria.Bacillota.Clostridia.Oscillospirales.Oscillospiraceae.Colidextribacter,Colidextribacter,3,-0.2497960996670713,0.19949379628410674,-0.6408039403839205,0.14121174104977788,-1.2521497125220231,0.21051531602795026,0.15916217932840962,0.0,0.0,359,148,1.0,0.5755326121464023
meta,HIV,Bacteria.Bacillota.Clostridia.Oscillospirales.Oscillospiraceae.Flavonifractor,Flavonifractor,3,0.26286866502904055,0.3690476333811533,-0.46046469639801996,0.9862020264561011,0.7122892582203586,0.47628567438497893,5.825396083653738,65.66757056035951,0.26127540255126863,359,148,0.6666666666666666,0.8114641581230227
meta,HIV,Bacteria.Bacillota.Clostridia.Oscillospirales.Oscillospiraceae.Incertae Sedis,Incertae Sedis,3,0.06750171274602691,0.2022656820168863,-0.32893902400707026,0.46394244949912405,0.33372795658134174,0.7385848515699358,1.2852571582446777,0.0,0.0,359,148,0.6666666666666666,0.8893164539311472
meta,HIV,Bacteria.Bacillota.Clostridia.Oscillospirales.Oscillospiraceae.Intestinimonas,Intestinimonas,3,-0.2754225725551151,0.22365218588528282,-0.7137808568902695,0.16293571178003924,-1.2314772219413348,0.21814443076840218,1.1360829968441297,0.0,0.0,359,148,0.6666666666666666,0.5850237006970785
meta,HIV,Bacteria.Bacillota.Clostridia.Oscillospirales.Oscillospiraceae.NA,Oscillospiraceae,3,-0.43960722130343177,0.1739379930225232,-0.7805256876275772,-0.09868875497928631,-2.527378945015809,0.011491743327481383,2.454097138670303,18.503633434671027,0.01941966733620148,359,148,1.0,0.12288450615927964
meta,HIV,Bacteria.Bacillota.Clostridia.Oscillospirales.Oscillospiraceae.NK4A214 group,NK4A214 group,3,-0.5330014364807156,0.2721517074453755,-1.0664187830736516,0.00041591011222030794,-1.958471771071641,0.05017468029374408,2.089519942424859,4.284234890860745,0.010105018290734331,359,148,0.6666666666666666,0.2553273806331079
meta,HIV,Bacteria.Bacillota.Clostridia.Oscillospirales.Oscillospiraceae.Oscillibacter,Oscillibacter,3,-0.17419031632878149,0.26463921043683314,-0.6928831687849744,0.34450253612741144,-0.6582180926297733,0.5103980005653914,2.934786924026879,31.851952057365697,0.06834860740025732,359,148,0.6666666666666666,0.8126027730152566
meta,HIV,Bacteria.Bacillota.Clostridia.Oscillospirales.Oscillospiraceae.Oscillospira,Oscillospira,3,-0.6513428484455457,0.3355505642788215,-1.3090219544320358,0.006336257540944468,-1.9411168324077694,0.05224410782200594,7.550425437646955,73.5114263889309,0.24547548782283532,359,148,1.0,0.2553273806331079
meta,HIV,Bacteria.Bacillota.Clostridia.Oscillospirales.Oscillospiraceae.UCG-002,UCG-002,3,-0.6182085827650645,0.24839256669270804,-1.1050580134827723,-0.13135915204735676,-2.4888368883029584,0.012816174985366986,1.7667975158365576,0.0,0.0,359,148,1.0,0.12288450615927964
meta,HIV,Bacteria.Bacillota.Clostridia.Oscillospirales.Oscillospiraceae.UCG-003,UCG-003,3,-0.8069501544788836,0.3068973990907247,-1.408469056696704,-0.20543125226106318,-2.629380883871009,0.008554049341832239,3.33787016123008,40.08155190605272,0.11442743598656588,359,148,1.0,0.10814762382173615
meta,HIV,Bacteria.Bacillota.Clostridia.Oscillospirales.Oscillospiraceae.UCG-005,UCG-005,3,-0.8780973653225901,0.2540656746078542,-1.3760660875539843,-0.38012864309119593,-3.4561826058475535,0.0005478840210163011,0.2808997632466851,0.0,0.0,359,148,1.0,0.02063494871431292
meta,HIV,Bacteria.Bacillota.Clostridia.Oscillospirales.Ruminococcaceae.Acutalibacter,Acutalibacter,3,0.06654134489361879,0.2698610684940568,-0.4623863493547325,0.5954690391419701,0.24657630411436784,0.8052361449641621,4.166132663710895,51.99384749744043,0.11556399366601927,359,148,0.3333333333333333,0.9412604332207266
meta,HIV,Bacteria.Bacillota.Clostridia.Oscillospirales.Ruminococcaceae.Anaerotruncus,Anaerotruncus,2,-0.17167689474780823,0.6930234683270261,-1.5300028926687794,1.186649103173163,-0.24772161780067856,0.8043498045141437,14.883074512392744,93.28095818396041,0.8963831794889934,111,104,0.5,0.9412604332207266
meta,HIV,Bacteria.Bacillota.Clostridia.Oscillospirales.Ruminococcaceae.Angelakisella,Angelakisella,2,-0.47750902462362005,0.19548741032612427,-0.8606643488628236,-0.09435370038441648,-2.4426587053714086,0.014579517679914533,0.551509619209637,0.0,0.0,111,104,1.0,0.12288450615927964
meta,HIV,Bacteria.Bacillota.Clostridia.Oscillospirales.Ruminococcaceae.CAG-352,CAG-352,2,-0.5933693232116592,0.2986059446526355,-1.178636974730825,-0.00810167169249365,-1.9871316490430833,0.04690780981303542,0.4075109489745914,0.0,0.0,330,128,1.0,0.2525725501080082
meta,HIV,Bacteria.Bacillota.Clostridia.Oscillospirales.Ruminococcaceae.Candidatus Soleaferrea,Candidatus Soleaferrea,2,-0.09078750020112997,0.20571420881980107,-0.49398734948794004,0.3124123490856801,-0.4413282909429793,0.6589753477117745,1.2474759058462985,19.83813111632074,0.016940347470293864,330,128,0.5,0.8576032040054947
meta,HIV,Bacteria.Bacillota.Clostridia.Oscillospirales.Ruminococcaceae.Caproiciproducens,Caproiciproducens,2,-0.06451571697985847,0.12480226856703251,-0.30912816337124216,0.18009672941152524,-0.5169434636134556,0.6051956257575553,0.5771348614826526,0.0,0.0,330,128,0.5,0.8368887544766975
meta,HIV,Bacteria.Bacillota.Clostridia.Oscillospirales.Ruminococcaceae.DTU089,DTU089,2,0.27181054410955385,0.6552454360467451,-1.0124705105420664,1.5560915987611743,0.4148224911713279,0.6782718535864152,10.530388006655828,90.50367375477579,0.7771534928356791,111,104,0.5,0.8600057325197685
meta,HIV,Bacteria.Bacillota.Clostridia.Oscillospirales.Ruminococcaceae.Faecalibacterium,Faecalibacterium,3,-0.246640043898603,0.17405373479456895,-0.5877853640959582,0.09450527629875216,-1.417033907314346,0.15647301423665386,1.4165038879239238,0.0,0.0,359,148,1.0,0.5326100676901487
meta,HIV,Bacteria.Bacillota.Clostridia.Oscillospirales.Ruminococcaceae.Fournierella,Fournierella,3,-0.4964902451896555,0.36764204993178573,-1.2170686630559555,0.22408817267664455,-1.3504718659951356,0.17686467220271163,7.798204264802946,74.35306985959622,0.2989105278886087,359,148,0.6666666666666666,0.5509545417145041
meta,HIV,Bacteria.Bacillota.Clostridia.Oscillospirales.Ruminococcaceae.Gemmiger,Gemmiger,3,-0.287357530652794,0.346469686494175,-0.966438116181377,0.39172305487578896,-0.8293872216079868,0.40688532989502957,3.428876315543784,41.67185351849529,0.1560458074312563,359,148,0.6666666666666666,0.7580916146465287
meta,HIV,Bacteria.Bacillota.Clostridia.Oscillospirales.Ruminococcaceae.Incertae Sedis,Incertae Sedis,3,-0.5830303385866964,0.23056131578080669,-1.0349305175170775,-0.1311301596563153,-2.52874310945111,0.011447177820597822,1.787927478811874,0.0,0.0,359,148,1.0,0.12288450615927964
meta,HIV,Bacteria.Bacillota.Clostridia.Oscillospirales.Ruminococcaceae.NA,Ruminococcaceae,3,-0.5748217810931386,0.21528637372749096,-0.9967830735990209,-0.15286048858725637,-2.6700332730800085,0.007584373084922705,1.790799447548021,0.0,0.0,359,148,1.0,0.10814762382173615
meta,HIV,Bacteria.Bacillota.Clostridia.Oscillospirales.Ruminococcaceae.Negativibacillus,Negativibacillus,3,0.5322207806792891,0.23054636427248115,0.08034990670522607,0.9840916546533522,2.3085195134557015,0.02097025878513434,2.145203853213965,6.768767126556248,0.011319623252300272,359,148,1.0,0.1687152638622172
meta,HIV,Bacteria.Bacillota.Clostridia.Oscillospirales.Ruminococcaceae.Paludicola,Paludicola,2,-0.2407282948198703,0.18782590069172567,-0.6088670601756526,0.12741047053591203,-1.281656544349398,0.19996315526832964,1.1399946233811362,12.280288039071882,0.008901707756720048,330,128,1.0,0.5658152986702799
meta,HIV,Bacteria.Bacillota.Clostridia.Oscillospirales.Ruminococcaceae.Ruminococcus,Ruminococcus,3,-0.4766615181718768,0.27518542503866317,-1.0160249512476567,0.06270191490390303,-1.7321466720299832,0.08324745112814597,0.4180931799798084,0.0,0.0,359,148,1.0,0.3508285440400437
meta,HIV,Bacteria.Bacillota.Clostridia.Oscillospirales.Ruminococcaceae.Ruthenibacterium,Ruthenibacterium,3,0.3561633424770441,0.264498555756913,-0.1622538268065053,0.8745805117605936,1.346560632279503,0.1781217803783638,3.689279880778495,45.788878463241744,0.09569315961539601,359,148,0.6666666666666666,0.5509545417145041
meta,HIV,Bacteria.Bacillota.Clostridia.Oscillospirales.Ruminococcaceae.[Eubacterium] siraeum group,[Eubacterium] siraeum group,3,-0.9226173506589193,0.2721762507086784,-1.4560828020479288,-0.38915189926990956,-3.3897790430158987,0.0006994897869258618,0.4261422024347388,0.0,0.0,359,148,1.0,0.02063494871431292
meta,HIV,Bacteria.Bacillota.Clostridia.Oscillospirales.UCG-010.Incertae Sedis,Incertae Sedis,3,-0.694719746070387,0.31046627970005264,-1.30323365428249,-0.08620583785828384,-2.237665703153234,0.0252428634146329,2.629389707439209,23.936722109260046,0.07199332107983254,359,148,1.0,0.18616611768291766
meta,HIV,Bacteria.Bacillota.Clostridia.Oscillospirales.[Eubacterium] coprostanoligenes group.Incertae Sedis,Incertae Sedis,3,0.02468729248378539,0.4151481920331424,-0.7890031639011736,0.8383777488687445,0.059466217022124325,0.9525807727509569,6.065095703954484,67.02442801197702,0.3410206345470633,359,148,0.3333333333333333,0.9728153676759603
meta,HIV,Bacteria.Bacillota.Clostridia.Peptococcales.Peptococcaceae.Incertae Sedis,Incertae Sedis,3,-0.32928894376628404,0.21377510176474476,-0.7482881432251838,0.0897102556926157,-1.5403521787521353,0.12347453134272027,5.674876405566616,64.75694170117688,0.08832739240808354,359,148,1.0,0.455312334326281
meta,HIV,Bacteria.Bacillota.Clostridia.Peptococcales.Peptococcaceae.Peptococcus,Peptococcus,3,0.02806439996753334,0.5426553824622337,-1.0355401496584447,1.0916689495935115,0.05171680015444515,0.9587543505658105,11.87656956669368,83.16012053170013,0.7208792374650809,359,148,0.3333333333333333,0.9728153676759603
meta,HIV,Bacteria.Bacillota.Clostridia.Peptostreptococcales-Tissierellales.Anaerovoracaceae.Family XIII AD3011 group,Family XIII AD3011 group,3,-0.029707112832901353,0.42231268917011283,-0.8574399836063226,0.7980257579405198,-0.07034387929777539,0.9439199583544561,8.63107515076019,76.82791581505522,0.4044008296324314,359,148,0.6666666666666666,0.9728153676759603
meta,HIV,Bacteria.Bacillota.Clostridia.Peptostreptococcales-Tissierellales.Anaerovoracaceae.Family XIII UCG-001,Family XIII UCG-001,3,-0.46510005833965345,0.17681564693166055,-0.8116587263257081,-0.11854139035359879,-2.6304236441213553,0.008527852404205609,1.883517033430116,0.0,0.0,359,148,1.0,0.10814762382173615
meta,HIV,Bacteria.Bacillota.Clostridia.Peptostreptococcales-Tissierellales.Anaerovoracaceae.Mogibacterium,Mogibacterium,2,0.8783912802773494,1.2843891395593041,-1.6390114332588865,3.3957939938135855,0.6838980907131779,0.4940395197620667,13.959469071968615,92.83640377120032,3.063689176287181,111,104,0.5,0.8126027730152566
meta,HIV,Bacteria.Bacillota.Clostridia.Peptostreptococcales-Tissierellales.Anaerovoracaceae.NA,Anaerovoracaceae,2,0.13601070560554507,0.24921544676958576,-0.352451570062843,0.6244729812739331,0.5457555194453694,0.5852340026032988,1.6085870742350923,37.83364195714955,0.047005535269114204,277,64,0.5,0.828236495801478
meta,HIV,Bacteria.Bacillota.Clostridia.Peptostreptococcales-Tissierellales.Anaerovoracaceae.[Eubacterium] brachy group,[Eubacterium] brachy group,2,0.28227569387336304,0.5838010022634484,-0.8619742705629958,1.426525658309722,0.48351354790237605,0.6287311425897307,8.295186604886377,87.94481610081034,0.59960736107596,111,104,0.5,0.8507726981297069
meta,HIV,Bacteria.Bacillota.Clostridia.Peptostreptococcales-Tissierellales.Peptostreptococcaceae.Intestinibacter,Intestinibacter,3,-0.330392723850991,0.3809216190720737,-1.0769990972322554,0.41621364953027346,-0.8673509386414684,0.38574975454503435,3.557513645514063,43.78096054467842,0.19112315778899638,359,148,0.6666666666666666,0.743650704702761
meta,HIV,Bacteria.Bacillota.Clostridia.Peptostreptococcales-Tissierellales.Peptostreptococcaceae.Romboutsia,Romboutsia,3,-1.217540479459677,0.26366813067702544,-1.7343300155866468,-0.700750943332707,-4.617700578122112,3.880155708224989e-06,0.1859332312836107,0.0,0.0,359,148,1.0,0.0006867875603558231
meta,HIV,Bacteria.Bacillota.Clostridia.Peptostreptococcales-Tissierellales.Peptostreptococcaceae.Terrisporobacter,Terrisporobacter,3,-0.4440121273010412,0.20555753325135082,-0.8469048924736888,-0.04111936212839362,-2.16003821547184,0.030769711288407265,0.6491930052077834,0.0,0.0,359,148,1.0,0.2094707268480033
meta,HIV,Bacteria.Bacillota.NA.NA.NA.NA,Bacteria.Bacillota.NA.NA.NA.NA,2,-0.7313867409080061,0.6301723826436015,-1.9665246108894652,0.5037511290734529,-1.1606137638717295,0.24579900552679346,10.369577756795485,90.35640579150225,0.7184184258342936,111,104,1.0,0.6167697480388026
meta,HIV,Bacteria.Bacillota.Negativicutes.Acidaminococcales.Acidaminococcaceae.Acidaminococcus,Acidaminococcus,3,1.034355333659338,0.6387386270906309,-0.21757237543829855,2.286283042756975,1.6193718209444894,0.10536728607766267,8.261052521592672,75.79000987135215,0.9142824793472568,359,148,0.6666666666666666,0.41444465857213986
meta,HIV,Bacteria.Bacillota.Negativicutes.Acidaminococcales.Acidaminococcaceae.Phascolarctobacterium,Phascolarctobacterium,3,-0.05530080565739251,0.40996887490223044,-0.8588398004657641,0.7482381891509792,-0.13489025397496499,0.8926986453244419,3.0911338393575174,35.298822246541945,0.17934907212456247,359,148,0.3333333333333333,0.9728153676759603
meta,HIV,Bacteria.Bacillota.Negativicutes.Veillonellales-Selenomonadales.Selenomonadaceae.Anaerovibrio,Anaerovibrio,3,0.421782357078929,0.4683271074618447,-0.4961387735462866,1.3397034877041447,0.9006148701595119,0.3677931254751752,6.69650857274517,70.13369014205385,0.45336059915197147,359,148,0.6666666666666666,0.7397657182852955
meta,HIV,Bacteria.Bacillota.Negativicutes.Veillonellales-Selenomonadales.Selenomonadaceae.Mitsuokella,Mitsuokella,3,0.5985477873423657,0.8422035404398787,-1.0521711519197965,2.249266726604528,0.7106925566113712,0.477274773184736,17.39442993970079,88.50206642624585,1.8629668393492653,359,148,0.6666666666666666,0.8114641581230227
meta,HIV,Bacteria.Bacillota.Negativicutes.Veillonellales-Selenomonadales.Veillonellaceae.Allisonella,Allisonella,3,0.3244902360344592,0.800166932742166,-1.243836952140186,1.8928174242091045,0.40552817513019895,0.6850893123462563,32.37259722520469,93.82193530507698,1.7961305941704695,359,148,0.3333333333333333,0.8600057325197685
meta,HIV,Bacteria.Bacillota.Negativicutes.Veillonellales-Selenomonadales.Veillonellaceae.Dialister,Dialister,3,0.7513862510383701,1.1679245787629053,-1.5377459233369244,3.040518425413665,0.6433516895707915,0.5199959232708152,21.381010351856798,90.64590509481553,3.701772360193955,359,148,0.6666666666666666,0.8126027730152566
meta,HIV,Bacteria.Bacillota.Negativicutes.Veillonellales-Selenomonadales.Veillonellaceae.Megasphaera,Megasphaera,3,1.376045386540428,1.4729149834016184,-1.510867980926744,4.262958754007601,0.9342327303660968,0.35018385569631405,37.31037684647154,94.63956097728575,6.148646705739883,359,148,0.6666666666666666,0.7316346344121112
meta,HIV,Bacteria.Bacillota.Negativicutes.Veillonellales-Selenomonadales.Veillonellaceae.Veillonella,Veillonella,3,-0.009214087477214958,0.22901751194477532,-0.4580884108889746,0.4396602359345447,-0.04023311317536634,0.9679072784973695,1.39492695591894,0.0,0.0,359,148,0.3333333333333333,0.9734067516706499
meta,HIV,Bacteria.Bacteroidota.Bacteroidia.Bacteroidales.Bacteroidaceae.Bacteroides,Bacteroides,3,-0.41606703107879806,0.7713125916923647,-1.927839710795833,1.0957056486382366,-0.539427251104368,0.5895920817569843,18.117111846277524,88.96071284998477,1.5676135671284748,359,148,0.3333333333333333,0.828236495801478
meta,HIV,Bacteria.Bacteroidota.Bacteroidia.Bacteroidales.Barnesiellaceae.Barnesiella,Barnesiella,3,-1.224216427933279,0.6903539793008996,-2.577310227363042,0.12887737149648415,-1.773316971639688,0.07617619835049043,10.60633315634323,81.14334171368284,1.1458805364064275,359,148,1.0,0.3370796777009201
meta,HIV,Bacteria.Bacteroidota.Bacteroidia.Bacteroidales.Barnesiellaceae.Coprobacter,Coprobacter,3,-0.41623142438948185,0.4499106548828116,-1.2980563079597927,0.4655934591808289,-0.9251424029908734,0.3548918388764928,12.368970320783713,83.83050530374886,0.5059005430332865,359,148,0.3333333333333333,0.7316346344121112
meta,HIV,Bacteria.Bacteroidota.Bacteroidia.Bacteroidales.Barnesiellaceae.Incertae Sedis,Incertae Sedis,2,-0.35337588951415205,0.17797903523905015,-0.7022147985826903,-0.004536980445613792,-1.985491656584833,0.04708979747776424,0.00728458353675545,0.0,0.0,330,128,1.0,0.2525725501080082
meta,HIV,Bacteria.Bacteroidota.Bacteroidia.Bacteroidales.Incertae Sedis.Incertae Sedis,Incertae Sedis,3,0.6530382215937262,1.082492809911773,-1.468647685833349,2.774724129020801,0.603272571987754,0.5463273762313052,44.2468908208248,95.47990838927218,3.3529148208782193,359,148,0.3333333333333333,0.8126027730152566
meta,HIV,Bacteria.Bacteroidota.Bacteroidia.Bacteroidales.Marinifilaceae.Butyricimonas,Butyricimonas,3,-0.30014924310165325,0.30420362759365516,-0.8963883531852174,0.29608986698191087,-0.9866721362790005,0.32380339400075164,2.648463654155863,24.48452155038336,0.07188206910781349,359,148,0.6666666666666666,0.7189786488395766
meta,HIV,Bacteria.Bacteroidota.Bacteroidia.Bacteroidales.Marinifilaceae.Odoribacter,Odoribacter,3,-0.48679057417990373,0.8064439870994492,-2.0674207888948244,1.0938396405350168,-0.6036260198687223,0.5460923095662531,19.69283926418021,89.84402414923555,1.7447266583194148,359,148,0.3333333333333333,0.8126027730152566
meta,HIV,Bacteria.Bacteroidota.Bacteroidia.Bacteroidales.Muribaculaceae.Incertae Sedis,Incertae Sedis,3,-0.1044980319214728,0.8311627028143195,-1.733576929437539,1.5245808655945934,-0.12572512164903712,0.8999495154531765,12.566914427622391,84.08519440854988,1.7260344411455062,359,148,0.6666666666666666,0.9728153676759603
meta,HIV,Bacteria.Bacteroidota.Bacteroidia.Bacteroidales.Prevotellaceae.Incertae Sedis,Incertae Sedis,3,1.4239825321650492,1.6081511690992085,-1.7279937592693992,4.575958823599498,0.8854780318710214,0.3758988628359683,41.072632800864326,95.13057755587094,7.358745516980194,359,148,0.3333333333333333,0.743650704702761
meta,HIV,Bacteria.Bacteroidota.Bacteroidia.Bacteroidales.Prevotellaceae.Leyella,Leyella,3,1.2265720820819876,1.6894456310482922,-2.0847413547726648,4.5378855189366405,0.7260204528280121,0.46782623229775055,50.612235037753194,96.0483863269264,8.215160641620775,359,148,0.3333333333333333,0.8114641581230227
meta,HIV,Bacteria.Bacteroidota.Bacteroidia.Bacteroidales.Prevotellaceae.Massiliprevotella,Massiliprevotella,3,-0.05782530006657808,0.6596449107028567,-1.3507293250441772,1.235078724911021,-0.08766125399946584,0.9301459158537758,11.770187684176259,83.00791751444386,1.0350072812234914,359,148,0.6666666666666666,0.9728153676759603
meta,HIV,Bacteria.Bacteroidota.Bacteroidia.Bacteroidales.Prevotellaceae.NA,Prevotellaceae,3,0.3353598011871957,0.4452384901597136,-0.5373076395258429,1.2080272419002345,0.753213858637642,0.45132141274271764,9.548463196205041,79.05422098924899,0.45035992168528943,359,148,0.6666666666666666,0.7988389005546103
meta,HIV,Bacteria.Bacteroidota.Bacteroidia.Bacteroidales.Prevotellaceae.Paraprevotella,Paraprevotella,3,0.5327890244989407,0.8315007975389963,-1.0969525386774919,2.1625305876753735,0.6407558790993867,0.5216813027347316,13.915425351492926,85.62746053762972,1.7540550870119895,359,148,0.3333333333333333,0.8126027730152566
meta,HIV,Bacteria.Bacteroidota.Bacteroidia.Bacteroidales.Prevotellaceae.Prevotellaceae NK3B31 group,Prevotellaceae NK3B31 group,3,0.4506789809549058,1.2420057154762318,-1.9836522213785086,2.88501018328832,0.36286385427952594,0.7167065891429786,42.36153586715609,95.2787358648376,4.390956121112104,359,148,0.3333333333333333,0.8809518491549111
meta,HIV,Bacteria.Bacteroidota.Bacteroidia.Bacteroidales.Prevotellaceae.Prevotellaceae UCG-003,Prevotellaceae UCG-003,3,0.0896454340634235,0.3403559771405545,-0.5774522811320633,0.7567431492589103,0.2633872770990099,0.7922520959146445,5.5467808528818034,63.9430499771609,0.22109052080005437,359,148,0.3333333333333333,0.9412604332207266
meta,HIV,Bacteria.Bacteroidota.Bacteroidia.Bacteroidales.Prevotellaceae.Segatella,Segatella,3,0.8113076192291424,1.404460447977168,-1.9414348588061068,3.5640500972643916,0.5776649818780312,0.5634903256821522,27.230538636579336,92.65530503567285,5.447468812661089,359,148,0.3333333333333333,0.8126027730152566
meta,HIV,Bacteria.Bacteroidota.Bacteroidia.Bacteroidales.Rikenellaceae.Alistipes,Alistipes,3,-0.8470845822097036,1.203092207093109,-3.205145308112197,1.5109761436927895,-0.704089493070872,0.4813770429543355,33.539147036699994,94.03681913016001,4.068121831737804,359,148,0.3333333333333333,0.8114641581230227
meta,HIV,Bacteria.Bacteroidota.Bacteroidia.Bacteroidales.Rikenellaceae.Rikenellaceae RC9 gut group,Rikenellaceae RC9 gut group,3,0.22032944042392583,1.147989562930364,-2.0297301029195878,2.4703889837674393,0.19192634457539123,0.8477999010594869,26.587172652640984,92.47757546043042,3.6346122258150264,359,148,0.3333333333333333,0.9589515504292688
meta,HIV,Bacteria.Bacteroidota.Bacteroidia.Bacteroidales.Tannerellaceae.Incertae Sedis,Incertae Sedis,2,0.09623301136144205,0.19973084245137696,-0.29523943984325673,0.4877054625661409,0.4818134754769749,0.6299384557665173,0.3983899554533034,0.0,0.0,330,128,0.5,0.8507726981297069
meta,HIV,Bacteria.Bacteroidota.Bacteroidia.Bacteroidales.Tannerellaceae.Parabacteroides,Parabacteroides,3,-0.5527570238475789,0.5066810806997287,-1.545851942019047,0.4403378943238895,-1.0909367744385068,0.27530070415158925,7.811232572405898,74.39584621938877,0.5623723429159327,359,148,0.6666666666666666,0.6497096617977507
meta,HIV,Bacteria.Campylobacterota.Campylobacteria.Campylobacterales.Campylobacteraceae.Campylobacter,Campylobacter,2,0.23837280978915723,0.5349568350851476,-0.810142586977732,1.2868882065560465,0.4455926051514345,0.6558915531878544,2.0139330505255764,50.34591642760766,0.3192636559238204,277,64,0.5,0.8576032040054947
meta,HIV,Bacteria.Cyanobacteriota.Vampirivibrionia.Gastranaerophilales.Gastranaerophilaceae.Zag_111,Zag_111,3,-0.37082793943733294,0.23755010035016075,-0.836426136123648,0.09477025724898214,-1.5610514956243504,0.11851160116452711,0.6417733701538574,0.0,0.0,359,148,1.0,0.455312334326281
meta,HIV,Bacteria.Elusimicrobiota.Elusimicrobia.Elusimicrobiales.Elusimicrobiaceae.Elusimicrobium,Elusimicrobium,2,-0.029095242586376205,0.9435144181301949,-1.878383502121558,1.8201930169488056,-0.03083709377121715,0.9753994579256491,8.51108085782217,88.25061097755942,1.5716239733583093,277,64,0.5,0.9753994579256491
meta,HIV,Bacteria.Fusobacteriota.Fusobacteriia.Fusobacteriales.Fusobacteriaceae.Fusobacterium,Fusobacterium,3,0.6216954499646211,0.18312128686522405,0.262777727708782,0.9806131722204603,3.394992797435857,0.0006863040603208554,1.2910186975461067,0.0,0.0,359,148,1.0,0.02063494871431292
meta,HIV,Bacteria.NA.NA.NA.NA.NA,Bacteria.NA.NA.NA.NA.NA,2,-0.36127856659093305,0.3943679768309158,-1.134239801179528,0.41168266799766184,-0.9160950883844969,0.35961702369408854,2.631699489901697,62.00174055445239,0.1972400258032497,277,64,1.0,0.7316346344121112
meta,HIV,Bacteria.Pseudomonadota.Alphaproteobacteria.Rhodospirillales.Incertae Sedis.Incertae Sedis,Incertae Sedis,3,-0.6800420870099608,0.5916348586792525,-1.8396464100212957,0.47956223600137404,-1.1494287008849782,0.2503792509907018,9.612673471587613,79.19413359965421,0.8201505368452973,359,148,0.6666666666666666,0.6167697480388026
meta,HIV,Bacteria.Pseudomonadota.Alphaproteobacteria.Rickettsiales.Mitochondria.Incertae Sedis,Incertae Sedis,2,0.16530752111069122,0.1803269977644609,-0.18813339450765212,0.5187484367290346,0.9167097725799894,0.3592947437465295,1.1770969832646356,15.045232957225291,0.010134604658287503,277,64,1.0,0.7316346344121112
meta,HIV,Bacteria.Pseudomonadota.Gammaproteobacteria.Burkholderiales.NA.NA,Burkholderiales,2,0.30899863832714936,0.14722165284461952,0.02044419875169512,0.5975530779026036,2.098866792735117,0.03582864487143268,0.5820031455477768,0.0,0.0,277,64,1.0,0.2264882193658423
meta,HIV,Bacteria.Pseudomonadota.Gammaproteobacteria.Burkholderiales.Oxalobacteraceae.Oxalobacter,Oxalobacter,2,-0.1390038738310839,0.21723089074270957,-0.5647764196867946,0.28676867202462686,-0.6398899961042901,0.5222441181338936,0.16350762802414792,0.0,0.0,111,104,1.0,0.8126027730152566
meta,HIV,Bacteria.Pseudomonadota.Gammaproteobacteria.Burkholderiales.Sutterellaceae.Parasutterella,Parasutterella,3,-0.724941937464611,0.6907457324245807,-2.0788035730167893,0.6289196980875672,-1.0495062125393066,0.2939451974435684,18.910573938256448,89.42390640003812,1.2624746369068913,359,148,0.6666666666666666,0.6838142058888197
meta,HIV,Bacteria.Pseudomonadota.Gammaproteobacteria.Burkholderiales.Sutterellaceae.Sutterella,Sutterella,3,-0.05640320976139773,0.4231537176684518,-0.8857844963915633,0.7729780768687677,-0.13329248310088254,0.8939620721719699,3.857064800421282,48.14709880472962,0.26229892936285926,359,148,0.6666666666666666,0.9728153676759603
meta,HIV,Bacteria.Pseudomonadota.Gammaproteobacteria.Enterobacterales.Enterobacteriaceae.Escherichia-Shigella,Escherichia-Shigella,3,0.6147727751610755,0.3149149753613591,-0.0024605765471882313,1.2320061268693392,1.9521865368759779,0.05091606200851783,2.5820526078558848,22.54224434021956,0.06938510680010677,359,148,1.0,0.2553273806331079
meta,HIV,Bacteria.Pseudomonadota.Gammaproteobacteria.Enterobacterales.Enterobacteriaceae.Klebsiella,Klebsiella,2,0.10282261276951186,0.2365477243622507,-0.36081092698049944,0.5664561525195232,0.4346802026809975,0.6637945703319366,0.2390761582269143,0.0,0.0,111,104,0.5,0.8576032040054947
meta,HIV,Bacteria.Pseudomonadota.Gammaproteobacteria.Enterobacterales.Pasteurellaceae.Haemophilus,Haemophilus,3,-0.23417359902178547,0.3051697081532767,-0.8323062270022078,0.36395902895863685,-0.7673553198935714,0.4428702857864485,4.346167526241418,53.98244573122547,0.14917074054968213,359,148,0.6666666666666666,0.7988389005546103
meta,HIV,Bacteria.Pseudomonadota.Gammaproteobacteria.Enterobacterales.Succinivibrionaceae.Succinivibrio,Succinivibrio,3,1.0035762911706205,0.6940549378559988,-0.3567713870271372,2.3639239693683782,1.4459608835444098,0.14818817354773323,8.197724108314407,75.6029847604711,1.0804154760361018,359,148,1.0,0.5245861343589756
meta,HIV,Bacteria.Thermodesulfobacteriota.Desulfovibrionia.Desulfovibrionales.Desulfovibrionaceae.Bilophila,Bilophila,3,0.19980708411705245,0.5481701478613308,-0.8746064056911558,1.2742205739252608,0.3644982947294626,0.7154859469571122,10.49060038445036,80.93531421743516,0.7110998831361057,359,148,0.6666666666666666,0.8809518491549111
meta,HIV,Bacteria.Thermodesulfobacteriota.Desulfovibrionia.Desulfovibrionales.Desulfovibrionaceae.Desulfovibrio,Desulfovibrio,3,0.38204158342300076,0.5679071655671785,-0.7310564610886691,1.4951396279346705,0.6727183712173264,0.5011264777034584,7.903016932676392,74.69320871968964,0.7155382316531296,359,148,0.6666666666666666,0.8126027730152566
meta,HIV,Bacteria.Thermodesulfobacteriota.Desulfovibrionia.Desulfovibrionales.Desulfovibrionaceae.Incertae Sedis,Incertae Sedis,3,0.3540472370543284,0.3796508817268585,-0.3900684911303143,1.098162965238971,0.9325600284238224,0.3510471794408836,10.643421168497511,81.20904953080672,0.35090353236314037,359,148,0.6666666666666666,0.7316346344121112
meta,HIV,Bacteria.Verrucomicrobiota.Lentisphaeria.Victivallales.Victivallaceae.Victivallis,Victivallis,2,-0.4083730361883376,0.24498341373067775,-0.888540527100466,0.07179445472379081,-1.6669415695108325,0.09552602397704409,0.01891425177005791,0.0,0.0,277,64,1.0,0.39321177311480937
meta,HIV,Bacteria.Verrucomicrobiota.Lentisphaeria.Victivallales.vadinBE97.Incertae Sedis,Incertae Sedis,3,-0.3776301859600832,0.3288912029145677,-1.0222569436726359,0.26699657175246944,-1.1481918111934901,0.2508893890327333,5.7272717477597,65.07935910702462,0.20841229440062412,359,148,0.6666666666666666,0.6167697480388026
meta,HIV,Bacteria.Verrucomicrobiota.Verrucomicrobiia.Opitutales.Puniceicoccaceae.Incertae Sedis,Incertae Sedis,2,-0.21248002589881565,0.14328471066710124,-0.49331805880633406,0.06835800700870276,-1.4829218338059702,0.13809517972630767,0.8844680269152134,0.0,0.0,330,128,1.0,0.49883360839911134
meta,HIV,Bacteria.Verrucomicrobiota.Verrucomicrobiia.Verrucomicrobiales.Akkermansiaceae.Akkermansia,Akkermansia,2,-1.0127409692875036,0.792692612921304,-2.5664184906132594,0.5409365520382523,-1.277596072903035,0.20139188596738777,3.6793020664666387,72.82093228729288,0.9271003428911273,111,104,1.0,0.5658152986702799
meta,IBD,Archaea.Methanobacteriota.Methanobacteria.Methanobacteriales.Methanobacteriaceae.Methanobrevibacter,Methanobrevibacter,3,-0.6820864789995275,0.18075396379972783,-1.036364248046994,-0.3278087099520609,-3.7735630503531703,0.0001609325235212135,1.2560895937215832,0.0,0.0,453,109,1.0,0.0010543854989320885
meta,IBD,Bacteria.Actinomycetota.Actinobacteria.Actinomycetales.Actinomycetaceae.Actinomyces,Actinomyces,3,0.5007718315763016,0.3996106354936439,-0.28246501399124047,1.2840086771438437,1.2531494086930195,0.21015133759562676,16.75249358637459,88.06147879007892,0.4199350782938265,538,130,0.6666666666666666,0.30249056169067484
meta,IBD,Bacteria.Actinomycetota.Actinobacteria.Actinomycetales.Actinomycetaceae.Schaalia,Schaalia,4,0.6145359779787782,0.1717974174120667,0.27781303985112754,0.9512589161064289,3.5770967179604094,0.00034743164845575544,2.775847580895361,0.0,0.0,557,151,1.0,0.0020003640365634403
meta,IBD,Bacteria.Actinomycetota.Actinobacteria.Bifidobacteriales.Bifidobacteriaceae.Bifidobacterium,Bifidobacterium,4,-0.30283523004999685,0.6142617819212098,-1.506788322615568,0.9011178625155745,-0.49300679118083396,0.6220077888219755,14.143431060309855,78.78873954129291,1.1542088922744864,557,151,0.5,0.695185175742208
meta,IBD,Bacteria.Actinomycetota.Actinobacteria.Micrococcales.Micrococcaceae.Rothia,Rothia,4,0.5712448345663838,0.15493286739386128,0.26757641447441566,0.8749132546583518,3.6870474559423116,0.000226871060931946,1.3874359241228116,0.0,0.0,557,151,1.0,0.0014368500525689914
meta,IBD,Bacteria.Actinomycetota.Actinobacteria.Mycobacteriales.Corynebacteriaceae.Corynebacterium,Corynebacterium,3,0.5425290004654955,0.1520220827429363,0.24456571828934032,0.8404922826416505,3.5687512674253505,0.0003586867521228632,3.1470299043532775,36.44801413442542,0.02551959243693559,538,130,1.0,0.0020044259677454122
meta,IBD,Bacteria.Actinomycetota.Coriobacteriia.Coriobacteriales.Atopobiaceae.Lancefieldella,Lancefieldella,4,0.36036330967077435,0.2532139126941196,-0.13593595920970003,0.8566625785512487,1.423157621303733,0.15469046763052544,13.853797079303835,78.3452869792521,0.1935912595525297,557,151,0.75,0.2370257165306438
meta,IBD,Bacteria.Actinomycetota.Coriobacteriia.Coriobacteriales.Coriobacteriaceae.Collinsella,Collinsella,4,-0.49164555018541867,0.2783754635164696,-1.037261458677699,0.0539703583068617,-1.7661238672938262,0.07737507009219971,1.6257763165699486,0.0,0.0,557,151,0.75,0.13612280849553654
meta,IBD,Bacteria.Actinomycetota.Coriobacteriia.Coriobacteriales.Coriobacteriales Incertae Sedis.Incertae Sedis,Incertae Sedis,3,-0.64039917881467,0.21532356872889893,-1.0624333735233118,-0.21836498410602811,-2.9741248605300536,0.0029382548712828254,0.42089303185404653,0.0,0.0,453,109,1.0,0.010533366519693148
meta,IBD,Bacteria.Actinomycetota.Coriobacteriia.Coriobacteriales.Eggerthellaceae.Adlercreutzia,Adlercreutzia,3,-0.05544782870152983,0.175231905729899,-0.39890236393213185,0.28800670652907223,-0.3164254161967322,0.7516796279263872,1.7122652830542107,0.0,0.0,453,109,0.6666666666666666,0.8023546590225481
meta,IBD,Bacteria.Actinomycetota.Coriobacteriia.Coriobacteriales.Eggerthellaceae.Asaccharobacter,Asaccharobacter,3,-0.056583848068999326,0.3066156885529055,-0.6575505976326941,0.5443829014946955,-0.18454322522128863,0.8535873205909179,3.616396688949212,44.696332509331974,0.12654795692171164,453,109,0.3333333333333333,0.8814216897406217
meta,IBD,Bacteria.Actinomycetota.Coriobacteriia.Coriobacteriales.Eggerthellaceae.Eggerthella,Eggerthella,4,0.5286441836035606,0.22726183153543425,0.08321099379410946,0.9740773734130117,2.3261459261853012,0.020010767214879814,3.6034903019275077,16.747382436542164,0.035762523428830816,557,151,0.75,0.04693883667687858
meta,IBD,Bacteria.Actinomycetota.Coriobacteriia.Coriobacteriales.Eggerthellaceae.Gordonibacter,Gordonibacter,3,0.11583042437487738,0.17223799561576872,-0.22175604703202928,0.45341689578178407,0.6725021616790858,0.5012640644198417,0.7075330706558637,0.0,0.0,453,109,0.6666666666666666,0.5952510764985621
meta,IBD,Bacteria.Actinomycetota.Coriobacteriia.Coriobacteriales.Eggerthellaceae.Incertae Sedis,Incertae Sedis,3,-0.8495312326376467,0.4182469554921826,-1.6692952654023245,-0.02976719987296883,-2.0311713486065655,0.042237615746635045,11.333752646501138,82.35359406209184,0.43142887380517025,453,109,1.0,0.0835952811652152
meta,IBD,Bacteria.Actinomycetota.Coriobacteriia.Coriobacteriales.Eggerthellaceae.Senegalimassilia,Senegalimassilia,3,-0.8467583409696631,0.22297347285499472,-1.2837863477654528,-0.40973033417387345,-3.79757434876718,0.00014611895685447484,0.44801781100699395,0.0,0.0,453,109,1.0,0.0010136359764930665
meta,IBD,Bacteria.Actinomycetota.Coriobacteriia.Coriobacteriales.Eggerthellaceae.Slackia,Slackia,3,-0.5035889575349004,0.19779218755191136,-0.8912616451366466,-0.11591626993315413,-2.5460508009333354,0.010894933175094807,1.6059759883492326,0.0,0.0,453,109,1.0,0.02875051810094463
meta,IBD,Bacteria.Bacillota.Bacilli.Erysipelotrichales.Erysipelatoclostridiaceae.Coprobacillus,Coprobacillus,2,-0.36731225822431485,0.1538627701283674,-0.668883287675915,-0.06574122877271471,-2.3872718391711456,0.016973935130185035,0.03557491239988313,0.0,0.0,270,91,1.0,0.04243483782546258
meta,IBD,Bacteria.Bacillota.Bacilli.Erysipelotrichales.Erysipelatoclostridiaceae.Erysipelotrichaceae UCG-003,Erysipelotrichaceae UCG-003,4,-1.0712321317864932,0.4672436477534948,-1.987029681383343,-0.15543458218964346,-2.2926628043783412,0.02186742554570296,7.654848785705059,60.80915398874621,0.5207219368206115,557,151,1.0,0.05041525457563163
meta,IBD,Bacteria.Bacillota.Bacilli.Erysipelotrichales.Erysipelatoclostridiaceae.Longibaculum,Longibaculum,4,0.3148783111050503,0.1627599443040435,-0.0041311797308749565,0.6338878019409756,1.9346179580698448,0.05303719467286523,0.6918793527826045,0.0,0.0,557,151,1.0,0.09879477439063131
meta,IBD,Bacteria.Bacillota.Bacilli.Erysipelotrichales.Erysipelatoclostridiaceae.Massiliomicrobiota,Massiliomicrobiota,2,0.32856246501558667,0.21151509811112457,-0.08600712728221749,0.7431320573133908,1.5533759431346525,0.12033334671979941,0.162494266376248,0.0,0.0,434,88,1.0,0.1937570837013719
meta,IBD,Bacteria.Bacillota.Bacilli.Erysipelotrichales.Erysipelatoclostridiaceae.Thomasclavelia,Thomasclavelia,4,0.6534267082507328,0.23929310306421875,0.18441222624486403,1.1224411902566016,2.7306541637991697,0.006320876241892358,2.0690477783266354,0.0,0.0,557,151,0.75,0.01847640747630074
meta,IBD,Bacteria.Bacillota.Bacilli.Erysipelotrichales.Erysipelotrichaceae.Amedibacillus,Amedibacillus,2,0.43105594795677843,0.1670870172242478,0.10356539419725275,0.7585465017163041,2.5798290921565585,0.009884922304372686,0.7228384249584424,0.0,0.0,434,88,1.0,0.02645260898353254
meta,IBD,Bacteria.Bacillota.Bacilli.Erysipelotrichales.Erysipelotrichaceae.Dielma,Dielma,4,0.3106437617043298,0.14709783161227008,0.0223320117442804,0.5989555116643792,2.1118174095396904,0.03470211345469966,4.357212617462337,31.148643332736526,0.027475728634220466,557,151,0.75,0.07089679092895629
meta,IBD,Bacteria.Bacillota.Bacilli.Erysipelotrichales.Erysipelotrichaceae.Faecalitalea,Faecalitalea,4,0.3195300636910876,0.22635331200686157,-0.12412242784236105,0.7631825552245363,1.4116429791025171,0.15805511066797995,3.54948416956893,15.48067672141957,0.032785331430629595,557,151,0.75,0.2402437682153295
meta,IBD,Bacteria.Bacillota.Bacilli.Erysipelotrichales.Erysipelotrichaceae.Holdemanella,Holdemanella,4,-0.7676292018706982,0.3928269531032311,-1.5375700299530313,0.002311626211634832,-1.9541154083410683,0.05068757025944904,8.54243687146916,64.8812154524702,0.36759511759546526,557,151,1.0,0.095352854943518
meta,IBD,Bacteria.Bacillota.Bacilli.Erysipelotrichales.Erysipelotrichaceae.Holdemania,Holdemania,4,-0.2179098388491717,0.15654896601488894,-0.5247458122383539,0.08892613454001058,-1.3919596174684852,0.16393462685582672,0.46848595683400723,0.0,0.0,557,151,1.0,0.24720300875084983
meta,IBD,Bacteria.Bacillota.Bacilli.Erysipelotrichales.Erysipelotrichaceae.Merdibacter,Merdibacter,2,0.12621427188946305,0.19710466139331004,-0.2601108644414246,0.5125394082203507,0.6403413851162574,0.5219506807963914,1.7596345347733788,43.170017396323225,0.035762814581211916,434,88,0.5,0.6159666419336296
meta,IBD,Bacteria.Bacillota.Bacilli.Erysipelotrichales.Erysipelotrichaceae.Solobacterium,Solobacterium,4,0.3816726382515932,0.11514497323100592,0.1559884907188216,0.6073567857843648,3.31471385629553,0.0009173697810405188,2.946635068376236,0.0,0.0,557,151,1.0,0.004251225814578014
meta,IBD,Bacteria.Bacillota.Bacilli.Erysipelotrichales.Erysipelotrichaceae.Turicibacter,Turicibacter,3,-0.3822671499582439,0.29221562086837766,-0.9550097668602642,0.19047546694377632,-1.308168087736925,0.1908163034979956,0.2907591368254614,0.0,0.0,453,109,1.0,0.281047268717978
meta,IBD,Bacteria.Bacillota.Bacilli.Erysipelotrichales.Erysipelotrichaceae.[Clostridium] innocuum group,[Clostridium] innocuum group,4,0.8365112991160109,0.2877077818815046,0.2726040466282619,1.4004185516037597,2.907503209143424,0.003643266061320753,5.661042886148044,47.00623082470063,0.15302492489847627,557,151,0.75,0.012361081279481129
meta,IBD,Bacteria.Bacillota.Bacilli.Lactobacillales.Carnobacteriaceae.Granulicatella,Granulicatella,4,0.7292900395796884,0.24190698245389122,0.25515235397006164,1.2034277251893153,3.0147539859404224,0.0025718777379149078,4.859399417091893,38.26397580227415,0.089113490776469,557,151,1.0,0.009755407560302947
meta,IBD,Bacteria.Bacillota.Bacilli.Lactobacillales.Enterococcaceae.Enterococcus,Enterococcus,3,1.3045221680507975,0.32528044453235083,0.6669724967673898,1.9420718393342051,4.01045371764135,6.060217931683646e-05,0.507570035255729,0.0,0.0,453,109,1.0,0.0005233824577363149
meta,IBD,Bacteria.Bacillota.Bacilli.Lactobacillales.Lactobacillaceae.Lacticaseibacillus,Lacticaseibacillus,3,0.6275796282405571,0.3177496493156108,0.00479031558195997,1.2503689408991543,1.9750757541110673,0.04825955186266468,3.724233737451372,46.29767783134169,0.14045117048861563,453,109,1.0,0.09261934195864939
meta,IBD,Bacteria.Bacillota.Bacilli.Lactobacillales.Lactobacillaceae.Lactobacillus,Lactobacillus,4,0.5057381991022881,0.39768529818233,-0.2737249853350787,1.285201383539655,1.271704539780141,0.20347811700233476,9.40826227208415,68.11313382598304,0.3755270370188952,557,151,0.75,0.2951209330568214
meta,IBD,Bacteria.Bacillota.Bacilli.Lactobacillales.Lactobacillaceae.Leuconostoc,Leuconostoc,3,0.09198978604236388,0.12861520326883155,-0.16009601236454593,0.34407558444927366,0.7152325985139314,0.4744653290464309,0.6793290551922346,0.0,0.0,453,109,0.6666666666666666,0.5741937103109673
meta,IBD,Bacteria.Bacillota.Bacilli.Lactobacillales.Lactobacillaceae.Ligilactobacillus,Ligilactobacillus,2,0.6692383335190738,0.23415038253942427,0.21030358374180225,1.1281730832963452,2.8581560545022517,0.004261107751321631,0.7068476540842414,0.0,0.0,270,91,1.0,0.014203692504405436
meta,IBD,Bacteria.Bacillota.Bacilli.Lactobacillales.Lactobacillaceae.Limosilactobacillus,Limosilactobacillus,2,0.9971395392137243,0.4748142328639641,0.0665036428003547,1.927775435627094,2.1000624458943045,0.035723348295827996,1.33458151892823,25.070144774440173,0.1901679479503793,270,91,1.0,0.07220676783199276
meta,IBD,Bacteria.Bacillota.Bacilli.Lactobacillales.Lactobacillaceae.Weissella,Weissella,2,0.01210896626795823,0.1467033505346488,-0.27542960077995343,0.29964753331586985,0.08254048884247059,0.9342169227199607,0.4831461020157285,0.0,0.0,270,91,0.5,0.9492043599828478
meta,IBD,Bacteria.Bacillota.Bacilli.Lactobacillales.Streptococcaceae.Lactococcus,Lactococcus,3,0.7977452257052687,0.29197317948388135,0.2254777939168613,1.3700126574936762,2.7322551582149996,0.0062902405025479415,2.9783615189978776,32.848984676885856,0.08704185647832917,453,109,0.6666666666666666,0.01847640747630074
meta,IBD,Bacteria.Bacillota.Bacilli.Lactobacillales.Streptococcaceae.Streptococcus,Streptococcus,4,0.5187420881432846,0.285829047523497,-0.04148284500276955,1.0789670212893387,1.8148683369930783,0.06954414544818435,6.913906872068098,56.609192812245155,0.17860035551884287,557,151,0.75,0.12465460033165121
meta,IBD,Bacteria.Bacillota.Bacilli.RF39.Incertae Sedis.Incertae Sedis,Incertae Sedis,2,-2.0367364640682206,0.6309935420033541,-3.2734838063947946,-0.7999891217416466,-3.2278245789992477,0.0012473544109174754,1.480994240117289,32.477792761651536,0.2922016011797745,202,39,1.0,0.0055115660017283795
meta,IBD,Bacteria.Bacillota.Bacilli.Staphylococcales.Gemellaceae.Gemella,Gemella,4,0.6683669496491602,0.16169870430148184,0.3514374892182558,0.9852964100800646,4.133409432910559,3.5742117703152005e-05,2.230761606268802,0.0,0.0,557,151,1.0,0.00033955011817994406
meta,IBD,Bacteria.Bacillota.Bacilli.Staphylococcales.Staphylococcaceae.Staphylococcus,Staphylococcus,2,0.25392641099892727,0.32045987894226374,-0.37417495172790965,0.8820277737257642,0.792381286035112,0.4281383878682927,0.2410768412902029,0.0,0.0,123,63,0.5,0.538717176787918
meta,IBD,Bacteria.Bacillota.Clostridia.Christensenellales.Christensenellaceae.Christensenella,Christensenella,3,-0.23353687544626922,0.11890156006343713,-0.466583933170606,-0.000489817721932434,-1.9641195230884365,0.049516232659705214,2.0652559489240536,3.1597027457081204,0.0018988434821625077,453,109,1.0,0.09408084205343992
meta,IBD,Bacteria.Bacillota.Clostridia.Christensenellales.Christensenellaceae.Christensenellaceae R-7 group,Christensenellaceae R-7 group,4,-2.117046218168482,0.24708777162429887,-2.601338250552108,-1.6327541857848564,-8.567992678275825,1.0530449106224512e-17,2.2049221982823934,0.0,0.0,557,151,1.0,2.000785330182657e-15
meta,IBD,Bacteria.Bacillota.Clostridia.Christensenellales.Christensenellaceae.Incertae Sedis,Incertae Sedis,4,-0.5958675163028245,0.21222045699700962,-1.0118196120169634,-0.1799154205886857,-2.807776049182765,0.004988490470951316,6.040209764331753,50.33285072787701,0.08660820537245545,557,151,1.0,0.015796886491345835
meta,IBD,Bacteria.Bacillota.Clostridia.Christensenellales.Christensenellaceae.NA,Christensenellaceae,2,-0.911767407208769,1.0770868931413016,-3.0228577177657203,1.199322903348182,-0.8465123965529079,0.39726696129208516,6.652774129141569,84.96867651616735,1.9968776936704653,123,63,0.5,0.512319836153058
meta,IBD,Bacteria.Bacillota.Clostridia.Clostridia UCG-014.Incertae Sedis.Incertae Sedis,Incertae Sedis,4,-1.7867981312736478,0.5236450058789254,-2.8131423427963416,-0.7604539197509541,-3.4122317814805676,0.0006443330138667207,11.556246468975655,74.04001370121418,0.7471577650525214,557,151,1.0,0.0033087370982345116
meta,IBD,Bacteria.Bacillota.Clostridia.Clostridia vadinBB60 group.Incertae Sedis.Incertae Sedis,Incertae Sedis,3,-0.2163142043331466,0.24204754696976274,-0.6907273963938816,0.2580989877275883,-0.8936847616975403,0.37149058077022656,4.978927904259882,59.83070977410949,0.09662060305951736,374,133,0.6666666666666666,0.4867807610092624
meta,IBD,Bacteria.Bacillota.Clostridia.Clostridiales.Clostridiaceae.Clostridium,Clostridium,4,-0.3117305045648396,0.254497098117106,-0.8105448168743674,0.1870838077446882,-1.2248882477292444,0.220617328985786,1.7932163133698196,0.0,0.0,557,151,1.0,0.3151676128368372
meta,IBD,Bacteria.Bacillota.Clostridia.Eubacteriales.Anaerofustaceae.Anaerofustis,Anaerofustis,2,0.47185631566469177,0.13672934168615505,0.20386680595982787,0.7398458253695557,3.451024555854137,0.0005584627553697442,0.07140613397147022,0.0,0.0,434,88,1.0,0.0029474423200069834
meta,IBD,Bacteria.Bacillota.Clostridia.Eubacteriales.Eubacteriaceae.Eubacterium,Eubacterium,3,0.2644686830701069,0.16037649298615445,-0.04986924318275582,0.5788066093229696,1.6490489232292846,0.09913761233689518,0.516707959628629,0.0,0.0,453,109,1.0,0.16969501210819896
meta,IBD,Bacteria.Bacillota.Clostridia.Lachnospirales.Defluviitaleaceae.Defluviitaleaceae UCG-011,Defluviitaleaceae UCG-011,4,-0.5992437584887861,0.2541201079697225,-1.0973191701094422,-0.10116834686812998,-2.358112324429611,0.018368134139349544,13.684965945293978,78.0781332449596,0.1826170432105679,557,151,1.0,0.044742890852261706
meta,IBD,Bacteria.Bacillota.Clostridia.Lachnospirales.Lachnospiraceae.Agathobacter,Agathobacter,4,-0.963372698698319,0.3176893866979844,-1.5860438966263684,-0.3407015007702695,-3.0324358918989067,0.00242588619897418,3.55440948389026,15.597794412912302,0.06470262229091397,557,151,0.75,0.009406497506226411
meta,IBD,Bacteria.Bacillota.Clostridia.Lachnospirales.Lachnospiraceae.Anaerobutyricum,Anaerobutyricum,4,-1.2385223402466523,0.372335755968356,-1.96830042194463,-0.5087442585486746,-3.3263588586209045,0.0008798856816448908,5.946392400055959,49.549242663976095,0.2689093383386133,557,151,1.0,0.004179456987813231
meta,IBD,Bacteria.Bacillota.Clostridia.Lachnospirales.Lachnospiraceae.Anaerostipes,Anaerostipes,4,-0.4359493130115604,0.20365825876207175,-0.835119500185221,-0.03677912583789983,-2.1405923612499693,0.03230692533839026,1.742526755089822,0.0,0.0,557,151,1.0,0.06745401993729835
meta,IBD,Bacteria.Bacillota.Clostridia.Lachnospirales.Lachnospiraceae.Blautia,Blautia,4,-0.13082218118554034,0.16132085611229788,-0.44701105916564415,0.18536669679456347,-0.8109440052467429,0.4173978277088223,1.2879252175098936,0.0,0.0,557,151,0.75,0.532252263521317
meta,IBD,Bacteria.Bacillota.Clostridia.Lachnospirales.Lachnospiraceae.Butyribacter,Butyribacter,4,-0.9755220012886725,0.14874774257622897,-1.2670675767380812,-0.6839764258392638,-6.5582306285337095,5.444995452624395e-11,2.982965260960691,0.0,0.0,557,151,1.0,2.0690982719972704e-09
meta,IBD,Bacteria.Bacillota.Clostridia.Lachnospirales.Lachnospiraceae.CAG-56,CAG-56,4,-0.8136536509782838,0.2216573961703705,-1.24810214747221,-0.3792051544843576,-3.670771492564555,0.00024181945976449527,1.3324275687370757,0.0,0.0,557,151,1.0,0.0014821192695243259
meta,IBD,Bacteria.Bacillota.Clostridia.Lachnospirales.Lachnospiraceae.Catenibacillus,Catenibacillus,2,0.18581599311911362,0.1769531138529521,-0.16101211003267246,0.5326440962708997,1.0500860316791405,0.2936785602451861,0.4063110194923344,0.0,0.0,434,88,1.0,0.4072914339166815
meta,IBD,Bacteria.Bacillota.Clostridia.Lachnospirales.Lachnospiraceae.Coprococcus,Coprococcus,4,-1.3890267826248037,0.48824493564654,-2.345986856492022,-0.43206670875758535,-2.84493843399612,0.0044420007737418785,9.41373794824644,68.13168141610709,0.6396164447911099,557,151,1.0,0.014551381845016498
meta,IBD,Bacteria.Bacillota.Clostridia.Lachnospirales.Lachnospiraceae.Dorea,Dorea,4,-0.9023974576098618,0.4188747303565511,-1.7233919291087019,-0.0814029861110217,-2.154337304715733,0.03121372937691064,6.906988019093911,56.56572746750539,0.38494505178213295,557,151,0.75,0.06745401993729835
meta,IBD,Bacteria.Bacillota.Clostridia.Lachnospirales.Lachnospiraceae.Eisenbergiella,Eisenbergiella,4,0.17096983387114395,0.29169560384608745,-0.40075354966718746,0.7426932174094754,0.5861241363149093,0.5577920976402392,4.401377015728679,31.8395131960008,0.10930891297055109,557,151,0.5,0.6462225521441796
meta,IBD,Bacteria.Bacillota.Clostridia.Lachnospirales.Lachnospiraceae.Enterocloster,Enterocloster,4,0.4374238958602563,0.2189554820948938,0.008271150954264506,0.8665766407662481,1.9977754915068984,0.045741005559925836,2.212835142341132,0.0,0.0,557,151,0.75,0.08959578408645266
meta,IBD,Bacteria.Bacillota.Clostridia.Lachnospirales.Lachnospiraceae.Extibacter,Extibacter,4,0.6814922530978308,0.42738569971615253,-0.15618371834582812,1.5191682245414897,1.5945602614931726,0.1108106049189203,7.983357789891897,62.42182701872087,0.4347681727615438,557,151,0.75,0.17994884559482782
meta,IBD,Bacteria.Bacillota.Clostridia.Lachnospirales.Lachnospiraceae.Faecalicatena,Faecalicatena,4,0.33047397788989197,0.15355552376007978,0.029505151320135592,0.6314428044596483,2.1521464666177392,0.03138582039439388,1.8592278396078885,0.0,0.0,557,151,0.75,0.06745401993729835
meta,IBD,Bacteria.Bacillota.Clostridia.Lachnospirales.Lachnospiraceae.Faecalimonas,Faecalimonas,4,0.40032062122715834,0.24692712898085017,-0.08365655157530799,0.8842977940296246,1.6212095563554065,0.10497270396751858,1.282843796898886,0.0,0.0,557,151,1.0,0.1778085901174956
meta,IBD,Bacteria.Bacillota.Clostridia.Lachnospirales.Lachnospiraceae.Frisingicoccus,Frisingicoccus,4,0.171489799907217,0.24844568889217097,-0.31546375032143814,0.6584433501358721,0.690250656680326,0.4900365721899983,6.045668633993215,50.37769713126876,0.12025079560727533,557,151,0.5,0.5855782938119476
meta,IBD,Bacteria.Bacillota.Clostridia.Lachnospirales.Lachnospiraceae.Fusicatenibacter,Fusicatenibacter,4,-1.2702984529359624,0.2594537270517057,-1.7788277579573055,-0.7617691479146192,-4.896050125665794,9.778213401574286e-07,1.295718009144721,0.0,0.0,557,151,1.0,1.4948178486282508e-05
meta,IBD,Bacteria.Bacillota.Clostridia.Lachnospirales.Lachnospiraceae.GCA-900066575,GCA-900066575,4,-0.5683116226155074,0.3949472710289368,-1.3424082738322234,0.20578502860120873,-1.4389556892871116,0.15016307759524936,14.46924835996086,79.26637289396756,0.46943306251750283,557,151,0.75,0.2319592255536372
meta,IBD,Bacteria.Bacillota.Clostridia.Lachnospirales.Lachnospiraceae.GCA-900066755,GCA-900066755,3,0.02487300745426388,0.1173899574320047,-0.20521130911246532,0.2549573240209931,0.2118836057051215,0.8321978409709094,2.453197689186253,18.473753305082496,0.008786534939835623,374,133,0.6666666666666666,0.8640305452703432
meta,IBD,Bacteria.Bacillota.Clostridia.Lachnospirales.Lachnospiraceae.Hungatella,Hungatella,4,0.4066833178268319,0.42799618676711,-0.43218920823670365,1.2455558438903676,0.9502031335810119,0.3420090467243122,11.425683325909732,73.74336471240214,0.5080297257758758,557,151,0.75,0.46086325445120085
meta,IBD,Bacteria.Bacillota.Clostridia.Lachnospirales.Lachnospiraceae.Lachnoclostridium,Lachnoclostridium,4,-0.19790428056174889,0.21740694994011875,-0.6240219024443816,0.22821334132088386,-0.9102941769628728,0.3626673886550519,2.3986639605610582,0.0,0.0,557,151,0.75,0.4785194711420823
meta,IBD,Bacteria.Bacillota.Clostridia.Lachnospirales.Lachnospiraceae.Lachnospira,Lachnospira,4,-0.7857446533090041,0.24922983348717434,-1.2742351269438659,-0.2972541796741424,-3.152691001374197,0.0016177294964653827,3.0983093573220204,3.1730000456440117,0.008653795431038298,557,151,0.75,0.0068304134295205056
meta,IBD,Bacteria.Bacillota.Clostridia.Lachnospirales.Lachnospiraceae.Lachnospiraceae FCS020 group,Lachnospiraceae FCS020 group,4,-1.0171544307315323,0.34517011526394814,-1.6936878566488707,-0.340621004814194,-2.9468206711746308,0.0032105933611985622,9.242347944369932,67.54071564869531,0.3127309914309438,557,151,1.0,0.011296532196809756
meta,IBD,Bacteria.Bacillota.Clostridia.Lachnospirales.Lachnospiraceae.Lachnospiraceae ND3007 group,Lachnospiraceae ND3007 group,4,-1.3544148798868618,0.37796715939713055,-2.0952305123052377,-0.6135992474684859,-3.5834194749808317,0.00033912534280044056,9.65716046191828,68.9349678735266,0.38915003443968327,557,151,1.0,0.0020003640365634403
meta,IBD,Bacteria.Bacillota.Clostridia.Lachnospirales.Lachnospiraceae.Lachnospiraceae NK4A136 group,Lachnospiraceae NK4A136 group,4,-1.225354454215111,0.47493045316817695,-2.1562181424247377,-0.2944907660054841,-2.580071347375154,0.009877990439449525,12.941215537810137,76.8182517999569,0.6652046235680455,557,151,1.0,0.02645260898353254
meta,IBD,Bacteria.Bacillota.Clostridia.Lachnospirales.Lachnospiraceae.Lachnospiraceae UCG-004,Lachnospiraceae UCG-004,4,0.06596821653784185,0.2215708930524367,-0.3683107338449341,0.5002471669206179,0.29772961434167206,0.7659095388967555,1.2445647312840216,0.0,0.0,557,151,0.75,0.8120650706882283
meta,IBD,Bacteria.Bacillota.Clostridia.Lachnospirales.Lachnospiraceae.Lachnospiraceae UCG-010,Lachnospiraceae UCG-010,4,-0.0038364690815468638,0.2176381906634345,-0.43040732278187854,0.42273438461878476,-0.017627738357188203,0.9859358281035036,0.8025634874331394,0.0,0.0,557,151,0.5,0.9859358281035036
meta,IBD,Bacteria.Bacillota.Clostridia.Lachnospirales.Lachnospiraceae.Lactonifactor,Lactonifactor,3,0.34451155993870297,0.16493992570941707,0.021229305548245536,0.6677938143291604,2.0887093192078083,0.036733897456743575,0.701320572291408,0.0,0.0,453,109,1.0,0.07346779491348715
meta,IBD,Bacteria.Bacillota.Clostridia.Lachnospirales.Lachnospiraceae.Marvinbryantia,Marvinbryantia,4,-1.033899689327006,0.3706911843953788,-1.7604544107419484,-0.30734496791206367,-2.7891132372445355,0.0052852581860260515,12.528320922099777,76.05425325026562,0.4105181992184558,557,151,1.0,0.015939667545157934
meta,IBD,Bacteria.Bacillota.Clostridia.Lachnospirales.Lachnospiraceae.Mediterraneibacter,Mediterraneibacter,4,-0.5529993850378571,0.3085486807691226,-1.1577547993453374,0.051756029269623305,-1.7922597616019278,0.0730913656765146,5.195472436049845,42.257416684883395,0.15866578859503622,557,151,0.75,0.12978840634147454
meta,IBD,Bacteria.Bacillota.Clostridia.Lachnospirales.Lachnospiraceae.NA,Lachnospiraceae,4,-0.7279972374144552,0.22164622349623708,-1.16242383546708,-0.29357063936183053,-3.2845009760647446,0.0010216314429576984,4.046135687797182,25.855180560361408,0.051679375858639215,557,151,1.0,0.004621666051475302
meta,IBD,Bacteria.Bacillota.Clostridia.Lachnospirales.Lachnospiraceae.Oribacterium,Oribacterium,2,-0.029288142660311555,0.1835956981946264,-0.3891357111217793,0.3305594258011562,-0.15952521191026892,0.8732550964233948,0.4236165701989547,0.0,0.0,123,63,0.5,0.892034775916371
meta,IBD,Bacteria.Bacillota.Clostridia.Lachnospirales.Lachnospiraceae.Roseburia,Roseburia,4,-0.8707620015566385,0.24545610928802075,-1.3518559757611592,-0.38966802735211786,-3.5475262933255305,0.0003888669348417487,1.4996462554729184,0.0,0.0,557,151,1.0,0.0021109919319980642
meta,IBD,Bacteria.Bacillota.Clostridia.Lachnospirales.Lachnospiraceae.Sellimonas,Sellimonas,4,0.4375160579680048,0.36309489699444575,-0.2741499401411089,1.1491820560771184,1.2049633899831356,0.22821743528639382,6.817590213162188,55.99618184431011,0.28248494774755645,557,151,0.5,0.3211949089215913
meta,IBD,Bacteria.Bacillota.Clostridia.Lachnospirales.Lachnospiraceae.Shuttleworthia,Shuttleworthia,3,0.0765688888740885,0.18287729671856562,-0.28187061269430014,0.4350083904424771,0.4186899645171497,0.6754427308760511,0.5360452624411458,0.0,0.0,453,109,0.6666666666666666,0.7418157159910388
meta,IBD,Bacteria.Bacillota.Clostridia.Lachnospirales.Lachnospiraceae.Tyzzerella,Tyzzerella,2,0.1471065725322523,0.2096160804213549,-0.2637409450936033,0.5579540901581079,0.7017904935372774,0.4828098281822425,0.6543036363675974,0.0,0.0,434,88,0.5,0.5805940971811777
meta,IBD,Bacteria.Bacillota.Clostridia.Lachnospirales.Lachnospiraceae.UC5-1-2E3,UC5-1-2E3,2,-0.18322725159471132,0.36724823151129243,-0.9030337853568444,0.5365792821674218,-0.49891935718981756,0.6178361966379977,3.626379385813668,72.42428622024539,0.20491298958863227,434,88,0.5,0.6946087417823643
meta,IBD,Bacteria.Bacillota.Clostridia.Lachnospirales.Lachnospiraceae.[Eubacterium] eligens group,[Eubacterium] eligens group,4,-1.3270419118467098,0.34992294116956396,-2.012890876539055,-0.6411929471543645,-3.7923832813340987,0.00014920838564898604,5.988520968380372,49.9041580410235,0.23596063178177848,557,151,1.0,0.0010136359764930665
meta,IBD,Bacteria.Bacillota.Clostridia.Lachnospirales.Lachnospiraceae.[Eubacterium] ruminantium group,[Eubacterium] ruminantium group,2,-1.7560371853574628,0.34991575926382945,-2.4418720735145687,-1.070202297200357,-5.0184569824803065,5.208815363375956e-07,0.04963895996857516,0.0,0.0,202,39,1.0,9.896749190414316e-06
meta,IBD,Bacteria.Bacillota.Clostridia.Lachnospirales.Lachnospiraceae.[Eubacterium] ventriosum group,[Eubacterium] ventriosum group,4,-0.9527013658681667,0.34013372355210225,-1.619363464030287,-0.28603926770604626,-2.800961209958442,0.005095064300246627,6.839540256907057,56.13740270085573,0.24753882245975997,557,151,1.0,0.01586987241060425
meta,IBD,Bacteria.Bacillota.Clostridia.Lachnospirales.Lachnospiraceae.[Eubacterium] xylanophilum group,[Eubacterium] xylanophilum group,4,-0.7588330898092435,0.18601777727258198,-1.1234279332635042,-0.3942382463549828,-4.079357902966898,4.516026400670138e-05,0.06927332867302653,0.0,0.0,557,151,1.0,0.00040859286482253633
meta,IBD,Bacteria.Bacillota.Clostridia.Lachnospirales.Lachnospiraceae.[Ruminococcus] gauvreauii group,[Ruminococcus] gauvreauii group,4,-0.6243669288334663,0.38946037020954477,-1.387709254444174,0.13897539677724136,-1.6031590800818392,0.1088995371271199,6.901436720680371,56.53079030616326,0.33801704494306856,557,151,0.75,0.17944711121050044
meta,IBD,Bacteria.Bacillota.Clostridia.Lachnospirales.Lachnospiraceae.[Ruminococcus] gnavus group,[Ruminococcus] gnavus group,4,1.2326052270143857,0.6566108507473284,-0.05435204045037789,2.5195624944791493,1.87722335933298,0.060487487241969076,12.294446813859798,75.59873945187974,1.2694084482895078,557,151,0.75,0.1094535483426107
meta,IBD,Bacteria.Bacillota.Clostridia.Monoglobales.Monoglobaceae.Monoglobus,Monoglobus,4,-0.8673241922090309,0.21960272437880024,-1.2977455319914792,-0.43690285242658244,-3.9495147187379778,7.830979570242661e-05,1.092294904929356,0.0,0.0,557,151,1.0,0.0006469070079765676
meta,IBD,Bacteria.Bacillota.Clostridia.NA.NA.NA,Clostridia,4,-0.7184885527877499,0.16592391167067377,-1.0436994196622704,-0.3932776859132293,-4.3302291125694286,1.4895428115469576e-05,3.263009382695183,8.060331793405455,0.009655816971079256,557,151,1.0,0.00016647831423171878
meta,IBD,Bacteria.Bacillota.Clostridia.Oscillospirales.Butyricicoccaceae.Agathobaculum,Agathobaculum,4,-0.8816296252417487,0.3409880117281122,-1.5499661282288486,-0.2132931222546488,-2.5855150178849065,0.009723363685246364,6.244045134505771,51.95422301768073,0.2311863512981906,557,151,1.0,0.02645260898353254
meta,IBD,Bacteria.Bacillota.Clostridia.Oscillospirales.Butyricicoccaceae.UCG-009,UCG-009,3,-0.06920680707082945,0.2664582265145964,-0.5914649310394384,0.4530513168977795,-0.25972854347973506,0.7950731735140566,6.300266080925687,68.2553089931379,0.13179344334664633,374,133,0.6666666666666666,0.8300214448773119
meta,IBD,Bacteria.Bacillota.Clostridia.Oscillospirales.Ethanoligenenaceae.Acetanaerobacterium,Acetanaerobacterium,2,0.22240934984867036,0.13749360932579308,-0.047078124429884044,0.4918968241272248,1.6175977264635495,0.10574931938566844,0.013066325674342318,0.0,0.0,270,91,1.0,0.1778085901174956
meta,IBD,Bacteria.Bacillota.Clostridia.Oscillospirales.NA.NA,Oscillospirales,3,-0.4246382364394702,0.4173357348596706,-1.2426162767644247,0.3933398038854842,-1.0174979062894172,0.30891662777472595,7.7161055445401106,74.0801886592234,0.36988554818337416,453,109,0.6666666666666666,0.4253199947623038
meta,IBD,Bacteria.Bacillota.Clostridia.Oscillospirales.Oscillospiraceae.Colidextribacter,Colidextribacter,4,-0.14979031307329257,0.20347307954395594,-0.5485975489794462,0.24901692283286106,-0.7361677201181478,0.46162863425010636,0.5696187558318715,0.0,0.0,557,151,0.75,0.5622400032533347
meta,IBD,Bacteria.Bacillota.Clostridia.Oscillospirales.Oscillospiraceae.Flavonifractor,Flavonifractor,4,0.8674252552896585,0.3918976484312491,0.09930586436441036,1.6355446462149068,2.213397448956195,0.02687025639081201,9.418954720932458,68.14933197063925,0.4013708047480637,557,151,0.75,0.06077796088397955
meta,IBD,Bacteria.Bacillota.Clostridia.Oscillospirales.Oscillospiraceae.Incertae Sedis,Incertae Sedis,4,-0.9968440309555389,0.22166964751940174,-1.4313165400935663,-0.5623715218175114,-4.496980268208753,6.89253818957943e-06,2.106476101977049,0.0,0.0,557,151,1.0,8.730548373467278e-05
meta,IBD,Bacteria.Bacillota.Clostridia.Oscillospirales.Oscillospiraceae.Intestinimonas,Intestinimonas,4,-0.6107499511355036,0.21633635902843185,-1.03476921483123,-0.18673068743977717,-2.823149811147724,0.004755434493235368,0.12295554670455672,0.0,0.0,557,151,1.0,0.015314111079910505
meta,IBD,Bacteria.Bacillota.Clostridia.Oscillospirales.Oscillospiraceae.NA,Oscillospiraceae,4,-0.0675249407330551,0.11372055272753201,-0.2904172240790178,0.15536734261290763,-0.5937795685432607,0.5526595561572172,0.7453632145365493,0.0,0.0,557,151,0.5,0.6442043906127072
meta,IBD,Bacteria.Bacillota.Clostridia.Oscillospirales.Oscillospiraceae.NK4A214 group,NK4A214 group,4,-1.5274722140216108,0.3571163192195837,-2.227420199691995,-0.8275242283512267,-4.27724002464978,1.8922474303739594e-05,6.975201212478746,56.99048803591569,0.2768422413217794,557,151,1.0,0.00018922474303739592
meta,IBD,Bacteria.Bacillota.Clostridia.Oscillospirales.Oscillospiraceae.Oscillibacter,Oscillibacter,4,-0.32209614720348556,0.19324481933468915,-0.7008559930994762,0.05666369869250515,-1.6667776570280683,0.09555862458078546,2.5562874323939972,0.0,0.0,557,151,0.75,0.16505580609408396
meta,IBD,Bacteria.Bacillota.Clostridia.Oscillospirales.Oscillospiraceae.Oscillospira,Oscillospira,4,0.32913110566337433,0.14036754895511955,0.05401070971134003,0.6042515016154086,2.3447806000274976,0.019038278882776375,0.1122285852207169,0.0,0.0,557,151,1.0,0.04536852792541905
meta,IBD,Bacteria.Bacillota.Clostridia.Oscillospirales.Oscillospiraceae.UCG-002,UCG-002,4,-1.8974024793852655,0.27387419510494054,-2.434195901790949,-1.3606090569795821,-6.9280075059946284,4.2680910500603834e-12,3.1853734874751556,5.819521265058605,0.019414391461720474,557,151,1.0,2.7031243317049094e-10
meta,IBD,Bacteria.Bacillota.Clostridia.Oscillospirales.Oscillospiraceae.UCG-003,UCG-003,4,-0.9375872019973138,0.17645613104524321,-1.2834412188459905,-0.5917331851486372,-5.313429442453984,1.0758110224594936e-07,1.8659220989361165,0.0,0.0,557,151,1.0,2.555051178341297e-06
meta,IBD,Bacteria.Bacillota.Clostridia.Oscillospirales.Oscillospiraceae.UCG-005,UCG-005,4,-1.6084160072589206,0.22663412511796924,-2.0526188924901403,-1.164213122027701,-7.096971854621171,1.2752001528969595e-12,2.302758481626853,0.0,0.0,557,151,1.0,1.2114401452521116e-10
meta,IBD,Bacteria.Bacillota.Clostridia.Oscillospirales.Ruminococcaceae.Acutalibacter,Acutalibacter,4,-0.51725653200246,0.17775023122270286,-0.8656469851989577,-0.16886607880596244,-2.9100188981154713,0.0036140690260771297,0.3653414155486905,0.0,0.0,557,151,1.0,0.012361081279481129
meta,IBD,Bacteria.Bacillota.Clostridia.Oscillospirales.Ruminococcaceae.Anaerofilum,Anaerofilum,3,-0.1646527021953319,0.20748176620294492,-0.5713169639531039,0.24201155956244014,-0.7935767330719535,0.42744188197514266,4.390524687646292,54.44735783794952,0.06689219784832802,453,109,0.6666666666666666,0.538717176787918
meta,IBD,Bacteria.Bacillota.Clostridia.Oscillospirales.Ruminococcaceae.Anaerotruncus,Anaerotruncus,4,0.08029821218764706,0.1963919849181967,-0.3046300782520185,0.4652265026273126,0.4088670534140878,0.6826372284847169,5.7236157024800125,47.58557953672334,0.07007890501421996,557,151,0.75,0.7454084678856104
meta,IBD,Bacteria.Bacillota.Clostridia.Oscillospirales.Ruminococcaceae.Angelakisella,Angelakisella,3,-0.5056998807340181,0.316025559861202,-1.125109978061974,0.11371021659393787,-1.6001866461564715,0.10955718368641079,6.767070577826676,70.44511392339692,0.19443773170059872,453,109,0.6666666666666666,0.17944711121050044
meta,IBD,Bacteria.Bacillota.Clostridia.Oscillospirales.Ruminococcaceae.CAG-352,CAG-352,3,-0.41909792641935545,0.3526796664616309,-1.110350072684152,0.27215421984544114,-1.1883246080617194,0.23470554632201202,4.331380050838792,53.825340272029685,0.18794327545817,374,133,1.0,0.327897454420458
meta,IBD,Bacteria.Bacillota.Clostridia.Oscillospirales.Ruminococcaceae.Candidatus Soleaferrea,Candidatus Soleaferrea,4,0.04137678654811848,0.12001378057530464,-0.1938502233794786,0.2766037964757156,0.3447669621752806,0.7302695722974317,0.12042914435447585,0.0,0.0,557,151,0.75,0.7903677349986339
meta,IBD,Bacteria.Bacillota.Clostridia.Oscillospirales.Ruminococcaceae.DTU089,DTU089,4,0.04772843638278702,0.13943721473747792,-0.2255685045026697,0.3210253772682437,0.3422933861139338,0.7321301124197872,0.3074528822557764,0.0,0.0,557,151,0.75,0.7903677349986339
meta,IBD,Bacteria.Bacillota.Clostridia.Oscillospirales.Ruminococcaceae.Faecalibacterium,Faecalibacterium,4,-0.9530040026206256,0.44297160026570187,-1.8212283391414013,-0.08477966609984988,-2.151388490930339,0.03144554884123184,8.421466224616523,64.37674960649021,0.48873053323942306,557,151,0.75,0.06745401993729835
meta,IBD,Bacteria.Bacillota.Clostridia.Oscillospirales.Ruminococcaceae.Fournierella,Fournierella,4,-0.24479284821448416,0.3238861531247724,-0.8796097083390382,0.3900240119100698,-0.755799054244166,0.4497696838779842,12.688288296662412,76.35614883696223,0.2986474202224259,557,151,0.75,0.5549106489403701
meta,IBD,Bacteria.Bacillota.Clostridia.Oscillospirales.Ruminococcaceae.Gemmiger,Gemmiger,4,-2.291040683008908,0.5352118680531898,-3.3400559443931597,-1.242025421624656,-4.280623842185096,1.8637014068442176e-05,9.250766040354604,67.57025324267089,0.7577808020721999,557,151,1.0,0.00018922474303739592
meta,IBD,Bacteria.Bacillota.Clostridia.Oscillospirales.Ruminococcaceae.Hydrogenoanaerobacterium,Hydrogenoanaerobacterium,3,0.29683152803047824,0.1841901581003713,-0.06418118184624949,0.657844237907206,1.6115493416794016,0.10706004187893572,3.243063366242063,38.32991298231946,0.04103356224458648,453,109,0.6666666666666666,0.17843340313155956
meta,IBD,Bacteria.Bacillota.Clostridia.Oscillospirales.Ruminococcaceae.Incertae Sedis,Incertae Sedis,4,-0.9864874713828552,0.1848181459906323,-1.3487310375244945,-0.6242439052412159,-5.337611553753257,9.41789590057002e-08,0.6799309313874634,0.0,0.0,557,151,1.0,2.555051178341297e-06
meta,IBD,Bacteria.Bacillota.Clostridia.Oscillospirales.Ruminococcaceae.NA,Ruminococcaceae,4,-1.094539690087927,0.5805650482780523,-2.2324471847129095,0.043367804537055576,-1.8853006968544113,0.059389252133662127,15.521961538498713,80.67254584699764,0.9794764625011827,557,151,0.75,0.10849959524419042
meta,IBD,Bacteria.Bacillota.Clostridia.Oscillospirales.Ruminococcaceae.Negativibacillus,Negativibacillus,4,0.3781284901170907,0.2954144240420736,-0.20088378100537352,0.9571407612395549,1.2799933224087827,0.20054748439343306,6.110084505525318,50.90084274142011,0.16930668046152103,557,151,0.75,0.2931078618057868
meta,IBD,Bacteria.Bacillota.Clostridia.Oscillospirales.Ruminococcaceae.Paludicola,Paludicola,3,-0.35012857007213943,0.37507266843021736,-1.0852710001953654,0.38501386005108656,-0.9334952918257791,0.35056430023149454,8.839002275789953,77.37301182195637,0.29427608998404303,453,109,0.6666666666666666,0.46844020531976127
meta,IBD,Bacteria.Bacillota.Clostridia.Oscillospirales.Ruminococcaceae.Phocea,Phocea,3,0.0932108928130474,0.11051175440939777,-0.12339214582937222,0.309813931455467,0.843447769978764,0.3989780649756891,0.07548231967622962,0.0,0.0,453,109,1.0,0.512319836153058
meta,IBD,Bacteria.Bacillota.Clostridia.Oscillospirales.Ruminococcaceae.Ruminococcus,Ruminococcus,4,-1.806494346048651,0.27430836815785264,-2.344138747638042,-1.2688499444592596,-6.585633381075313,4.529502516874965e-11,0.9217098132334922,0.0,0.0,557,151,1.0,2.0690982719972704e-09
meta,IBD,Bacteria.Bacillota.Clostridia.Oscillospirales.Ruminococcaceae.Ruthenibacterium,Ruthenibacterium,4,-0.5604656421281754,0.21244717765457863,-0.9768621103311494,-0.1440691739252013,-2.638141152618397,0.00833618753631378,3.0471217447986048,1.546434594516643,0.0033802058230250776,557,151,1.0,0.023639934804471914
meta,IBD,Bacteria.Bacillota.Clostridia.Oscillospirales.Ruminococcaceae.Subdoligranulum,Subdoligranulum,3,0.01866993411560218,0.35024758359490193,-0.6678153297304057,0.70515519796161,0.05330496194713485,0.9574889267625188,4.622228064115137,56.73082391742882,0.2013961271685723,453,109,0.3333333333333333,0.9625550057400983
meta,IBD,Bacteria.Bacillota.Clostridia.Oscillospirales.Ruminococcaceae.[Clostridium] methylpentosum group,[Clostridium] methylpentosum group,3,0.7313019258926678,0.1559806786519139,0.4255797957349166,1.0370240560504191,4.688413540786288,2.7533119474660674e-06,1.4496338540059925,0.0,0.0,453,109,1.0,3.7366376429896634e-05
meta,IBD,Bacteria.Bacillota.Clostridia.Oscillospirales.Ruminococcaceae.[Eubacterium] siraeum group,[Eubacterium] siraeum group,4,-0.9577663903192841,0.30078592570341695,-1.5473068046979814,-0.3682259759405869,-3.1842127854867375,0.001451482723102932,5.566491750625876,46.1060909743971,0.1598630947567844,557,151,1.0,0.006267766304308115
meta,IBD,Bacteria.Bacillota.Clostridia.Oscillospirales.UCG-010.Incertae Sedis,Incertae Sedis,4,-0.6598462540741624,0.27284973584799416,-1.1946317363362309,-0.12506077181209385,-2.4183503495922967,0.01559105723701636,9.910331787770886,69.72856142211174,0.1848294800578338,557,151,1.0,0.040031092905852814
meta,IBD,Bacteria.Bacillota.Clostridia.Oscillospirales.[Eubacterium] coprostanoligenes group.Incertae Sedis,Incertae Sedis,4,-1.442834231629352,0.2867693070703744,-2.004902073487286,-0.8807663897714183,-5.031341207220877,4.870604269373276e-07,3.498387419446707,14.246204313344176,0.04894589335687211,557,151,1.0,9.896749190414316e-06
meta,IBD,Bacteria.Bacillota.Clostridia.Peptococcales.Peptococcaceae.Incertae Sedis,Incertae Sedis,4,-0.2626684782484579,0.1093035702322029,-0.47690347590357557,-0.04843348059334024,-2.4031097766564153,0.016256306577128597,2.1904081072538037,0.0,0.0,557,151,1.0,0.04118264332872578
meta,IBD,Bacteria.Bacillota.Clostridia.Peptococcales.Peptococcaceae.Peptococcus,Peptococcus,4,-0.12895549847158302,0.1281376790842961,-0.3801053494768034,0.12219435253363733,-1.0063823489947006,0.31423168110244426,1.5212768158951635,0.0,0.0,557,151,0.75,0.4295253194925497
meta,IBD,Bacteria.Bacillota.Clostridia.Peptostreptococcales-Tissierellales.Anaerovoracaceae.Family XIII AD3011 group,Family XIII AD3011 group,4,-1.028556385870274,0.4388930634590925,-1.8887867902500952,-0.16832598149045264,-2.3435239048068066,0.019102538073860652,14.432914006855782,79.21417671736305,0.5877907859760984,557,151,1.0,0.04536852792541905
meta,IBD,Bacteria.Bacillota.Clostridia.Peptostreptococcales-Tissierellales.Anaerovoracaceae.Family XIII UCG-001,Family XIII UCG-001,4,-0.4370186149972628,0.2838421190463797,-0.993349168328167,0.1193119383336414,-1.5396538627371723,0.12364474862756773,12.404673869372987,75.81556732896486,0.21850579560156344,557,151,1.0,0.1957708519936489
meta,IBD,Bacteria.Bacillota.Clostridia.Peptostreptococcales-Tissierellales.Anaerovoracaceae.Incertae Sedis,Incertae Sedis,2,-0.2412809008107455,0.16383367159147244,-0.5623948971300314,0.07983309550854051,-1.4727186326654,0.14082692027715696,0.11556257279941803,0.0,0.0,270,91,1.0,0.21932061354639198
meta,IBD,Bacteria.Bacillota.Clostridia.Peptostreptococcales-Tissierellales.Anaerovoracaceae.Mogibacterium,Mogibacterium,3,0.15592565298919128,0.20534965158893584,-0.24655966412512295,0.5584109701035055,0.7593178356168806,0.4476624507830754,3.2823106140547784,39.067314609530065,0.04947473481465505,453,109,0.6666666666666666,0.5549106489403701
meta,IBD,Bacteria.Bacillota.Clostridia.Peptostreptococcales-Tissierellales.Anaerovoracaceae.NA,Anaerovoracaceae,2,-0.02647234172282142,0.14919332876882946,-0.3188912661097272,0.26594658266408433,-0.17743649760532867,0.859165541175433,0.6770916843323813,0.0,0.0,434,88,0.5,0.8823862314774716
meta,IBD,Bacteria.Bacillota.Clostridia.Peptostreptococcales-Tissierellales.Anaerovoracaceae.[Eubacterium] brachy group,[Eubacterium] brachy group,3,0.08783832463626476,0.2710727676942395,-0.4434643000444447,0.6191409493169742,0.3240396495133856,0.745908016360054,6.3593036824037625,68.55001585261584,0.15003759761312452,538,130,0.6666666666666666,0.8006922209514704
meta,IBD,Bacteria.Bacillota.Clostridia.Peptostreptococcales-Tissierellales.Family XI.Anaerococcus,Anaerococcus,3,0.8346821363666633,0.13691483022489193,0.5663290691258751,1.1030352036074516,6.096360306590901,1.0851068712242895e-09,0.962819193980063,0.0,0.0,374,133,1.0,3.4361717588769167e-08
meta,IBD,Bacteria.Bacillota.Clostridia.Peptostreptococcales-Tissierellales.Family XI.Parvimonas,Parvimonas,3,0.14336851594412967,0.2582986017343713,-0.36289674345523804,0.6496337753434974,0.5550495240061994,0.5788607867099755,4.458215491580969,55.139001159166455,0.10576149816392878,374,133,0.3333333333333333,0.6625515028608153
meta,IBD,Bacteria.Bacillota.Clostridia.Peptostreptococcales-Tissierellales.Family XI.Peptoniphilus,Peptoniphilus,4,0.5781992388972717,0.19310304199486525,0.1997172765873358,0.9566812012072075,2.994252358347863,0.002751182891034803,6.716016115822459,55.330661090401314,0.07817857346450488,557,151,1.0,0.010052399024934856
meta,IBD,Bacteria.Bacillota.Clostridia.Peptostreptococcales-Tissierellales.Peptostreptococcaceae.Intestinibacter,Intestinibacter,4,0.2182007841030344,0.42600419085669733,-0.6167674299760924,1.0531689981821613,0.512203374488479,0.6085086816556651,7.332529845320572,59.08642633190888,0.41213229432926146,557,151,0.5,0.6881943423486688
meta,IBD,Bacteria.Bacillota.Clostridia.Peptostreptococcales-Tissierellales.Peptostreptococcaceae.Peptostreptococcus,Peptostreptococcus,3,0.7098518887949385,0.14383621191548351,0.42793291344059087,0.9917708641492862,4.935140319268414,8.009315560202883e-07,0.30405045832487326,0.0,0.0,374,133,1.0,1.3834272331259524e-05
meta,IBD,Bacteria.Bacillota.Clostridia.Peptostreptococcales-Tissierellales.Peptostreptococcaceae.Romboutsia,Romboutsia,4,-0.7560470333398378,0.19308656400728683,-1.1344966987941199,-0.37759736788555565,-3.9155859302116207,9.018491561350583e-05,2.8916296702090785,0.0,0.0,557,151,1.0,0.0007139639152735878
meta,IBD,Bacteria.Bacillota.Clostridia.Peptostreptococcales-Tissierellales.Peptostreptococcaceae.Terrisporobacter,Terrisporobacter,3,0.23705485640846782,0.2549992534841396,-0.2627436804204458,0.7368533932373814,0.9296296093792765,0.3525628913722414,1.0279989117906023,0.0,0.0,453,109,1.0,0.46844020531976127
meta,IBD,Bacteria.Bacillota.NA.NA.NA.NA,Bacteria.Bacillota.NA.NA.NA.NA,4,-0.308524672139245,0.12249933156298115,-0.548623362002688,-0.06842598227580196,-2.518582495126692,0.011782827822574404,3.927053183848565,23.60684056079018,0.014593554017960387,557,151,0.75,0.0306676340587553
meta,IBD,Bacteria.Bacillota.Negativicutes.Acidaminococcales.Acidaminococcaceae.Acidaminococcus,Acidaminococcus,4,0.4670684121539344,0.19800596660170844,0.07897671761458586,0.855160106693283,2.3588602917883206,0.018331155543308726,2.0080827648646853,0.0,0.0,557,151,1.0,0.044742890852261706
meta,IBD,Bacteria.Bacillota.Negativicutes.Acidaminococcales.Acidaminococcaceae.Phascolarctobacterium,Phascolarctobacterium,4,-0.8067784811294157,0.3767034827481038,-1.5451173073156992,-0.06843965494313231,-2.1416804411890635,0.032219205666948206,6.087454088921104,50.71831415599723,0.27485299298590465,557,151,0.75,0.06745401993729835
meta,IBD,Bacteria.Bacillota.Negativicutes.Veillonellales-Selenomonadales.Veillonellaceae.Dialister,Dialister,4,0.8042980367146495,0.3790514921485261,0.061357112103538336,1.5472389613257607,2.121870124176945,0.03384864589892567,3.7410538191240468,19.80869174711744,0.11923574764520947,557,151,0.75,0.06990481218256388
meta,IBD,Bacteria.Bacillota.Negativicutes.Veillonellales-Selenomonadales.Veillonellaceae.Incertae Sedis,Incertae Sedis,2,0.9956526602935498,0.3228054771745958,0.36295392503134205,1.6283513955557576,3.0843735026064354,0.0020398133358923527,0.8465931278342701,0.0,0.0,202,39,1.0,0.008425315952598848
meta,IBD,Bacteria.Bacillota.Negativicutes.Veillonellales-Selenomonadales.Veillonellaceae.Megasphaera,Megasphaera,4,-0.18948191976562692,0.3902700959885555,-0.9544113079031956,0.5754474683719418,-0.4855148311726743,0.6273111947623341,8.097392603542188,62.95103687219444,0.359038417047967,557,151,0.5,0.6970124386248157
meta,IBD,Bacteria.Bacillota.Negativicutes.Veillonellales-Selenomonadales.Veillonellaceae.Veillonella,Veillonella,4,0.8060576114142625,0.28857754296621246,0.240445627200486,1.371669595628039,2.7932097665293316,0.005218783746282314,3.885176856825255,22.783437908887656,0.07941875611569982,557,151,1.0,0.015939667545157934
meta,IBD,Bacteria.Bacteroidota.Bacteroidia.Bacteroidales.Bacteroidaceae.Bacteroides,Bacteroides,4,0.010694780751735094,0.19014532094878991,-0.36199004830789316,0.3833796098113633,0.056245300690914296,0.9551463935239575,0.20539524588303495,0.0,0.0,557,151,0.5,0.9625550057400983
meta,IBD,Bacteria.Bacteroidota.Bacteroidia.Bacteroidales.Barnesiellaceae.Barnesiella,Barnesiella,4,-0.690446926019211,0.20448348263536129,-1.091234551984519,-0.2896593000539029,-3.376541308475407,0.0007340334885531276,0.9681254945383904,0.0,0.0,557,151,1.0,0.0036641382370163522
meta,IBD,Bacteria.Bacteroidota.Bacteroidia.Bacteroidales.Barnesiellaceae.Coprobacter,Coprobacter,3,0.12569947826228794,0.2706813637420215,-0.40483599467207415,0.6562349511966501,0.46438172367894687,0.6423742818852525,4.8797055810202306,59.013920680397945,0.12802505241560583,374,133,0.6666666666666666,0.7095994974313835
meta,IBD,Bacteria.Bacteroidota.Bacteroidia.Bacteroidales.Marinifilaceae.Butyricimonas,Butyricimonas,4,-0.38038333558015114,0.25582963259263597,-0.8818094154617176,0.12104274430141537,-1.4868619077675227,0.13705128673248126,7.043774550179144,57.40919902208253,0.13902141556647446,557,151,0.75,0.21520449982786316
meta,IBD,Bacteria.Bacteroidota.Bacteroidia.Bacteroidales.Marinifilaceae.Odoribacter,Odoribacter,4,-0.585526415153612,0.2556926075749046,-1.086683926000425,-0.08436890430679911,-2.289962235150202,0.022023505946196977,5.87970817482077,48.97705956143906,0.12074834971334857,557,151,1.0,0.05041525457563163
meta,IBD,Bacteria.Bacteroidota.Bacteroidia.Bacteroidales.Muribaculaceae.Incertae Sedis,Incertae Sedis,3,-0.7374257770899767,0.19446362641650736,-1.118574484866331,-0.3562770693136223,-3.7921013336989744,0.00014937793337792556,0.24153452989719681,0.0,0.0,453,109,1.0,0.0010136359764930665
meta,IBD,Bacteria.Bacteroidota.Bacteroidia.Bacteroidales.Porphyromonadaceae.Porphyromonas,Porphyromonas,3,0.5788209842478491,0.268340269139219,0.05287405673497991,1.1047679117607183,2.1570410811041856,0.031002463684478426,3.8457521305127607,47.994568237206266,0.10023794872644887,306,81,1.0,0.06745401993729835
meta,IBD,Bacteria.Bacteroidota.Bacteroidia.Bacteroidales.Prevotellaceae.Hoylesella,Hoylesella,2,0.4344791189380447,0.5152233816545386,-0.575358709104851,1.4443169469809405,0.8432829999733328,0.39907018816132933,3.0925539257468335,67.66426636332604,0.3842410804087771,123,63,1.0,0.512319836153058
meta,IBD,Bacteria.Bacteroidota.Bacteroidia.Bacteroidales.Prevotellaceae.Incertae Sedis,Incertae Sedis,2,0.3405872646911293,0.2593471797066306,-0.16773320753386667,0.8489077369161253,1.3132483841790614,0.18909926501571828,0.13743435003526377,0.0,0.0,123,63,1.0,0.28069422150770684
meta,IBD,Bacteria.Bacteroidota.Bacteroidia.Bacteroidales.Prevotellaceae.Paraprevotella,Paraprevotella,4,-0.568712874194223,0.18618566253495983,-0.9336367727627443,-0.20378897562570175,-3.0545470926765725,0.002254006241776611,1.2358131352668715,0.0,0.0,557,151,1.0,0.008922108040365752
meta,IBD,Bacteria.Bacteroidota.Bacteroidia.Bacteroidales.Prevotellaceae.Prevotella,Prevotella,3,0.36802962738529843,0.2741502985890183,-0.16930495784917743,0.9053642126197743,1.3424374486529949,0.17945419922806682,3.3303527871479095,39.94630215398934,0.09010769450750557,306,81,0.6666666666666666,0.26847478624671417
meta,IBD,Bacteria.Bacteroidota.Bacteroidia.Bacteroidales.Prevotellaceae.Segatella,Segatella,4,-0.6456666074172326,0.23792347652736592,-1.1119966214108699,-0.17933659342359537,-2.7137574519384096,0.006652485382867845,0.14524618182059976,0.0,0.0,557,151,1.0,0.01915109428401349
meta,IBD,Bacteria.Bacteroidota.Bacteroidia.Bacteroidales.Rikenellaceae.Alistipes,Alistipes,4,-1.119101808385671,0.254365250593833,-1.6176576995495837,-0.6205459172217582,-4.399586051054739,1.0845756451141186e-05,1.9651412123630645,0.0,0.0,557,151,1.0,0.00012879335785730158
meta,IBD,Bacteria.Bacteroidota.Bacteroidia.Bacteroidales.Tannerellaceae.Parabacteroides,Parabacteroides,4,-0.857699994683125,0.2545223071319259,-1.3565637166616997,-0.35883627270455015,-3.3698421342635223,0.0007521125854928302,2.465756075532957,0.0,0.0,557,151,1.0,0.0036641382370163522
meta,IBD,Bacteria.Campylobacterota.Campylobacteria.Campylobacterales.Campylobacteraceae.Campylobacter,Campylobacter,2,0.3032399261816994,0.30828356428533404,-0.30099585981755533,0.9074757121809542,0.9836396140179356,0.32529274028686395,1.6531672898553988,39.510054055843966,0.08337275209684944,123,63,1.0,0.44146871896074397
meta,IBD,Bacteria.Cyanobacteriota.Cyanobacteriia.Chloroplast.Incertae Sedis.Incertae Sedis,Incertae Sedis,2,0.521412028905454,0.3081810435766444,-0.08262281650476899,1.125446874315677,1.691901691467208,0.09066471944205683,0.17263783929341106,0.0,0.0,202,39,1.0,0.15803941921092474
meta,IBD,Bacteria.Cyanobacteriota.Vampirivibrionia.Gastranaerophilales.Gastranaerophilaceae.CAG-196,CAG-196,2,-0.5509367411659362,0.4548392415444833,-1.4424216545931234,0.3405481722612511,-1.2112779435985725,0.22578889904755484,1.554047352272211,35.65189641500464,0.1801520417450887,123,63,1.0,0.3201484389480255
meta,IBD,Bacteria.Fusobacteriota.Fusobacteriia.Fusobacteriales.Fusobacteriaceae.Fusobacterium,Fusobacterium,4,0.8328014869605211,0.21710406497286017,0.4072775196137152,1.258325454307327,3.8359552920606452,0.00012507716145547434,2.0706203802636454,0.0,0.0,557,151,0.75,0.0009505864270616051
meta,IBD,Bacteria.NA.NA.NA.NA.NA,Bacteria.NA.NA.NA.NA.NA,3,0.1860527632301974,0.24308992251447328,-0.29040348489817025,0.662509011358565,0.7653660065612964,0.4440536291207038,1.7743924373302091,0.0,0.0,306,81,0.6666666666666666,0.5549106489403701
meta,IBD,Bacteria.Pseudomonadota.Alphaproteobacteria.Rhodospirillales.Incertae Sedis.Incertae Sedis,Incertae Sedis,3,-0.4124145043952529,0.13404066088686745,-0.6751341997335131,-0.14969480905699273,-3.076786563618465,0.00209245068006114,1.6786365435241937,0.0,0.0,374,133,0.6666666666666666,0.008458843174715246
meta,IBD,Bacteria.Pseudomonadota.Alphaproteobacteria.Rickettsiales.Mitochondria.Incertae Sedis,Incertae Sedis,3,0.45966776817382377,0.1772599292619103,0.11223830682047958,0.8070972295271679,2.593184878769989,0.009509163759911492,1.2414383392706039,0.0,0.0,306,81,0.6666666666666666,0.02645260898353254
meta,IBD,Bacteria.Pseudomonadota.Gammaproteobacteria.Burkholderiales.Sutterellaceae.Parasutterella,Parasutterella,4,0.19930692090319965,0.2654854598528756,-0.3210445804084364,0.7196584222148358,0.7507263147806656,0.45281738277956485,0.4489916263606303,0.0,0.0,557,151,0.75,0.5550664692136601
meta,IBD,Bacteria.Pseudomonadota.Gammaproteobacteria.Burkholderiales.Sutterellaceae.Sutterella,Sutterella,4,0.12466967471394909,0.4392671543767777,-0.7362939478645353,0.9856332972924334,0.28381287667826566,0.7765537859713609,9.395153075262172,68.06864160735044,0.4807455996237131,557,151,0.5,0.815166957649495
meta,IBD,Bacteria.Pseudomonadota.Gammaproteobacteria.Enterobacterales.Enterobacteriaceae.Escherichia-Shigella,Escherichia-Shigella,4,0.8540992198667061,0.44286158335597076,-0.013909483510996523,1.7221079232444088,1.9285918037740108,0.053781557358065286,6.389644463895978,53.0490308662526,0.40082300137763405,557,151,0.75,0.09920869803914956
meta,IBD,Bacteria.Pseudomonadota.Gammaproteobacteria.Enterobacterales.Enterobacteriaceae.Klebsiella,Klebsiella,4,0.6752078663117923,0.22437418527635333,0.23543446317013977,1.114981269453445,3.009293896622572,0.0026185567661865805,1.10313429810134,0.0,0.0,557,151,1.0,0.009755407560302947
meta,IBD,Bacteria.Pseudomonadota.Gammaproteobacteria.Enterobacterales.Pasteurellaceae.Haemophilus,Haemophilus,4,0.4451067575715619,0.20742417730684934,0.03855537005013715,0.8516581450929865,2.145876933685994,0.03188279854764839,1.0670458139067636,0.0,0.0,557,151,1.0,0.06745401993729835
meta,IBD,Bacteria.Pseudomonadota.Gammaproteobacteria.Enterobacterales.Pasteurellaceae.Mannheimia,Mannheimia,2,0.11487009870930052,0.2034080841784644,-0.28380974628048966,0.5135499436990907,0.5647273026204642,0.5722592606501834,0.015237702571300334,0.0,0.0,123,63,1.0,0.6589652092335445
meta,IBD,Bacteria.Pseudomonadota.Gammaproteobacteria.Pseudomonadales.Moraxellaceae.Acinetobacter,Acinetobacter,2,0.11923213915087746,0.19621771048565348,-0.2653545734010033,0.5038188517027583,0.6076522799892478,0.5434181189398579,0.02757395940550032,0.0,0.0,123,63,1.0,0.6373422382627963
meta,IBD,Bacteria.Pseudomonadota.Gammaproteobacteria.Pseudomonadales.Pseudomonadaceae.Pseudomonas,Pseudomonas,2,0.1432649432710203,0.278076690766359,-0.4017653706310433,0.6882952571730838,0.5151993965268812,0.606413690698703,1.4766232787967477,32.27791987575413,0.051365453414429635,123,63,0.5,0.6881943423486688
meta,IBD,Bacteria.Pseudomonadota.NA.NA.NA.NA,Bacteria.Pseudomonadota.NA.NA.NA.NA,2,0.07156828578487082,0.2440453040570912,-0.40676051016702797,0.5498970817367695,0.29325819671632913,0.7693248038099004,0.17697622927023626,0.0,0.0,123,63,0.5,0.8120650706882283
meta,IBD,Bacteria.Thermodesulfobacteriota.Desulfovibrionia.Desulfovibrionales.Desulfovibrionaceae.Bilophila,Bilophila,4,-0.4577152272206245,0.23020655506475088,-0.9089200751475363,-0.006510379293712787,-1.9882805990988468,0.04678066524104179,1.7830800573629468,0.0,0.0,557,151,1.0,0.09069720812038713
meta,IBD,Bacteria.Thermodesulfobacteriota.Desulfovibrionia.Desulfovibrionales.Desulfovibrionaceae.Desulfovibrio,Desulfovibrio,4,-0.42633803190295205,0.2768423733043375,-0.9689490835794535,0.11627301977354942,-1.540002806702829,0.12355966927704637,5.776671850447726,48.066982552116365,0.1409429632002305,557,151,1.0,0.1957708519936489
meta,IBD,Bacteria.Verrucomicrobiota.Verrucomicrobiia.Verrucomicrobiales.Akkermansiaceae.Akkermansia,Akkermansia,4,-1.3838416530703976,0.283155984181908,-1.9388273820669375,-0.8288559240738579,-4.887206099735387,1.0227701069561716e-06,3.2769135585889675,8.450438305373119,0.03207106483914462,557,151,1.0,1.4948178486282508e-05
meta,NAFLD,Bacteria.Actinomycetota.Actinobacteria.Actinomycetales.Actinomycetaceae.Schaalia,Schaalia,2,0.043625639153198746,0.37789232168919623,-0.6970433113576259,0.7842945896640233,0.11544462972465308,0.908092706006076,0.00987841761474754,0.0,0.0,73,85,0.5,0.9677927019920806
meta,NAFLD,Bacteria.Actinomycetota.Actinobacteria.Bifidobacteriales.Bifidobacteriaceae.Bifidobacterium,Bifidobacterium,3,-0.31485610337671144,0.36552486048293653,-1.0312848299232669,0.4015726231698441,-0.8613808181493297,0.3890283371490808,0.5603614280114781,0.0,0.0,104,111,0.6666666666666666,0.7800863541706362
meta,NAFLD,Bacteria.Actinomycetota.Actinobacteria.Bifidobacteriales.Bifidobacteriaceae.Gardnerella,Gardnerella,2,-1.0288644268128342,0.37512601576734905,-1.7641114177168382,-0.29361743590883005,-2.742716803333976,0.006093321101077718,1.0867451941637487,7.98210975577391,0.028346626299294332,73,85,1.0,0.07249730173434588
meta,NAFLD,Bacteria.Actinomycetota.Actinobacteria.Micrococcales.Micrococcaceae.Rothia,Rothia,2,-0.04474569267979864,0.6665001100238924,-1.3510859083266278,1.2615945229670305,-0.06713531176790745,0.9464739825715595,4.342624260999562,76.97244937857403,0.684632065405058,73,85,0.5,0.9677927019920806
meta,NAFLD,Bacteria.Actinomycetota.Coriobacteriia.Coriobacteriales.Atopobiaceae.Lancefieldella,Lancefieldella,2,0.3735608700316507,0.18844628841803446,0.004206144732303185,0.7429155953309983,1.9823201251009657,0.04744342298149388,0.8804715906268381,0.0,0.0,73,85,1.0,0.23415624890866332
meta,NAFLD,Bacteria.Actinomycetota.Coriobacteriia.Coriobacteriales.Coriobacteriaceae.Collinsella,Collinsella,3,-0.38408335245518993,0.8947561445345176,-2.1378053957428444,1.3696386908324645,-0.4292603686505032,0.6677337546706738,12.643580985947608,84.18169660776603,1.9961242898536178,104,111,0.6666666666666666,0.9096404987194199
meta,NAFLD,Bacteria.Actinomycetota.Coriobacteriia.Coriobacteriales.Coriobacteriales Incertae Sedis.Incertae Sedis,Incertae Sedis,2,-0.5865133027198278,0.29524350894049906,-1.1651905802432059,-0.007836025196449659,-1.9865408889921738,0.04697329732320399,0.2542150900863524,0.0,0.0,73,85,1.0,0.23415624890866332
meta,NAFLD,Bacteria.Actinomycetota.Coriobacteriia.Coriobacteriales.Eggerthellaceae.Asaccharobacter,Asaccharobacter,2,-0.3230453883911187,0.23089110703045687,-0.7755919581708142,0.1295011813885768,-1.3991244294588865,0.161775673114393,0.8121723351068543,0.0,0.0,73,85,1.0,0.4500305088454933
meta,NAFLD,Bacteria.Actinomycetota.Coriobacteriia.Coriobacteriales.Eggerthellaceae.Eggerthella,Eggerthella,2,0.16025686000425826,0.3531631187570946,-0.5319428527596473,0.8524565727681637,0.4537757525991349,0.6499902373983953,0.13551887395668594,0.0,0.0,73,85,1.0,0.9050299200923625
meta,NAFLD,Bacteria.Actinomycetota.Coriobacteriia.Coriobacteriales.Eggerthellaceae.Gordonibacter,Gordonibacter,2,0.05821369195208004,0.22246797361544074,-0.3778235363341838,0.4942509202383439,0.26167223536053114,0.7935741478345565,0.3775968627950315,0.0,0.0,73,85,0.5,0.9485690985834933
meta,NAFLD,Bacteria.Bacillota.Bacilli.Erysipelotrichales.Erysipelatoclostridiaceae.Coprobacillus,Coprobacillus,2,0.0750498836933555,0.3452117056494774,-0.6015650593796201,0.7516648267663312,0.21740248799546785,0.8278946924276872,1.1103340707882179,9.93701568662957,0.024421270086126254,73,85,0.5,0.9596052116775465
meta,NAFLD,Bacteria.Bacillota.Bacilli.Erysipelotrichales.Erysipelatoclostridiaceae.Erysipelotrichaceae UCG-003,Erysipelotrichaceae UCG-003,3,0.604710220131535,0.33180046790960677,-0.04561869697129428,1.2550391372343643,1.8225116556986825,0.06837738681223939,1.8997564831593836,0.0,0.0,104,111,1.0,0.29890686235064645
meta,NAFLD,Bacteria.Bacillota.Bacilli.Erysipelotrichales.Erysipelatoclostridiaceae.Thomasclavelia,Thomasclavelia,2,-0.1349896538607935,0.39963080691784386,-0.9182660354197675,0.6482867276981804,-0.3377859052006085,0.7355245322605471,0.03651585350686674,0.0,0.0,73,85,1.0,0.9377937786321976
meta,NAFLD,Bacteria.Bacillota.Bacilli.Erysipelotrichales.Erysipelotrichaceae.Faecalitalea,Faecalitalea,2,0.05728534156557629,0.34009442136115786,-0.6092997243022931,0.7238704074334457,0.16843952140203744,0.8662375186586975,0.4427821170040952,0.0,0.0,73,85,0.5,0.9677927019920806
meta,NAFLD,Bacteria.Bacillota.Bacilli.Erysipelotrichales.Erysipelotrichaceae.Holdemanella,Holdemanella,3,-0.2964981025815718,0.38457383099077264,-1.0502628113234862,0.4572666061603426,-0.77097836277031,0.44071975679258657,2.2088402548159403,9.454746868208568,0.04382661685585555,104,111,0.6666666666666666,0.7800863541706362
meta,NAFLD,Bacteria.Bacillota.Bacilli.Erysipelotrichales.Erysipelotrichaceae.Holdemania,Holdemania,3,-0.08554269844862619,0.23266199830237722,-0.5415602151212855,0.37047481822403316,-0.3676694048567886,0.7131197563660215,1.464393754571587,0.0,0.0,104,111,0.3333333333333333,0.9212512452157063
meta,NAFLD,Bacteria.Bacillota.Bacilli.Erysipelotrichales.Erysipelotrichaceae.Solobacterium,Solobacterium,2,0.1788482179239526,0.34194705019430804,-0.49136800045689116,0.8490644363047963,0.5230289830613362,0.6009540842198385,0.13550921672903996,0.0,0.0,73,85,1.0,0.8593081765012645
meta,NAFLD,Bacteria.Bacillota.Bacilli.Erysipelotrichales.Erysipelotrichaceae.Turicibacter,Turicibacter,2,0.11643996236049153,1.180505376613238,-2.197350575801455,2.430230500522438,0.0986356899911351,0.9214275316668262,7.013720516195942,85.74223199098367,2.390711972500647,73,85,0.5,0.9677927019920806
meta,NAFLD,Bacteria.Bacillota.Bacilli.Erysipelotrichales.Erysipelotrichaceae.[Clostridium] innocuum group,[Clostridium] innocuum group,2,-0.08722383592372832,0.39185571463132995,-0.855261036601135,0.6808133647536784,-0.2225917159477723,0.8238532844259034,0.002734651426074614,0.0,0.0,73,85,1.0,0.9596052116775465
meta,NAFLD,Bacteria.Bacillota.Bacilli.Lactobacillales.Lactobacillaceae.Lactobacillus,Lactobacillus,2,-0.3640424051869041,0.3649575817282199,-1.0793592653742152,0.3512744550004069,-0.9974923755879188,0.31852557280846194,0.4465036736353668,0.0,0.0,73,85,1.0,0.711703419872371
meta,NAFLD,Bacteria.Bacillota.Bacilli.Lactobacillales.Streptococcaceae.Lactococcus,Lactococcus,2,0.344611779415393,0.2570224862014375,-0.1591522935394244,0.8483758523702104,1.3407845535557879,0.1799904126907237,0.09622780717801598,0.0,0.0,73,85,1.0,0.48313216038036355
meta,NAFLD,Bacteria.Bacillota.Bacilli.Lactobacillales.Streptococcaceae.Streptococcus,Streptococcus,3,0.1519653431191421,0.5062287828828093,-0.840243071331164,1.1441737575694482,0.30019103665688185,0.7640314416920441,8.290518851734987,75.87605750897663,0.5738072217798946,104,111,0.6666666666666666,0.9452618316810358
meta,NAFLD,Bacteria.Bacillota.Bacilli.RF39.Incertae Sedis.Incertae Sedis,Incertae Sedis,3,-0.80473333610039,0.39269120607848895,-1.5744081000142285,-0.03505857218655162,-2.0492777114533713,0.04043496684581802,0.32663798894856955,0.0,0.0,104,111,1.0,0.22913147879296877
meta,NAFLD,Bacteria.Bacillota.Bacilli.Staphylococcales.Gemellaceae.Gemella,Gemella,2,-0.2766935550621659,0.7503083591563894,-1.7472979390086891,1.1939108288843574,-0.36877312065837414,0.7122968413600632,4.626837812519927,78.3869666385525,0.8830901520014066,73,85,0.5,0.9212512452157063
meta,NAFLD,Bacteria.Bacillota.Clostridia.Christensenellales.Christensenellaceae.Christensenella,Christensenella,2,0.07756533117497871,0.17129225070859266,-0.2581674802138629,0.4132981425638203,0.45282451981400546,0.6506751059487573,0.8192379307834248,0.0,0.0,73,85,0.5,0.9050299200923625
meta,NAFLD,Bacteria.Bacillota.Clostridia.Christensenellales.Christensenellaceae.Christensenellaceae R-7 group,Christensenellaceae R-7 group,3,-1.1250347550311897,0.41072464224991284,-1.9300550538410188,-0.3200144562213605,-2.7391459856617075,0.0061599014545522645,1.3235828014491067,0.0,0.0,104,111,1.0,0.07249730173434588
meta,NAFLD,Bacteria.Bacillota.Clostridia.Christensenellales.Christensenellaceae.Incertae Sedis,Incertae Sedis,3,-0.3514565754008408,0.45801027742202427,-1.2491567191480084,0.5462435683463267,-0.7673552160861191,0.44287034748925136,9.88204115172951,79.76126622737279,0.4846569332195593,104,111,0.6666666666666666,0.7800863541706362
meta,NAFLD,Bacteria.Bacillota.Clostridia.Christensenellales.Christensenellaceae.NA,Christensenellaceae,2,-0.2691209127324501,0.3390128720683464,-0.933586141986409,0.3953443165215088,-0.7938368566671834,0.4272904130798101,0.0005266697484526951,0.0,0.0,73,85,1.0,0.7800863541706362
meta,NAFLD,Bacteria.Bacillota.Clostridia.Clostridia UCG-014.Incertae Sedis.Incertae Sedis,Incertae Sedis,3,-1.1877978822331479,0.4666111173374349,-2.1023556722145202,-0.2732400922517755,-2.5455841879870578,0.010909505372773694,0.45319194855347367,0.0,0.0,104,111,1.0,0.10262643048360633
meta,NAFLD,Bacteria.Bacillota.Clostridia.Clostridia vadinBB60 group.Incertae Sedis.Incertae Sedis,Incertae Sedis,3,-0.6156428137631659,0.30789068499503186,-1.2191085563534283,-0.012177071172903453,-1.999549982400734,0.04554887953959576,2.2274751502353447,10.212241883430696,0.03185557108973452,104,111,1.0,0.23415624890866332
meta,NAFLD,Bacteria.Bacillota.Clostridia.Clostridiales.Clostridiaceae.Clostridium,Clostridium,3,0.10693053107383918,0.7808896759223367,-1.4236132337339409,1.637474295881619,0.1369342358733834,0.8910827774051039,9.0215430040465,77.8308433590249,1.4152002787277818,104,111,0.3333333333333333,0.9677927019920806
meta,NAFLD,Bacteria.Bacillota.Clostridia.Lachnospirales.Defluviitaleaceae.Defluviitaleaceae UCG-011,Defluviitaleaceae UCG-011,2,-0.38049790815995915,0.2713711613887207,-0.9123853844818517,0.15138956816193344,-1.4021309641481094,0.16087614216012402,0.09580707607666537,0.0,0.0,73,85,1.0,0.4500305088454933
meta,NAFLD,Bacteria.Bacillota.Clostridia.Lachnospirales.Lachnospiraceae.Agathobacter,Agathobacter,2,-0.08905293963654085,0.4940060410236243,-1.0573047800428443,0.8791989007697627,-0.18026690412938123,0.856943036686447,0.1485519528826396,0.0,0.0,51,80,0.5,0.9677927019920806
meta,NAFLD,Bacteria.Bacillota.Clostridia.Lachnospirales.Lachnospiraceae.Anaerobutyricum,Anaerobutyricum,3,-0.03073493985884522,0.3541857336329315,-0.724938977779391,0.6634690980617005,-0.08677633495734778,0.9308492986198929,0.6938150971805108,0.0,0.0,104,111,0.6666666666666666,0.9677927019920806
meta,NAFLD,Bacteria.Bacillota.Clostridia.Lachnospirales.Lachnospiraceae.Anaerostipes,Anaerostipes,3,-0.3378419300135454,0.4155388395948739,-1.1522980556194982,0.4766141955924074,-0.8130213058854415,0.41620584274936967,1.3998894249139788,0.0,0.0,104,111,0.6666666666666666,0.7800863541706362
meta,NAFLD,Bacteria.Bacillota.Clostridia.Lachnospirales.Lachnospiraceae.Anaerotignum,Anaerotignum,2,0.24366965974139687,0.4754720269570597,-0.6882555130944401,1.1755948325772339,0.5124794854932715,0.6083154741537704,1.8090298926835355,44.72175368442428,0.21913521770805527,84,57,0.5,0.8617802550511747
meta,NAFLD,Bacteria.Bacillota.Clostridia.Lachnospirales.Lachnospiraceae.Blautia,Blautia,3,0.018174280777623515,0.24788898162435993,-0.46768812320612196,0.504036684761369,0.07331621058157406,0.9415544922368786,0.41089159165836325,0.0,0.0,104,111,0.3333333333333333,0.9677927019920806
meta,NAFLD,Bacteria.Bacillota.Clostridia.Lachnospirales.Lachnospiraceae.CAG-56,CAG-56,2,0.3314531876662657,0.4196677667853004,-0.49109563523292304,1.1540020105654545,0.789799012216812,0.4296451560303276,0.05309879083266556,0.0,0.0,51,80,1.0,0.7800863541706362
meta,NAFLD,Bacteria.Bacillota.Clostridia.Lachnospirales.Lachnospiraceae.Coprococcus,Coprococcus,2,-0.3035611052487643,0.4792714425839088,-1.2429331327132256,0.6358109222156969,-0.6333803316387208,0.5264853058209629,0.1335124320614789,0.0,0.0,51,80,1.0,0.8293547924538979
meta,NAFLD,Bacteria.Bacillota.Clostridia.Lachnospirales.Lachnospiraceae.Dorea,Dorea,3,-0.23216824497967403,0.38079227547297195,-0.9785211049066991,0.514184614947351,-0.6096978849985968,0.5420619558522208,0.32062845951684454,0.0,0.0,104,111,0.6666666666666666,0.8293547924538979
meta,NAFLD,Bacteria.Bacillota.Clostridia.Lachnospirales.Lachnospiraceae.Enterocloster,Enterocloster,3,0.6647815497081693,0.413992412847334,-0.14664357947260542,1.476206678888944,1.6057819638190267,0.10832182486677622,2.41383828226785,17.144407945963998,0.09038583269131158,104,111,0.6666666666666666,0.386079678948254
meta,NAFLD,Bacteria.Bacillota.Clostridia.Lachnospirales.Lachnospiraceae.Faecalicatena,Faecalicatena,2,-0.35547887581237586,0.5553656562643517,-1.4439955620905054,0.7330378104657536,-0.6400807680537764,0.5221200914500479,1.902699203810765,47.443085170941394,0.34488279143066947,73,85,0.5,0.8293547924538979
meta,NAFLD,Bacteria.Bacillota.Clostridia.Lachnospirales.Lachnospiraceae.Fusicatenibacter,Fusicatenibacter,3,-0.1404425518791565,0.37571702615251806,-0.8768479231380919,0.5959628193797788,-0.37379874241351374,0.708554055197852,0.46974873768852654,0.0,0.0,104,111,0.6666666666666666,0.9212512452157063
meta,NAFLD,Bacteria.Bacillota.Clostridia.Lachnospirales.Lachnospiraceae.GCA-900066575,GCA-900066575,2,-0.21372833082889348,0.40038174006478844,-0.9984765413558787,0.5710198796980919,-0.5338113840913641,0.59347203674325,0.972401166040608,0.0,0.0,73,85,1.0,0.8566152983180872
meta,NAFLD,Bacteria.Bacillota.Clostridia.Lachnospirales.Lachnospiraceae.Howardella,Howardella,2,0.4704680265370022,0.762764362068644,-1.0245501231175398,1.9654861761915443,0.6167934029600914,0.5373710038835806,6.93267916332516,85.5755621103867,0.9965068316639818,73,85,0.5,0.8293547924538979
meta,NAFLD,Bacteria.Bacillota.Clostridia.Lachnospirales.Lachnospiraceae.Hungatella,Hungatella,2,0.025108951474237917,0.44637306219654865,-0.8497822504309975,0.9000001533794733,0.05625104559553786,0.95514181699872,0.4128871129036862,0.0,0.0,73,85,0.5,0.9677927019920806
meta,NAFLD,Bacteria.Bacillota.Clostridia.Lachnospirales.Lachnospiraceae.Lachnoclostridium,Lachnoclostridium,2,0.4482825045392983,0.4218792219849576,-0.37860077055121855,1.2751657796298153,1.0625849323180987,0.2879702230747069,0.015786992191480595,0.0,0.0,51,80,1.0,0.6884288145379711
meta,NAFLD,Bacteria.Bacillota.Clostridia.Lachnospirales.Lachnospiraceae.Lachnospira,Lachnospira,3,0.19934617499719534,0.6609931684796373,-1.0962004352228936,1.4948927852172844,0.30158583250673404,0.7629678094340708,5.084109016457363,60.66174046374774,0.7893050414592105,104,111,0.6666666666666666,0.9452618316810358
meta,NAFLD,Bacteria.Bacillota.Clostridia.Lachnospirales.Lachnospiraceae.Lachnospiraceae ND3007 group,Lachnospiraceae ND3007 group,3,-0.1950561258776151,0.618285767794484,-1.4068962307548036,1.0167839789995734,-0.3154789193569972,0.7523980543944209,5.568603601959674,64.08435322463659,0.7274261704531194,104,111,0.6666666666666666,0.9452618316810358
meta,NAFLD,Bacteria.Bacillota.Clostridia.Lachnospirales.Lachnospiraceae.Lachnospiraceae NK4A136 group,Lachnospiraceae NK4A136 group,2,-0.36248027384225684,0.4731103343474112,-1.2897765291631826,0.5648159814786691,-0.7661643543302582,0.44357851511663626,0.48011673454204995,0.0,0.0,51,80,1.0,0.7800863541706362
meta,NAFLD,Bacteria.Bacillota.Clostridia.Lachnospirales.Lachnospiraceae.Lachnospiraceae UCG-004,Lachnospiraceae UCG-004,2,0.34633798776623687,0.4303491395901321,-0.497146325830422,1.1898223013628957,0.8047837346580776,0.42094448937466766,0.18392213455699893,0.0,0.0,51,80,1.0,0.7800863541706362
meta,NAFLD,Bacteria.Bacillota.Clostridia.Lachnospirales.Lachnospiraceae.Lachnospiraceae UCG-010,Lachnospiraceae UCG-010,3,-0.47239582661991486,0.32098261392434124,-1.1015217499116237,0.15673009667179394,-1.4717178006758436,0.14109709864970996,0.45385778251433695,0.0,0.0,104,111,1.0,0.4151510787193389
meta,NAFLD,Bacteria.Bacillota.Clostridia.Lachnospirales.Lachnospiraceae.Mediterraneibacter,Mediterraneibacter,3,-0.37707653152269377,0.5351238282861027,-1.425919234963455,0.6717661719180674,-0.7046528515285824,0.48102629938518426,3.576734686236155,44.0830764524884,0.37945501401067866,104,111,0.6666666666666666,0.8269328517520583
meta,NAFLD,Bacteria.Bacillota.Clostridia.Lachnospirales.Lachnospiraceae.NA,Lachnospiraceae,3,0.1596508712766334,0.2188050277152177,-0.2692069830451933,0.5885087255984601,0.7296490073547328,0.4656047580319398,0.8629539726670468,0.0,0.0,104,111,0.6666666666666666,0.8095173633964409
meta,NAFLD,Bacteria.Bacillota.Clostridia.Lachnospirales.Lachnospiraceae.Roseburia,Roseburia,3,0.4799820559509719,0.4880056377141567,-0.47650899396877533,1.4364731058707192,0.983558424036313,0.3253326758403823,1.6532496856489745,0.0,0.0,104,111,0.6666666666666666,0.711703419872371
meta,NAFLD,Bacteria.Bacillota.Clostridia.Lachnospirales.Lachnospiraceae.Sellimonas,Sellimonas,2,0.49527677835709755,0.33357487746592374,-0.1585299814761129,1.149083538190308,1.4847544339057501,0.13760888636360027,0.0006573022332389278,0.0,0.0,73,85,1.0,0.41282665909080085
meta,NAFLD,Bacteria.Bacillota.Clostridia.Lachnospirales.Lachnospiraceae.Tyzzerella,Tyzzerella,2,0.6192307607461475,0.3062081277653835,0.019062830325995872,1.219398691166299,2.0222544883609417,0.04315006775333683,0.3271945267006595,0.0,0.0,84,57,1.0,0.23415624890866332
meta,NAFLD,Bacteria.Bacillota.Clostridia.Lachnospirales.Lachnospiraceae.[Eubacterium] eligens group,[Eubacterium] eligens group,3,-0.0984333123104003,0.775909392087764,-1.6192157208024176,1.4223490961816172,-0.12686186468956467,0.8990497302770887,6.152013378295013,67.4903177705006,1.2158691761994367,104,111,0.6666666666666666,0.9677927019920806
meta,NAFLD,Bacteria.Bacillota.Clostridia.Lachnospirales.Lachnospiraceae.[Eubacterium] ruminantium group,[Eubacterium] ruminantium group,3,-0.8575367052031474,0.3979026855258246,-1.6374259688337636,-0.07764744157253123,-2.15514178817346,0.031150740516421367,0.10620942556769972,0.0,0.0,104,111,1.0,0.19810527173840817
meta,NAFLD,Bacteria.Bacillota.Clostridia.Lachnospirales.Lachnospiraceae.[Eubacterium] ventriosum group,[Eubacterium] ventriosum group,3,-0.8136287761758665,0.5351415638753019,-1.8625062413714581,0.23524868901972518,-1.520399145011015,0.12841068923984011,4.836427458763419,58.64716224832283,0.5035160249063458,104,111,0.6666666666666666,0.40930907195199034
meta,NAFLD,Bacteria.Bacillota.Clostridia.Lachnospirales.Lachnospiraceae.[Eubacterium] xylanophilum group,[Eubacterium] xylanophilum group,2,-0.8521097413759295,0.4011698748969697,-1.6384026961739901,-0.06581678657786894,-2.1240621360085234,0.03366494813855302,0.44413397493386686,0.0,0.0,51,80,1.0,0.19810527173840817
meta,NAFLD,Bacteria.Bacillota.Clostridia.Lachnospirales.Lachnospiraceae.[Ruminococcus] gnavus group,[Ruminococcus] gnavus group,3,1.0313249478210065,0.4851409992615426,0.08044858926838305,1.98220130637363,2.1258251712199914,0.03351781932410953,2.7093905373052936,26.182660917197985,0.19064169209396503,104,111,1.0,0.19810527173840817
meta,NAFLD,Bacteria.Bacillota.Clostridia.Monoglobales.Monoglobaceae.Monoglobus,Monoglobus,3,-0.5069582078167993,0.32892221021007106,-1.1516457398285387,0.13772932419493988,-1.5412708296378739,0.12325088525984783,0.3488318165683143,0.0,0.0,104,111,1.0,0.40122096690971737
meta,NAFLD,Bacteria.Bacillota.Clostridia.NA.NA.NA,Clostridia,3,-0.35713918338560036,0.3315316466153557,-1.0069412107516975,0.2926628439804968,-1.0772400976850172,0.2813730158907689,2.3354241662117947,14.362451629327527,0.053136173522819345,104,111,0.6666666666666666,0.6833344671632959
meta,NAFLD,Bacteria.Bacillota.Clostridia.Oscillospirales.Butyricicoccaceae.Agathobaculum,Agathobaculum,3,0.09820517095445926,0.23634045126527786,-0.36502211352548536,0.5614324554344039,0.4155241746755823,0.6777582218020467,1.2779917916273036,0.0,0.0,104,111,0.6666666666666666,0.9096404987194199
meta,NAFLD,Bacteria.Bacillota.Clostridia.Oscillospirales.Butyricicoccaceae.UCG-009,UCG-009,2,-0.9401154029913494,0.27522873875233683,-1.4795637309459297,-0.40066707503676924,-3.41576031359613,0.0006360420444456981,1.0011573374331777,0.11559995516238655,0.00023166840777318588,73,85,1.0,0.019462886560038358
meta,NAFLD,Bacteria.Bacillota.Clostridia.Oscillospirales.NA.NA,Oscillospirales,2,-0.3860563232684696,0.46801607767408543,-1.3033678355096772,0.5312551889727378,-0.8248783357765531,0.40944066696856707,1.3657881753560568,26.782204001780652,0.12612856018006555,73,85,1.0,0.7800863541706362
meta,NAFLD,Bacteria.Bacillota.Clostridia.Oscillospirales.Oscillospiraceae.Colidextribacter,Colidextribacter,3,-0.3357696135573223,0.5175874781237343,-1.3502410706798416,0.678701843565197,-0.6487205115055997,0.5165190439955918,4.024917572503412,50.30954140121575,0.40418490734124496,104,111,0.3333333333333333,0.8293547924538979
meta,NAFLD,Bacteria.Bacillota.Clostridia.Oscillospirales.Oscillospiraceae.Flavonifractor,Flavonifractor,3,-0.0911847135206613,0.3669726498583999,-0.8104511072431251,0.6280816802018026,-0.2484782273443153,0.8037644140028801,2.158744461353263,7.353555003622346,0.030228668176022346,104,111,0.6666666666666666,0.9533019793987648
meta,NAFLD,Bacteria.Bacillota.Clostridia.Oscillospirales.Oscillospiraceae.Incertae Sedis,Incertae Sedis,2,0.11018751578815426,0.6927609605429134,-1.247623966875956,1.4679989984522643,0.1590556080149217,0.8736250625621449,2.8025240927083033,64.31788034929541,0.6352078535835718,51,80,0.5,0.9677927019920806
meta,NAFLD,Bacteria.Bacillota.Clostridia.Oscillospirales.Oscillospiraceae.Intestinimonas,Intestinimonas,3,-0.7211194014404555,0.4206846594630377,-1.5456613339880092,0.10342253110709831,-1.7141566378029878,0.08649996221377436,3.261820216817674,38.68454215569068,0.21096738203229096,104,111,1.0,0.3308623554676869
meta,NAFLD,Bacteria.Bacillota.Clostridia.Oscillospirales.Oscillospiraceae.NA,Oscillospiraceae,2,-0.1733226737620426,0.41713615654347547,-0.9909095405872544,0.6442641930631693,-0.41550623469864156,0.6777713519870188,0.24076254676319195,0.0,0.0,73,85,0.5,0.9096404987194199
meta,NAFLD,Bacteria.Bacillota.Clostridia.Oscillospirales.Oscillospiraceae.NK4A214 group,NK4A214 group,3,-0.6710136100684293,0.41809151369156133,-1.4904729769038894,0.14844575676703087,-1.6049443437482833,0.10850605356062042,2.2528580889443113,11.223880020902715,0.060018089133134056,104,111,0.6666666666666666,0.386079678948254
meta,NAFLD,Bacteria.Bacillota.Clostridia.Oscillospirales.Oscillospiraceae.Oscillibacter,Oscillibacter,3,-0.25861776272515413,0.26649544152917665,-0.7809488281223403,0.2637133026720321,-0.9704397240012076,0.33182735611061376,0.9850924827911083,0.0,0.0,104,111,1.0,0.7150645842947029
meta,NAFLD,Bacteria.Bacillota.Clostridia.Oscillospirales.Oscillospiraceae.Oscillospira,Oscillospira,3,-0.28130024537675835,0.2712114504975231,-0.8128746883519036,0.25027419759838687,-1.037199000487361,0.2996431238019207,1.0071549449290815,0.0,0.0,104,111,0.6666666666666666,0.705313814487598
meta,NAFLD,Bacteria.Bacillota.Clostridia.Oscillospirales.Oscillospiraceae.UCG-002,UCG-002,3,-1.4664711573409788,0.4470729685964052,-2.342734175789933,-0.5902081388920246,-3.2801606456883206,0.0010374799339593114,0.04728924486116106,0.0,0.0,104,111,1.0,0.022676347127967806
meta,NAFLD,Bacteria.Bacillota.Clostridia.Oscillospirales.Oscillospiraceae.UCG-003,UCG-003,3,-0.8901433410815673,0.3988805677816994,-1.6719492539336982,-0.1083374282294366,-2.23160367533554,0.025641168521396234,1.2852067849000288,0.0,0.0,104,111,1.0,0.17828750130566043
meta,NAFLD,Bacteria.Bacillota.Clostridia.Oscillospirales.Oscillospiraceae.UCG-005,UCG-005,3,-1.3051346309431244,0.5158426907515747,-2.3161863048162106,-0.29408295707003806,-2.5301020143206134,0.011402936720400702,2.697189357149277,25.848736029648023,0.20740104630288256,104,111,1.0,0.10262643048360633
meta,NAFLD,Bacteria.Bacillota.Clostridia.Oscillospirales.Ruminococcaceae.Acutalibacter,Acutalibacter,3,-0.5291828033847106,0.23897362733893057,-0.9975711129690145,-0.06079449380040669,-2.214398338751344,0.026801389085164638,0.7561354268209212,0.0,0.0,104,111,1.0,0.17828750130566043
meta,NAFLD,Bacteria.Bacillota.Clostridia.Oscillospirales.Ruminococcaceae.Anaerotruncus,Anaerotruncus,3,-0.3399617700955602,0.26025430893232276,-0.8500602156029129,0.1701366754117924,-1.3062675945317963,0.191461573105154,3.3820743978488896,40.8646953103082,0.08434470546929938,104,111,1.0,0.5050624256049752
meta,NAFLD,Bacteria.Bacillota.Clostridia.Oscillospirales.Ruminococcaceae.CAG-352,CAG-352,3,-0.11829912046000035,0.41645463264780197,-0.9345502004496922,0.6979519595296915,-0.2840624432674917,0.776362527815301,0.13225910275946295,0.0,0.0,104,111,0.6666666666666666,0.9485690985834933
meta,NAFLD,Bacteria.Bacillota.Clostridia.Oscillospirales.Ruminococcaceae.Candidatus Soleaferrea,Candidatus Soleaferrea,2,0.19618497103126653,0.25234440150623283,-0.2984100559209498,0.6907799979834829,0.7774492711557971,0.43689375274274156,0.17735583620237722,0.0,0.0,73,85,1.0,0.7800863541706362
meta,NAFLD,Bacteria.Bacillota.Clostridia.Oscillospirales.Ruminococcaceae.DTU089,DTU089,2,-0.479245892398766,0.30656163252952723,-1.0801066921566393,0.1216149073591073,-1.5632937769947657,0.11798351135038367,0.6284146887151636,0.0,0.0,73,85,1.0,0.40122096690971737
meta,NAFLD,Bacteria.Bacillota.Clostridia.Oscillospirales.Ruminococcaceae.Faecalibacterium,Faecalibacterium,3,0.0708568159387937,0.25744924801245905,-0.4337437101656261,0.5754573420432134,0.27522634649670696,0.7831423467252605,1.3451005264124498,0.0,0.0,104,111,0.6666666666666666,0.9485690985834933
meta,NAFLD,Bacteria.Bacillota.Clostridia.Oscillospirales.Ruminococcaceae.Fournierella,Fournierella,2,0.07669608753524802,0.29298689080936136,-0.49755821845110026,0.6509503935215963,0.2617731029650473,0.7934963768758772,0.9511642850440041,0.0,0.0,73,85,0.5,0.9485690985834933
meta,NAFLD,Bacteria.Bacillota.Clostridia.Oscillospirales.Ruminococcaceae.Gemmiger,Gemmiger,3,-0.0690596323746957,0.5201887294524244,-1.0886295421014476,0.9505102773520562,-0.13275880168990045,0.8943841373604601,3.9203699616953838,48.98440658556903,0.397705571472496,104,111,0.6666666666666666,0.9677927019920806
meta,NAFLD,Bacteria.Bacillota.Clostridia.Oscillospirales.Ruminococcaceae.Incertae Sedis,Incertae Sedis,2,-0.914218552894172,0.40194082538512077,-1.7020225706490086,-0.12641453513933532,-2.2745103138458522,0.022935321695051678,0.2013490075614723,0.0,0.0,51,80,1.0,0.1671002009210908
meta,NAFLD,Bacteria.Bacillota.Clostridia.Oscillospirales.Ruminococcaceae.NA,Ruminococcaceae,3,-0.9517944421367652,0.5024593166459403,-1.9366147027628084,0.03302581848927788,-1.8942716566393183,0.058188961115696804,3.385197525504645,40.91925257147729,0.31398635472860476,104,111,1.0,0.2697851833545943
meta,NAFLD,Bacteria.Bacillota.Clostridia.Oscillospirales.Ruminococcaceae.Negativibacillus,Negativibacillus,3,0.004945832285738953,0.26280857204996894,-0.5101589689322001,0.5200506335036781,0.018819143710421215,0.9849853820544294,0.862623493033684,0.0,0.0,104,111,0.3333333333333333,0.9849853820544294
meta,NAFLD,Bacteria.Bacillota.Clostridia.Oscillospirales.Ruminococcaceae.Paludicola,Paludicola,2,-0.804347115185871,0.3442936146735868,-1.479162599946101,-0.12953163042564086,-2.336224318154856,0.01947955351943174,1.373627235617834,27.20004568413955,0.07778710386062661,84,57,1.0,0.15686166781437139
meta,NAFLD,Bacteria.Bacillota.Clostridia.Oscillospirales.Ruminococcaceae.Phocea,Phocea,2,0.12320036005703815,0.22415327893114687,-0.3161400666480097,0.562540786762086,0.5496255091360122,0.5825762587062233,0.19824473239904095,0.0,0.0,73,85,1.0,0.8566152983180872
meta,NAFLD,Bacteria.Bacillota.Clostridia.Oscillospirales.Ruminococcaceae.Ruminococcus,Ruminococcus,3,-1.4722065654696868,0.42301335326410666,-2.301312737867336,-0.6431003930720377,-3.4802839061927213,0.0005008827019428677,1.829235449633539,0.0,0.0,104,111,1.0,0.019158763349314687
meta,NAFLD,Bacteria.Bacillota.Clostridia.Oscillospirales.Ruminococcaceae.Ruthenibacterium,Ruthenibacterium,3,-0.7765040970384832,0.32816651895305965,-1.41971047418648,-0.13329771989048633,-2.3661892734083363,0.017972253648003266,2.2254623609445714,10.131034561684366,0.03286028648329424,104,111,1.0,0.15276415600802776
meta,NAFLD,Bacteria.Bacillota.Clostridia.Oscillospirales.Ruminococcaceae.[Eubacterium] siraeum group,[Eubacterium] siraeum group,3,-0.7773327767783466,0.6225331175178048,-1.9974976871132442,0.44283213355655093,-1.2486609224546426,0.21178911938534273,4.7774601434348885,58.136751747717476,0.673156370150871,104,111,0.6666666666666666,0.5492158519653803
meta,NAFLD,Bacteria.Bacillota.Clostridia.Oscillospirales.UCG-010.Incertae Sedis,Incertae Sedis,3,-1.1918614284750968,0.3609743582584987,-1.8993711706617544,-0.4843516862884393,-3.3017897288471345,0.0009607005977250869,0.9427011218397856,0.0,0.0,104,111,1.0,0.022676347127967806
meta,NAFLD,Bacteria.Bacillota.Clostridia.Oscillospirales.[Eubacterium] coprostanoligenes group.Incertae Sedis,Incertae Sedis,3,-1.5472919468352064,0.4204160811113236,-2.3713074658134006,-0.7232764278570122,-3.680382402940227,0.00023288444256139616,1.2903725928491534,0.0,0.0,104,111,1.0,0.01410242718208477
meta,NAFLD,Bacteria.Bacillota.Clostridia.Peptococcales.Peptococcaceae.Incertae Sedis,Incertae Sedis,2,-0.5159392130450483,0.3171493982996777,-1.1375520337124165,0.10567360762231992,-1.6268018032231362,0.1037791985481633,2.3204446034667754,56.90481046149576,0.11483180468274629,73,85,1.0,0.386079678948254
meta,NAFLD,Bacteria.Bacillota.Clostridia.Peptococcales.Peptococcaceae.Peptococcus,Peptococcus,3,-0.02655517047936998,0.37431891888950175,-0.7602202515027934,0.7071099105440535,-0.0709426351148685,0.9434434109219636,3.4988599051253413,42.83852299801203,0.18762049766458413,104,111,0.6666666666666666,0.9677927019920806
meta,NAFLD,Bacteria.Bacillota.Clostridia.Peptostreptococcales-Tissierellales.Anaerovoracaceae.Family XIII AD3011 group,Family XIII AD3011 group,3,-0.7704913344546224,0.2851654851781635,-1.3294156854038228,-0.2115669835054219,-2.701909503435315,0.006894252423925069,2.4847002844147634,19.507394411110145,0.051751673834046254,104,111,1.0,0.07534433006146683
meta,NAFLD,Bacteria.Bacillota.Clostridia.Peptostreptococcales-Tissierellales.Anaerovoracaceae.Family XIII UCG-001,Family XIII UCG-001,3,-0.5150382380965646,0.3003029196280935,-1.103631960567628,0.07355548437449877,-1.7150623734674555,0.08633379188526548,2.572829452529627,22.264571480492673,0.06441545041129354,104,111,1.0,0.3308623554676869
meta,NAFLD,Bacteria.Bacillota.Clostridia.Peptostreptococcales-Tissierellales.Anaerovoracaceae.NA,Anaerovoracaceae,2,-0.3937847611798737,0.3890230668516195,-1.156269972209048,0.3687004498493005,-1.012240133642436,0.31142325121342207,0.2802241174250459,0.0,0.0,73,85,1.0,0.711703419872371
meta,NAFLD,Bacteria.Bacillota.Clostridia.Peptostreptococcales-Tissierellales.Family XI.Anaerococcus,Anaerococcus,2,-0.6839326682800122,0.35919458544281396,-1.3879540557479275,0.020088719187903115,-1.9040728785954892,0.05690069335101863,1.348870087813193,25.863876066729745,0.08982937340401141,73,85,1.0,0.2697851833545943
meta,NAFLD,Bacteria.Bacillota.Clostridia.Peptostreptococcales-Tissierellales.Family XI.Parvimonas,Parvimonas,2,-0.3269110947265543,0.3254830628963935,-0.9648578980034854,0.31103570855037693,-1.0043874228583602,0.3151919098828273,0.9556753172948926,0.0,0.0,73,85,0.5,0.711703419872371
meta,NAFLD,Bacteria.Bacillota.Clostridia.Peptostreptococcales-Tissierellales.Family XI.Peptoniphilus,Peptoniphilus,2,-1.2209798597193937,0.3357698284158954,-1.8790887234145486,-0.5628709960242387,-3.636359661854574,0.00027651818004087783,0.012445272775863726,0.0,0.0,73,85,1.0,0.01410242718208477
meta,NAFLD,Bacteria.Bacillota.Clostridia.Peptostreptococcales-Tissierellales.Peptostreptococcaceae.Intestinibacter,Intestinibacter,2,-0.6671961404455281,0.3592159796356448,-1.371259460531392,0.03686717964033559,-1.8573676514120272,0.06325886550133232,1.198035362495638,16.5300097722582,0.05217183005222093,51,80,1.0,0.28466489475599543
meta,NAFLD,Bacteria.Bacillota.Clostridia.Peptostreptococcales-Tissierellales.Peptostreptococcaceae.Peptostreptococcus,Peptostreptococcus,2,-0.18745913522520208,0.2918988810755979,-0.759580942133374,0.38466267168296986,-0.6422057341722138,0.5207396103518314,0.521104393630816,0.0,0.0,73,85,0.5,0.8293547924538979
meta,NAFLD,Bacteria.Bacillota.Clostridia.Peptostreptococcales-Tissierellales.Peptostreptococcaceae.Romboutsia,Romboutsia,2,-0.13203303766659386,0.7470671708096169,-1.596284692453443,1.3322186171202552,-0.176735162279325,0.8597164201060523,3.0091039855695616,66.76751601820365,0.7481822035150478,51,80,0.5,0.9677927019920806
meta,NAFLD,Bacteria.Bacillota.NA.NA.NA.NA,Bacteria.Bacillota.NA.NA.NA.NA,2,-0.2730944692709381,0.4846472652295051,-1.223003109120768,0.6768141705788919,-0.5634912004333998,0.5731004504267305,1.8297948796075718,45.349065562230365,0.22666754668383443,73,85,0.5,0.8513045525756288
meta,NAFLD,Bacteria.Bacillota.Negativicutes.Acidaminococcales.Acidaminococcaceae.Phascolarctobacterium,Phascolarctobacterium,3,-0.050286767382975356,0.6736485012086953,-1.3706378297520183,1.2700642949860674,-0.07464837714735238,0.9404944820719894,6.141308344722269,67.43364951348251,0.9178274562056499,104,111,0.6666666666666666,0.9677927019920806
meta,NAFLD,Bacteria.Bacillota.Negativicutes.Veillonellales-Selenomonadales.Selenomonadaceae.Megamonas,Megamonas,2,2.070040129672638,1.1647456429870202,-0.21286133058192158,4.352941589927198,1.777246510546257,0.07552769006961017,3.046846768335719,67.1791830691167,1.8351316741077943,84,57,1.0,0.3123172048824421
meta,NAFLD,Bacteria.Bacillota.Negativicutes.Veillonellales-Selenomonadales.Veillonellaceae.Allisonella,Allisonella,3,0.7712132793525402,0.2881635920928218,0.20641263885060956,1.336013919854471,2.676303670951329,0.007443916426000035,0.7940583624122822,0.0,0.0,104,111,1.0,0.07592794754520035
meta,NAFLD,Bacteria.Bacillota.Negativicutes.Veillonellales-Selenomonadales.Veillonellaceae.Dialister,Dialister,3,-0.27764301306487865,0.4180233797357277,-1.0969688373469049,0.5416828112171477,-0.664180585402671,0.5065747378394103,2.0065045230831573,0.3241718624766701,0.0018379301882524173,104,111,0.3333333333333333,0.8293547924538979
meta,NAFLD,Bacteria.Bacillota.Negativicutes.Veillonellales-Selenomonadales.Veillonellaceae.Megasphaera,Megasphaera,3,0.15290823851926608,0.4211165729685955,-0.6724802444991811,0.9782967215377132,0.36310192553421333,0.7165287462788827,1.3721330459710515,0.0,0.0,104,111,0.3333333333333333,0.9212512452157063
meta,NAFLD,Bacteria.Bacillota.Negativicutes.Veillonellales-Selenomonadales.Veillonellaceae.Veillonella,Veillonella,3,0.3985813129108201,0.3580775862639299,-0.30325075616648245,1.1004133819881226,1.1131143869391367,0.26565930550471606,0.510537535761655,0.0,0.0,104,111,1.0,0.655578608745509
meta,NAFLD,Bacteria.Bacteroidota.Bacteroidia.Bacteroidales.Bacteroidaceae.Bacteroides,Bacteroides,3,0.20150161769386638,0.25205858162748784,-0.29253320229600976,0.6955364376837425,0.7994237545606022,0.4240447409880632,3.9853954543514103,49.81677419699162,0.09406997628183265,104,111,1.0,0.7800863541706362
meta,NAFLD,Bacteria.Bacteroidota.Bacteroidia.Bacteroidales.Barnesiellaceae.Barnesiella,Barnesiella,3,-1.0112451896648473,0.44265672066206263,-1.87885236216249,-0.1436380171672046,-2.2844907632993157,0.022342704818370467,1.1557531805417383,0.0,0.0,104,111,1.0,0.1671002009210908
meta,NAFLD,Bacteria.Bacteroidota.Bacteroidia.Bacteroidales.Barnesiellaceae.Coprobacter,Coprobacter,3,0.051492416392284295,0.3137714869807854,-0.5634996980900551,0.6664845308746237,0.16410801659437452,0.8696461110458074,0.8407564240896438,0.0,0.0,104,111,0.6666666666666666,0.9677927019920806
meta,NAFLD,Bacteria.Bacteroidota.Bacteroidia.Bacteroidales.Marinifilaceae.Butyricimonas,Butyricimonas,3,-1.1380485841129704,0.36576241129972237,-1.8549429102604262,-0.42115425796551453,-3.11144215193945,0.001861759470201403,0.5107501326166348,0.0,0.0,104,111,1.0,0.028484919894081463
meta,NAFLD,Bacteria.Bacteroidota.Bacteroidia.Bacteroidales.Marinifilaceae.Odoribacter,Odoribacter,3,-1.1288341864779619,0.7252275192797544,-2.5502801242662807,0.29261175131035677,-1.5565242030515356,0.11958349195574586,7.842129662845694,74.49672364542039,1.1735631507674853,104,111,1.0,0.40122096690971737
meta,NAFLD,Bacteria.Bacteroidota.Bacteroidia.Bacteroidales.Muribaculaceae.Incertae Sedis,Incertae Sedis,3,0.3343920946037996,0.3834795386037031,-0.41722780105945845,1.0860119902670577,0.8719946201598212,0.3832113124635059,0.570655104267433,0.0,0.0,104,111,1.0,0.7800863541706362
meta,NAFLD,Bacteria.Bacteroidota.Bacteroidia.Bacteroidales.Porphyromonadaceae.Porphyromonas,Porphyromonas,2,-0.4571906992600776,0.2630565898062966,-0.972781615280419,0.058400216760263746,-1.7379937130513738,0.0822119215664296,0.5418092070682006,0.0,0.0,73,85,1.0,0.3308623554676869
meta,NAFLD,Bacteria.Bacteroidota.Bacteroidia.Bacteroidales.Prevotellaceae.Hoylesella,Hoylesella,2,-0.19938107416911682,0.3700621592591456,-0.9247029063170422,0.5259407579788085,-0.5387772545246786,0.590040559975991,0.0025054440790859365,0.0,0.0,73,85,1.0,0.8566152983180872
meta,NAFLD,Bacteria.Bacteroidota.Bacteroidia.Bacteroidales.Prevotellaceae.Incertae Sedis,Incertae Sedis,2,-0.43196889451078974,0.6255710255501798,-1.6580881045891422,0.7941503155675627,-0.6905193445154847,0.4898676491607562,4.618616553982955,78.34849487261224,0.6172464875902587,51,80,0.5,0.8293547924538979
meta,NAFLD,Bacteria.Bacteroidota.Bacteroidia.Bacteroidales.Prevotellaceae.Leyella,Leyella,2,0.4167180096621369,0.4239321826133722,-0.4141890682600725,1.2476250875843462,0.9829827192954241,0.3256159437324573,0.0010050332680481622,0.0,0.0,84,57,1.0,0.711703419872371
meta,NAFLD,Bacteria.Bacteroidota.Bacteroidia.Bacteroidales.Prevotellaceae.NA,Prevotellaceae,2,-0.5821997327026383,0.42107781720377135,-1.4075122544220302,0.2431127890167536,-1.3826416612701673,0.1667747680661289,0.44696298258448625,0.0,0.0,73,85,1.0,0.45565249132353075
meta,NAFLD,Bacteria.Bacteroidota.Bacteroidia.Bacteroidales.Prevotellaceae.Paraprevotella,Paraprevotella,3,-0.3149720529530565,0.46897998520800244,-1.2341728239607412,0.6042287180546282,-0.6716108637628956,0.5018314603696838,0.7433817475677291,0.0,0.0,104,111,0.6666666666666666,0.8293547924538979
meta,NAFLD,Bacteria.Bacteroidota.Bacteroidia.Bacteroidales.Prevotellaceae.Prevotella,Prevotella,2,-0.09504121250331932,0.41368869731143265,-0.9058710592337273,0.7157886342270887,-0.22974089725195102,0.8182931133613772,0.26241305526025205,0.0,0.0,73,85,0.5,0.9596052116775465
meta,NAFLD,Bacteria.Bacteroidota.Bacteroidia.Bacteroidales.Prevotellaceae.Segatella,Segatella,3,-0.7340246020959829,0.8317390998332227,-2.364233237769099,0.8961840335771336,-0.8825178499401637,0.37749683130778555,3.621449505996203,44.77349479294115,0.9294935239289768,104,111,0.6666666666666666,0.7800863541706362
meta,NAFLD,Bacteria.Bacteroidota.Bacteroidia.Bacteroidales.Rikenellaceae.Alistipes,Alistipes,3,-0.6987273299600255,0.4678567634694934,-1.6157265863602326,0.21827192644018156,-1.493464206391848,0.13531571695633673,2.700145648095443,25.929921542909852,0.1727454447910148,104,111,0.6666666666666666,0.41282665909080085
meta,NAFLD,Bacteria.Bacteroidota.Bacteroidia.Bacteroidales.Tannerellaceae.Incertae Sedis,Incertae Sedis,2,-0.6895013174770179,0.4461276735393642,-1.5639115576141718,0.18490892266013592,-1.5455246521849748,0.1222194106921228,1.3179024133768635,24.121847729400667,0.09995423648695327,84,57,1.0,0.40122096690971737
meta,NAFLD,Bacteria.Bacteroidota.Bacteroidia.Bacteroidales.Tannerellaceae.Parabacteroides,Parabacteroides,3,-0.21521455465640862,0.24218361320654308,-0.6898944365412331,0.25946532722841575,-0.8886421001278305,0.37419545747535377,0.4664199799798467,0.0,0.0,104,111,1.0,0.7800863541706362
meta,NAFLD,Bacteria.Bacteroidota.Bacteroidia.NA.NA.NA,Bacteroidia,2,0.14018088724557135,0.24694257168875003,-0.3438265532643787,0.6241883277555214,0.5676659406554547,0.5702618227361848,1.220038555505335,18.03537720282913,0.02202062040209623,73,85,0.5,0.8513045525756288
meta,NAFLD,Bacteria.Campylobacterota.Campylobacteria.Campylobacterales.Campylobacteraceae.Campylobacter,Campylobacter,2,0.10802286810495176,0.36311766499798376,-0.6036877552910964,0.819733491501,0.29748722939588074,0.7660945563950878,0.1586170357932607,0.0,0.0,73,85,0.5,0.9452618316810358
meta,NAFLD,Bacteria.Cyanobacteriota.Cyanobacteriia.Chloroplast.Incertae Sedis.Incertae Sedis,Incertae Sedis,2,0.7051833814330197,0.49008869885939443,-0.25539046833139334,1.665757231197433,1.4388892930488397,0.15018189157283343,2.761401566693264,63.786505662141536,0.31253753906405873,73,85,1.0,0.4335439511442173
meta,NAFLD,Bacteria.Fusobacteriota.Fusobacteriia.Fusobacteriales.Fusobacteriaceae.Fusobacterium,Fusobacterium,3,1.3429381234082547,0.4274527674649641,0.5051306991769251,2.1807455476395843,3.1417228419706698,0.0016795694302465184,0.09655201069148783,0.0,0.0,104,111,1.0,0.028484919894081463
meta,NAFLD,Bacteria.NA.NA.NA.NA.NA,Bacteria.NA.NA.NA.NA.NA,2,-1.1128065970286263,0.4045520247381286,-1.9057285655153584,-0.31988462854189414,-2.7507132061666466,0.005946568013476771,0.38048018041509746,0.0,0.0,73,85,1.0,0.07249730173434588
meta,NAFLD,Bacteria.Pseudomonadota.Alphaproteobacteria.Rhodospirillales.Incertae Sedis.Incertae Sedis,Incertae Sedis,3,0.29951869337813003,0.26501819711261326,-0.219916972962592,0.818954359718852,1.1301816125888766,0.2583997060353882,1.389133499049684,0.0,0.0,104,111,1.0,0.6481172954658097
meta,NAFLD,Bacteria.Pseudomonadota.Alphaproteobacteria.Rickettsiales.Mitochondria.Incertae Sedis,Incertae Sedis,2,0.22834325797419824,0.5823152623612114,-0.9129946562537763,1.3696811722021727,0.39212995559878766,0.6949621950010507,3.6024613756976307,72.24120134233651,0.49629637578446145,73,85,0.5,0.9212512452157063
meta,NAFLD,Bacteria.Pseudomonadota.Gammaproteobacteria.Burkholderiales.Neisseriaceae.Neisseria,Neisseria,2,-0.3058455714197391,0.4893112813565356,-1.264895682878549,0.6532045400390707,-0.6250531779521458,0.5319361568208506,2.760495460874413,63.77461893441257,0.30590951035369024,73,85,0.5,0.8293547924538979
meta,NAFLD,Bacteria.Pseudomonadota.Gammaproteobacteria.Burkholderiales.Oxalobacteraceae.Oxalobacter,Oxalobacter,2,0.050342180839037354,0.5004201152166993,-0.9304812449856932,1.031165606663768,0.10059983463541917,0.9198681279834388,4.928178356963123,79.70852660827342,0.4006319703187315,84,57,0.5,0.9677927019920806
meta,NAFLD,Bacteria.Pseudomonadota.Gammaproteobacteria.Burkholderiales.Sutterellaceae.Parasutterella,Parasutterella,3,0.40881401371579473,0.9360234553343747,-1.4257919587395795,2.243419986171169,0.4367561639465055,0.662288193013963,8.354679834710367,76.06132084570379,1.9974906031976147,104,111,0.6666666666666666,0.9096404987194199
meta,NAFLD,Bacteria.Pseudomonadota.Gammaproteobacteria.Burkholderiales.Sutterellaceae.Sutterella,Sutterella,3,0.03001482800459979,0.4761454006297187,-0.9032301572296489,0.9632598132388485,0.0630371058187355,0.9497369568924765,0.2645892003905427,0.0,0.0,104,111,0.6666666666666666,0.9677927019920806
meta,NAFLD,Bacteria.Pseudomonadota.Gammaproteobacteria.Enterobacterales.Enterobacteriaceae.Citrobacter,Citrobacter,3,-0.8885745809747625,0.24201846726750034,-1.3629307768190633,-0.41421838513046183,-3.671515612040592,0.00024111634626329428,0.02490931861933359,0.0,0.0,104,111,1.0,0.01410242718208477
meta,NAFLD,Bacteria.Pseudomonadota.Gammaproteobacteria.Enterobacterales.Enterobacteriaceae.Escherichia-Shigella,Escherichia-Shigella,3,0.3993620755324309,0.49998048037017034,-0.580599665993103,1.3793238170579647,0.7987553338817455,0.42443229465125987,3.6523792722103687,45.24117428829816,0.3417382746959028,104,111,0.6666666666666666,0.7800863541706362
meta,NAFLD,Bacteria.Pseudomonadota.Gammaproteobacteria.Enterobacterales.Enterobacteriaceae.Klebsiella,Klebsiella,3,0.21058009890797763,0.3568528793659742,-0.48885154464933184,0.9100117424652872,0.590103404187514,0.5551213267246394,0.00885840950845258,0.0,0.0,104,111,1.0,0.840926366226434
meta,NAFLD,Bacteria.Pseudomonadota.Gammaproteobacteria.Enterobacterales.Pasteurellaceae.Haemophilus,Haemophilus,3,-0.060499340084683384,0.5402737687773026,-1.1194359268881964,0.9984372467188296,-0.11197904392360168,0.9108400225778067,4.550970407498372,56.05332883060028,0.489966174255709,104,111,0.3333333333333333,0.9677927019920806
meta,NAFLD,Bacteria.Pseudomonadota.Gammaproteobacteria.Pseudomonadales.Moraxellaceae.Acinetobacter,Acinetobacter,2,0.6253743373478955,0.5394027299206239,-0.4318550132965273,1.6826036879923183,1.1593829668602582,0.24630011660057616,3.4235191254392157,70.7902902434726,0.41193949236166055,73,85,1.0,0.6280652973314692
meta,NAFLD,Bacteria.Synergistota.Synergistia.Synergistales.Synergistaceae.Cloacibacillus,Cloacibacillus,2,-0.18086906089622928,0.2297332547228828,-0.6311462401530796,0.269408118360621,-0.7873003023197653,0.43110609275974743,0.03363559696591888,0.0,0.0,73,85,1.0,0.7800863541706362
meta,NAFLD,Bacteria.Thermodesulfobacteriota.Desulfovibrionia.Desulfovibrionales.Desulfovibrionaceae.Bilophila,Bilophila,3,-0.5398437695473575,0.35783781578011126,-1.2412058884763755,0.16151834938166054,-1.5086269414272513,0.1313941452483243,0.8261774846509042,0.0,0.0,104,111,1.0,0.4102715147549718
meta,NAFLD,Bacteria.Thermodesulfobacteriota.Desulfovibrionia.Desulfovibrionales.Desulfovibrionaceae.Desulfovibrio,Desulfovibrio,3,-0.016454561413429405,0.40006165000383237,-0.8005753954209408,0.767666272594082,-0.04113006436200965,0.9671922069812928,0.30029370559347757,0.0,0.0,104,111,0.3333333333333333,0.9735553136061698
meta,NAFLD,Bacteria.Verrucomicrobiota.Lentisphaeria.Victivallales.Victivallaceae.Victivallis,Victivallis,2,-0.5205784355525003,0.28950366207687345,-1.0880056132231721,0.04684874211817169,-1.7981756493783776,0.0721491771038587,0.002431835546232751,0.0,0.0,73,85,1.0,0.30663400269139945
meta,NAFLD,Bacteria.Verrucomicrobiota.Lentisphaeria.Victivallales.vadinBE97.Incertae Sedis,Incertae Sedis,2,-0.21821202637966275,0.3304173375328609,-0.8658300079440701,0.42940595518474456,-0.660413366952819,0.5089885965468978,1.7659528569633478,43.37334679932767,0.0948674330987113,73,85,0.5,0.8293547924538979
meta,NAFLD,Bacteria.Verrucomicrobiota.Verrucomicrobiia.Verrucomicrobiales.Akkermansiaceae.Akkermansia,Akkermansia,3,-1.239096392239352,0.38426982807678545,-1.9922652552698517,-0.4859275292088526,-3.224547705035415,0.001261718331283905,0.6183266799950267,0.0,0.0,104,111,1.0,0.024130363085804685
meta,T1D,Bacteria.Actinomycetota.Actinobacteria.Actinomycetales.Actinomycetaceae.Schaalia,Schaalia,2,-0.10353899267127929,0.23592803710603955,-0.5659579453991168,0.3588799600565582,-0.4388583652088071,0.6607641664097734,1.6326768340108868,38.75089183795377,0.04316941594261442,99,123,0.5,0.9882664771433028
meta,T1D,Bacteria.Actinomycetota.Actinobacteria.Bifidobacteriales.Bifidobacteriaceae.Bifidobacterium,Bifidobacterium,2,-0.078940981406382,0.5037891435932671,-1.0663677028491856,0.9084857400364215,-0.1566944869898086,0.8754856321529151,2.5308719160528064,60.48792538029273,0.307365401452609,99,123,0.5,0.9882664771433028
meta,T1D,Bacteria.Actinomycetota.Coriobacteriia.Coriobacteriales.Coriobacteriaceae.Collinsella,Collinsella,2,-0.9347406154671283,0.3032915306609382,-1.5291920155625673,-0.3402892153716893,-3.0819872003353512,0.0020562367894077878,0.03132449361835346,0.0,0.0,99,123,1.0,0.11720549699624391
meta,T1D,Bacteria.Actinomycetota.Coriobacteriia.Coriobacteriales.Eggerthellaceae.Eggerthella,Eggerthella,2,0.03817781726807767,0.1955992758715431,-0.3451967634401468,0.4215523979763022,0.19518383745525916,0.8452490315646872,0.41887740560464576,0.0,0.0,99,123,0.5,0.9882664771433028
meta,T1D,Bacteria.Bacillota.Bacilli.Erysipelotrichales.Erysipelatoclostridiaceae.Erysipelotrichaceae UCG-003,Erysipelotrichaceae UCG-003,2,-0.33918430614582346,0.5240447147519115,-1.36631194705957,0.6879433347679229,-0.6472430626581112,0.5174746450550063,3.1703821196510398,68.45806081854673,0.3764411633527808,99,123,0.5,0.9882664771433028
meta,T1D,Bacteria.Bacillota.Bacilli.Erysipelotrichales.Erysipelatoclostridiaceae.Thomasclavelia,Thomasclavelia,2,0.11607135599833611,0.2906344883290639,-0.45357224112662914,0.6857149531233013,0.3993722722504877,0.6896189215721907,1.551276956734695,35.53697838038448,0.07933401275207567,99,123,0.5,0.9882664771433028
meta,T1D,Bacteria.Bacillota.Bacilli.Erysipelotrichales.Erysipelotrichaceae.Turicibacter,Turicibacter,2,-0.05257270247939662,0.2336577060319344,-0.5105418063019881,0.4053964013431948,-0.2249987957692755,0.8219802110838155,0.08686127463540963,0.0,0.0,99,123,1.0,0.9882664771433028
meta,T1D,Bacteria.Bacillota.Bacilli.Lactobacillales.Enterococcaceae.Enterococcus,Enterococcus,2,-0.2924516720088015,0.37274914632041867,-1.023039998796822,0.43813665477921904,-0.7845803938003048,0.43269962910227966,0.2087193678768683,0.0,0.0,99,123,1.0,0.9882664771433028
meta,T1D,Bacteria.Bacillota.Bacilli.Lactobacillales.Streptococcaceae.Streptococcus,Streptococcus,2,0.3451844498402749,0.31588953109978835,-0.2739590311153102,0.9643279307958601,1.0927378588283523,0.274508912325341,0.0035349533830415347,0.0,0.0,99,123,1.0,0.9204122354437906
meta,T1D,Bacteria.Bacillota.Bacilli.Staphylococcales.Staphylococcaceae.Staphylococcus,Staphylococcus,2,-0.019958975229664912,0.1846663814814426,-0.3819050829332924,0.3419871324739626,-0.10808126021395302,0.9139312332480215,0.4344910820860723,0.0,0.0,99,123,0.5,0.9882664771433028
meta,T1D,Bacteria.Bacillota.Clostridia.Clostridiales.Clostridiaceae.Clostridium,Clostridium,2,-0.48882419074778505,0.3356934363196119,-1.1467833259342244,0.1691349444386543,-1.4561624919063898,0.14534770556534257,0.6887516045819067,0.0,0.0,99,123,1.0,0.9204122354437906
meta,T1D,Bacteria.Bacillota.Clostridia.Lachnospirales.Lachnospiraceae.Agathobacter,Agathobacter,2,0.13553695917334754,0.48589488719530066,-0.8168170197294418,1.0878909380761368,0.2789429622437451,0.780288597429901,1.636665428818595,38.900157454792904,0.18634173735331824,99,123,0.5,0.9882664771433028
meta,T1D,Bacteria.Bacillota.Clostridia.Lachnospirales.Lachnospiraceae.Anaerobutyricum,Anaerobutyricum,2,-0.5283392154592957,0.8090734058138084,-2.1141230908543602,1.0574446599357685,-0.6530176516281171,0.5137448988700343,8.43265210515695,88.14133457031325,1.1542901988876957,99,123,0.5,0.9882664771433028
meta,T1D,Bacteria.Bacillota.Clostridia.Lachnospirales.Lachnospiraceae.Anaerostipes,Anaerostipes,2,-0.7110903256688275,0.4015060972833063,-1.4980422763441077,0.07586162500645277,-1.7710573525041036,0.07655116496275584,1.478707101717426,32.373355153392964,0.11348688851729073,99,123,1.0,0.8726832805754166
meta,T1D,Bacteria.Bacillota.Clostridia.Lachnospirales.Lachnospiraceae.Blautia,Blautia,2,0.3502280932833797,0.6828795885531576,-0.9882159002808091,1.6886720868475684,0.5128694709200798,0.6080426300854604,3.7191761513428134,73.11232489918638,0.7071171477064714,99,123,0.5,0.9882664771433028
meta,T1D,Bacteria.Bacillota.Clostridia.Lachnospirales.Lachnospiraceae.Dorea,Dorea,2,-0.6399315669568327,0.33209576577539185,-1.2908392678766007,0.010976133962935286,-1.926948889163619,0.053985999874636016,1.6364395350462733,38.89172324526349,0.08613261644012446,99,123,1.0,0.8726832805754166
meta,T1D,Bacteria.Bacillota.Clostridia.Lachnospirales.Lachnospiraceae.Enterocloster,Enterocloster,2,0.665294292015346,0.29699290555800223,0.08318819712166159,1.2474003869090304,2.2401016305940518,0.025084325710702314,0.20231027539581073,0.0,0.0,99,123,1.0,0.714903282755016
meta,T1D,Bacteria.Bacillota.Clostridia.Lachnospirales.Lachnospiraceae.Faecalimonas,Faecalimonas,2,-0.10323118012531514,0.223124165184587,-0.5405545438871057,0.33409218363647536,-0.4626624822995468,0.6436063144728339,0.21358553530262084,0.0,0.0,99,123,1.0,0.9882664771433028
meta,T1D,Bacteria.Bacillota.Clostridia.Lachnospirales.Lachnospiraceae.Fusicatenibacter,Fusicatenibacter,2,-0.1596872826065606,0.4228197487262022,-0.9884139901099169,0.6690394248967957,-0.3776722423388185,0.7056740905986214,1.4003733263155738,28.59047075460717,0.10401988368167019,99,123,0.5,0.9882664771433028
meta,T1D,Bacteria.Bacillota.Clostridia.Lachnospirales.Lachnospiraceae.Lachnoclostridium,Lachnoclostridium,2,0.07881441400275858,0.39510605929809584,-0.6955934622215093,0.8532222902270264,0.1994766016567097,0.8418899447251182,1.9014786083101498,47.40934788171489,0.14838494463754262,99,123,0.5,0.9882664771433028
meta,T1D,Bacteria.Bacillota.Clostridia.Lachnospirales.Lachnospiraceae.Lachnospira,Lachnospira,2,-0.4155284326402357,0.31509753597755585,-1.033119603156245,0.20206273787577372,-1.3187295525847382,0.18725954320208016,0.055161164771831715,0.0,0.0,99,123,1.0,0.9204122354437906
meta,T1D,Bacteria.Bacillota.Clostridia.Lachnospirales.Lachnospiraceae.Lachnospiraceae ND3007 group,Lachnospiraceae ND3007 group,2,0.043925589550701076,0.2274152398477275,-0.4018082805508448,0.48965945965224694,0.19315147735970878,0.8468403385287209,0.0244543903930786,0.0,0.0,99,123,1.0,0.9882664771433028
meta,T1D,Bacteria.Bacillota.Clostridia.Lachnospirales.Lachnospiraceae.Lachnospiraceae NK4A136 group,Lachnospiraceae NK4A136 group,2,0.3883937021646796,0.482288234165797,-0.5568912368002825,1.3336786411296417,0.805314487583292,0.42063822361532655,2.25813955312384,55.715757309302205,0.2596488819768609,99,123,0.5,0.9882664771433028
meta,T1D,Bacteria.Bacillota.Clostridia.Lachnospirales.Lachnospiraceae.Lachnospiraceae UCG-004,Lachnospiraceae UCG-004,2,-0.06496951024954364,0.3703828445019993,-0.7909198854734624,0.660980864974375,-0.17541176977810305,0.8607560930224329,2.4847179514156226,59.753983367397154,0.16530242017975735,99,123,0.5,0.9882664771433028
meta,T1D,Bacteria.Bacillota.Clostridia.Lachnospirales.Lachnospiraceae.Mediterraneibacter,Mediterraneibacter,2,-0.5718461864323932,0.4520568043969055,-1.4578775230503278,0.3141851501855416,-1.264987454829488,0.20587582500117507,1.8725381659985953,46.596549103354825,0.1996507846736383,99,123,1.0,0.9204122354437906
meta,T1D,Bacteria.Bacillota.Clostridia.Lachnospirales.Lachnospiraceae.NA,Lachnospiraceae,2,0.39235409756268735,0.45067259521751035,-0.4909641890636329,1.2756723841890076,0.8705967518910785,0.38397437060647777,1.8563415431489543,46.13060276054172,0.1960540291259132,99,123,1.0,0.9882664771433028
meta,T1D,Bacteria.Bacillota.Clostridia.Lachnospirales.Lachnospiraceae.Roseburia,Roseburia,2,0.28446198824516344,0.42756130497569483,-0.5535581695071984,1.1224821459975254,0.6653127514926402,0.5058504763346946,1.3970126569798103,28.41868718914176,0.10965373772897692,99,123,0.5,0.9882664771433028
meta,T1D,Bacteria.Bacillota.Clostridia.Lachnospirales.Lachnospiraceae.Sellimonas,Sellimonas,2,0.009979355923547588,0.21113356380419449,-0.4038424291326736,0.4238011409797688,0.047265606395023266,0.9623015395521156,0.03241237884364613,0.0,0.0,99,123,0.5,0.9882664771433028
meta,T1D,Bacteria.Bacillota.Clostridia.Lachnospirales.Lachnospiraceae.[Eubacterium] eligens group,[Eubacterium] eligens group,2,-0.017209065611308767,0.3044095102229464,-0.6138517056482836,0.5794335744256661,-0.05653261489335542,0.954917514133498,0.2502292382948599,0.0,0.0,99,123,0.5,0.9882664771433028
meta,T1D,Bacteria.Bacillota.Clostridia.Lachnospirales.Lachnospiraceae.[Ruminococcus] gnavus group,[Ruminococcus] gnavus group,2,0.27287816211519805,0.30017743379182504,-0.315469608116779,0.8612259323471751,0.9090562160793232,0.3633204525749565,0.43631611400440995,0.0,0.0,99,123,0.5,0.9882664771433028
meta,T1D,Bacteria.Bacillota.Clostridia.Monoglobales.Monoglobaceae.Monoglobus,Monoglobus,2,0.4589006338866718,0.27242159093660245,-0.075045684349069,0.9928469521224126,1.6845237277593994,0.09208049778733433,0.3665834413159432,0.0,0.0,99,123,1.0,0.8747647289796762
meta,T1D,Bacteria.Bacillota.Clostridia.Oscillospirales.Butyricicoccaceae.Agathobaculum,Agathobaculum,2,0.34141345914632937,0.3863007927447764,-0.4157360946334324,1.0985630129260913,0.8838021188631019,0.3768030423928621,2.3614999312209,57.65403221997987,0.17388130566663593,99,123,0.5,0.9882664771433028
meta,T1D,Bacteria.Bacillota.Clostridia.Oscillospirales.Oscillospiraceae.Flavonifractor,Flavonifractor,2,0.29362707670374755,0.22792717837153004,-0.15311019290445133,0.7403643463119465,1.2882495137333914,0.19765912122246965,0.5735191127949183,0.0,0.0,99,123,0.5,0.9204122354437906
meta,T1D,Bacteria.Bacillota.Clostridia.Oscillospirales.Oscillospiraceae.Oscillibacter,Oscillibacter,2,0.03175067380382601,0.288369796710033,-0.5334541277478386,0.5969554753554907,0.11010401979009107,0.9123268802115723,1.7888390092140072,44.097820158819815,0.07418982479127413,99,123,0.5,0.9882664771433028
meta,T1D,Bacteria.Bacillota.Clostridia.Oscillospirales.Ruminococcaceae.Acutalibacter,Acutalibacter,2,-0.22007725425429614,0.22888807002574252,-0.6686978715047515,0.22854336299615918,-0.9615060069733846,0.3362978066048721,0.17283320514303918,0.0,0.0,99,123,1.0,0.9882664771433028
meta,T1D,Bacteria.Bacillota.Clostridia.Oscillospirales.Ruminococcaceae.Faecalibacterium,Faecalibacterium,2,-0.09230235998683468,0.36524979604049274,-0.8081919602262004,0.6235872402525311,-0.25271023006020177,0.8004921419842912,0.007996125638740078,0.0,0.0,99,123,1.0,0.9882664771433028
meta,T1D,Bacteria.Bacillota.Clostridia.Oscillospirales.Ruminococcaceae.Gemmiger,Gemmiger,2,0.2025307056485185,0.4003516486377747,-0.5821585256815199,0.9872199369785569,0.5058820323024615,0.6129394664980718,1.6804367022066526,40.49165918080356,0.1323271475047271,99,123,0.5,0.9882664771433028
meta,T1D,Bacteria.Bacillota.Clostridia.Oscillospirales.Ruminococcaceae.NA,Ruminococcaceae,2,-0.027683544534684745,0.20873967470371121,-0.4368133069539587,0.3814462178845892,-0.13262234203430306,0.8944920621142585,0.5532911703697756,0.0,0.0,99,123,0.5,0.9882664771433028
meta,T1D,Bacteria.Bacillota.Clostridia.Oscillospirales.Ruminococcaceae.Ruminococcus,Ruminococcus,2,-0.12918589724895713,0.44214620683129735,-0.9957924626382999,0.7374206681403856,-0.2921791372468983,0.7701496620761226,1.573646287150713,36.4533181207686,0.14995526497300107,99,123,0.5,0.9882664771433028
meta,T1D,Bacteria.Bacillota.Clostridia.Oscillospirales.Ruminococcaceae.Ruthenibacterium,Ruthenibacterium,2,0.6445645598077004,0.5866610129599694,-0.5052910255938395,1.7944201452092403,1.0987001787549875,0.27189886457794143,6.266093982004058,84.04109477336351,0.5802617985881898,99,123,1.0,0.9204122354437906
meta,T1D,Bacteria.Bacillota.Clostridia.Oscillospirales.[Eubacterium] coprostanoligenes group.Incertae Sedis,Incertae Sedis,2,0.3122335924057612,0.3015773933364986,-0.27885809853377597,0.9033252833452984,1.035334873583752,0.3005125488682665,0.03980734018930174,0.0,0.0,99,123,1.0,0.9516230714161773
meta,T1D,Bacteria.Bacillota.Clostridia.Peptostreptococcales-Tissierellales.Peptostreptococcaceae.Intestinibacter,Intestinibacter,2,-0.36916666389167596,0.32303750371275686,-1.0023201711686793,0.2639868433853275,-1.142798157021226,0.25312240417882614,0.3212961002149696,0.0,0.0,99,123,1.0,0.9204122354437906
meta,T1D,Bacteria.Bacillota.Clostridia.Peptostreptococcales-Tissierellales.Peptostreptococcaceae.Romboutsia,Romboutsia,2,-0.47195325962134144,0.3687491031464697,-1.194701501788422,0.2507949825457391,-1.279876359275858,0.2005886231570725,0.22265844931885853,0.0,0.0,99,123,1.0,0.9204122354437906
meta,T1D,Bacteria.Bacillota.Clostridia.Peptostreptococcales-Tissierellales.Peptostreptococcaceae.Terrisporobacter,Terrisporobacter,2,-0.3991848534501319,0.3387588245441134,-1.063152149556594,0.26478244265633033,-1.1783747744057655,0.2386472297017086,0.4943156185470089,0.0,0.0,99,123,1.0,0.9204122354437906
meta,T1D,Bacteria.Bacillota.Negativicutes.Veillonellales-Selenomonadales.Veillonellaceae.Dialister,Dialister,2,-0.002480347827792591,0.38114444850496365,-0.7495234668975214,0.7445627712419361,-0.006507632047434345,0.9948076975103662,0.16204128918960253,0.0,0.0,99,123,0.5,0.9948076975103662
meta,T1D,Bacteria.Bacillota.Negativicutes.Veillonellales-Selenomonadales.Veillonellaceae.Megasphaera,Megasphaera,2,0.636627081097504,0.3418223587614838,-0.03334474207500426,1.3065989042700124,1.8624500849042718,0.06253967501489016,0.00042365952266222205,0.0,0.0,99,123,1.0,0.8726832805754166
meta,T1D,Bacteria.Bacillota.Negativicutes.Veillonellales-Selenomonadales.Veillonellaceae.Veillonella,Veillonella,2,0.11457425847600727,0.7540500614032967,-1.3633638618744541,1.5925123788264686,0.15194516165516006,0.8792301879548112,5.464300961453899,81.69939746997524,0.929101438241756,99,123,0.5,0.9882664771433028
meta,T1D,Bacteria.Bacteroidota.Bacteroidia.Bacteroidales.Bacteroidaceae.Bacteroides,Bacteroides,2,0.5233566261812792,0.4243615991361591,-0.3083921081255927,1.3551053604881511,1.233279889713482,0.21747135816271268,0.3654247400300078,0.0,0.0,99,123,1.0,0.9204122354437906
meta,T1D,Bacteria.Bacteroidota.Bacteroidia.Bacteroidales.Prevotellaceae.Hoylesella,Hoylesella,2,0.028643282067278616,0.19575830603704283,-0.35504299776532533,0.41232956189988257,0.14631962570139181,0.883669073523391,1.2722212933825703,21.397322525453948,0.016611340237065488,99,123,0.5,0.9882664771433028
meta,T1D,Bacteria.Bacteroidota.Bacteroidia.Bacteroidales.Rikenellaceae.Alistipes,Alistipes,2,0.01733796077984016,0.36958797982794966,-0.7070544796829411,0.7417304012426215,0.046911592709025104,0.9625836886218754,1.039607651735542,3.809865353474469,0.011124161915846073,99,123,0.5,0.9882664771433028
meta,T1D,Bacteria.Bacteroidota.Bacteroidia.Bacteroidales.Tannerellaceae.Parabacteroides,Parabacteroides,2,0.09672771089829749,0.7338331008908028,-1.341585166847676,1.535040588644271,0.13181159419066726,0.8951333157348311,4.716994246048902,78.80005893927833,0.8513517897190715,99,123,0.5,0.9882664771433028
meta,T1D,Bacteria.Pseudomonadota.Gammaproteobacteria.Burkholderiales.Sutterellaceae.Sutterella,Sutterella,2,0.31411896359383057,0.22611692294473498,-0.12907020537784997,0.7573081325655111,1.3891882106966584,0.16477552569891019,0.07290195416379572,0.0,0.0,99,123,1.0,0.9204122354437906
meta,T1D,Bacteria.Pseudomonadota.Gammaproteobacteria.Enterobacterales.Enterobacteriaceae.Escherichia-Shigella,Escherichia-Shigella,2,-0.10985926511183065,0.6199764636419217,-1.325013133849997,1.1052946036263358,-0.17719908989203467,0.8593520105133184,3.603403829427633,72.24846152869742,0.5571260198045904,99,123,0.5,0.9882664771433028
meta,T1D,Bacteria.Pseudomonadota.Gammaproteobacteria.Enterobacterales.Enterobacteriaceae.Klebsiella,Klebsiella,2,0.03896991863434714,1.069314675039947,-2.056886844443949,2.134826681712643,0.03644382663399931,0.9709284687723676,8.424067928410196,88.1292505177042,2.019501486463417,99,123,0.5,0.9882664771433028
meta,T1D,Bacteria.Pseudomonadota.Gammaproteobacteria.Enterobacterales.Pasteurellaceae.Haemophilus,Haemophilus,2,0.04642742047903739,0.2556482557721293,-0.4546431608343361,0.5474980017924108,0.18160663892978102,0.8558914383819152,0.06415241530588865,0.0,0.0,99,123,1.0,0.9882664771433028
meta,T1D,Bacteria.Thermodesulfobacteriota.Desulfovibrionia.Desulfovibrionales.Desulfovibrionaceae.Bilophila,Bilophila,2,-0.14290121808251047,0.18449082714451456,-0.504503239285759,0.21870080312073806,-0.7745708569595913,0.4385932835486519,0.07447267793083868,0.0,0.0,99,123,1.0,0.9882664771433028
meta,T1D,Bacteria.Verrucomicrobiota.Verrucomicrobiia.Verrucomicrobiales.Akkermansiaceae.Akkermansia,Akkermansia,2,-0.2078489437887347,0.37696778335533576,-0.9467057991651928,0.5310079115877233,-0.5513705758585025,0.5813796669617071,0.07920070859889838,0.0,0.0,99,123,1.0,0.9882664771433028
meta,asthma,Bacteria.Actinomycetota.Actinobacteria.Actinomycetales.Actinomycetaceae.Actinomyces,Actinomyces,3,0.1124103513234941,0.20406830729978995,-0.2875635309840942,0.5123842336310824,0.550846688596068,0.5817387755403675,0.2576715111246259,0.0,0.0,248,220,0.6666666666666666,0.9759262522748139
meta,asthma,Bacteria.Actinomycetota.Actinobacteria.Actinomycetales.Actinomycetaceae.F0332,F0332,3,0.0469996699663325,0.1604392189327869,-0.26746119914192984,0.3614605390745948,0.2929437719715038,0.7695651305254665,0.3337073481073067,0.0,0.0,248,220,0.6666666666666666,0.9759262522748139
meta,asthma,Bacteria.Actinomycetota.Actinobacteria.Actinomycetales.Actinomycetaceae.Mobiluncus,Mobiluncus,2,-0.21518345661589658,0.22274215351008195,-0.6517580774956572,0.22139116426386404,-0.9660652607731781,0.3340115262872916,0.5897792484478596,0.0,0.0,111,88,1.0,0.9492584596611647
meta,asthma,Bacteria.Actinomycetota.Actinobacteria.Actinomycetales.Actinomycetaceae.Schaalia,Schaalia,3,0.005895396924499273,0.1258314114009336,-0.24073416942133055,0.2525249632703291,0.046851552079590936,0.9626315414967267,1.5230446151016461,0.0,0.0,248,220,0.3333333333333333,0.9787320617617169
meta,asthma,Bacteria.Actinomycetota.Actinobacteria.Bifidobacteriales.Bifidobacteriaceae.Alloscardovia,Alloscardovia,3,0.053189803812971545,0.15297417134354402,-0.24663957202037473,0.35301917964631785,0.34770447419858713,0.728062136173504,1.4448535355837504,0.0,0.0,248,220,0.6666666666666666,0.9759262522748139
meta,asthma,Bacteria.Actinomycetota.Actinobacteria.Bifidobacteriales.Bifidobacteriaceae.Bifidobacterium,Bifidobacterium,3,0.191523382313014,0.43542609470832394,-0.6619117633153009,1.044958527941329,0.43985278934949573,0.6600437309971365,5.300802848268972,62.26986633443424,0.35191022431592145,248,220,0.3333333333333333,0.9759262522748139
meta,asthma,Bacteria.Actinomycetota.Actinobacteria.Bifidobacteriales.Bifidobacteriaceae.Scardovia,Scardovia,3,0.20263331587231337,0.16065095140479524,-0.11224254888108531,0.517509180625712,1.2613265847504032,0.20719120684273906,1.348034158140808,0.0,0.0,248,220,0.6666666666666666,0.9084992829799825
meta,asthma,Bacteria.Actinomycetota.Actinobacteria.Micrococcales.Micrococcaceae.Micrococcus,Micrococcus,2,-0.3555967521972908,0.21216543183352332,-0.7714409985909965,0.0602474941964149,-1.676035295308199,0.09373127935232943,0.007593842581833973,0.0,0.0,177,164,1.0,0.9084992829799825
meta,asthma,Bacteria.Actinomycetota.Actinobacteria.Micrococcales.Micrococcaceae.Rothia,Rothia,3,-0.022437461320332752,0.21039182975370324,-0.4348054476375911,0.3899305249969256,-0.10664606770424181,0.9150697702170285,2.0639029612980773,3.096219274664248,0.005224198140481575,248,220,0.6666666666666666,0.9759262522748139
meta,asthma,Bacteria.Actinomycetota.Actinobacteria.Micrococcales.NA.NA,Micrococcales,2,0.025449883058973662,0.5435304811838243,-1.039869860061322,1.0907696261792692,0.046823285795385604,0.9626540700040406,4.685278445889025,78.65655133309262,0.4678950514501635,111,88,0.5,0.9787320617617169
meta,asthma,Bacteria.Actinomycetota.Actinobacteria.Mycobacteriales.Corynebacteriaceae.Corynebacterium,Corynebacterium,3,0.45130915117644227,0.2669147106510849,-0.07184368169968419,0.9744619840525688,1.6908365600216042,0.09086802244045891,2.3275979620653025,14.074508029497554,0.037346722711447664,248,220,0.6666666666666666,0.9084992829799825
meta,asthma,Bacteria.Actinomycetota.Actinobacteria.Mycobacteriales.Corynebacteriaceae.Lawsonella,Lawsonella,3,0.20549910071071467,0.17715763532336626,-0.1417298645230832,0.5527280659445125,1.1599787970505289,0.24605743883656794,1.6267596234598416,0.0,0.0,248,220,0.6666666666666666,0.9492584596611647
meta,asthma,Bacteria.Actinomycetota.Actinobacteria.NA.NA.NA,Actinobacteria,2,0.04423851496680288,0.1467083696680437,-0.24330988958256278,0.3317869195161685,0.3015404987929533,0.76300237263175,0.29941509920325504,0.0,0.0,111,88,0.5,0.9759262522748139
meta,asthma,Bacteria.Actinomycetota.Actinobacteria.Propionibacteriales.Propionibacteriaceae.Cutibacterium,Cutibacterium,2,0.04084298765457421,0.3813659631941015,-0.7066343002058647,0.788320275515013,0.10709657283648727,0.914712366011822,1.6876048112609308,40.74442112707487,0.14311389163980243,177,164,0.5,0.9759262522748139
meta,asthma,Bacteria.Actinomycetota.Coriobacteriia.Coriobacteriales.Atopobiaceae.Lancefieldella,Lancefieldella,3,0.2538503068858482,0.20494306549867292,-0.1478381014915507,0.655538715263247,1.238638186016067,0.21547951987014113,2.409039167574285,16.979348990251395,0.024028673834495577,248,220,0.6666666666666666,0.9084992829799825
meta,asthma,Bacteria.Actinomycetota.Coriobacteriia.Coriobacteriales.Atopobiaceae.Olsenella,Olsenella,3,-0.035491072939756035,0.16741433364750674,-0.3636231668888692,0.2926410210093572,-0.21199542575896155,0.832110602938721,0.8715529942045961,0.0,0.0,248,220,0.6666666666666666,0.9759262522748139
meta,asthma,Bacteria.Actinomycetota.Coriobacteriia.Coriobacteriales.Eggerthellaceae.Slackia,Slackia,3,-0.27398933937384945,0.18605821847899162,-0.638663447592673,0.09068476884497412,-1.4726000367717504,0.1408589148967969,0.29768062389328,0.0,0.0,248,220,1.0,0.9084992829799825
meta,asthma,Bacteria.Bacillota.Bacilli.Erysipelotrichales.Erysipelotrichaceae.Erysipelotrichaceae UCG-006,Erysipelotrichaceae UCG-006,2,-0.13419542478019159,0.1717674202367741,-0.47085956844426885,0.20246871888388568,-0.78126238721644,0.43464818726239607,0.05433498529025573,0.0,0.0,111,88,1.0,0.9492584596611647
meta,asthma,Bacteria.Bacillota.Bacilli.Erysipelotrichales.Erysipelotrichaceae.Solobacterium,Solobacterium,3,-0.05982115559475528,0.14288698768261154,-0.3398796514526739,0.22023734026316336,-0.41866062519026104,0.6754641759073345,1.6871927379581986,0.0,0.0,248,220,0.6666666666666666,0.9759262522748139
meta,asthma,Bacteria.Bacillota.Bacilli.Lactobacillales.Aerococcaceae.Abiotrophia,Abiotrophia,3,-0.2388432483433369,0.4110136573431638,-1.044430016735938,0.5667435200492641,-0.5811078149744346,0.5611677919239304,6.98246670830823,71.35682727108087,0.35206827473936575,248,220,0.6666666666666666,0.9759262522748139
meta,asthma,Bacteria.Bacillota.Bacilli.Lactobacillales.Carnobacteriaceae.Dolosigranulum,Dolosigranulum,2,0.279928634906264,0.8848184097992496,-1.4543154483002654,2.0141727181127935,0.3163684568563341,0.7517228561161594,2.7294725014655072,63.36288423997382,1.0922920353471843,177,164,0.5,0.9759262522748139
meta,asthma,Bacteria.Bacillota.Bacilli.Lactobacillales.Carnobacteriaceae.Granulicatella,Granulicatella,3,-0.27844081242857943,0.19738341413187838,-0.665312304127061,0.10843067926990219,-1.4106596223051646,0.15834500216728753,2.450187916286569,18.373607725927414,0.031039294600104274,248,220,0.6666666666666666,0.9084992829799825
meta,asthma,Bacteria.Bacillota.Bacilli.Lactobacillales.Lactobacillaceae.HT002,HT002,2,-0.3400039890392516,0.21358962610375898,-0.7586396562026192,0.07863167812411598,-1.5918562864756467,0.11141699956901599,0.14518287516579856,0.0,0.0,177,164,1.0,0.9084992829799825
meta,asthma,Bacteria.Bacillota.Bacilli.Lactobacillales.Lactobacillaceae.Lactobacillus,Lactobacillus,3,0.22471699296497147,0.34955023798599527,-0.4604014734875792,0.9098354594175222,0.6428746673431667,0.5203054283336933,4.716536051793021,57.59599888482381,0.2094779101745566,248,220,0.6666666666666666,0.9759262522748139
meta,asthma,Bacteria.Bacillota.Bacilli.Lactobacillales.Lactobacillaceae.Latilactobacillus,Latilactobacillus,2,-0.1808889651608196,0.2192356436987508,-0.6105908268103711,0.24881289648873195,-0.8250892150063749,0.4093209422457539,1.5251988454440817,34.43477858725779,0.03334814505397143,111,88,0.5,0.9492584596611647
meta,asthma,Bacteria.Bacillota.Bacilli.Lactobacillales.Lactobacillaceae.Ligilactobacillus,Ligilactobacillus,3,-0.08996012558617797,0.26220708329243303,-0.6038860088393466,0.42396575766699074,-0.3430880831157703,0.731532195947003,4.5114823612151005,55.66867295783177,0.11226011664250228,248,220,0.6666666666666666,0.9759262522748139
meta,asthma,Bacteria.Bacillota.Bacilli.Lactobacillales.Lactobacillaceae.Limosilactobacillus,Limosilactobacillus,2,0.22386459940391468,0.20401255047795888,-0.1759999995328847,0.623729198340714,1.097307978746634,0.27250678421675,0.8861889469839088,0.0,0.0,208,188,0.5,0.9492584596611647
meta,asthma,Bacteria.Bacillota.Bacilli.Lactobacillales.NA.NA,Lactobacillales,2,-0.01017177393884471,0.16879218210646438,-0.3410044508675149,0.32066090298982547,-0.06026211529411322,0.9519468746987769,0.03985796572590578,0.0,0.0,111,88,0.5,0.9787320617617169
meta,asthma,Bacteria.Bacillota.Bacilli.Lactobacillales.Streptococcaceae.Streptococcus,Streptococcus,3,-0.026241064831400537,0.20536874988568035,-0.42876381460733404,0.37628168494453296,-0.12777535455617162,0.8983267543817689,3.3524622589607334,40.34235599060847,0.05546684778182084,248,220,0.3333333333333333,0.9759262522748139
meta,asthma,Bacteria.Bacillota.Bacilli.RF39.Incertae Sedis.Incertae Sedis,Incertae Sedis,3,-0.03325858016067922,0.202692649870234,-0.43053617390633786,0.3640190135849794,-0.1640837996936333,0.8696651749303017,1.5504512686139424,0.0,0.0,248,220,0.3333333333333333,0.9759262522748139
meta,asthma,Bacteria.Bacillota.Bacilli.Staphylococcales.Gemellaceae.Gemella,Gemella,3,-0.1487505529533125,0.26722342266064103,-0.6725084613681689,0.37500735546154385,-0.5566523752755665,0.5777649616917029,3.5084482977142377,42.99474211140564,0.09435782525030054,248,220,0.6666666666666666,0.9759262522748139
meta,asthma,Bacteria.Bacillota.Bacilli.Staphylococcales.Staphylococcaceae.Staphylococcus,Staphylococcus,3,0.6370299181873289,0.4784077907491246,-0.3006493516809553,1.5747091880556132,1.331562592636342,0.183003963991891,4.869524041398483,58.928224134496354,0.3855146414680979,248,220,0.6666666666666666,0.9084992829799825
meta,asthma,Bacteria.Bacillota.Clostridia.Clostridia UCG-014.Incertae Sedis.Incertae Sedis,Incertae Sedis,3,-0.3302902576310332,0.23726943358263217,-0.7953383474529923,0.13475783219092585,-1.3920472293621644,0.1639080965248514,1.6797845709380117,0.0,0.0,248,220,0.6666666666666666,0.9084992829799825
meta,asthma,Bacteria.Bacillota.Clostridia.Clostridia vadinBB60 group.Incertae Sedis.Incertae Sedis,Incertae Sedis,3,-0.38045228372513235,0.1798663139736685,-0.7329902591135227,-0.027914308336742077,-2.1151947539261218,0.03441335189013226,0.19122519162729368,0.0,0.0,248,220,1.0,0.7940298764456286
meta,asthma,Bacteria.Bacillota.Clostridia.Lachnospirales.Defluviitaleaceae.Defluviitaleaceae UCG-011,Defluviitaleaceae UCG-011,3,-0.43771095027089524,0.44693071330030837,-1.3136951483394996,0.43827324779770915,-0.9793709343416324,0.32739673311889106,12.658700279413868,84.20058966675681,0.5005017593873143,248,220,0.6666666666666666,0.9492584596611647
meta,asthma,Bacteria.Bacillota.Clostridia.Lachnospirales.Lachnospiraceae.Blautia,Blautia,2,0.04976575572374559,0.24713070698711953,-0.4346104299710087,0.5341419414184999,0.20137422957455217,0.840405964273897,0.9635306669645012,0.0,0.0,177,164,0.5,0.9759262522748139
meta,asthma,Bacteria.Bacillota.Clostridia.Lachnospirales.Lachnospiraceae.Butyrivibrio,Butyrivibrio,3,0.04480373719120599,0.12196959872546571,-0.1942566763107068,0.28386415069311877,0.3673352840329673,0.713368938061798,1.0520525868331456,0.0,0.0,248,220,0.3333333333333333,0.9759262522748139
meta,asthma,Bacteria.Bacillota.Clostridia.Lachnospirales.Lachnospiraceae.Howardella,Howardella,3,-0.02581183648307586,0.16427168385005791,-0.34778433682918936,0.2961606638630377,-0.1571289456473588,0.8751432255983733,3.1504620202088915,36.51724771887934,0.029850988570418957,248,220,0.6666666666666666,0.9759262522748139
meta,asthma,Bacteria.Bacillota.Clostridia.Lachnospirales.Lachnospiraceae.Incertae Sedis,Incertae Sedis,3,-0.05804709934457127,0.16905419145128076,-0.38939331458908155,0.27329911589993905,-0.34336385774439493,0.7313247458985457,0.9079923833196897,0.0,0.0,248,220,0.6666666666666666,0.9759262522748139
meta,asthma,Bacteria.Bacillota.Clostridia.Lachnospirales.Lachnospiraceae.Johnsonella,Johnsonella,2,-0.8658255696480496,0.300352783431725,-1.4545170251742305,-0.2771341141218686,-2.8826953416426906,0.003942885799844392,0.03995359284892078,0.0,0.0,111,88,1.0,0.4692034101814827
meta,asthma,Bacteria.Bacillota.Clostridia.Lachnospirales.Lachnospiraceae.Lachnoanaerobaculum,Lachnoanaerobaculum,3,0.07055389690644044,0.17876646811005886,-0.27982838058927495,0.4209361744021558,0.3946707548252474,0.6930858885552545,1.192367794565753,0.0,0.0,248,220,0.6666666666666666,0.9759262522748139
meta,asthma,Bacteria.Bacillota.Clostridia.Lachnospirales.Lachnospiraceae.NA,Lachnospiraceae,3,-0.5061300999943871,0.5655024061391648,-1.61451481602715,0.6022546160383758,-0.8950096312584623,0.37078193947511096,7.559041711474974,73.54161974045059,0.6831762112119243,248,220,0.6666666666666666,0.9492584596611647
meta,asthma,Bacteria.Bacillota.Clostridia.Lachnospirales.Lachnospiraceae.Oribacterium,Oribacterium,3,-0.11716075336982015,0.15724431848783454,-0.42535961760597585,0.19103811086633557,-0.7450873551204616,0.45621891280457283,2.294642856270217,12.840466892923747,0.013092507526728634,248,220,0.6666666666666666,0.9537136541309469
meta,asthma,Bacteria.Bacillota.Clostridia.Lachnospirales.Lachnospiraceae.Shuttleworthia,Shuttleworthia,3,-0.24103345976567958,0.31127814188809927,-0.8511386178663541,0.369071698334995,-0.7743346779946026,0.43873290152406774,7.4762763702970725,73.2487149893774,0.2101461530523788,248,220,0.6666666666666666,0.9492584596611647
meta,asthma,Bacteria.Bacillota.Clostridia.Lachnospirales.Lachnospiraceae.Stomatobaculum,Stomatobaculum,3,0.10985021560681477,0.17203543371004165,-0.22733923446486684,0.4470396656784964,0.638532500182274,0.5231271048353325,0.24901864972324483,0.0,0.0,248,220,0.6666666666666666,0.9759262522748139
meta,asthma,Bacteria.Bacillota.Clostridia.Peptococcales.Peptococcaceae.Peptococcus,Peptococcus,3,-0.9466828889052298,0.716820027356736,-2.3516501425244325,0.4582843647139728,-1.3206702558187582,0.18661133592107482,19.579941477039167,89.78546487309299,1.3648628945213725,248,220,0.6666666666666666,0.9084992829799825
meta,asthma,Bacteria.Bacillota.Clostridia.Peptostreptococcales-Tissierellales.Anaerovoracaceae.Family XIII UCG-001,Family XIII UCG-001,3,-0.48599424814599834,0.2485100973965911,-0.9730740390433169,0.0010855427513202232,-1.955631796201875,0.05050854446552473,3.824305175338849,47.70291835240916,0.08872789126179247,248,220,1.0,0.8586452559139205
meta,asthma,Bacteria.Bacillota.Clostridia.Peptostreptococcales-Tissierellales.Anaerovoracaceae.Incertae Sedis,Incertae Sedis,3,0.007625603940014639,0.20625412666579476,-0.3966324843249431,0.4118836922049724,0.036971885427392374,0.9705074225872488,4.153983993712228,51.85344953116465,0.0660487690747861,248,220,0.3333333333333333,0.9787320617617169
meta,asthma,Bacteria.Bacillota.Clostridia.Peptostreptococcales-Tissierellales.Anaerovoracaceae.Mogibacterium,Mogibacterium,3,0.192715806200383,0.1834751679232371,-0.16689552292916168,0.5523271353299277,1.050364517344451,0.2935505527688538,1.783208430151649,0.0,0.0,248,220,0.6666666666666666,0.9492584596611647
meta,asthma,Bacteria.Bacillota.Clostridia.Peptostreptococcales-Tissierellales.Anaerovoracaceae.[Eubacterium] brachy group,[Eubacterium] brachy group,3,0.0649491236438585,0.3043036600625687,-0.5314860500787761,0.6613842973664932,0.21343523646907217,0.8309874989028658,3.551161747114174,43.68040257177005,0.1261471299091614,248,220,0.6666666666666666,0.9759262522748139
meta,asthma,Bacteria.Bacillota.Clostridia.Peptostreptococcales-Tissierellales.Anaerovoracaceae.[Eubacterium] sulci group,[Eubacterium] sulci group,3,-0.2507930434968416,0.30752168792525714,-0.8535355518303456,0.35194946483666234,-0.8155296141513005,0.4147692203178218,3.379957795678707,40.82766351233705,0.12319152619490871,248,220,0.6666666666666666,0.9492584596611647
meta,asthma,Bacteria.Bacillota.Clostridia.Peptostreptococcales-Tissierellales.Family XI.Anaerococcus,Anaerococcus,2,0.051458494345896055,0.3185272042658514,-0.5728548260151727,0.6757718147069649,0.16155133268600633,0.8716591846315549,0.3338747346349704,0.0,0.0,177,164,0.5,0.9759262522748139
meta,asthma,Bacteria.Bacillota.Clostridia.Peptostreptococcales-Tissierellales.Family XI.Finegoldia,Finegoldia,2,-0.0022327706196840573,0.2606354567713789,-0.5130782658915867,0.5086127246522185,-0.008566641881125839,0.9931648923069684,0.3658614969005398,0.0,0.0,177,164,0.5,0.9931648923069684
meta,asthma,Bacteria.Bacillota.Clostridia.Peptostreptococcales-Tissierellales.Family XI.Parvimonas,Parvimonas,3,-0.08745537097563004,0.3384858596377279,-0.7508876558655768,0.5759769139143167,-0.2583723026693969,0.7961195903358932,3.85574951375629,48.12941056299089,0.1647046899706064,248,220,0.3333333333333333,0.9759262522748139
meta,asthma,Bacteria.Bacillota.Clostridia.Peptostreptococcales-Tissierellales.Family XI.Peptoniphilus,Peptoniphilus,3,0.26583502356420535,0.21475613881751499,-0.15508700851812401,0.6867570556465348,1.2378459820889856,0.2157731749187125,2.374045814926351,15.755627485139955,0.024957343119149735,248,220,0.6666666666666666,0.9084992829799825
meta,asthma,Bacteria.Bacillota.Clostridia.Peptostreptococcales-Tissierellales.Peptostreptococcaceae.Peptostreptococcus,Peptostreptococcus,3,-0.5844041161665597,0.4051783991979941,-1.378553778594628,0.20974554626150865,-1.4423377883009636,0.14920710480298136,4.3479162497560075,54.000953902637065,0.26609957763850994,248,220,1.0,0.9084992829799825
meta,asthma,Bacteria.Bacillota.NA.NA.NA.NA,Bacteria.Bacillota.NA.NA.NA.NA,2,-0.03714535774892443,0.17460735047968923,-0.37937576468911527,0.30508504919126644,-0.2127365064922927,0.831532490404882,1.7872505647827148,44.048136299144204,0.03050731204774102,208,188,0.5,0.9759262522748139
meta,asthma,Bacteria.Bacillota.Negativicutes.Veillonellales-Selenomonadales.Selenomonadaceae.Centipeda,Centipeda,3,-0.18952697162561757,0.3545379018477669,-0.8844212592472407,0.5053673159960055,-0.5345746410689752,0.592944022997909,4.129715301283428,51.57051142536526,0.19384773626940038,248,220,0.6666666666666666,0.9759262522748139
meta,asthma,Bacteria.Bacillota.Negativicutes.Veillonellales-Selenomonadales.Selenomonadaceae.Incertae Sedis,Incertae Sedis,3,0.2118600356337051,0.20338015340695817,-0.18676506504393292,0.610485136311343,1.0416947380788868,0.29755322934820216,1.0842356151330956,0.0,0.0,248,220,0.6666666666666666,0.9492584596611647
meta,asthma,Bacteria.Bacillota.Negativicutes.Veillonellales-Selenomonadales.Selenomonadaceae.Selenomonas,Selenomonas,3,0.12570236860137932,0.285626515800613,-0.43412560236782216,0.6855303395705807,0.4400934844898232,0.65986940072433,2.664138879178738,24.928838521491386,0.0635746580576526,248,220,0.6666666666666666,0.9759262522748139
meta,asthma,Bacteria.Bacillota.Negativicutes.Veillonellales-Selenomonadales.Veillonellaceae.Anaeroglobus,Anaeroglobus,3,-0.05349299329200953,0.27740187009137907,-0.5972006586711125,0.49021467208709346,-0.19283573421616942,0.8470876168288621,4.496002368299281,55.516037667112094,0.12611820371073604,248,220,0.3333333333333333,0.9759262522748139
meta,asthma,Bacteria.Bacillota.Negativicutes.Veillonellales-Selenomonadales.Veillonellaceae.Dialister,Dialister,3,-0.2569124736060531,0.29350824312059104,-0.8321886301224115,0.3183636829103053,-0.8753160418070366,0.3814019679759134,2.6463377272584583,24.423856433776066,0.06514590213936901,248,220,0.6666666666666666,0.9492584596611647
meta,asthma,Bacteria.Bacillota.Negativicutes.Veillonellales-Selenomonadales.Veillonellaceae.Incertae Sedis,Incertae Sedis,3,0.043659329426728524,0.30351489398873,-0.5512298627911822,0.6385485216446394,0.14384575614384731,0.8856222703946955,3.2354829610017344,38.185426283908406,0.11061308864515486,248,220,0.6666666666666666,0.9759262522748139
meta,asthma,Bacteria.Bacillota.Negativicutes.Veillonellales-Selenomonadales.Veillonellaceae.Megasphaera,Megasphaera,3,-0.11102927588768395,0.21946835113707042,-0.5411872441163419,0.319128692340974,-0.5059010800985144,0.612926094044117,1.2562664842919664,0.0,0.0,248,220,0.6666666666666666,0.9759262522748139
meta,asthma,Bacteria.Bacillota.Negativicutes.Veillonellales-Selenomonadales.Veillonellaceae.Veillonella,Veillonella,3,0.03184033308659628,0.1446787725881571,-0.2517300611861916,0.3154107273593842,0.2200760520496883,0.825811925291095,0.8568688018074442,0.0,0.0,248,220,0.6666666666666666,0.9759262522748139
meta,asthma,Bacteria.Bacteroidota.Bacteroidia.Bacteroidales.Bacteroidaceae.Bacteroides,Bacteroides,3,0.15709187006263603,0.3562128776610754,-0.5410853701530718,0.8552691102783438,0.4410055893939457,0.6592089505518147,4.302604156326538,53.51652331160408,0.203625916533127,248,220,0.3333333333333333,0.9759262522748139
meta,asthma,Bacteria.Bacteroidota.Bacteroidia.Bacteroidales.Muribaculaceae.Incertae Sedis,Incertae Sedis,3,0.32567282421720745,0.19497283730631695,-0.05647393690317376,0.7078195853375886,1.67034972007691,0.09485019136222271,1.1713155697957067,0.0,0.0,248,220,0.6666666666666666,0.9084992829799825
meta,asthma,Bacteria.Bacteroidota.Bacteroidia.Bacteroidales.NA.NA,Bacteroidales,3,-0.3005196857594719,0.32707314574355595,-0.9415830514168415,0.34054367989789774,-0.9188149185292532,0.3581923879135265,7.998094723284897,74.99404459192776,0.23675378834785524,248,220,0.6666666666666666,0.9492584596611647
meta,asthma,Bacteria.Bacteroidota.Bacteroidia.Bacteroidales.Porphyromonadaceae.Porphyromonas,Porphyromonas,3,-0.39248755671013835,0.28010124434696343,-0.9414859956301866,0.15651088220990994,-1.4012346058126082,0.16114392908981567,2.623078386285089,23.75370822095477,0.05893992685189825,248,220,0.6666666666666666,0.9084992829799825
meta,asthma,Bacteria.Bacteroidota.Bacteroidia.Bacteroidales.Prevotellaceae.Alloprevotella,Alloprevotella,3,-0.02344318951684359,0.2548934607684288,-0.5230343726229639,0.4761479935892768,-0.09197250273180517,0.9267198866138988,1.0596720721163417,0.0,0.0,248,220,0.6666666666666666,0.9759262522748139
meta,asthma,Bacteria.Bacteroidota.Bacteroidia.Bacteroidales.Prevotellaceae.Hoylesella,Hoylesella,3,-0.3807307986535306,0.27297738386898773,-0.9157664710367466,0.15430487372968532,-1.3947338539820495,0.16309611204519692,2.55962057763025,21.86341923178155,0.05337720033738577,248,220,0.6666666666666666,0.9084992829799825
meta,asthma,Bacteria.Bacteroidota.Bacteroidia.Bacteroidales.Prevotellaceae.Incertae Sedis,Incertae Sedis,3,-0.19860342907506698,0.3526670813710928,-0.8898309085624089,0.49262405041227486,-0.5631470572839974,0.5733347503753724,4.243477731117066,52.868846575200145,0.19024764035758207,248,220,0.6666666666666666,0.9759262522748139
meta,asthma,Bacteria.Bacteroidota.Bacteroidia.Bacteroidales.Prevotellaceae.NA,Prevotellaceae,3,-0.07860465878431434,0.16447734178199247,-0.4009802486770196,0.24377093110839093,-0.47790569772523067,0.6327173258732269,0.1983455749198153,0.0,0.0,248,220,1.0,0.9759262522748139
meta,asthma,Bacteria.Bacteroidota.Bacteroidia.Bacteroidales.Prevotellaceae.Prevotella,Prevotella,3,0.054935877251363625,0.14531946766577356,-0.22989027937355255,0.3397620338762798,0.37803522221615204,0.7054044285995352,1.884235085613799,0.0,0.0,248,220,0.6666666666666666,0.9759262522748139
meta,asthma,Bacteria.Bacteroidota.Bacteroidia.Bacteroidales.Prevotellaceae.Prevotellaceae UCG-001,Prevotellaceae UCG-001,3,-0.07923077428075372,0.21892488214515668,-0.5083235432852609,0.3498619947237534,-0.3619084934722965,0.7174204127069774,1.3336957669794738,0.0,0.0,248,220,0.6666666666666666,0.9759262522748139
meta,asthma,Bacteria.Bacteroidota.Bacteroidia.Bacteroidales.Prevotellaceae.Segatella,Segatella,3,0.0384721519587503,0.3243853960139869,-0.597323224228664,0.6742675281461646,0.11860013561489509,0.9055921579061144,3.9416111645671688,49.25932781044318,0.15279240472756042,248,220,0.3333333333333333,0.9759262522748139
meta,asthma,Bacteria.Bacteroidota.Bacteroidia.Bacteroidales.Rikenellaceae.Rikenellaceae RC9 gut group,Rikenellaceae RC9 gut group,3,0.3346441270903747,0.2736666601270413,-0.20174252675862614,0.8710307809393756,1.2228165715729733,0.2213989849278949,3.058576623045049,34.610106383117326,0.07962512665630965,248,220,0.6666666666666666,0.9084992829799825
meta,asthma,Bacteria.Bacteroidota.Bacteroidia.Bacteroidales.Tannerellaceae.Parabacteroides,Parabacteroides,2,0.2188050651203232,0.5678525290091323,-0.8941858917375761,1.3317960219782226,0.3853202265421351,0.700000177691843,4.783091037416734,79.09301762861526,0.511781530396037,177,164,0.5,0.9759262522748139
meta,asthma,Bacteria.Bacteroidota.Bacteroidia.Flavobacteriales.Flavobacteriaceae.Capnocytophaga,Capnocytophaga,3,-0.2695667790258325,0.3319260429769225,-0.9201418232606006,0.3810082652089356,-0.8121290411809428,0.4167175907267857,3.742741984605101,46.56324138221296,0.15363368085077436,248,220,0.6666666666666666,0.9492584596611647
meta,asthma,Bacteria.Bacteroidota.Bacteroidia.Flavobacteriales.Weeksellaceae.Bergeyella,Bergeyella,3,-0.13306275948505755,0.26383137688018393,-0.6501722581702181,0.384046739200103,-0.504347743087004,0.614017033012468,2.9581991674592856,32.391300017917864,0.0704428624171282,248,220,0.6666666666666666,0.9759262522748139
meta,asthma,Bacteria.Bacteroidota.Bacteroidia.NA.NA.NA,Bacteroidia,2,0.040180777599488855,0.3107928823254442,-0.5689732717583817,0.6493348269573596,0.12928474197621387,0.8971323442454213,3.8826955303965835,74.24469695933487,0.14343716102596465,177,164,0.5,0.9759262522748139
meta,asthma,Bacteria.Campylobacterota.Campylobacteria.Campylobacterales.Campylobacteraceae.Campylobacter,Campylobacter,3,-0.05682396427389658,0.22110771789202338,-0.4901950913422624,0.37654716279446926,-0.25699674717662374,0.7971812841396174,2.462242403358443,18.773228936677995,0.03133702970354005,248,220,0.3333333333333333,0.9759262522748139
meta,asthma,Bacteria.Cyanobacteriota.Cyanobacteriia.Chloroplast.Incertae Sedis.Incertae Sedis,Incertae Sedis,3,-0.0878716985109363,0.2007554456613486,-0.4813523720071795,0.3056089749853069,-0.43770518015818,0.6616000138835081,0.004034307292531249,0.0,0.0,248,220,1.0,0.9759262522748139
meta,asthma,Bacteria.Fusobacteriota.Fusobacteriia.Fusobacteriales.Fusobacteriaceae.Fusobacterium,Fusobacterium,3,-0.28089243948158127,0.18939623305649642,-0.6521090562723142,0.09032417730915171,-1.483094119394612,0.13804940620353906,0.24898608391277888,0.0,0.0,248,220,1.0,0.9084992829799825
meta,asthma,Bacteria.Fusobacteriota.Fusobacteriia.Fusobacteriales.Leptotrichiaceae.Incertae Sedis,Incertae Sedis,3,-0.010995191008250901,0.2073264188977683,-0.41735497204787675,0.3953645900313749,-0.053033236510357996,0.9577054260595789,0.673465883699189,0.0,0.0,248,220,0.6666666666666666,0.9787320617617169
meta,asthma,Bacteria.Fusobacteriota.Fusobacteriia.Fusobacteriales.Leptotrichiaceae.Leptotrichia,Leptotrichia,3,0.20999250417572102,0.23826500591712899,-0.2570069074218518,0.6769919157732938,0.8813401001436131,0.3781337679710103,1.0445202167631524,0.0,0.0,248,220,0.6666666666666666,0.9492584596611647
meta,asthma,Bacteria.Fusobacteriota.Fusobacteriia.Fusobacteriales.Leptotrichiaceae.Pseudoleptotrichia,Pseudoleptotrichia,3,-0.3546707653892758,0.38864486129320897,-1.1164146935239654,0.40707316274541383,-0.9125831850937512,0.3614618011925651,4.190655015487631,52.274763906632934,0.22930922463042372,248,220,0.6666666666666666,0.9492584596611647
meta,asthma,Bacteria.NA.NA.NA.NA.NA,Bacteria.NA.NA.NA.NA.NA,3,0.3000651249354598,0.21192791006088518,-0.11531357878387516,0.7154438286547947,1.4158829993145003,0.15680976325587834,0.945209730193468,0.0,0.0,248,220,1.0,0.9084992829799825
meta,asthma,Bacteria.Patescibacteria.Saccharimonadia.Saccharimonadales.Incertae Sedis.Incertae Sedis,Incertae Sedis,3,-0.18987040135066918,0.13473693141379925,-0.4539547869217157,0.07421398422037734,-1.4091934509592325,0.15877797373917413,3.0570683210459997,34.57784419696304,0.020046192406581734,248,220,1.0,0.9084992829799825
meta,asthma,Bacteria.Patescibacteria.Saccharimonadia.Saccharimonadales.Saccharimonadaceae.TM7x,TM7x,3,-0.21865751976840983,0.24151134336329402,-0.6920197527604661,0.2547047132236464,-0.9053716348200412,0.36526853765397405,3.531183994044166,43.36177317938463,0.07913450157600331,248,220,0.6666666666666666,0.9492584596611647
meta,asthma,Bacteria.Pseudomonadota.Alphaproteobacteria.Caulobacterales.Caulobacteraceae.Brevundimonas,Brevundimonas,3,-0.26744169392575856,0.11949463934725851,-0.5016511870463852,-0.03323220080513187,-2.2381062061583963,0.025214130044369988,1.2301780539935563,0.0,0.0,248,220,0.6666666666666666,0.7940298764456286
meta,asthma,Bacteria.Pseudomonadota.Alphaproteobacteria.Caulobacterales.Caulobacteraceae.Incertae Sedis,Incertae Sedis,2,-0.08199079953599032,0.22195819901456373,-0.5170288696045352,0.3530472705325546,-0.3693974806968519,0.7118314755240156,0.2000229860974708,0.0,0.0,111,88,0.5,0.9759262522748139
meta,asthma,Bacteria.Pseudomonadota.Alphaproteobacteria.Hyphomicrobiales.Xanthobacteraceae.Bradyrhizobium,Bradyrhizobium,2,-0.06537755045980743,0.5393448229555154,-1.1224934034526177,0.9917383025330028,-0.12121660888770541,0.9035194691316708,2.956611796485735,66.17750084104338,0.3961709763191405,111,88,0.5,0.9759262522748139
meta,asthma,Bacteria.Pseudomonadota.Alphaproteobacteria.NA.NA.NA,Alphaproteobacteria,2,0.5618925067194197,0.4518106710394798,-0.32365640851796074,1.4474414219568001,1.2436459400719218,0.21362990040379826,1.9157519033461343,47.80117413672631,0.21623250033406563,111,88,1.0,0.9084992829799825
meta,asthma,Bacteria.Pseudomonadota.Alphaproteobacteria.Rickettsiales.Mitochondria.Incertae Sedis,Incertae Sedis,3,0.02076675443078816,0.1991970934100258,-0.3696595486528624,0.41119305751443874,0.10425229643307107,0.9169691334819701,1.0812951733563099,0.0,0.0,248,220,0.6666666666666666,0.9759262522748139
meta,asthma,Bacteria.Pseudomonadota.Alphaproteobacteria.Sphingomonadales.Sphingomonadaceae.Sphingomonas,Sphingomonas,3,-0.08306192906300168,0.13198764088409143,-0.3417577051958209,0.1756338470698175,-0.6293159609992938,0.5291422240728946,1.5435685337696787,0.0,0.0,248,220,0.3333333333333333,0.9759262522748139
meta,asthma,Bacteria.Pseudomonadota.Gammaproteobacteria.Burkholderiales.Burkholderiaceae.Lautropia,Lautropia,3,-0.3685873732273406,0.41377756909589447,-1.1795914086552939,0.4424166622006126,-0.8907862599529147,0.3730438477416367,6.720593039152761,70.24072149067172,0.35229769253530097,248,220,0.6666666666666666,0.9492584596611647
meta,asthma,Bacteria.Pseudomonadota.Gammaproteobacteria.Burkholderiales.Burkholderiaceae.Ralstonia,Ralstonia,3,0.13678415098025332,0.19545627360789677,-0.24631014529122436,0.519878447251731,0.6998197011299565,0.48403990961399634,0.3317252067774423,0.0,0.0,248,220,0.6666666666666666,0.9759262522748139
meta,asthma,Bacteria.Pseudomonadota.Gammaproteobacteria.Burkholderiales.Comamonadaceae.Comamonas,Comamonas,2,0.32433214597890436,0.2965420178377749,-0.2568902089831344,0.9055545009409431,1.0937139645294118,0.2740804477390185,0.002117758594690001,0.0,0.0,111,88,1.0,0.9492584596611647
meta,asthma,Bacteria.Pseudomonadota.Gammaproteobacteria.Burkholderiales.Comamonadaceae.Delftia,Delftia,2,0.7145900609331501,0.4247833576661506,-0.11798532009250506,1.5471654419588052,1.68224589790725,0.092521167339259,0.5192682626635151,0.0,0.0,111,88,1.0,0.9084992829799825
meta,asthma,Bacteria.Pseudomonadota.Gammaproteobacteria.Burkholderiales.Comamonadaceae.NA,Comamonadaceae,3,0.1340362714106136,0.15667184565349934,-0.17304054607024508,0.44111308889147227,0.8555223872644782,0.3922620161373379,2.5637494055400456,21.989255436659715,0.018400179441268625,248,220,1.0,0.9492584596611647
meta,asthma,Bacteria.Pseudomonadota.Gammaproteobacteria.Burkholderiales.Comamonadaceae.Paucibacter,Paucibacter,2,0.30284391480148093,0.32915984529833037,-0.3423093819832466,0.9479972115862085,0.9200512125864008,0.35754599756464955,0.19931441255348936,0.0,0.0,111,88,1.0,0.9492584596611647
meta,asthma,Bacteria.Pseudomonadota.Gammaproteobacteria.Burkholderiales.Neisseriaceae.Eikenella,Eikenella,3,-0.1615564773588367,0.3383445765736747,-0.8247118474432392,0.5015988927255658,-0.4774909620094285,0.6330125551555361,4.156525364683346,51.88288715874671,0.17952808268999548,248,220,0.3333333333333333,0.9759262522748139
meta,asthma,Bacteria.Pseudomonadota.Gammaproteobacteria.Burkholderiales.Neisseriaceae.Neisseria,Neisseria,3,-0.6489832858478423,0.5665065356680921,-1.7593360957573028,0.46136952406161813,-1.145588347153813,0.251965521097295,8.376237801638563,76.12293194912925,0.6967700236680522,248,220,0.6666666666666666,0.9492584596611647
meta,asthma,Bacteria.Pseudomonadota.Gammaproteobacteria.Enterobacterales.Enterobacteriaceae.Escherichia-Shigella,Escherichia-Shigella,3,-0.4262481605320447,0.418881933522163,-1.247256750235484,0.3947604291713948,-1.0175854493125136,0.3088750051668008,4.694747527770824,57.39920010246756,0.30064171526266353,248,220,0.6666666666666666,0.9492584596611647
meta,asthma,Bacteria.Pseudomonadota.Gammaproteobacteria.Enterobacterales.Enterobacteriaceae.Klebsiella,Klebsiella,3,0.14769846422458638,0.23182784503249584,-0.30668411203910545,0.6020810404882782,0.6371040726530635,0.5240570559333375,0.2657559779601282,0.0,0.0,248,220,0.6666666666666666,0.9759262522748139
meta,asthma,Bacteria.Pseudomonadota.Gammaproteobacteria.Enterobacterales.Enterobacteriaceae.NA,Enterobacteriaceae,2,0.4163852751342933,0.3240694564063015,-0.21879085942205773,1.0515614096906443,1.2848642996217792,0.19883970823211417,0.5289885947381219,0.0,0.0,177,164,1.0,0.9084992829799825
meta,asthma,Bacteria.Pseudomonadota.Gammaproteobacteria.Enterobacterales.Pasteurellaceae.Actinobacillus,Actinobacillus,2,-0.09295506665461098,0.5189791848083278,-1.1101542688789336,0.9242441355697116,-0.17911135817314455,0.8578502636935309,0.07953184214110148,0.0,0.0,111,88,0.5,0.9759262522748139
meta,asthma,Bacteria.Pseudomonadota.Gammaproteobacteria.Enterobacterales.Pasteurellaceae.Aggregatibacter,Aggregatibacter,3,-0.1906930364874263,0.2407072922462879,-0.6624793292901505,0.28109325631529797,-0.792219607091555,0.42823263790229105,1.5090451914126466,0.0,0.0,248,220,0.6666666666666666,0.9492584596611647
meta,asthma,Bacteria.Pseudomonadota.Gammaproteobacteria.Enterobacterales.Pasteurellaceae.Haemophilus,Haemophilus,3,-0.42613753754854167,0.17009728760296486,-0.7595282212503528,-0.09274685384673054,-2.505257688430735,0.012236220866586444,1.0327554334623146,0.0,0.0,248,220,1.0,0.7280551415618934
meta,asthma,Bacteria.Pseudomonadota.Gammaproteobacteria.Enterobacterales.Pasteurellaceae.Mannheimia,Mannheimia,3,-0.17114911503877123,0.19962750445369895,-0.5624190237680211,0.2201207936904787,-0.8573423562406306,0.3912557064528662,0.07210120251986296,0.0,0.0,248,220,1.0,0.9492584596611647
meta,asthma,Bacteria.Pseudomonadota.Gammaproteobacteria.Enterobacterales.Pasteurellaceae.NA,Pasteurellaceae,3,0.14891050420215907,0.23320682908220033,-0.30817488079895355,0.6059958892032717,0.6385340634672039,0.5231260875520729,0.08673306844865172,0.0,0.0,248,220,1.0,0.9759262522748139
meta,asthma,Bacteria.Pseudomonadota.Gammaproteobacteria.Lysobacterales.Lysobacteraceae.Stenotrophomonas,Stenotrophomonas,3,0.2469455894180644,0.12026260260157033,0.011230888318986554,0.48266029051714227,2.053386373453055,0.040035119820788,0.9392026597372547,0.0,0.0,248,220,1.0,0.7940298764456286
meta,asthma,Bacteria.Pseudomonadota.Gammaproteobacteria.Pseudomonadales.Moraxellaceae.Acinetobacter,Acinetobacter,3,0.2814475248789738,0.2830431341785177,-0.27331701811092085,0.8362120678688685,0.994362663824456,0.32004633818260153,2.819078672620464,29.05483555941674,0.07616809617379935,248,220,0.6666666666666666,0.9492584596611647
meta,asthma,Bacteria.Pseudomonadota.Gammaproteobacteria.Pseudomonadales.Moraxellaceae.Enhydrobacter,Enhydrobacter,2,-0.3498535201964084,0.16801369244653905,-0.679160357391625,-0.02054668300119189,-2.0822917174308855,0.03731583199310337,0.6607186684962596,0.0,0.0,177,164,1.0,0.7940298764456286
meta,asthma,Bacteria.Pseudomonadota.Gammaproteobacteria.Pseudomonadales.Moraxellaceae.Moraxella,Moraxella,3,0.21396432902832555,0.35174215480007204,-0.4754502943798157,0.9033789524364667,0.6082987953205139,0.5429893198782372,2.9129986377747654,31.342226732800793,0.12054690390727708,248,220,0.6666666666666666,0.9759262522748139
meta,asthma,Bacteria.Pseudomonadota.Gammaproteobacteria.Pseudomonadales.Pseudomonadaceae.Pseudomonas,Pseudomonas,3,0.030645806406561272,0.32828686541542923,-0.61279644980768,0.6740880626208025,0.0933506930524944,0.9256249606372021,2.778095332440147,28.008230075988966,0.10192774594389697,248,220,0.6666666666666666,0.9759262522748139
meta,asthma,Bacteria.Pseudomonadota.NA.NA.NA.NA,Bacteria.Pseudomonadota.NA.NA.NA.NA,3,0.20351460982861308,0.27350732576373166,-0.3325597486683009,0.739588968325527,0.7440919882505029,0.45682082592826867,2.7192017131867834,26.449001914753538,0.08474053769952036,248,220,0.6666666666666666,0.9537136541309469
meta,asthma,Bacteria.Spirochaetota.Spirochaetia.Spirochaetales.Spirochaetaceae.Treponema,Treponema,3,-0.17975600123219954,0.34240165505929687,-0.8508632451484215,0.49135124268402236,-0.524985783731301,0.5995930736484323,3.4100779420053917,41.35031415663643,0.14643539297140465,248,220,0.6666666666666666,0.9759262522748139
meta,cancer_other,Archaea.Methanobacteriota.Methanobacteria.Methanobacteriales.Methanobacteriaceae.Methanobrevibacter,Methanobrevibacter,3,0.36418130819702066,0.27094095015934816,-0.16686295411530172,0.895225570509343,1.3441353475096147,0.17890462361418402,2.350422224725884,14.908905346432036,0.03306336590818411,574,242,0.6666666666666666,0.8331843899746284
meta,cancer_other,Bacteria.Actinomycetota.Actinobacteria.Actinomycetales.Actinomycetaceae.Schaalia,Schaalia,3,-0.12369414579002586,0.28042870196842645,-0.6733344016481417,0.42594611006808997,-0.44108946381655545,0.659148230869683,5.450586650593639,63.30670204495925,0.14794555876418355,574,242,0.3333333333333333,0.918021167412788
meta,cancer_other,Bacteria.Actinomycetota.Actinobacteria.Bifidobacteriales.Bifidobacteriaceae.Bifidobacterium,Bifidobacterium,3,0.047919003938686644,0.24540248145160856,-0.4330698597064661,0.5289078675838395,0.19526699019193045,0.8451839376359997,0.7898937183753234,0.0,0.0,574,242,0.3333333333333333,0.9391262403893145
meta,cancer_other,Bacteria.Actinomycetota.Actinobacteria.Micrococcales.Micrococcaceae.Rothia,Rothia,3,-0.12458989478891262,0.12380728693734527,-0.36725217718610936,0.1180723876082841,-1.006321177621503,0.3142610964343989,1.0436406562869642,0.0,0.0,574,242,1.0,0.918021167412788
meta,cancer_other,Bacteria.Actinomycetota.Actinobacteria.Mycobacteriales.Corynebacteriaceae.Corynebacterium,Corynebacterium,2,0.3853876420074988,0.22358271286662398,-0.0528344752110842,0.8236097592260818,1.7236915907599615,0.08476353391452275,0.19788865738725972,0.0,0.0,266,122,1.0,0.65792647752701
meta,cancer_other,Bacteria.Actinomycetota.Coriobacteriia.Coriobacteriales.Coriobacteriaceae.Collinsella,Collinsella,2,0.707309099452129,0.34273788093108426,0.03554285282720393,1.3790753460770542,2.0637027267912376,0.039045910666596476,0.2998241248223457,0.0,0.0,336,163,1.0,0.5534872166998023
meta,cancer_other,Bacteria.Actinomycetota.Coriobacteriia.Coriobacteriales.Coriobacteriales Incertae Sedis.Incertae Sedis,Incertae Sedis,2,0.17230868118924922,0.24091271187402438,-0.29988023408383857,0.644497596462337,0.715232832044791,0.47446518476814725,1.648427247964496,39.33611560747883,0.04571167886912164,336,163,0.5,0.918021167412788
meta,cancer_other,Bacteria.Actinomycetota.Coriobacteriia.Coriobacteriales.Eggerthellaceae.Eggerthella,Eggerthella,2,0.2950167676881321,0.2453980267499295,-0.1859633647417297,0.7759969001179939,1.202196984202999,0.22928721749283643,0.23871199048387148,0.0,0.0,336,163,1.0,0.918021167412788
meta,cancer_other,Bacteria.Bacillota.Bacilli.Erysipelotrichales.Erysipelatoclostridiaceae.Erysipelotrichaceae UCG-003,Erysipelotrichaceae UCG-003,3,0.0986893497569832,0.38537820388587385,-0.6566519298593295,0.8540306293732959,0.2560844094499157,0.797885660148212,4.376358077969174,54.29990041107218,0.2367583389657325,574,242,0.6666666666666666,0.9289762876120027
meta,cancer_other,Bacteria.Bacillota.Bacilli.Erysipelotrichales.Erysipelatoclostridiaceae.Thomasclavelia,Thomasclavelia,3,-0.3645756943185158,0.20404853952600024,-0.7645108317894762,0.035359443152444714,-1.786710628585807,0.07398427034630274,0.27325374983688355,0.0,0.0,574,242,1.0,0.6421406064063592
meta,cancer_other,Bacteria.Bacillota.Bacilli.Erysipelotrichales.Erysipelotrichaceae.Faecalitalea,Faecalitalea,3,-0.1297153912780871,0.2796845886742452,-0.6778971850796077,0.4184664025234336,-0.46379170154838045,0.6427969893821657,6.606055371875716,69.72474665418794,0.16261787582125212,574,242,0.3333333333333333,0.918021167412788
meta,cancer_other,Bacteria.Bacillota.Bacilli.Erysipelotrichales.Erysipelotrichaceae.Holdemanella,Holdemanella,3,-0.2236091127124237,0.207053943689876,-0.6294348423445807,0.18221661691973326,-1.07995582565355,0.28016185179236197,1.2866387867770368,0.0,0.0,574,242,0.6666666666666666,0.918021167412788
meta,cancer_other,Bacteria.Bacillota.Bacilli.Erysipelotrichales.Erysipelotrichaceae.Holdemania,Holdemania,3,0.0068747147772626775,0.11672529846983172,-0.2219068702236075,0.23565629977813285,0.0588965277226469,0.9530345237285445,1.459887458160293,0.0,0.0,574,242,0.6666666666666666,0.9648734619115078
meta,cancer_other,Bacteria.Bacillota.Bacilli.Erysipelotrichales.Erysipelotrichaceae.Turicibacter,Turicibacter,3,-0.09120415118216711,0.19241109075396579,-0.46832988905994005,0.2859215866956058,-0.474006726040491,0.6354951108728804,1.2095498960352373,0.0,0.0,574,242,0.3333333333333333,0.918021167412788
meta,cancer_other,Bacteria.Bacillota.Bacilli.Erysipelotrichales.Erysipelotrichaceae.[Clostridium] innocuum group,[Clostridium] innocuum group,2,-0.15428513687482973,0.3259018139718885,-0.7930526922597312,0.4844824185100718,-0.4734098745708055,0.6359207862996574,1.9180701992469649,47.864264801538525,0.11720484168759647,336,163,0.5,0.918021167412788
meta,cancer_other,Bacteria.Bacillota.Bacilli.Izemoplasmatales.Incertae Sedis.Incertae Sedis,Incertae Sedis,2,-0.06014060780075629,0.13628843606804045,-0.32726594249411556,0.20698472689260294,-0.44127447299147066,0.6590143040807275,1.232269827793954,18.848942216638576,0.007040630735745546,546,199,0.5,0.918021167412788
meta,cancer_other,Bacteria.Bacillota.Bacilli.Lactobacillales.Carnobacteriaceae.Granulicatella,Granulicatella,3,-0.29077591407896736,0.13421977167654098,-0.5538466665649877,-0.02770516159294706,-2.1664163963839416,0.03027938213462995,0.1257840529498517,0.0,0.0,574,242,1.0,0.5534872166998023
meta,cancer_other,Bacteria.Bacillota.Bacilli.Lactobacillales.Enterococcaceae.Enterococcus,Enterococcus,3,0.3835630651804838,0.1969283727123483,-0.0024165453357188893,0.7695426756966864,1.9477288107222175,0.05144742085503425,2.60890825537319,23.33958099596297,0.02888744917539571,574,242,1.0,0.555885665739212
meta,cancer_other,Bacteria.Bacillota.Bacilli.Lactobacillales.Lactobacillaceae.Lactobacillus,Lactobacillus,3,-0.06626263599757974,0.17952631012907708,-0.4181342038505708,0.2856089318554113,-0.36909707524171675,0.71205536890197,1.5298601548780375,0.0,0.0,574,242,0.6666666666666666,0.9269958124785739
meta,cancer_other,Bacteria.Bacillota.Bacilli.Lactobacillales.Lactobacillaceae.Ligilactobacillus,Ligilactobacillus,3,0.12169450178484971,0.15431449721503387,-0.18076191275661668,0.4241509163263161,0.788613539110788,0.43033791530509,1.2268241592262772,0.0,0.0,574,242,0.3333333333333333,0.918021167412788
meta,cancer_other,Bacteria.Bacillota.Bacilli.Lactobacillales.Streptococcaceae.Lactococcus,Lactococcus,2,-0.18762585629697234,0.2600941139733174,-0.6974103196846745,0.32215860709072974,-0.7213767871587458,0.47067772451546663,1.5169942385537092,34.08017152699325,0.05146256388133541,336,163,0.5,0.918021167412788
meta,cancer_other,Bacteria.Bacillota.Bacilli.Lactobacillales.Streptococcaceae.Streptococcus,Streptococcus,3,0.06531365160775825,0.21008938388607984,-0.3464615408089582,0.4770888440244747,0.31088506425043505,0.7558879992603121,0.7971133891837312,0.0,0.0,574,242,0.6666666666666666,0.9269958124785739
meta,cancer_other,Bacteria.Bacillota.Bacilli.RF39.Incertae Sedis.Incertae Sedis,Incertae Sedis,3,-0.07114147423531036,0.20758908263618908,-0.47801607620224096,0.33573312773162023,-0.34270335092712745,0.731821641551256,0.40227178132888125,0.0,0.0,574,242,0.6666666666666666,0.9269958124785739
meta,cancer_other,Bacteria.Bacillota.Bacilli.Staphylococcales.Gemellaceae.Gemella,Gemella,3,0.22725547968701282,0.20405487870889255,-0.17269208258241658,0.6272030419564423,1.1136978499358428,0.26540883201333787,3.6227207883456796,44.79287483501309,0.05700660945781898,574,242,0.6666666666666666,0.918021167412788
meta,cancer_other,Bacteria.Bacillota.Bacilli.Staphylococcales.Staphylococcaceae.Staphylococcus,Staphylococcus,2,0.5883054236781726,0.28164251469570095,0.03628609487459877,1.1403247524817464,2.08883741971202,0.0367223607170361,0.054965856049261866,0.0,0.0,266,122,1.0,0.5534872166998023
meta,cancer_other,Bacteria.Bacillota.Clostridia.Christensenellales.Christensenellaceae.Christensenella,Christensenella,2,0.004512134190961126,0.17852677520721835,-0.3454003452151868,0.3544246135971091,0.025274271524390858,0.9798361957233936,2.227848935403986,55.11365316972601,0.03571048250559027,546,199,0.5,0.9858845673019331
meta,cancer_other,Bacteria.Bacillota.Clostridia.Christensenellales.Christensenellaceae.Christensenellaceae R-7 group,Christensenellaceae R-7 group,3,0.09061932106696564,0.2758188020497919,-0.4499855309506265,0.6312241730845578,0.3285465689558273,0.7424984396071028,2.873118884309452,30.389236208696058,0.07141432925243064,574,242,0.6666666666666666,0.9269958124785739
meta,cancer_other,Bacteria.Bacillota.Clostridia.Christensenellales.Christensenellaceae.Incertae Sedis,Incertae Sedis,3,-0.17857410477389712,0.16740111380681022,-0.5066802878352452,0.1495320782874509,-1.0667438269256746,0.2860875305568469,0.14747729055210937,0.0,0.0,574,242,1.0,0.918021167412788
meta,cancer_other,Bacteria.Bacillota.Clostridia.Christensenellales.Christensenellaceae.NA,Christensenellaceae,2,0.05832384038140773,0.18531861396465835,-0.3049006429893226,0.42154832375213813,0.31472197602627505,0.7529727570981409,0.32709219321112304,0.0,0.0,546,199,0.5,0.9269958124785739
meta,cancer_other,Bacteria.Bacillota.Clostridia.Clostridia UCG-014.Incertae Sedis.Incertae Sedis,Incertae Sedis,3,0.21375685083215556,0.2575765332110692,-0.29109315426154003,0.7186068559258512,0.8298770395243812,0.40660830769955225,0.1014934365604016,0.0,0.0,574,242,1.0,0.918021167412788
meta,cancer_other,Bacteria.Bacillota.Clostridia.Clostridia vadinBB60 group.Incertae Sedis.Incertae Sedis,Incertae Sedis,3,-0.12807000483385805,0.15143691730693234,-0.42488636275544545,0.16874635308772934,-0.8456987048560013,0.3977208458470922,0.22236218873376576,0.0,0.0,574,242,1.0,0.918021167412788
meta,cancer_other,Bacteria.Bacillota.Clostridia.Clostridiales.Clostridiaceae.Clostridium,Clostridium,3,0.33395535677965194,0.20840960017310875,-0.07452745955964118,0.7424381731189451,1.6023991049465218,0.10906738264022078,0.8388339349858175,0.0,0.0,574,242,1.0,0.6767172538328333
meta,cancer_other,Bacteria.Bacillota.Clostridia.Lachnospirales.Defluviitaleaceae.Defluviitaleaceae UCG-011,Defluviitaleaceae UCG-011,2,0.10401928107988498,0.126040267877737,-0.14301964396047956,0.3510582061202495,0.8252860996835307,0.40920918160210895,0.7199446398443202,0.0,0.0,546,199,0.5,0.918021167412788
meta,cancer_other,Bacteria.Bacillota.Clostridia.Lachnospirales.Lachnospiraceae.Agathobacter,Agathobacter,3,-0.09510775848439286,0.19270098720829348,-0.47280169341264805,0.28258617644386236,-0.49355096651160074,0.621623337144034,0.05252309377121868,0.0,0.0,574,242,1.0,0.918021167412788
meta,cancer_other,Bacteria.Bacillota.Clostridia.Lachnospirales.Lachnospiraceae.Anaerobutyricum,Anaerobutyricum,3,0.18945321928531728,0.19224076674723967,-0.18733868353927247,0.566245122109907,0.9854997069087459,0.32437867532649334,1.3957454704455485,0.0,0.0,574,242,0.3333333333333333,0.918021167412788
meta,cancer_other,Bacteria.Bacillota.Clostridia.Lachnospirales.Lachnospiraceae.Anaerostipes,Anaerostipes,3,-0.26390385128717364,0.14787766461239726,-0.5537440739274723,0.025936371353124987,-1.7846092713114796,0.07432471652842149,0.8184133681163863,0.0,0.0,574,242,1.0,0.6421406064063592
meta,cancer_other,Bacteria.Bacillota.Clostridia.Lachnospirales.Lachnospiraceae.Blautia,Blautia,3,-0.06292381331780673,0.09780412808830853,-0.25461990437089144,0.128772277735278,-0.6433656180748533,0.5199868875033775,1.7989229308412595,0.0,0.0,574,242,1.0,0.918021167412788
meta,cancer_other,Bacteria.Bacillota.Clostridia.Lachnospirales.Lachnospiraceae.Butyribacter,Butyribacter,3,-0.13006075386582608,0.1782250615946358,-0.4793818745913122,0.21926036685966008,-0.7297556959842321,0.4655395299243784,0.9085269042088073,0.0,0.0,574,242,0.6666666666666666,0.918021167412788
meta,cancer_other,Bacteria.Bacillota.Clostridia.Lachnospirales.Lachnospiraceae.CAG-56,CAG-56,3,-0.11793473559717389,0.2118541447712858,-0.5331688593488941,0.2972993881545463,-0.5566789156969021,0.5777468249604816,0.7101763079163397,0.0,0.0,574,242,0.6666666666666666,0.918021167412788
meta,cancer_other,Bacteria.Bacillota.Clostridia.Lachnospirales.Lachnospiraceae.Coprococcus,Coprococcus,3,-0.12924849287077766,0.35281313143512244,-0.8207622304836176,0.5622652447420623,-0.3663369680857378,0.7141136474403185,4.938095822424211,59.498558312338304,0.2145163532469674,574,242,0.6666666666666666,0.9269958124785739
meta,cancer_other,Bacteria.Bacillota.Clostridia.Lachnospirales.Lachnospiraceae.Dorea,Dorea,3,0.05317651093119244,0.18865152380590514,-0.31658047572838166,0.4229334975907665,0.28187692237197776,0.778037885590873,0.886115597820648,0.0,0.0,574,242,0.3333333333333333,0.9289762876120027
meta,cancer_other,Bacteria.Bacillota.Clostridia.Lachnospirales.Lachnospiraceae.Eisenbergiella,Eisenbergiella,3,0.11729639973850245,0.18318224014186743,-0.24174079093955772,0.47633359041656265,0.6403262655138457,0.5219605083203704,2.0682075949043943,3.2979085403439545,0.00352322931516083,574,242,0.6666666666666666,0.918021167412788
meta,cancer_other,Bacteria.Bacillota.Clostridia.Lachnospirales.Lachnospiraceae.Enterocloster,Enterocloster,3,-0.08152872961865483,0.18314066351560865,-0.44048443010924776,0.27742697087193813,-0.44517000241023114,0.6561969032857262,1.010134223231407,0.0,0.0,574,242,0.6666666666666666,0.918021167412788
meta,cancer_other,Bacteria.Bacillota.Clostridia.Lachnospirales.Lachnospiraceae.Extibacter,Extibacter,3,0.37419933502047575,0.22851018386766533,-0.0736806253601483,0.8220792954010998,1.6375608679094225,0.10151333182943888,0.9634912389215542,0.0,0.0,574,242,1.0,0.6767172538328333
meta,cancer_other,Bacteria.Bacillota.Clostridia.Lachnospirales.Lachnospiraceae.Faecalicatena,Faecalicatena,2,-0.12607667439776352,0.17966973888599144,-0.4782293626143067,0.2260760138187797,-0.7017134614848238,0.4828578762695884,1.5172943284047768,34.09320912368002,0.02321727812139548,546,199,0.5,0.918021167412788
meta,cancer_other,Bacteria.Bacillota.Clostridia.Lachnospirales.Lachnospiraceae.Faecalimonas,Faecalimonas,3,0.0790713369417995,0.25845323400641307,-0.42749700171077004,0.585639675594369,0.30594059790266537,0.7596498743611245,2.7968559149162013,28.491132155446646,0.05990518188569885,574,242,0.6666666666666666,0.9269958124785739
meta,cancer_other,Bacteria.Bacillota.Clostridia.Lachnospirales.Lachnospiraceae.Frisingicoccus,Frisingicoccus,3,0.2445478800332173,0.32113311480023093,-0.3848730249752353,0.87396878504167,0.7615156107003931,0.4463491583537216,4.526112183287753,55.81196578854556,0.1672736470420513,574,242,0.6666666666666666,0.918021167412788
meta,cancer_other,Bacteria.Bacillota.Clostridia.Lachnospirales.Lachnospiraceae.Fusicatenibacter,Fusicatenibacter,3,-0.23779874307166338,0.19269316551818663,-0.6154773474873092,0.1398798613439824,-1.2340797995205472,0.21717317001307124,0.13726887952246267,0.0,0.0,574,242,1.0,0.918021167412788
meta,cancer_other,Bacteria.Bacillota.Clostridia.Lachnospirales.Lachnospiraceae.GCA-900066575,GCA-900066575,3,-0.12408124774614243,0.13940838716091758,-0.3973216865815409,0.14915919108925602,-0.8900558300191566,0.3734359086221667,0.9030686134778005,0.0,0.0,574,242,0.6666666666666666,0.918021167412788
meta,cancer_other,Bacteria.Bacillota.Clostridia.Lachnospirales.Lachnospiraceae.Howardella,Howardella,3,0.19973730786890492,0.26290286674021207,-0.3155523109419108,0.7150269266797207,0.7597380368859792,0.4474111875542821,5.920156409147979,66.21710877588389,0.1301324892084821,574,242,0.6666666666666666,0.918021167412788
meta,cancer_other,Bacteria.Bacillota.Clostridia.Lachnospirales.Lachnospiraceae.Hungatella,Hungatella,3,0.037882582858211535,0.15803937195406587,-0.2718745861717575,0.34763975188818064,0.23970345104397217,0.810560159387342,0.0013026129682544242,0.0,0.0,574,242,1.0,0.9289762876120027
meta,cancer_other,Bacteria.Bacillota.Clostridia.Lachnospirales.Lachnospiraceae.Incertae Sedis,Incertae Sedis,2,-0.16350218539907954,0.1831077723712554,-0.5223934192467401,0.19538904844858104,-0.8929287013965467,0.37189535575536126,0.5564277827581641,0.0,0.0,266,122,0.5,0.918021167412788
meta,cancer_other,Bacteria.Bacillota.Clostridia.Lachnospirales.Lachnospiraceae.Lachnoclostridium,Lachnoclostridium,3,0.234929610282473,0.19471013297294817,-0.1467022503445054,0.6165614709094513,1.2065607818937327,0.22760133785798364,0.3904734924349625,0.0,0.0,574,242,1.0,0.918021167412788
meta,cancer_other,Bacteria.Bacillota.Clostridia.Lachnospirales.Lachnospiraceae.Lachnospira,Lachnospira,3,-0.2268525866076154,0.24817184433970627,-0.7132694015134396,0.2595642282982089,-0.9140947765899329,0.36066704695608465,2.732841349914641,26.816095633854886,0.051746733057138054,574,242,0.6666666666666666,0.918021167412788
meta,cancer_other,Bacteria.Bacillota.Clostridia.Lachnospirales.Lachnospiraceae.Lachnospiraceae AC2044 group,Lachnospiraceae AC2044 group,2,-0.13627725668496163,0.12967809357077137,-0.3904463200836735,0.11789180671375024,-1.0508888042110889,0.29330966299756533,0.052334144667054106,0.0,0.0,546,199,1.0,0.918021167412788
meta,cancer_other,Bacteria.Bacillota.Clostridia.Lachnospirales.Lachnospiraceae.Lachnospiraceae FCS020 group,Lachnospiraceae FCS020 group,3,0.2788815588671392,0.1815687236428032,-0.07699313947275499,0.6347562572070334,1.5359559359781467,0.12454918782199387,1.1985951610346892,0.0,0.0,574,242,1.0,0.6767172538328333
meta,cancer_other,Bacteria.Bacillota.Clostridia.Lachnospirales.Lachnospiraceae.Lachnospiraceae ND3007 group,Lachnospiraceae ND3007 group,3,0.14098684645462206,0.20317527360725796,-0.25723668981560355,0.5392103827248477,0.6939173451152948,0.4877340453539515,1.151071416686493,0.0,0.0,574,242,0.6666666666666666,0.918021167412788
meta,cancer_other,Bacteria.Bacillota.Clostridia.Lachnospirales.Lachnospiraceae.Lachnospiraceae NK4A136 group,Lachnospiraceae NK4A136 group,3,-0.1412529697921978,0.18493693550219473,-0.5037293633764994,0.22122342379210386,-0.7637899341666203,0.4449924362641261,0.14889685953755422,0.0,0.0,574,242,1.0,0.918021167412788
meta,cancer_other,Bacteria.Bacillota.Clostridia.Lachnospirales.Lachnospiraceae.Lachnospiraceae NK4B4 group,Lachnospiraceae NK4B4 group,3,-0.08606872450781192,0.12541278345901438,-0.3318777800874801,0.15974033107185626,-0.6862835042325623,0.49253434906183124,0.1835863403499629,0.0,0.0,574,242,0.6666666666666666,0.918021167412788
meta,cancer_other,Bacteria.Bacillota.Clostridia.Lachnospirales.Lachnospiraceae.Lachnospiraceae UCG-004,Lachnospiraceae UCG-004,3,-0.23745428942467214,0.1617846986709167,-0.5545522988196688,0.07964371997032457,-1.4677178458494,0.14218088116189953,1.6252259789031562,0.0,0.0,574,242,1.0,0.7242338634184258
meta,cancer_other,Bacteria.Bacillota.Clostridia.Lachnospirales.Lachnospiraceae.Lachnospiraceae UCG-010,Lachnospiraceae UCG-010,3,0.08989143698752906,0.28532251876265263,-0.46934069978727005,0.6491235737623282,0.31505202385482173,0.7527221542742673,3.7340858015635856,46.43936678791544,0.11261152367619745,574,242,0.3333333333333333,0.9269958124785739
meta,cancer_other,Bacteria.Bacillota.Clostridia.Lachnospirales.Lachnospiraceae.Lachnotalea,Lachnotalea,2,-0.08045211908156766,0.1388650253130694,-0.35262756869518364,0.19172333053204835,-0.5793548008232411,0.5623497956313583,0.04673786422432129,0.0,0.0,336,163,1.0,0.918021167412788
meta,cancer_other,Bacteria.Bacillota.Clostridia.Lachnospirales.Lachnospiraceae.Marvinbryantia,Marvinbryantia,3,0.20280172065900573,0.18502565539762117,-0.15984856392033178,0.5654520052383433,1.0960735159844925,0.2730466035451593,1.2255584363990106,0.0,0.0,574,242,0.6666666666666666,0.918021167412788
meta,cancer_other,Bacteria.Bacillota.Clostridia.Lachnospirales.Lachnospiraceae.Mediterraneibacter,Mediterraneibacter,3,-0.039248685038493956,0.12702961975571347,-0.2882267397596924,0.20972936968270445,-0.30897270348420963,0.7573422910435079,0.5723830067319275,0.0,0.0,574,242,0.6666666666666666,0.9269958124785739
meta,cancer_other,Bacteria.Bacillota.Clostridia.Lachnospirales.Lachnospiraceae.NA,Lachnospiraceae,3,-0.27934092118584697,0.13878715335548863,-0.5513637417626047,-0.007318100609089273,-2.012728948120614,0.044143152252131466,2.4078422324901974,16.93807953806034,0.011001362937891827,574,242,0.6666666666666666,0.5534872166998023
meta,cancer_other,Bacteria.Bacillota.Clostridia.Lachnospirales.Lachnospiraceae.Roseburia,Roseburia,3,-0.10717447635433279,0.3299311230609809,-0.7538394775538553,0.5394905248451898,-0.32483894020063037,0.7453029713276783,6.03344844307199,66.85146116900138,0.21312062786575955,574,242,0.3333333333333333,0.9269958124785739
meta,cancer_other,Bacteria.Bacillota.Clostridia.Lachnospirales.Lachnospiraceae.Sellimonas,Sellimonas,3,0.019465143657057312,0.17451998150248665,-0.3225940200878165,0.36152430740193114,0.11153532959078363,0.9111918514031458,0.43552632799222696,0.0,0.0,574,242,0.3333333333333333,0.9550769782389733
meta,cancer_other,Bacteria.Bacillota.Clostridia.Lachnospirales.Lachnospiraceae.Shuttleworthia,Shuttleworthia,2,-0.08739402362917753,0.16087621391861356,-0.4027114029096601,0.22792335565130506,-0.5432376949981538,0.5869661560441677,0.18873455767302094,0.0,0.0,546,199,0.5,0.918021167412788
meta,cancer_other,Bacteria.Bacillota.Clostridia.Lachnospirales.Lachnospiraceae.Tyzzerella,Tyzzerella,3,0.2131237339236391,0.12988813978314595,-0.041457020051326954,0.46770448789860514,1.640825207593693,0.10083370404705637,0.4915813114521273,0.0,0.0,574,242,1.0,0.6767172538328333
meta,cancer_other,Bacteria.Bacillota.Clostridia.Lachnospirales.Lachnospiraceae.UC5-1-2E3,UC5-1-2E3,2,0.1124040482125461,0.1320144279262527,-0.1463442305229092,0.3711523269480014,0.8514527539015542,0.3945178977508189,0.6091482543700268,0.0,0.0,546,199,0.5,0.918021167412788
meta,cancer_other,Bacteria.Bacillota.Clostridia.Lachnospirales.Lachnospiraceae.[Eubacterium] eligens group,[Eubacterium] eligens group,3,0.032580026957695775,0.20201608375698535,-0.3633714972059955,0.4285315511213871,0.16127442108464898,0.8718772685449188,0.6621119113163343,0.0,0.0,574,242,0.6666666666666666,0.947439965152145
meta,cancer_other,Bacteria.Bacillota.Clostridia.Lachnospirales.Lachnospiraceae.[Eubacterium] ruminantium group,[Eubacterium] ruminantium group,2,0.11027427513920098,0.2165883595311461,-0.3142389095418454,0.5347874598202473,0.5091422058780735,0.6106525498210643,0.0576430297916969,0.0,0.0,546,199,1.0,0.918021167412788
meta,cancer_other,Bacteria.Bacillota.Clostridia.Lachnospirales.Lachnospiraceae.[Eubacterium] ventriosum group,[Eubacterium] ventriosum group,3,-0.17065795351690466,0.3736924764583573,-0.9030952073752849,0.5617793003414757,-0.4566801963322964,0.6479009271218235,8.465265647211371,76.3740432568842,0.3177270527761578,574,242,0.6666666666666666,0.918021167412788
meta,cancer_other,Bacteria.Bacillota.Clostridia.Lachnospirales.Lachnospiraceae.[Eubacterium] xylanophilum group,[Eubacterium] xylanophilum group,3,-0.508701244581493,0.18977112009565986,-0.8806526399689864,-0.13674984919399968,-2.680604110494088,0.0073489400394284084,0.07580985089078614,0.0,0.0,574,242,1.0,0.2994693066067076
meta,cancer_other,Bacteria.Bacillota.Clostridia.Lachnospirales.Lachnospiraceae.[Ruminococcus] gauvreauii group,[Ruminococcus] gauvreauii group,3,0.1301184352056039,0.22830632583124735,-0.3173619634236409,0.5775988338348488,0.5699291718346032,0.5687257381682314,0.674440580074962,0.0,0.0,574,242,0.6666666666666666,0.918021167412788
meta,cancer_other,Bacteria.Bacillota.Clostridia.Lachnospirales.Lachnospiraceae.[Ruminococcus] gnavus group,[Ruminococcus] gnavus group,3,-0.11471283641953427,0.24664221714555604,-0.5981315820248241,0.3687059091857555,-0.46509813991753257,0.6418611779818846,0.21824600807453184,0.0,0.0,574,242,0.6666666666666666,0.918021167412788
meta,cancer_other,Bacteria.Bacillota.Clostridia.Monoglobales.Monoglobaceae.Monoglobus,Monoglobus,3,0.16213327504429031,0.16692683730995436,-0.16504332608322025,0.4893098761718009,0.9712834536200837,0.33140714609653354,0.14213286527389715,0.0,0.0,574,242,1.0,0.918021167412788
meta,cancer_other,Bacteria.Bacillota.Clostridia.NA.NA.NA,Clostridia,3,-0.0856019134704068,0.17910771331816297,-0.4366530315740062,0.2654492046331926,-0.4779353824831958,0.6326961970457272,2.391124112681374,16.357332127054367,0.016033969013772114,574,242,0.3333333333333333,0.918021167412788
meta,cancer_other,Bacteria.Bacillota.Clostridia.Oscillospirales.Butyricicoccaceae.Agathobaculum,Agathobaculum,3,-0.40506572977970723,0.19508083716681793,-0.7874241706266704,-0.022707288932744096,-2.07639938223828,0.037857028349132245,0.053170339380127565,0.0,0.0,574,242,1.0,0.5534872166998023
meta,cancer_other,Bacteria.Bacillota.Clostridia.Oscillospirales.Butyricicoccaceae.UCG-009,UCG-009,2,-0.022636551072778188,0.12580062302022102,-0.2692057721924114,0.22393267004685502,-0.17993989639574057,0.8571997535672523,0.026455574279865703,0.0,0.0,336,163,1.0,0.9440781069693387
meta,cancer_other,Bacteria.Bacillota.Clostridia.Oscillospirales.NA.NA,Oscillospirales,2,0.028270850140338297,0.13884660458069803,-0.2438684948378298,0.3004101951185064,0.20361211011038588,0.8386566288922024,0.03778212000363991,0.0,0.0,546,199,0.5,0.9391262403893145
meta,cancer_other,Bacteria.Bacillota.Clostridia.Oscillospirales.Oscillospiraceae.Colidextribacter,Colidextribacter,3,0.11442687016706779,0.1791734817927031,-0.23675315414663026,0.46560689448076586,0.6386373085022443,0.5230589047057541,1.395390274641617,0.0,0.0,574,242,0.6666666666666666,0.918021167412788
meta,cancer_other,Bacteria.Bacillota.Clostridia.Oscillospirales.Oscillospiraceae.Flavonifractor,Flavonifractor,3,-0.2484014481417581,0.18921273759483773,-0.61925841382764,0.12245551754412384,-1.3128156766784986,0.18924506621979376,0.807521955700142,0.0,0.0,574,242,1.0,0.8568596053840661
meta,cancer_other,Bacteria.Bacillota.Clostridia.Oscillospirales.Oscillospiraceae.Incertae Sedis,Incertae Sedis,3,0.03320369257061978,0.3076775892890394,-0.5698443824358974,0.6362517675771369,0.10791716305157173,0.9140614024863793,4.644028934649355,56.93394618888159,0.15309126273455834,574,242,0.6666666666666666,0.9550769782389733
meta,cancer_other,Bacteria.Bacillota.Clostridia.Oscillospirales.Oscillospiraceae.Intestinimonas,Intestinimonas,3,0.03408632420487102,0.1977310604958808,-0.3534665543670553,0.42163920277679734,0.17238730283136836,0.863133053623979,0.7876819978258048,0.0,0.0,574,242,0.6666666666666666,0.9442328036289165
meta,cancer_other,Bacteria.Bacillota.Clostridia.Oscillospirales.Oscillospiraceae.NA,Oscillospiraceae,3,-0.042497790358918396,0.12393858942928085,-0.28541742564030886,0.20042184492247206,-0.3428939328308845,0.7316782562767379,0.9639770698567723,0.0,0.0,574,242,0.6666666666666666,0.9269958124785739
meta,cancer_other,Bacteria.Bacillota.Clostridia.Oscillospirales.Oscillospiraceae.NK4A214 group,NK4A214 group,3,0.35288006275539674,0.2035507987955258,-0.04607950288383378,0.7518396283946273,1.7336216062206549,0.08298524426128928,0.6756784686183688,0.0,0.0,574,242,1.0,0.65792647752701
meta,cancer_other,Bacteria.Bacillota.Clostridia.Oscillospirales.Oscillospiraceae.Oscillibacter,Oscillibacter,3,-0.21132879841838584,0.18701397326773936,-0.5778761860231549,0.1552185891863833,-1.1300160877061098,0.2584694456471769,1.5767910966632441,0.0,0.0,574,242,0.6666666666666666,0.918021167412788
meta,cancer_other,Bacteria.Bacillota.Clostridia.Oscillospirales.Oscillospiraceae.Oscillospira,Oscillospira,3,-0.2021378975639262,0.14655872328061068,-0.4893929951939231,0.08511720006607071,-1.3792280189074797,0.1678244617943725,0.04974651850030987,0.0,0.0,574,242,1.0,0.8045702138965505
meta,cancer_other,Bacteria.Bacillota.Clostridia.Oscillospirales.Oscillospiraceae.Ruminiclostridium,Ruminiclostridium,2,0.1937642247282373,0.13541907677908024,-0.07165716575875997,0.45918561521523454,1.4308488090222329,0.1524735509785643,9.599302731986366e-05,0.0,0.0,546,199,1.0,0.7531269336213934
meta,cancer_other,Bacteria.Bacillota.Clostridia.Oscillospirales.Oscillospiraceae.UCG-002,UCG-002,3,0.47824965336588227,0.22312150365202543,0.040931506207912416,0.9155678005238521,2.1434494010570497,0.03207702992630906,0.358538638615871,0.0,0.0,574,242,1.0,0.5534872166998023
meta,cancer_other,Bacteria.Bacillota.Clostridia.Oscillospirales.Oscillospiraceae.UCG-003,UCG-003,3,0.15574534268900658,0.1879645866954964,-0.21266524723416635,0.5241559326121795,0.8285887540152169,0.40733715378446933,1.577197265034644,0.0,0.0,574,242,0.6666666666666666,0.918021167412788
meta,cancer_other,Bacteria.Bacillota.Clostridia.Oscillospirales.Oscillospiraceae.UCG-005,UCG-005,3,-0.019630853300595674,0.22610954085508342,-0.46280555337655915,0.4235438467753678,-0.08682010155943551,0.930814509221411,2.394197684202558,16.464709109175104,0.027345870474427388,574,242,0.6666666666666666,0.9648734619115078
meta,cancer_other,Bacteria.Bacillota.Clostridia.Oscillospirales.Ruminococcaceae.Acutalibacter,Acutalibacter,3,-0.16538121963280347,0.2879590080223872,-0.7297808753566825,0.39901843609107546,-0.5743220910802207,0.565749862851886,6.295854633471765,68.23306578002855,0.16014666841475247,574,242,0.6666666666666666,0.918021167412788
meta,cancer_other,Bacteria.Bacillota.Clostridia.Oscillospirales.Ruminococcaceae.Anaerofilum,Anaerofilum,2,-0.23821003327083778,0.07856599876028023,-0.392199390840987,-0.08422067570068856,-3.0319735894615407,0.0024296046055209126,0.04057334618490467,0.0,0.0,546,199,1.0,0.13200851689996956
meta,cancer_other,Bacteria.Bacillota.Clostridia.Oscillospirales.Ruminococcaceae.Anaerotruncus,Anaerotruncus,2,0.061646179874444776,0.18884358189219638,-0.30848724063426014,0.43177960038314966,0.3264404289346526,0.7440911534563904,0.029203191670816656,0.0,0.0,336,163,1.0,0.9269958124785739
meta,cancer_other,Bacteria.Bacillota.Clostridia.Oscillospirales.Ruminococcaceae.Angelakisella,Angelakisella,3,-0.0930004578791074,0.1964166726630288,-0.4779771362986439,0.29197622054042904,-0.4734855581158245,0.6358668020115648,4.341166771046771,53.92943635939269,0.06132649963037623,574,242,0.3333333333333333,0.918021167412788
meta,cancer_other,Bacteria.Bacillota.Clostridia.Oscillospirales.Ruminococcaceae.CAG-352,CAG-352,2,0.46545486775925377,0.285035171771021,-0.09321406891194733,1.0241238044304548,1.6329734497929624,0.10247458076916982,0.0033564498896763734,0.0,0.0,546,199,1.0,0.6767172538328333
meta,cancer_other,Bacteria.Bacillota.Clostridia.Oscillospirales.Ruminococcaceae.DTU089,DTU089,3,-0.10607373901036986,0.15919315172407233,-0.41809231638955163,0.2059448383688119,-0.6663209934697835,0.5052059497652348,1.503647660706787,0.0,0.0,574,242,0.6666666666666666,0.918021167412788
meta,cancer_other,Bacteria.Bacillota.Clostridia.Oscillospirales.Ruminococcaceae.Faecalibacterium,Faecalibacterium,3,-0.1118261420242288,0.15841701216584286,-0.4223234858692808,0.1986712018208232,-0.7058973054431854,0.48025200337960805,0.9541593409254354,0.0,0.0,574,242,0.6666666666666666,0.918021167412788
meta,cancer_other,Bacteria.Bacillota.Clostridia.Oscillospirales.Ruminococcaceae.Fournierella,Fournierella,2,-0.4385323269193292,0.12307125323370767,-0.6797519832573962,-0.19731267058126217,-3.5632393056611917,0.0003663064609937544,0.10057320224329235,0.0,0.0,546,199,1.0,0.029853976570990984
meta,cancer_other,Bacteria.Bacillota.Clostridia.Oscillospirales.Ruminococcaceae.Gemmiger,Gemmiger,3,-0.01628012856063675,0.2057934719257366,-0.4196353335350805,0.38707507641380695,-0.07910906214999695,0.9369458755525486,0.5770532975098234,0.0,0.0,574,242,0.6666666666666666,0.9648734619115078
meta,cancer_other,Bacteria.Bacillota.Clostridia.Oscillospirales.Ruminococcaceae.Incertae Sedis,Incertae Sedis,3,0.09508829424113212,0.18855201204959515,-0.2744736493760744,0.46465023785833864,0.5043080326086411,0.6140449336748423,1.5328707340188967,0.0,0.0,574,242,0.6666666666666666,0.918021167412788
meta,cancer_other,Bacteria.Bacillota.Clostridia.Oscillospirales.Ruminococcaceae.NA,Ruminococcaceae,3,0.18661054309873404,0.22357488715551294,-0.2515962357260713,0.6248173219235393,0.834666833439717,0.40390532071523677,2.29278286460258,12.769759802497898,0.020962484113828297,574,242,0.6666666666666666,0.918021167412788
meta,cancer_other,Bacteria.Bacillota.Clostridia.Oscillospirales.Ruminococcaceae.Negativibacillus,Negativibacillus,2,0.1114397335684496,0.2577765852831427,-0.39380237358651005,0.6166818407234093,0.43231131115358606,0.6655151673044084,0.5249326077262445,0.0,0.0,336,163,0.5,0.918021167412788
meta,cancer_other,Bacteria.Bacillota.Clostridia.Oscillospirales.Ruminococcaceae.Paludicola,Paludicola,3,-0.12384911192957912,0.13995170447230226,-0.3981544526952916,0.15045622883613333,-0.8849417904309269,0.37618802708399623,0.16347363706530058,0.0,0.0,574,242,1.0,0.918021167412788
meta,cancer_other,Bacteria.Bacillota.Clostridia.Oscillospirales.Ruminococcaceae.Ruminococcus,Ruminococcus,3,0.20202806157268893,0.28586676797660904,-0.3582708036614648,0.7623269268068427,0.7067210470201273,0.47973984743013487,3.387917556103489,40.966686264342286,0.10065755389208045,574,242,0.6666666666666666,0.918021167412788
meta,cancer_other,Bacteria.Bacillota.Clostridia.Oscillospirales.Ruminococcaceae.Ruthenibacterium,Ruthenibacterium,3,-0.043220602084543855,0.1759982623465833,-0.38817719628384717,0.30173599211475943,-0.2455740273130197,0.8060119968295085,0.23588870461053701,0.0,0.0,574,242,0.3333333333333333,0.9289762876120027
meta,cancer_other,Bacteria.Bacillota.Clostridia.Oscillospirales.Ruminococcaceae.[Clostridium] methylpentosum group,[Clostridium] methylpentosum group,2,-0.12436309162682942,0.15549442427860594,-0.42913216321289704,0.18040597995923824,-0.7997913250188496,0.4238317100168536,1.7262943064661556,42.072449856648745,0.02116215842203092,546,199,0.5,0.918021167412788
meta,cancer_other,Bacteria.Bacillota.Clostridia.Oscillospirales.Ruminococcaceae.[Eubacterium] siraeum group,[Eubacterium] siraeum group,3,0.014272998806109693,0.21827527338084943,-0.41354653702035515,0.4420925346325746,0.0653899023239613,0.9478635636522588,0.7622854942799105,0.0,0.0,574,242,0.6666666666666666,0.9648734619115078
meta,cancer_other,Bacteria.Bacillota.Clostridia.Oscillospirales.UCG-010.Incertae Sedis,Incertae Sedis,3,-0.012491339563473619,0.1881658036277479,-0.3812963146738595,0.3563136355469123,-0.06638474857092248,0.947071512293983,1.2955999910298173,0.0,0.0,574,242,0.6666666666666666,0.9648734619115078
meta,cancer_other,Bacteria.Bacillota.Clostridia.Oscillospirales.[Eubacterium] coprostanoligenes group.Incertae Sedis,Incertae Sedis,3,0.3574842199489003,0.17560043931607383,0.013307358889395604,0.701661081008405,2.0357820364301187,0.04177224703384357,1.9004313894223392,0.0,0.0,574,242,1.0,0.5534872166998023
meta,cancer_other,Bacteria.Bacillota.Clostridia.Peptococcales.Peptococcaceae.Incertae Sedis,Incertae Sedis,3,0.09972644108891102,0.14159474624462873,-0.17779926155056128,0.37725214372838334,0.704308907878664,0.48124042007465007,0.007167710643266329,0.0,0.0,574,242,1.0,0.918021167412788
meta,cancer_other,Bacteria.Bacillota.Clostridia.Peptococcales.Peptococcaceae.Peptococcus,Peptococcus,3,0.13030018098988413,0.14526417675311112,-0.15441760544621366,0.41501796742598196,0.8969877082037949,0.36972547604832096,1.5305749684779935,0.0,0.0,574,242,0.6666666666666666,0.918021167412788
meta,cancer_other,Bacteria.Bacillota.Clostridia.Peptostreptococcales-Tissierellales.Anaerovoracaceae.Family XIII AD3011 group,Family XIII AD3011 group,3,0.1059148578359353,0.29069200539914414,-0.46384147274638715,0.6756711884182578,0.36435421638275,0.7155935191974213,5.578168213893419,64.1459360257612,0.16048442085191822,574,242,0.6666666666666666,0.9269958124785739
meta,cancer_other,Bacteria.Bacillota.Clostridia.Peptostreptococcales-Tissierellales.Anaerovoracaceae.Family XIII UCG-001,Family XIII UCG-001,3,-0.0009483677532043148,0.12148952345773081,-0.2390678337303567,0.23717109822394808,-0.00780616901122569,0.9937716415224833,1.7811183426344588,0.0,0.0,574,242,0.3333333333333333,0.9937716415224833
meta,cancer_other,Bacteria.Bacillota.Clostridia.Peptostreptococcales-Tissierellales.Anaerovoracaceae.Incertae Sedis,Incertae Sedis,3,0.01883762054549666,0.12734670976442877,-0.23076193059278371,0.26843717168377706,0.1479238888883998,0.8824028349983685,0.10742508140089298,0.0,0.0,574,242,0.6666666666666666,0.9525275636075103
meta,cancer_other,Bacteria.Bacillota.Clostridia.Peptostreptococcales-Tissierellales.Anaerovoracaceae.Mogibacterium,Mogibacterium,2,0.04997632858475493,0.35838825345910874,-0.6524646481950981,0.752417305364608,0.1394474514786437,0.8890965777627685,4.245103381028391,76.44344765620887,0.1975671090971653,336,163,0.5,0.9534390932587584
meta,cancer_other,Bacteria.Bacillota.Clostridia.Peptostreptococcales-Tissierellales.Anaerovoracaceae.[Eubacterium] brachy group,[Eubacterium] brachy group,2,0.31831632478154026,0.17869107678371168,-0.03191818571453464,0.6685508352776152,1.781377842200993,0.0748507455320296,0.889286978402949,0.0,0.0,336,163,1.0,0.6421406064063592
meta,cancer_other,Bacteria.Bacillota.Clostridia.Peptostreptococcales-Tissierellales.Family XI.Parvimonas,Parvimonas,2,0.048119340548708874,0.3736036019603454,-0.6841437192935681,0.7803824003909859,0.12879784963587235,0.8975176071002777,4.494648542669657,77.75131936331474,0.2207841714026737,336,163,0.5,0.9550007741423713
meta,cancer_other,Bacteria.Bacillota.Clostridia.Peptostreptococcales-Tissierellales.Peptostreptococcaceae.Intestinibacter,Intestinibacter,3,-0.059854052331595936,0.20268227531312902,-0.45711131194532884,0.3374032072821369,-0.29530975137873244,0.7677572680037268,1.5811128893573314,0.0,0.0,574,242,0.3333333333333333,0.9269958124785739
meta,cancer_other,Bacteria.Bacillota.Clostridia.Peptostreptococcales-Tissierellales.Peptostreptococcaceae.Romboutsia,Romboutsia,3,-0.05485464837467638,0.21877416092316762,-0.4836520037840849,0.3739427070347322,-0.25073641303527183,0.8020179062222584,1.0409142422591073,0.0,0.0,574,242,0.6666666666666666,0.9289762876120027
meta,cancer_other,Bacteria.Bacillota.NA.NA.NA.NA,Bacteria.Bacillota.NA.NA.NA.NA,2,-0.061882203289906776,0.11205631375971524,-0.28151257825894865,0.15774817167913507,-0.5522420041641037,0.5807825594817848,0.06496836791336136,0.0,0.0,546,199,1.0,0.918021167412788
meta,cancer_other,Bacteria.Bacillota.Negativicutes.Acidaminococcales.Acidaminococcaceae.Acidaminococcus,Acidaminococcus,2,-0.15929603368844425,0.5339936493304872,-1.205923586376199,0.8873315189993106,-0.2983107268937881,0.7654660179270485,4.064977266589311,75.39961642051094,0.4340082833266578,336,163,0.5,0.9269958124785739
meta,cancer_other,Bacteria.Bacillota.Negativicutes.Acidaminococcales.Acidaminococcaceae.Phascolarctobacterium,Phascolarctobacterium,3,0.40976592485885344,0.25274124958173105,-0.08560692432133943,0.9051387740390463,1.6212862978915676,0.10495625225905952,0.5857876411505155,0.0,0.0,574,242,1.0,0.6767172538328333
meta,cancer_other,Bacteria.Bacillota.Negativicutes.Veillonellales-Selenomonadales.Veillonellaceae.Dialister,Dialister,3,-0.3546430606764437,0.23036529520861532,-0.8061590392853297,0.09687291793244235,-1.5394812849534663,0.12368684335723118,0.16463788194208284,0.0,0.0,574,242,1.0,0.6767172538328333
meta,cancer_other,Bacteria.Bacillota.Negativicutes.Veillonellales-Selenomonadales.Veillonellaceae.Megasphaera,Megasphaera,2,-0.05376555992765245,0.21023287569948096,-0.46582199629863513,0.3582908764433302,-0.2557428744137432,0.7981493867627076,0.7979045321145513,0.0,0.0,336,163,0.5,0.9289762876120027
meta,cancer_other,Bacteria.Bacillota.Negativicutes.Veillonellales-Selenomonadales.Veillonellaceae.Veillonella,Veillonella,3,-0.30959082815254313,0.19778123650654864,-0.6972420517053785,0.07806039540029219,-1.5653195096810533,0.11750801082253827,0.7597419815664939,0.0,0.0,574,242,1.0,0.6767172538328333
meta,cancer_other,Bacteria.Bacteroidota.Bacteroidia.Bacteroidales.Bacteroidaceae.Bacteroides,Bacteroides,3,-0.22207427655721254,0.09687192020479768,-0.411943240158616,-0.032205312955809084,-2.2924525093311208,0.021879544974876104,0.9286508649562386,0.0,0.0,574,242,1.0,0.5534872166998023
meta,cancer_other,Bacteria.Bacteroidota.Bacteroidia.Bacteroidales.Barnesiellaceae.Barnesiella,Barnesiella,3,0.1947336349804508,0.2431911867771986,-0.28192109110285846,0.67138836106376,0.8007429774124893,0.42328045655182245,1.455397377812486,0.0,0.0,574,242,0.6666666666666666,0.918021167412788
meta,cancer_other,Bacteria.Bacteroidota.Bacteroidia.Bacteroidales.Barnesiellaceae.Coprobacter,Coprobacter,3,0.19528534080406984,0.18752970469172486,-0.1722728803917109,0.5628435619998506,1.0413568406407627,0.2977099653816513,0.03664575767839516,0.0,0.0,574,242,1.0,0.918021167412788
meta,cancer_other,Bacteria.Bacteroidota.Bacteroidia.Bacteroidales.Marinifilaceae.Butyricimonas,Butyricimonas,3,0.1389264220166129,0.15465929220711652,-0.16420579070933547,0.44205863474256124,0.8982740062625238,0.3690394869705874,0.7489209569083977,0.0,0.0,574,242,0.6666666666666666,0.918021167412788
meta,cancer_other,Bacteria.Bacteroidota.Bacteroidia.Bacteroidales.Marinifilaceae.Odoribacter,Odoribacter,3,-0.05949473123216843,0.2624883103856461,-0.5739718195880347,0.45498235712369783,-0.22665668861504412,0.8206907080744072,2.8647690399168817,30.186344095018985,0.06382740603501197,574,242,0.3333333333333333,0.9289762876120027
meta,cancer_other,Bacteria.Bacteroidota.Bacteroidia.Bacteroidales.Muribaculaceae.Incertae Sedis,Incertae Sedis,3,0.14207557947407207,0.2182999718459317,-0.285792365343954,0.5699435242920982,0.6508272917888598,0.5151579805644878,1.0872819933015767,0.0,0.0,574,242,0.6666666666666666,0.918021167412788
meta,cancer_other,Bacteria.Bacteroidota.Bacteroidia.Bacteroidales.Porphyromonadaceae.Porphyromonas,Porphyromonas,2,0.954796741468454,0.19083228679053993,0.5807654593589957,1.3288280235779122,5.003329140610528,5.63486097831517e-07,0.9562415003800349,0.0,0.0,546,199,1.0,9.184823394653728e-05
meta,cancer_other,Bacteria.Bacteroidota.Bacteroidia.Bacteroidales.Prevotellaceae.Incertae Sedis,Incertae Sedis,2,0.3248233242812125,0.1689746085181809,-0.006366908414422057,0.656013556976847,1.922320324513508,0.05456546412164045,0.01075353128768729,0.0,0.0,546,199,1.0,0.555885665739212
meta,cancer_other,Bacteria.Bacteroidota.Bacteroidia.Bacteroidales.Prevotellaceae.Massiliprevotella,Massiliprevotella,3,0.3813074614110692,0.1746280015558888,0.03903657836152713,0.7235783444606112,2.183541345109156,0.028995967670177224,0.13787298541441925,0.0,0.0,574,242,1.0,0.5534872166998023
meta,cancer_other,Bacteria.Bacteroidota.Bacteroidia.Bacteroidales.Prevotellaceae.Paraprevotella,Paraprevotella,3,-0.03865737174995525,0.20027487225775323,-0.43119612137515156,0.35388137787524104,-0.19302157736594788,0.8469420695535536,0.059320560079266074,0.0,0.0,574,242,0.6666666666666666,0.9391262403893145
meta,cancer_other,Bacteria.Bacteroidota.Bacteroidia.Bacteroidales.Prevotellaceae.Prevotella,Prevotella,3,0.0656031973271554,0.13352395086823043,-0.19610374637457623,0.32731014102888706,0.4913215711531531,0.623199025392606,2.6412885014331504,24.27938110831855,0.014706880609268825,574,242,0.6666666666666666,0.918021167412788
meta,cancer_other,Bacteria.Bacteroidota.Bacteroidia.Bacteroidales.Prevotellaceae.Segatella,Segatella,2,0.5012974484629714,0.25423476949785245,0.0029973002471806454,0.9995975966787622,1.9717894977665749,0.04863364174359622,0.016339964040474855,0.0,0.0,546,199,1.0,0.555885665739212
meta,cancer_other,Bacteria.Bacteroidota.Bacteroidia.Bacteroidales.Rikenellaceae.Alistipes,Alistipes,3,0.22098232990426137,0.17723209468661244,-0.12639257568149903,0.5683572354900217,1.2468527796560183,0.21245148365634603,1.6142837304877622,0.0,0.0,574,242,0.6666666666666666,0.918021167412788
meta,cancer_other,Bacteria.Bacteroidota.Bacteroidia.Bacteroidales.Tannerellaceae.Incertae Sedis,Incertae Sedis,3,-0.16404919353808578,0.1922821670654311,-0.5409222409863308,0.21282385391015918,-0.8531690486006536,0.39356556483137417,0.7982329856021803,0.0,0.0,574,242,0.6666666666666666,0.918021167412788
meta,cancer_other,Bacteria.Bacteroidota.Bacteroidia.Bacteroidales.Tannerellaceae.Parabacteroides,Parabacteroides,3,0.2386305724316514,0.2288083644587313,-0.20983382190746194,0.6870949667707648,1.042927661303622,0.29698179730392704,1.5577822557867338,0.0,0.0,574,242,0.6666666666666666,0.918021167412788
meta,cancer_other,Bacteria.Cyanobacteriota.Cyanobacteriia.Chloroplast.Incertae Sedis.Incertae Sedis,Incertae Sedis,3,-0.18162581814221818,0.11711237968545475,-0.4111660823257095,0.04791444604127312,-1.5508677957875698,0.12093336943833596,0.5917470494821414,0.0,0.0,574,242,1.0,0.6767172538328333
meta,cancer_other,Bacteria.Cyanobacteriota.Vampirivibrionia.Gastranaerophilales.Gastranaerophilaceae.Zag_111,Zag_111,2,0.09316704878544672,0.1433726642034276,-0.1878433730532713,0.3741774706241648,0.6498243532201824,0.5158056861980633,0.24360142201518117,0.0,0.0,546,199,1.0,0.918021167412788
meta,cancer_other,Bacteria.Fusobacteriota.Fusobacteriia.Fusobacteriales.Fusobacteriaceae.Fusobacterium,Fusobacterium,2,0.40675037634270583,0.47647079189686686,-0.5271323757751532,1.3406331284605648,0.8536732644689538,0.393286051693681,2.484649898641203,59.7528810579359,0.2997075651122178,336,163,0.5,0.918021167412788
meta,cancer_other,Bacteria.NA.NA.NA.NA.NA,Bacteria.NA.NA.NA.NA.NA,3,-0.013631767195472315,0.03423941293099915,-0.08074101654023064,0.053477482149286014,-0.3981308681589747,0.6905337216396064,1.834519507290214,0.0,0.0,419,224,0.3333333333333333,0.9269958124785739
meta,cancer_other,Bacteria.Pseudomonadota.Alphaproteobacteria.Rhodospirillales.Incertae Sedis.Incertae Sedis,Incertae Sedis,3,0.10745925101351925,0.16716160968861074,-0.2201775039761578,0.4350960060031963,0.6428464718286377,0.5203237253261077,0.627931890354485,0.0,0.0,574,242,0.6666666666666666,0.918021167412788
meta,cancer_other,Bacteria.Pseudomonadota.Alphaproteobacteria.Rickettsiales.Mitochondria.Incertae Sedis,Incertae Sedis,2,0.6246847091742226,0.5952871991943295,-0.5420782012466633,1.7914476195951083,1.0493837428718107,0.2940015374374497,2.056458294609833,51.37270701666588,0.4242847451991482,111,104,0.5,0.918021167412788
meta,cancer_other,Bacteria.Pseudomonadota.Gammaproteobacteria.Burkholderiales.Neisseriaceae.Neisseria,Neisseria,2,0.026196434168037696,0.213337409815204,-0.39194488906976216,0.44433775740583753,0.12279343876317535,0.9022706700486207,1.2078004195730543,17.20486399950993,0.015766804572712845,266,122,0.5,0.9550007741423713
meta,cancer_other,Bacteria.Pseudomonadota.Gammaproteobacteria.Burkholderiales.Sutterellaceae.Parasutterella,Parasutterella,3,-0.19510838993481516,0.34151215029704896,-0.8644722045170311,0.4742554246474008,-0.5713073159040137,0.5677913434124926,4.11138706869685,51.354616663861755,0.173573385343679,574,242,0.6666666666666666,0.918021167412788
meta,cancer_other,Bacteria.Pseudomonadota.Gammaproteobacteria.Burkholderiales.Sutterellaceae.Sutterella,Sutterella,3,-0.10832836879370507,0.17746886294473208,-0.4561673401653799,0.2395106025779698,-0.6104077470054059,0.5415917375735692,1.2267623547167692,0.0,0.0,574,242,0.6666666666666666,0.918021167412788
meta,cancer_other,Bacteria.Pseudomonadota.Gammaproteobacteria.Enterobacterales.Enterobacteriaceae.Escherichia-Shigella,Escherichia-Shigella,3,-0.09862678518414598,0.20993272153490955,-0.5100949193925687,0.31284134902427674,-0.46980187015650826,0.6384965781507732,1.3298526901831853,0.0,0.0,574,242,0.6666666666666666,0.918021167412788
meta,cancer_other,Bacteria.Pseudomonadota.Gammaproteobacteria.Enterobacterales.Enterobacteriaceae.Klebsiella,Klebsiella,3,0.09258037039804552,0.1929990238872307,-0.2856977164209267,0.4708584572170177,0.4796934644194896,0.6314453758053442,2.167791866885783,7.740220334290221,0.010339711081731156,574,242,0.6666666666666666,0.918021167412788
meta,cancer_other,Bacteria.Pseudomonadota.Gammaproteobacteria.Enterobacterales.Pasteurellaceae.Haemophilus,Haemophilus,3,0.09823197379647983,0.3913276779919512,-0.6687702750677444,0.8652342226607042,0.25102230003393794,0.8017968681318223,6.715171379487376,70.21669460128244,0.3138387612090927,574,242,0.3333333333333333,0.9289762876120027
meta,cancer_other,Bacteria.Pseudomonadota.Gammaproteobacteria.Pseudomonadales.Moraxellaceae.Acinetobacter,Acinetobacter,2,0.20008728501243292,0.2164211004958821,-0.22409807195949596,0.6242726419843618,0.9245276202457904,0.35521167785951024,0.28835290743313385,0.0,0.0,266,122,1.0,0.918021167412788
meta,cancer_other,Bacteria.Pseudomonadota.Gammaproteobacteria.Pseudomonadales.Pseudomonadaceae.Pseudomonas,Pseudomonas,3,0.2304370590536057,0.19510016197613872,-0.15195925841962618,0.6128333765268376,1.181121823372903,0.23755433159776196,2.4334354411271573,17.811667973669017,0.02132207529297412,574,242,0.6666666666666666,0.918021167412788
meta,cancer_other,Bacteria.Pseudomonadota.NA.NA.NA.NA,Bacteria.Pseudomonadota.NA.NA.NA.NA,2,0.512269462803385,0.34393416968169205,-0.16184150977273137,1.1863804353795016,1.4894404451802092,0.13637142486282092,0.07579903239532229,0.0,0.0,111,104,1.0,0.7170497500851551
meta,cancer_other,Bacteria.Synergistota.Synergistia.Synergistales.Synergistaceae.Cloacibacillus,Cloacibacillus,2,0.07507477061644434,0.14046996785574578,-0.2002463663808174,0.3503959076137061,0.5344542450066025,0.5930272975187236,0.4327842529433899,0.0,0.0,546,199,0.5,0.918021167412788
meta,cancer_other,Bacteria.Thermodesulfobacteriota.Desulfovibrionia.Desulfovibrionales.Desulfovibrionaceae.Bilophila,Bilophila,3,0.08624450061074836,0.20251968062946488,-0.3106940734230028,0.4831830746444995,0.42585738009602864,0.6702117725283545,0.7591013117587362,0.0,0.0,574,242,0.3333333333333333,0.918021167412788
meta,cancer_other,Bacteria.Thermodesulfobacteriota.Desulfovibrionia.Desulfovibrionales.Desulfovibrionaceae.Desulfovibrio,Desulfovibrio,3,0.29693038272714306,0.29681100806971283,-0.28481919308949405,0.8786799585437801,1.000402190802176,0.3171159102038833,4.254454837731,52.99045174336258,0.1382858800146197,574,242,0.6666666666666666,0.918021167412788
meta,cancer_other,Bacteria.Thermodesulfobacteriota.Desulfovibrionia.Desulfovibrionales.Desulfovibrionaceae.Incertae Sedis,Incertae Sedis,3,-0.08297546024841336,0.16754896499602062,-0.41137143164061374,0.24542051114378705,-0.49523111199394204,0.6204369914999668,4.295692622795257,53.44173395026163,0.043815477280185956,574,242,0.6666666666666666,0.918021167412788
meta,cancer_other,Bacteria.Verrucomicrobiota.Verrucomicrobiia.Verrucomicrobiales.Akkermansiaceae.Akkermansia,Akkermansia,3,0.0451179519497357,0.19522763630342593,-0.3375282152049791,0.42776411910445056,0.23110432930516384,0.817233751856135,0.09340374339742734,0.0,0.0,574,242,0.6666666666666666,0.9289762876120027
