analysis,disease_category,project,taxon,genus,n_case,n_control,effect,se,stat,p,q,wilcoxon_p,rank_biserial,covariates,n_taxa_tested
within_project,cancer_other,PRJNA290926,Bacteria.Actinomycetota.Coriobacteriia.Coriobacteriales.Coriobacteriaceae.Collinsella,Collinsella,308,120,0.8137763726221952,0.39405036047302483,2.0651583001861082,0.03951532138276259,0.6089891132946301,0.298730632185944,0.06466450216450226,"age_years,sex",186
within_project,cancer_other,PRJNA290926,Bacteria.Actinomycetota.Coriobacteriia.Coriobacteriales.Eggerthellaceae.Adlercreutzia,Adlercreutzia,308,120,-0.31155123242158955,0.2610359075688148,-1.1935186822504786,0.23333366603008637,0.7538057291439536,0.09528879822764247,-0.10378787878787876,"age_years,sex",186
within_project,cancer_other,PRJNA290926,Bacteria.Actinomycetota.Coriobacteriia.Coriobacteriales.Eggerthellaceae.Senegalimassilia,Senegalimassilia,308,120,-0.19906173398449778,0.23020746765038352,-0.8647058065327975,0.3876892258231859,0.812917891595562,0.04044498019764538,-0.12748917748917754,"age_years,sex",186
within_project,cancer_other,PRJNA290926,Bacteria.Bacillota.Bacilli.Erysipelotrichales.Erysipelotrichaceae.Holdemanella,Holdemanella,308,120,-0.2610569883233039,0.29770337342329295,-0.8769030237091637,0.3810358762103502,0.812917891595562,0.0966780962362275,-0.10335497835497831,"age_years,sex",186
within_project,cancer_other,PRJNA290926,Bacteria.Bacillota.Bacilli.Lactobacillales.Streptococcaceae.Streptococcus,Streptococcus,308,120,-0.041398971045272355,0.26135981036042755,-0.15839838186361252,0.8742183020855885,0.9793626722109556,0.6676889023614146,-0.026731601731601717,"age_years,sex",186
within_project,cancer_other,PRJNA290926,Bacteria.Bacillota.Bacilli.RF39.Incertae Sedis.Incertae Sedis,Incertae Sedis,308,120,0.09301335326515238,0.3317829032078498,0.2803440212435628,0.7793503091441867,0.9501590096445363,0.7465531011874847,0.02012987012987022,"age_years,sex",186
within_project,cancer_other,PRJNA290926,Bacteria.Bacillota.Clostridia.Christensenellales.Christensenellaceae.Christensenellaceae R-7 group,Christensenellaceae R-7 group,308,120,0.25925439210059703,0.301495680454496,0.8598942170905353,0.3903332845683132,0.812917891595562,0.673395539247654,0.026244588744588793,"age_years,sex",186
within_project,cancer_other,PRJNA290926,Bacteria.Bacillota.Clostridia.Clostridia UCG-014.Incertae Sedis.Incertae Sedis,Incertae Sedis,308,120,0.2302791819669826,0.36701038604440056,0.6274459544562416,0.530704696687875,0.8759499029340361,0.5521020833527724,0.03701298701298694,"age_years,sex",186
within_project,cancer_other,PRJNA290926,Bacteria.Bacillota.Clostridia.Clostridiales.Clostridiaceae.Clostridium,Clostridium,308,120,0.16984771340671423,0.3039929105449957,0.5587226133077011,0.5766459922031637,0.901312223107466,0.41623441960066987,0.05059523809523814,"age_years,sex",186
within_project,cancer_other,PRJNA290926,Bacteria.Bacillota.Clostridia.Lachnospirales.Lachnospiraceae.Agathobacter,Agathobacter,308,120,-0.061889295741953135,0.2525170772030601,-0.24508954573470382,0.8065056729337576,0.9501590096445363,0.383613110845488,-0.05422077922077917,"age_years,sex",186
within_project,cancer_other,PRJNA290926,Bacteria.Bacillota.Clostridia.Lachnospirales.Lachnospiraceae.Blautia,Blautia,308,120,-0.010743126004640398,0.1382272430068804,-0.0777207572902662,0.9380868449562477,0.9793626722109556,0.19988602467994132,-0.07976190476190481,"age_years,sex",186
within_project,cancer_other,PRJNA290926,Bacteria.Bacillota.Clostridia.Lachnospirales.Lachnospiraceae.Coprococcus,Coprococcus,308,120,0.37264606974984615,0.27055999209598625,1.3773140177267706,0.1691418146202117,0.7316366864967296,0.8078876661031739,0.015151515151515138,"age_years,sex",186
within_project,cancer_other,PRJNA290926,Bacteria.Bacillota.Clostridia.Lachnospirales.Lachnospiraceae.Dorea,Dorea,308,120,0.17550907665315246,0.24716542405873937,0.710087494323002,0.4780402282017264,0.8375074694378458,0.7093158834956139,-0.023214285714285743,"age_years,sex",186
within_project,cancer_other,PRJNA290926,Bacteria.Bacillota.Clostridia.Lachnospirales.Lachnospiraceae.Howardella,Howardella,308,120,0.3363048268382762,0.20246336014583183,1.661065126035842,0.09743957895383117,0.6089891132946301,0.8944560342205838,0.00827922077922083,"age_years,sex",186
within_project,cancer_other,PRJNA290926,Bacteria.Bacillota.Clostridia.Lachnospirales.Lachnospiraceae.Lachnospiraceae NK4A136 group,Lachnospiraceae NK4A136 group,308,120,-0.0934953230914658,0.24735554192186113,-0.3779794960931204,0.7056349778746979,0.9501590096445363,0.17515568489024336,-0.08436147186147192,"age_years,sex",186
within_project,cancer_other,PRJNA290926,Bacteria.Bacillota.Clostridia.Lachnospirales.Lachnospiraceae.Lachnospiraceae UCG-003,Lachnospiraceae UCG-003,308,120,-0.166301390010797,0.1446460667663325,-1.1497124929048188,0.2509103856731398,0.7538057291439536,0.005843301277907884,-0.17148268398268396,"age_years,sex",186
within_project,cancer_other,PRJNA290926,Bacteria.Bacillota.Clostridia.Lachnospirales.Lachnospiraceae.Mediterraneibacter,Mediterraneibacter,308,120,0.04732599661080421,0.1713170748797393,0.2762479842947703,0.7824922042941382,0.9501590096445363,0.6689553989851404,-0.02662337662337666,"age_years,sex",186
within_project,cancer_other,PRJNA290926,Bacteria.Bacillota.Clostridia.Lachnospirales.Lachnospiraceae.Roseburia,Roseburia,308,120,0.17879475350058113,0.23329220054644673,0.7663983325708501,0.44386579859029485,0.8375074694378458,0.5667365635670949,-0.035660173160173114,"age_years,sex",186
within_project,cancer_other,PRJNA290926,Bacteria.Bacillota.Clostridia.Lachnospirales.Lachnospiraceae.[Eubacterium] eligens group,[Eubacterium] eligens group,308,120,0.10027619065153191,0.30043508281031683,0.3337699103364784,0.7387181974784773,0.9501590096445363,0.8390302024488892,0.012662337662337597,"age_years,sex",186
within_project,cancer_other,PRJNA290926,Bacteria.Bacillota.Clostridia.Lachnospirales.Lachnospiraceae.[Eubacterium] ruminantium group,[Eubacterium] ruminantium group,308,120,0.06882904220698949,0.2769649149566795,0.24851177347771697,0.8038587829142593,0.9501590096445363,0.49769010486865206,-0.04220779220779225,"age_years,sex",186
within_project,cancer_other,PRJNA290926,Bacteria.Bacillota.Clostridia.NA.NA.NA,Clostridia,308,120,0.02948530257542194,0.24991709801036266,0.11798033351923505,0.9061391101504841,0.9793626722109556,0.8903292381003933,0.008603896103896114,"age_years,sex",186
within_project,cancer_other,PRJNA290926,Bacteria.Bacillota.Clostridia.Oscillospirales.Oscillospiraceae.Colidextribacter,Colidextribacter,308,120,0.2824418131973576,0.23508955300929163,1.2014222222209698,0.2302581130635075,0.7538057291439536,0.364905959496708,0.05638528138528143,"age_years,sex",186
within_project,cancer_other,PRJNA290926,Bacteria.Bacillota.Clostridia.Oscillospirales.Oscillospiraceae.UCG-002,UCG-002,308,120,0.5926291510363202,0.29905227406099577,1.9816908361494199,0.0481592420361839,0.6089891132946301,0.2051241318136362,0.07884199134199132,"age_years,sex",186
within_project,cancer_other,PRJNA290926,Bacteria.Bacillota.Clostridia.Oscillospirales.Ruminococcaceae.CAG-352,CAG-352,308,120,0.4796092295379551,0.3754129583397641,1.277551077775768,0.20210682049078688,0.7433593266700123,0.43493002421643434,0.04859307359307352,"age_years,sex",186
within_project,cancer_other,PRJNA290926,Bacteria.Bacillota.Clostridia.Oscillospirales.Ruminococcaceae.Faecalibacterium,Faecalibacterium,308,120,0.0035731761141128433,0.2043608165254465,0.01748464394918837,0.9860582078172813,0.9916162679985949,0.10953663665625703,-0.09956709956709953,"age_years,sex",186
within_project,cancer_other,PRJNA290926,Bacteria.Bacillota.Clostridia.Oscillospirales.Ruminococcaceae.Gemmiger,Gemmiger,308,120,0.12611396321355461,0.2800381952344919,0.45034557913770373,0.6526914576974664,0.9501590096445363,0.5439886229335144,-0.03777056277056279,"age_years,sex",186
within_project,cancer_other,PRJNA290926,Bacteria.Bacillota.Clostridia.Oscillospirales.Ruminococcaceae.NA,Ruminococcaceae,308,120,0.3511704016449258,0.27592696934722616,1.2726932871973577,0.20382433150629367,0.7433593266700123,0.677847090850044,0.025865800865800814,"age_years,sex",186
within_project,cancer_other,PRJNA290926,Bacteria.Bacillota.Clostridia.Oscillospirales.Ruminococcaceae.Ruminococcus,Ruminococcus,308,120,0.48712784085728755,0.27994246039701626,1.7400998768334022,0.0825670370166664,0.6089891132946301,0.10972967665719237,0.09951298701298694,"age_years,sex",186
within_project,cancer_other,PRJNA290926,Bacteria.Bacillota.Clostridia.Oscillospirales.Ruminococcaceae.[Eubacterium] siraeum group,[Eubacterium] siraeum group,308,120,-0.1266785482045309,0.30153728255965495,-0.4201090728456416,0.6746185850000639,0.9501590096445363,0.9144405205944413,-0.006709956709956666,"age_years,sex",186
within_project,cancer_other,PRJNA290926,Bacteria.Bacillota.Clostridia.Oscillospirales.UCG-010.Incertae Sedis,Incertae Sedis,308,120,-0.017575052955940564,0.27156891438366015,-0.06471673312031337,0.948430040198799,0.9793626722109556,0.675301957683334,0.02608225108225115,"age_years,sex",186
within_project,cancer_other,PRJNA290926,Bacteria.Bacillota.Clostridia.Peptostreptococcales-Tissierellales.Peptostreptococcaceae.Romboutsia,Romboutsia,308,120,-0.04108791329969468,0.29835558260383216,-0.1377145784942552,0.8905313712265323,0.9793626722109556,0.2586302652428796,-0.0702922077922078,"age_years,sex",186
within_project,cancer_other,PRJNA290926,Bacteria.Bacillota.NA.NA.NA.NA,Bacteria.Bacillota.NA.NA.NA.NA,308,120,-0.013987530316968684,0.21877971702145624,-0.06393431030718855,0.9490526627760942,0.9793626722109556,0.9649580916378103,0.002759740259740351,"age_years,sex",186
within_project,cancer_other,PRJNA290926,Bacteria.Bacillota.Negativicutes.Acidaminococcales.Acidaminococcaceae.Phascolarctobacterium,Phascolarctobacterium,308,120,0.5952972709248274,0.3504532240706414,1.6986497199547306,0.09011879460840039,0.6089891132946301,0.11706302684235848,0.09751082251082255,"age_years,sex",186
within_project,cancer_other,PRJNA290926,Bacteria.Bacteroidota.Bacteroidia.Bacteroidales.Bacteroidaceae.Bacteroides,Bacteroides,308,120,-0.1366727960341417,0.1773296523376665,-0.7707272541982596,0.44129786315735975,0.8375074694378458,0.9047852895113376,-0.007467532467532512,"age_years,sex",186
within_project,cancer_other,PRJNA290926,Bacteria.Bacteroidota.Bacteroidia.Bacteroidales.Prevotellaceae.Incertae Sedis,Incertae Sedis,308,120,0.33867918631847943,0.2154196261928712,1.5721835206196604,0.11665388285086345,0.6089891132946301,0.49713872501030065,-0.04226190476190472,"age_years,sex",186
within_project,cancer_other,PRJNA290926,Bacteria.Bacteroidota.Bacteroidia.Bacteroidales.Prevotellaceae.Segatella,Segatella,308,120,0.47367839722386107,0.33364523248465,1.419706775656246,0.1564278607452269,0.7257543963463345,0.6670560084896762,-0.0267857142857143,"age_years,sex",186
within_project,cancer_other,PRJNA290926,Bacteria.Bacteroidota.Bacteroidia.Bacteroidales.Rikenellaceae.Alistipes,Alistipes,308,120,0.45854557825996717,0.26366459156514455,1.7391246034895538,0.08273861361783019,0.6089891132946301,0.014660681583638964,0.15183982683982689,"age_years,sex",186
within_project,cancer_other,PRJNA290926,Bacteria.Bacteroidota.Bacteroidia.Bacteroidales.Tannerellaceae.Parabacteroides,Parabacteroides,308,120,0.5094062790426227,0.31634690981287417,1.610277398770695,0.10808149738974004,0.6089891132946301,0.08119020037643107,0.10849567099567103,"age_years,sex",186
within_project,cancer_other,PRJNA290926,Bacteria.NA.NA.NA.NA.NA,Bacteria.NA.NA.NA.NA.NA,308,120,-0.11597332899032069,0.08305947459959331,-1.3962685118030898,0.16336420292490378,0.7257543963463345,0.023517361663225756,-0.14090909090909087,"age_years,sex",186
within_project,cancer_other,PRJNA290926,Bacteria.Pseudomonadota.Gammaproteobacteria.Burkholderiales.Oxalobacteraceae.Oxalobacter,Oxalobacter,308,120,-0.011373244408011154,0.15375626523182914,-0.07396930714246286,0.9410696910619021,0.9793626722109556,0.06843717093375497,-0.11336580086580084,"age_years,sex",186
within_project,cancer_other,PRJNA290926,Bacteria.Pseudomonadota.Gammaproteobacteria.Enterobacterales.Enterobacteriaceae.Klebsiella,Klebsiella,308,120,0.22431438421497768,0.23292654015625106,0.9630263003284375,0.33608322385931266,0.812917891595562,0.7763798886536943,-0.017694805194805152,"age_years,sex",186
within_project,cancer_other,PRJNA290926,Bacteria.Pseudomonadota.Gammaproteobacteria.Enterobacterales.Pasteurellaceae.Haemophilus,Haemophilus,308,120,-0.3442450633390417,0.29297662932199803,-1.1749915484238054,0.24065752354363817,0.7538057291439536,0.2396979753345152,-0.0731601731601732,"age_years,sex",186
within_project,cancer_other,PRJNA290926,Archaea.Methanobacteriota.Methanobacteria.Methanobacteriales.Methanobacteriaceae.Methanobrevibacter,Methanobrevibacter,308,120,0.6139103293457941,0.3917830578599022,1.5669649746960792,0.11786886063767034,0.6089891132946301,0.11890374910817472,0.09702380952380962,"age_years,sex",186
within_project,cancer_other,PRJNA290926,Bacteria.Actinomycetota.Actinobacteria.Micrococcales.Micrococcaceae.Rothia,Rothia,308,120,-0.0799053604271869,0.15640188334522817,-0.510897686895564,0.6096886078147196,0.9372072814341971,0.12520370610549386,-0.09540043290043287,"age_years,sex",186
within_project,cancer_other,PRJNA290926,Bacteria.Actinomycetota.Coriobacteriia.Coriobacteriales.Eggerthellaceae.Eggerthella,Eggerthella,308,120,0.35844435076502495,0.27762092958641815,1.2911287030808964,0.1973625315483721,0.7433593266700123,0.8903292381003933,-0.008603896103896114,"age_years,sex",186
within_project,cancer_other,PRJNA290926,Bacteria.Bacillota.Bacilli.Erysipelotrichales.Erysipelatoclostridiaceae.Catenibacterium,Catenibacterium,308,120,0.17635957344932862,0.23004148274357847,0.7666424826774059,0.4437207401852683,0.8375074694378458,0.20730975855231004,-0.07846320346320346,"age_years,sex",186
within_project,cancer_other,PRJNA290926,Bacteria.Bacillota.Bacilli.Lactobacillales.Enterococcaceae.Enterococcus,Enterococcus,308,120,0.19818860960594825,0.21639287121608577,0.9158740234471074,0.3602535695130151,0.812917891595562,0.8471980895653024,0.01201298701298703,"age_years,sex",186
within_project,cancer_other,PRJNA290926,Bacteria.Bacillota.Bacilli.Lactobacillales.Lactobacillaceae.Lactobacillus,Lactobacillus,308,120,-0.11031355260008754,0.22057908822019234,-0.5001088430013247,0.617257892031801,0.9410653108025819,0.24743457111703993,-0.07196969696969702,"age_years,sex",186
within_project,cancer_other,PRJNA290926,Bacteria.Bacillota.Bacilli.Staphylococcales.Gemellaceae.Gemella,Gemella,308,120,0.2647750199577617,0.1655763944665193,1.599110916811883,0.11054082663132346,0.6089891132946301,0.8738528449638956,-0.009902597402597357,"age_years,sex",186
within_project,cancer_other,PRJNA290926,Bacteria.Bacillota.Clostridia.Lachnospirales.Lachnospiraceae.NA,Lachnospiraceae,308,120,-0.24261697327795306,0.1533108998903523,-1.5825161384576851,0.11427739105006102,0.6089891132946301,0.028516425912647834,-0.1362554112554113,"age_years,sex",186
within_project,cancer_other,PRJNA290926,Bacteria.Bacillota.Clostridia.Oscillospirales.Butyricicoccaceae.Agathobaculum,Agathobaculum,308,120,-0.39331787350294894,0.25723320829274193,-1.5290322587561753,0.1270021137874994,0.6189860554896983,0.09861478345059506,-0.10275974025974022,"age_years,sex",186
within_project,cancer_other,PRJNA290926,Bacteria.Bacillota.Clostridia.Oscillospirales.Oscillospiraceae.Intestinimonas,Intestinimonas,308,120,0.18879084337896185,0.27375244483756395,0.6896407573308957,0.49079738800389894,0.8375074694378458,0.9601046008594457,-0.003138528138528107,"age_years,sex",186
within_project,cancer_other,PRJNA290926,Bacteria.Bacillota.Clostridia.Oscillospirales.Oscillospiraceae.NA,Oscillospiraceae,308,120,0.050702988158936285,0.16289412966422911,0.31126344616254426,0.7557533308874175,0.9501590096445363,0.13765631024440184,-0.09237012987012982,"age_years,sex",186
within_project,cancer_other,PRJNA290926,Bacteria.Bacillota.Clostridia.Oscillospirales.Oscillospiraceae.NK4A214 group,NK4A214 group,308,120,0.4860790992722576,0.2908899330830138,1.6710069479562943,0.0954581882333095,0.6089891132946301,0.09374499989890044,0.10427489177489169,"age_years,sex",186
within_project,cancer_other,PRJNA290926,Bacteria.Bacillota.Clostridia.Oscillospirales.Ruminococcaceae.Acutalibacter,Acutalibacter,308,120,-0.29830708517060195,0.1673754997351955,-1.7822625512249588,0.07542191181236943,0.6089891132946301,0.03059743195330494,-0.1345238095238095,"age_years,sex",186
within_project,cancer_other,PRJNA290926,Bacteria.Bacillota.Clostridia.Oscillospirales.Ruminococcaceae.Incertae Sedis,Incertae Sedis,308,120,0.27929870769072096,0.2670014461443082,1.0460569098931636,0.29613072390495915,0.7757790795256676,0.4699893941507708,0.04496753246753249,"age_years,sex",186
within_project,cancer_other,PRJNA290926,Bacteria.Bacillota.Clostridia.Peptostreptococcales-Tissierellales.Anaerovoracaceae.Mogibacterium,Mogibacterium,308,120,0.381486066639928,0.20192507904100113,1.8892455976826277,0.05954101238774681,0.6089891132946301,0.8193642295678716,0.014231601731601762,"age_years,sex",186
within_project,cancer_other,PRJNA290926,Bacteria.Bacteroidota.Bacteroidia.Bacteroidales.Prevotellaceae.Massiliprevotella,Massiliprevotella,308,120,0.4483153676072714,0.2562974175665746,1.7491997065901734,0.08098004497605632,0.6089891132946301,0.257897536654642,-0.07040043290043285,"age_years,sex",186
within_project,cancer_other,PRJNA290926,Bacteria.Pseudomonadota.Gammaproteobacteria.Enterobacterales.Enterobacteriaceae.Escherichia-Shigella,Escherichia-Shigella,308,120,0.10778471865840664,0.2769123829957915,0.3892376263290643,0.6972957838539249,0.9501590096445363,0.19176855826302586,0.0812229437229437,"age_years,sex",186
within_project,cancer_other,PRJNA290926,Bacteria.Verrucomicrobiota.Verrucomicrobiia.Verrucomicrobiales.Akkermansiaceae.Akkermansia,Akkermansia,308,120,0.11074177450802124,0.3273247748348251,0.33832383926301896,0.73528662284077,0.9501590096445363,0.6938365672804472,0.024512987012986986,"age_years,sex",186
within_project,cancer_other,PRJNA290926,Bacteria.Actinomycetota.Coriobacteriia.Coriobacteriales.Eggerthellaceae.Incertae Sedis,Incertae Sedis,308,120,0.05126174951643159,0.2757393050470906,0.18590657399269625,0.8526069322842378,0.9789190704004211,0.8917045123504033,-0.008495670995670945,"age_years,sex",186
within_project,cancer_other,PRJNA290926,Bacteria.Actinomycetota.Coriobacteriia.Coriobacteriales.Eggerthellaceae.Slackia,Slackia,308,120,-0.38664796523093226,0.2250502699907639,-1.718051550201652,0.08651727888535828,0.6089891132946301,0.0077966241803040705,-0.16553030303030303,"age_years,sex",186
within_project,cancer_other,PRJNA290926,Bacteria.Bacillota.Bacilli.Erysipelotrichales.Erysipelatoclostridiaceae.Erysipelotrichaceae UCG-003,Erysipelotrichaceae UCG-003,308,120,0.4038748263408269,0.33039231536980823,1.2224098671567758,0.22223175097841674,0.7538057291439536,0.9310209721698488,-0.005411255411255422,"age_years,sex",186
within_project,cancer_other,PRJNA290926,Bacteria.Bacillota.Bacilli.Erysipelotrichales.Erysipelatoclostridiaceae.Massiliomicrobiota,Massiliomicrobiota,308,120,-0.07478330264969366,0.17146862818939043,-0.4361340231117616,0.6629614684102108,0.9501590096445363,0.0224190182204514,-0.14204545454545459,"age_years,sex",186
within_project,cancer_other,PRJNA290926,Bacteria.Bacillota.Clostridia.Oscillospirales.Ruminococcaceae.Fournierella,Fournierella,308,120,-0.4092657023193243,0.15382805189843113,-2.6605401113026663,0.008097534628554146,0.3765353602277678,0.0019922886134978108,-0.19231601731601733,"age_years,sex",186
within_project,cancer_other,PRJNA290926,Bacteria.Bacillota.Clostridia.Oscillospirales.[Eubacterium] coprostanoligenes group.Incertae Sedis,Incertae Sedis,308,120,0.4657682321123241,0.2250339885575341,2.06976837187082,0.03907912010461602,0.6089891132946301,0.0650759208261875,0.11477272727272725,"age_years,sex",186
within_project,cancer_other,PRJNA290926,Bacteria.Bacillota.Clostridia.Peptococcales.Peptococcaceae.Peptococcus,Peptococcus,308,120,0.2806359416531065,0.2102865825091613,1.3345404081636087,0.1827430294933476,0.7433593266700123,0.591733072121396,-0.03338744588744591,"age_years,sex",186
within_project,cancer_other,PRJNA290926,Bacteria.Bacillota.Clostridia.Peptostreptococcales-Tissierellales.Anaerovoracaceae.Family XIII AD3011 group,Family XIII AD3011 group,308,120,0.4222904822521369,0.23092955380979713,1.8286549957999414,0.06815362823870366,0.6089891132946301,0.38503942810478586,0.05405844155844153,"age_years,sex",186
within_project,cancer_other,PRJNA290926,Bacteria.Bacillota.Clostridia.Peptostreptococcales-Tissierellales.Family XI.Parvimonas,Parvimonas,308,120,0.3759196176617727,0.1620138934489012,2.320292474054621,0.02079889513880906,0.6089891132946301,0.9781378808040435,0.0017316017316018062,"age_years,sex",186
within_project,cancer_other,PRJNA290926,Bacteria.Bacillota.Clostridia.Peptostreptococcales-Tissierellales.Peptostreptococcaceae.Intestinibacter,Intestinibacter,308,120,0.016837272543361675,0.3218345683201415,0.052316544587631054,0.9583011093677093,0.9793626722109556,0.28912720633649336,-0.0659632034632035,"age_years,sex",186
within_project,cancer_other,PRJNA290926,Bacteria.Bacteroidota.Bacteroidia.Bacteroidales.Muribaculaceae.Incertae Sedis,Incertae Sedis,308,120,0.34198792396293376,0.3055891469775301,1.1191101756898456,0.26372672466815655,0.7538057291439536,0.5059997204326656,0.04139610389610393,"age_years,sex",186
within_project,cancer_other,PRJNA290926,Bacteria.Actinomycetota.Actinobacteria.Actinomycetales.Actinomycetaceae.Schaalia,Schaalia,308,120,0.01779269352990162,0.24629383573328037,0.072241733037809,0.9424435981637402,0.9793626722109556,0.2847959188999124,-0.0665584415584416,"age_years,sex",186
within_project,cancer_other,PRJNA290926,Bacteria.Bacillota.Clostridia.Lachnospirales.Lachnospiraceae.Anaerostipes,Anaerostipes,308,120,-0.1662792761911305,0.18781373632280557,-0.8853413996585285,0.37647433600220503,0.812917891595562,0.042530008265294156,-0.1261904761904762,"age_years,sex",186
within_project,cancer_other,PRJNA290926,Bacteria.Bacillota.Clostridia.Lachnospirales.Lachnospiraceae.Fusicatenibacter,Fusicatenibacter,308,120,-0.2643510618049345,0.2611958803939178,-1.0120797518179012,0.3120771166309483,0.8038821882193716,0.014873914069339076,-0.1515151515151515,"age_years,sex",186
within_project,cancer_other,PRJNA290926,Bacteria.Bacillota.Clostridia.Lachnospirales.Lachnospiraceae.Marvinbryantia,Marvinbryantia,308,120,0.22782777989923572,0.2858192681440818,0.7971043428198391,0.4258365646812897,0.8375074694378458,0.4147396348761525,0.05075757575757578,"age_years,sex",186
within_project,cancer_other,PRJNA290926,Bacteria.Bacillota.Negativicutes.Veillonellales-Selenomonadales.Veillonellaceae.Dialister,Dialister,308,120,-0.29307046258492714,0.36427674004438776,-0.8045269718544642,0.42154356708724505,0.8375074694378458,0.21881727845513066,-0.07651515151515154,"age_years,sex",186
within_project,cancer_other,PRJNA290926,Bacteria.Bacillota.Negativicutes.Veillonellales-Selenomonadales.Veillonellaceae.Megasphaera,Megasphaera,308,120,0.023343604636403077,0.22726561520251973,0.10271507467419234,0.91823766989129,0.9793626722109556,0.10094339628497916,-0.10205627705627707,"age_years,sex",186
within_project,cancer_other,PRJNA290926,Bacteria.Bacillota.Bacilli.Erysipelotrichales.Erysipelotrichaceae.Turicibacter,Turicibacter,308,120,0.08550051664684293,0.2922126851161272,0.29259686865703477,0.7699734376979062,0.9501590096445363,0.2626860565863185,-0.0696969696969697,"age_years,sex",186
within_project,cancer_other,PRJNA290926,Bacteria.Bacillota.Clostridia.Lachnospirales.Lachnospiraceae.Faecalimonas,Faecalimonas,308,120,-0.16565723539672672,0.2687295513939686,-0.6164459194659481,0.5379310768878842,0.8759499029340361,0.3313974231714786,-0.06044372294372291,"age_years,sex",186
within_project,cancer_other,PRJNA290926,Bacteria.Bacillota.Clostridia.Peptostreptococcales-Tissierellales.Peptostreptococcaceae.Terrisporobacter,Terrisporobacter,308,120,-0.4258824524729461,0.3053893083171054,-1.394555869751422,0.16388002498143037,0.7257543963463345,0.06494941099396383,-0.11482683982683983,"age_years,sex",186
within_project,cancer_other,PRJNA290926,Bacteria.Cyanobacteriota.Vampirivibrionia.Gastranaerophilales.Gastranaerophilaceae.Zag_111,Zag_111,308,120,0.03631445504394978,0.18391353344224545,0.19745395765208132,0.8435669306095377,0.9745555844308945,0.2686634337805611,-0.0688311688311688,"age_years,sex",186
within_project,cancer_other,PRJNA290926,Bacteria.Bacillota.Bacilli.Lactobacillales.Streptococcaceae.Lactococcus,Lactococcus,308,120,-0.3737838876325186,0.22547992565404976,-1.6577257888846797,0.09811245797968444,0.6089891132946301,9.064604882579275e-05,-0.24350649350649356,"age_years,sex",186
within_project,cancer_other,PRJNA290926,Bacteria.Bacillota.Clostridia.Lachnospirales.Lachnospiraceae.CAG-56,CAG-56,308,120,-0.030198291773387682,0.30392528228923815,-0.09936090721353256,0.9208986801209411,0.9793626722109556,0.22573826048730528,-0.07537878787878793,"age_years,sex",186
within_project,cancer_other,PRJNA290926,Bacteria.Bacillota.Clostridia.Lachnospirales.Lachnospiraceae.Lachnoclostridium,Lachnoclostridium,308,120,0.35450154313550986,0.2733810147771129,1.2967306578495745,0.1954291192221008,0.7433593266700123,0.3521561651087527,0.0579004329004329,"age_years,sex",186
within_project,cancer_other,PRJNA290926,Bacteria.Bacillota.Clostridia.Lachnospirales.Lachnospiraceae.Lachnospira,Lachnospira,308,120,-0.12962924042956994,0.27554090299178063,-0.47045371130774283,0.6382728044376773,0.9501590096445363,0.4462723799369869,-0.047402597402597446,"age_years,sex",186
within_project,cancer_other,PRJNA290926,Bacteria.Bacillota.Clostridia.Lachnospirales.Lachnospiraceae.Lachnospiraceae FCS020 group,Lachnospiraceae FCS020 group,308,120,0.4015220313963448,0.25954324494961534,1.5470332563434335,0.12260126410311056,0.6163198681940153,0.6919104449399917,0.024675324675324628,"age_years,sex",186
within_project,cancer_other,PRJNA290926,Bacteria.Bacillota.Clostridia.Oscillospirales.Ruminococcaceae.Ruthenibacterium,Ruthenibacterium,308,120,0.00287445698691469,0.23462648907914085,0.012251204023025375,0.9902309602960979,0.9916162679985949,0.728180875122431,0.02164502164502169,"age_years,sex",186
within_project,cancer_other,PRJNA290926,Bacteria.Actinomycetota.Actinobacteria.Bifidobacteriales.Bifidobacteriaceae.Bifidobacterium,Bifidobacterium,308,120,0.28423010140918603,0.36341505986007316,0.7821087588352118,0.4345872000740043,0.8375074694378458,0.7099635200851917,0.02316017316017316,"age_years,sex",186
within_project,cancer_other,PRJNA290926,Bacteria.Bacillota.Bacilli.Lactobacillales.Lactobacillaceae.Ligilactobacillus,Ligilactobacillus,308,120,0.2390251053477192,0.18975720946182667,1.2596364903637758,0.20849344888358473,0.7457650286989762,0.4525294293253399,-0.04675324675324677,"age_years,sex",186
within_project,cancer_other,PRJNA290926,Bacteria.Bacillota.Clostridia.Oscillospirales.Ruminococcaceae.Candidatus Soleaferrea,Candidatus Soleaferrea,308,120,-0.30707204122034937,0.16146683321041597,-1.9017654283229024,0.057879332910867144,0.6089891132946301,0.01668043942703223,-0.1489177489177489,"age_years,sex",186
within_project,cancer_other,PRJNA290926,Bacteria.Thermodesulfobacteriota.Desulfovibrionia.Desulfovibrionales.Desulfovibrionaceae.Bilophila,Bilophila,308,120,0.25332474778382374,0.2790049734906832,0.9079578210181368,0.3644162632576827,0.812917891595562,0.681671685813294,0.02554112554112553,"age_years,sex",186
within_project,cancer_other,PRJNA290926,Bacteria.Actinomycetota.Coriobacteriia.Coriobacteriales.Eggerthellaceae.Gordonibacter,Gordonibacter,308,120,-0.06928729688251681,0.19363071649229444,-0.35783215668302354,0.7206469869872147,0.9501590096445363,0.03645614381504144,-0.1301406926406926,"age_years,sex",186
within_project,cancer_other,PRJNA290926,Bacteria.Bacillota.Bacilli.Lactobacillales.Carnobacteriaceae.Granulicatella,Granulicatella,308,120,-0.32833583844750786,0.17117438677247623,-1.9181364959929985,0.055765028683716966,0.6089891132946301,0.006512822840317815,-0.16926406926406923,"age_years,sex",186
within_project,cancer_other,PRJNA290926,Bacteria.Bacillota.Clostridia.Lachnospirales.Lachnospiraceae.Anaerobutyricum,Anaerobutyricum,308,120,0.3940945906151881,0.2596331898830521,1.5178898768400992,0.12978739873171094,0.6189860554896983,0.6867838821922732,0.02510822510822508,"age_years,sex",186
within_project,cancer_other,PRJNA290926,Bacteria.Bacillota.Clostridia.Lachnospirales.Lachnospiraceae.Extibacter,Extibacter,308,120,0.5831474385331745,0.31230421113201645,1.8672416757347787,0.0625576578754793,0.6089891132946301,0.16619596711366125,0.08614718614718608,"age_years,sex",186
within_project,cancer_other,PRJNA290926,Bacteria.Bacillota.Clostridia.Lachnospirales.Lachnospiraceae.Lachnospiraceae UCG-004,Lachnospiraceae UCG-004,308,120,-0.2625137091285522,0.20408747590404827,-1.286280346041288,0.19904716380267387,0.7433593266700123,0.007100986200274774,-0.16747835497835495,"age_years,sex",186
within_project,cancer_other,PRJNA290926,Bacteria.Bacillota.Clostridia.Lachnospirales.Lachnospiraceae.[Eubacterium] ventriosum group,[Eubacterium] ventriosum group,308,120,-0.4281701847456144,0.24069970077550304,-1.778856323319497,0.07597968771303586,0.6089891132946301,0.05783672670165935,-0.11801948051948052,"age_years,sex",186
within_project,cancer_other,PRJNA290926,Bacteria.Bacillota.Clostridia.Lachnospirales.Lachnospiraceae.[Ruminococcus] gnavus group,[Ruminococcus] gnavus group,308,120,-0.22351959153163747,0.34526216585246633,-0.6473909209824903,0.5177293226025039,0.8675464324690606,0.5054434839075799,-0.041450216450216404,"age_years,sex",186
within_project,cancer_other,PRJNA290926,Bacteria.Bacillota.Clostridia.Monoglobales.Monoglobaceae.Monoglobus,Monoglobus,308,120,0.2091352147249736,0.2243279250767433,0.9322745469759406,0.351725206384783,0.812917891595562,0.6463056737748578,-0.02857142857142858,"age_years,sex",186
within_project,cancer_other,PRJNA290926,Bacteria.Bacillota.Clostridia.Oscillospirales.Oscillospiraceae.UCG-005,UCG-005,308,120,0.2579508859042164,0.26993988435176314,0.9555864133366684,0.3398257272687948,0.812917891595562,0.10203281532697771,0.10173160173160167,"age_years,sex",186
within_project,cancer_other,PRJNA290926,Bacteria.Bacillota.Clostridia.Peptostreptococcales-Tissierellales.Anaerovoracaceae.Family XIII UCG-001,Family XIII UCG-001,308,120,0.14776936879756672,0.20859456865600184,0.7084046806667178,0.47908325553708897,0.8375074694378458,0.9663450496739446,-0.0026515151515151825,"age_years,sex",186
within_project,cancer_other,PRJNA290926,Bacteria.Bacillota.Clostridia.Lachnospirales.Lachnospiraceae.Butyribacter,Butyribacter,308,120,-0.22805289384879437,0.26375502704676124,-0.8646390417740276,0.3877258391946594,0.812917891595562,0.5983624924090815,-0.03279220779220782,"age_years,sex",186
within_project,cancer_other,PRJNA290926,Bacteria.Bacillota.Clostridia.Lachnospirales.Lachnospiraceae.[Eubacterium] xylanophilum group,[Eubacterium] xylanophilum group,308,120,-0.506195892526535,0.27122475211166447,-1.8663336903636722,0.06268481559181487,0.6089891132946301,0.03515294460406095,-0.1310606060606061,"age_years,sex",186
within_project,cancer_other,PRJNA290926,Bacteria.Bacillota.Clostridia.Lachnospirales.Lachnospiraceae.[Ruminococcus] gauvreauii group,[Ruminococcus] gauvreauii group,308,120,0.25985413015710374,0.33330810903164476,0.7796213866864932,0.4360487114161986,0.8375074694378458,0.7937678641089724,-0.01628787878787874,"age_years,sex",186
within_project,cancer_other,PRJNA290926,Bacteria.Bacillota.Clostridia.Oscillospirales.Oscillospiraceae.UCG-003,UCG-003,308,120,0.03188554786384638,0.25999202805317034,0.12264048287405774,0.9024499036770227,0.9793626722109556,0.8540172623851724,-0.011471861471861522,"age_years,sex",186
within_project,cancer_other,PRJNA290926,Bacteria.Bacillota.Clostridia.Oscillospirales.Ruminococcaceae.Paludicola,Paludicola,308,120,-0.0638921328650212,0.2044184825737158,-0.312555557895705,0.7547720102809323,0.9501590096445363,0.38885876053548896,-0.053625541125541076,"age_years,sex",186
within_project,cancer_other,PRJNA290926,Bacteria.Bacillota.Bacilli.Erysipelotrichales.Erysipelatoclostridiaceae.Thomasclavelia,Thomasclavelia,308,120,-0.2714032540947831,0.2729045480574508,-0.994498831282388,0.3205472782428381,0.8056999155833497,0.1371957141318937,-0.09247835497835499,"age_years,sex",186
within_project,cancer_other,PRJNA290926,Bacteria.Bacillota.Bacilli.Erysipelotrichales.Erysipelotrichaceae.Amedibacillus,Amedibacillus,308,120,-0.09246168444985435,0.13250564221992012,-0.6977943195535428,0.48568830587709166,0.8375074694378458,0.06457109833729358,-0.11498917748917747,"age_years,sex",186
within_project,cancer_other,PRJNA290926,Bacteria.Bacillota.Bacilli.Erysipelotrichales.Erysipelotrichaceae.[Clostridium] innocuum group,[Clostridium] innocuum group,308,120,0.06825342280532835,0.1962920304217423,0.34771367262686514,0.728227775147452,0.9501590096445363,0.6575912356141916,0.02759740259740262,"age_years,sex",186
within_project,cancer_other,PRJNA290926,Bacteria.Bacillota.Negativicutes.Veillonellales-Selenomonadales.Veillonellaceae.Veillonella,Veillonella,308,120,-0.1519542641525961,0.2911223633883316,-0.5219601214555355,0.6019706600621497,0.9330545230963321,0.7843917665332376,0.017045454545454586,"age_years,sex",186
within_project,cancer_other,PRJNA290926,Bacteria.Bacteroidota.Bacteroidia.Bacteroidales.Barnesiellaceae.Barnesiella,Barnesiella,308,120,0.4698538380892593,0.3500330144008041,1.3423129212356375,0.1802128243259133,0.7433593266700123,0.11625214355557915,0.09772727272727266,"age_years,sex",186
within_project,cancer_other,PRJNA290926,Bacteria.Bacillota.Clostridia.Lachnospirales.Lachnospiraceae.Hungatella,Hungatella,308,120,0.03752850143114256,0.21325115637924982,0.17598263975835693,0.8603915993277241,0.9793626722109556,0.8862054111036668,-0.008928571428571397,"age_years,sex",186
within_project,cancer_other,PRJNA290926,Bacteria.Bacillota.Clostridia.Oscillospirales.Ruminococcaceae.DTU089,DTU089,308,120,-0.03953286590031263,0.23719789182154286,-0.16666617732865602,0.867712170588597,0.9793626722109556,0.1746026127010165,-0.08446969696969697,"age_years,sex",186
within_project,cancer_other,PRJNA290926,Bacteria.Bacillota.Bacilli.Lactobacillales.Lactobacillaceae.Leuconostoc,Leuconostoc,308,120,-0.09661781334988553,0.11658671592194716,-0.8287206015355087,0.4077287834910356,0.8333797113113475,0.013436980728583618,-0.1537878787878788,"age_years,sex",186
within_project,cancer_other,PRJNA290926,Bacteria.Bacillota.Clostridia.Oscillospirales.Butyricicoccaceae.UCG-008,UCG-008,308,120,0.01025624762152993,0.1892953963353403,0.05418117830695046,0.9568163355377868,0.9793626722109556,0.10781133435209397,-0.10005411255411256,"age_years,sex",186
within_project,cancer_other,PRJNA290926,Bacteria.Bacillota.Clostridia.Lachnospirales.Lachnospiraceae.GCA-900066575,GCA-900066575,308,120,-0.0835213604005214,0.18707539412166943,-0.4464582891441141,0.6554941637872236,0.9501590096445363,0.20110964391454778,-0.07954545454545459,"age_years,sex",186
within_project,cancer_other,PRJNA290926,Bacteria.Bacillota.Clostridia.Lachnospirales.Lachnospiraceae.Lachnospiraceae UCG-010,Lachnospiraceae UCG-010,308,120,0.4830916229175304,0.25752631648291147,1.8758922564311467,0.061356900135833045,0.6089891132946301,0.28794156872421706,0.06612554112554103,"age_years,sex",186
within_project,cancer_other,PRJNA290926,Bacteria.Bacillota.Clostridia.Oscillospirales.Butyricicoccaceae.UCG-009,UCG-009,308,120,-0.01450820808248859,0.1353631763665473,-0.10717987322639429,0.9146969771573569,0.9793626722109556,0.1418554832384644,-0.09139610389610386,"age_years,sex",186
within_project,cancer_other,PRJNA290926,Bacteria.Thermodesulfobacteriota.Desulfovibrionia.Desulfovibrionales.Desulfovibrionaceae.Desulfovibrio,Desulfovibrio,308,120,0.4559709770992428,0.2834167677776407,1.6088355698734889,0.10839658360195123,0.6089891132946301,0.0751595114461962,0.11071428571428577,"age_years,sex",186
within_project,cancer_other,PRJNA290926,Bacteria.Actinomycetota.Coriobacteriia.Coriobacteriales.Coriobacteriales Incertae Sedis.Incertae Sedis,Incertae Sedis,308,120,-0.0768025377953887,0.27273367100046025,-0.28160269875610294,0.7783855549077355,0.9501590096445363,0.15303341473716092,-0.08890692640692643,"age_years,sex",186
within_project,cancer_other,PRJNA290926,Bacteria.Bacillota.Clostridia.Lachnospirales.Lachnospiraceae.Lachnospiraceae NK4B4 group,Lachnospiraceae NK4B4 group,308,120,-0.13097169955215232,0.17436466904644593,-0.7511366853640807,0.4529870830052507,0.8375074694378458,0.024885540003353572,-0.13955627705627704,"age_years,sex",186
within_project,cancer_other,PRJNA290926,Bacteria.Actinomycetota.Coriobacteriia.Coriobacteriales.Incertae Sedis.Incertae Sedis,Incertae Sedis,308,120,0.09405260785673075,0.1672483259761289,0.5623530597858105,0.5741726737569808,0.901312223107466,0.4142420794318553,-0.05081168831168836,"age_years,sex",186
within_project,cancer_other,PRJNA290926,Bacteria.Bacillota.Clostridia.Clostridia vadinBB60 group.Incertae Sedis.Incertae Sedis,Incertae Sedis,308,120,-0.08078325898230135,0.20142989558675065,-0.4010490039077148,0.6885860734231437,0.9501590096445363,0.07630660724202737,-0.11028138528138531,"age_years,sex",186
within_project,cancer_other,PRJNA290926,Bacteria.Pseudomonadota.Alphaproteobacteria.Rhodospirillales.Incertae Sedis.Incertae Sedis,Incertae Sedis,308,120,0.15243307461890235,0.20888192425218494,0.7297571351117419,0.4659416124909761,0.8375074694378458,0.7255686915505524,-0.021861471861471915,"age_years,sex",186
within_project,cancer_other,PRJNA290926,Bacteria.Pseudomonadota.Gammaproteobacteria.Burkholderiales.Sutterellaceae.Sutterella,Sutterella,308,120,0.08332146712665447,0.25582765660489537,0.3256937433286878,0.7448167485563428,0.9501590096445363,0.9413994406598435,0.004599567099567103,"age_years,sex",186
within_project,cancer_other,PRJNA290926,Bacteria.Bacillota.Bacilli.Izemoplasmatales.Incertae Sedis.Incertae Sedis,Incertae Sedis,308,120,-0.18670674884266014,0.16599064771355615,-1.124802821209861,0.2613089404944283,0.7538057291439536,0.05737891233313833,-0.11823593073593075,"age_years,sex",186
within_project,cancer_other,PRJNA290926,Bacteria.Bacillota.Clostridia.Lachnospirales.Lachnospiraceae.Lachnospiraceae ND3007 group,Lachnospiraceae ND3007 group,308,120,0.36321228375063874,0.3108765582036062,1.1683488965827897,0.2433225606264621,0.7538057291439536,0.3097862688409968,0.06320346320346326,"age_years,sex",186
within_project,cancer_other,PRJNA290926,Bacteria.Bacillota.Clostridia.Oscillospirales.Oscillospiraceae.Oscillibacter,Oscillibacter,308,120,-0.15422206902632907,0.25244360019362116,-0.6109169291994039,0.5415819292334094,0.8759499029340361,0.22640546178268406,-0.07527056277056277,"age_years,sex",186
within_project,cancer_other,PRJNA290926,Bacteria.Bacillota.Clostridia.Peptococcales.Peptococcaceae.Incertae Sedis,Incertae Sedis,308,120,0.09319472962631568,0.194532763609775,0.479069581375303,0.6321361028703925,0.9501590096445363,0.9483240617967897,-0.0040584415584415945,"age_years,sex",186
within_project,cancer_other,PRJNA290926,Bacteria.Bacteroidota.Bacteroidia.Bacteroidales.Prevotellaceae.Paraprevotella,Paraprevotella,308,120,-0.09126702718494731,0.29637140204810747,-0.3079481574613353,0.7582730006232244,0.9501590096445363,0.09238963544533303,-0.10470779220779225,"age_years,sex",186
within_project,cancer_other,PRJNA290926,Bacteria.Thermodesulfobacteriota.Desulfovibrionia.Desulfovibrionales.Desulfovibrionaceae.Incertae Sedis,Incertae Sedis,308,120,-0.0958169740871815,0.1441676637830905,-0.6646218130533368,0.5066537109185008,0.8567053657349194,0.05658498954873851,-0.11861471861471862,"age_years,sex",186
within_project,cancer_other,PRJNA290926,Bacteria.Bacillota.Clostridia.Lachnospirales.Defluviitaleaceae.Defluviitaleaceae UCG-011,Defluviitaleaceae UCG-011,308,120,0.1915187486984517,0.16285121415414205,1.176035129324705,0.24024072081343584,0.7538057291439536,0.38933779338712426,-0.0535714285714286,"age_years,sex",186
within_project,cancer_other,PRJNA290926,Bacteria.Bacteroidota.Bacteroidia.Bacteroidales.Marinifilaceae.Odoribacter,Odoribacter,308,120,0.2917298648064904,0.31314677008504854,0.9316074527202006,0.352069575596051,0.812917891595562,0.1547915882091629,0.08852813852813846,"age_years,sex",186
within_project,cancer_other,PRJNA290926,Bacteria.Bacteroidota.Bacteroidia.Bacteroidales.Porphyromonadaceae.Porphyromonas,Porphyromonas,308,120,0.8296229058518843,0.2297878487354678,3.610386321197287,0.00034230247487466217,0.03183413016334358,0.27168688482296877,0.06839826839826846,"age_years,sex",186
within_project,cancer_other,PRJNA290926,Bacteria.Bacteroidota.Bacteroidia.Bacteroidales.Prevotellaceae.Prevotella,Prevotella,308,120,0.03383852360977652,0.12613525306415396,0.2682717383740914,0.7886206278645603,0.9501590096445363,0.05899455932879232,-0.11747835497835502,"age_years,sex",186
within_project,cancer_other,PRJNA290926,Bacteria.Bacillota.Clostridia.Lachnospirales.Lachnospiraceae.Enterocloster,Enterocloster,308,120,0.11011033527240886,0.27926587530233854,0.39428496286272474,0.6935688969080354,0.9501590096445363,0.83495269403948,0.01298701298701288,"age_years,sex",186
within_project,cancer_other,PRJNA290926,Bacteria.Bacteroidota.Bacteroidia.Bacteroidales.Tannerellaceae.Incertae Sedis,Incertae Sedis,308,120,-0.164683976830219,0.23503550129112352,-0.7006770293234783,0.4838889136882646,0.8375074694378458,0.2634281660254574,-0.06958874458874453,"age_years,sex",186
within_project,cancer_other,PRJNA290926,Bacteria.Bacillota.Clostridia.Eubacteriales.Anaerofustaceae.Anaerofustis,Anaerofustis,308,120,-0.01078175664858493,0.13907758223323577,-0.07752332529410612,0.9382438053573242,0.9793626722109556,0.052011211331467085,-0.12088744588744593,"age_years,sex",186
within_project,cancer_other,PRJNA290926,Bacteria.Bacillota.Clostridia.Oscillospirales.Oscillospiraceae.Incertae Sedis,Incertae Sedis,308,120,0.08180715219031359,0.3050497153438111,0.2681764580508182,0.7886939152484733,0.9501590096445363,0.2417908391492487,-0.07283549783549781,"age_years,sex",186
within_project,cancer_other,PRJNA290926,Bacteria.Bacillota.Clostridia.Peptostreptococcales-Tissierellales.Peptostreptococcaceae.Peptostreptococcus,Peptostreptococcus,308,120,0.5770830355077631,0.15411742271318263,3.7444373604776193,0.00020575700420495668,0.03183413016334358,0.9330957846763142,-0.005248917748917781,"age_years,sex",186
within_project,cancer_other,PRJNA290926,Bacteria.Cyanobacteriota.Vampirivibrionia.Gastranaerophilales.Gastranaerophilaceae.CAG-196,CAG-196,308,120,0.03051245245909006,0.1504274749816132,0.20283829441941775,0.8393587244053858,0.9745555844308945,0.06949966374305015,-0.11293290043290038,"age_years,sex",186
within_project,cancer_other,PRJNA290926,Bacteria.Bacillota.Clostridia.Eubacteriales.Eubacteriaceae.Eubacterium,Eubacterium,308,120,0.04475864772173057,0.1404527262390464,0.3186741113558214,0.7501305670524447,0.9501590096445363,0.18246499712296949,-0.0829545454545455,"age_years,sex",186
within_project,cancer_other,PRJNA290926,Bacteria.Bacillota.Clostridia.Oscillospirales.Ruminococcaceae.Angelakisella,Angelakisella,308,120,0.057399995543076204,0.18240509791806422,0.3146841628782771,0.7531562643885009,0.9501590096445363,0.4262806168516645,-0.04951298701298701,"age_years,sex",186
within_project,cancer_other,PRJNA290926,Bacteria.Pseudomonadota.Gammaproteobacteria.Pseudomonadales.Pseudomonadaceae.Pseudomonas,Pseudomonas,308,120,-0.05284789879415725,0.24348860682752332,-0.21704464731523307,0.8282779487428112,0.9689289211708357,0.6117213940054499,-0.03160173160173163,"age_years,sex",186
within_project,cancer_other,PRJNA290926,Bacteria.Bacillota.Bacilli.Erysipelotrichales.Erysipelotrichaceae.Holdemania,Holdemania,308,120,-0.15078425690604563,0.17647279260128065,-0.8544334493914015,0.3933473669010784,0.812917891595562,0.0855301141426019,-0.10698051948051945,"age_years,sex",186
within_project,cancer_other,PRJNA290926,Bacteria.Bacillota.Negativicutes.Acidaminococcales.Acidaminococcaceae.Acidaminococcus,Acidaminococcus,308,120,0.3256410793045812,0.2937770204707029,1.1084634148131267,0.26829008940444915,0.7538057291439536,0.5579335622153125,-0.03647186147186143,"age_years,sex",186
within_project,cancer_other,PRJNA290926,Bacteria.Bacillota.Clostridia.Peptostreptococcales-Tissierellales.Anaerovoracaceae.[Eubacterium] brachy group,[Eubacterium] brachy group,308,120,0.20324470940911943,0.21638043736869061,0.939293366261252,0.34811491705795206,0.812917891595562,0.5596888300698742,0.0363095238095239,"age_years,sex",186
within_project,cancer_other,PRJNA290926,Bacteria.Bacteroidota.Bacteroidia.Bacteroidales.Marinifilaceae.Butyricimonas,Butyricimonas,308,120,0.3020808062431356,0.2688113749415895,1.1237649683119817,0.2617485879030352,0.7538057291439536,0.19988602467994132,0.0797619047619047,"age_years,sex",186
within_project,cancer_other,PRJNA290926,Bacteria.Fusobacteriota.Fusobacteriia.Fusobacteriales.Fusobacteriaceae.Fusobacterium,Fusobacterium,308,120,0.7533806064987217,0.21787465863799343,3.4578624756470218,0.0005995219401609429,0.037170360289978464,0.32923657391104555,0.06071428571428572,"age_years,sex",186
within_project,cancer_other,PRJNA290926,Bacteria.Bacillota.Clostridia.Christensenellales.Christensenellaceae.Incertae Sedis,Incertae Sedis,308,120,-0.22538603321183556,0.2242796067680354,-1.0049332458699398,0.3155021491398609,0.8038821882193716,0.09914831241667713,-0.10259740259740258,"age_years,sex",186
within_project,cancer_other,PRJNA290926,Bacteria.Bacillota.Clostridia.Lachnospirales.Lachnospiraceae.Faecalicatena,Faecalicatena,308,120,0.016395477625605274,0.17135416847026155,0.09568181370767588,0.9238184899518087,0.9793626722109556,0.199580971184527,-0.07981601731601728,"age_years,sex",186
within_project,cancer_other,PRJNA290926,Bacteria.Bacillota.Clostridia.Oscillospirales.Ruminococcaceae.Anaerotruncus,Anaerotruncus,308,120,0.04936188231368365,0.20206255879809018,0.24429009811267519,0.8071243200206276,0.9501590096445363,0.7544719336710192,-0.01948051948051943,"age_years,sex",186
within_project,cancer_other,PRJNA290926,Bacteria.Bacillota.Clostridia.Lachnospirales.Lachnospiraceae.Sellimonas,Sellimonas,308,120,0.14505524077874707,0.2588490522822406,0.5603854427891958,0.5755125287629619,0.901312223107466,0.7910858713395168,-0.016504329004328966,"age_years,sex",186
within_project,cancer_other,PRJNA290926,Bacteria.Bacillota.Clostridia.Oscillospirales.Oscillospiraceae.Oscillospira,Oscillospira,308,120,-0.17285685356208177,0.1968716130982493,-0.8780181705313559,0.38043111492870163,0.812917891595562,0.024551039683709846,-0.13988095238095233,"age_years,sex",186
within_project,cancer_other,PRJNA290926,Bacteria.Pseudomonadota.Gammaproteobacteria.Burkholderiales.Sutterellaceae.Parasutterella,Parasutterella,308,120,-0.08106860092376429,0.2909344548994372,-0.2786490206248896,0.7806500362885751,0.9501590096445363,0.0855301141426019,-0.10698051948051945,"age_years,sex",186
within_project,cancer_other,PRJNA290926,Bacteria.Bacteroidota.Bacteroidia.NA.NA.NA,Bacteroidia,308,120,0.11202408069407463,0.1519602443982374,0.7371933438096918,0.4614125152591301,0.8375074694378458,0.26491672162814206,-0.06937229437229442,"age_years,sex",186
within_project,cancer_other,PRJNA290926,Bacteria.Bacillota.Bacilli.Erysipelotrichales.Erysipelotrichaceae.Faecalitalea,Faecalitalea,308,120,0.2754783178871077,0.2629297026602373,1.0477261226096086,0.29536167717163664,0.7757790795256676,0.7452358680646096,-0.020238095238095277,"age_years,sex",186
within_project,cancer_other,PRJNA290926,Bacteria.Bacillota.Clostridia.Lachnospirales.Lachnospiraceae.Shuttleworthia,Shuttleworthia,308,120,-0.1401424214040851,0.20155277169219618,-0.6953137891753001,0.48723956103958876,0.8375074694378458,0.003200056065496332,-0.18338744588744593,"age_years,sex",186
within_project,cancer_other,PRJNA290926,Bacteria.Actinomycetota.Coriobacteriia.Coriobacteriales.NA.NA,Coriobacteriales,308,120,0.049676528080022896,0.13606259342413068,0.3651005528402104,0.7152183949195163,0.9501590096445363,0.12139324729942548,-0.09637445887445883,"age_years,sex",186
within_project,cancer_other,PRJNA290926,Bacteria.Bacillota.Clostridia.Lachnospirales.Lachnospiraceae.Lachnospiraceae AC2044 group,Lachnospiraceae AC2044 group,308,120,-0.16156554290324543,0.17039927943405075,-0.9481586039556921,0.34358879757915406,0.812917891595562,0.020497146143630254,-0.14415584415584415,"age_years,sex",186
within_project,cancer_other,PRJNA290926,Bacteria.Actinomycetota.Actinobacteria.Actinomycetales.Actinomycetaceae.Actinomyces,Actinomyces,308,120,0.06368188475640117,0.1519311352732388,0.41914966699796735,0.6753190185094774,0.9501590096445363,0.17212991472105843,-0.08495670995671001,"age_years,sex",186
within_project,cancer_other,PRJNA290926,Bacteria.Bacillota.Clostridia.Peptostreptococcales-Tissierellales.Anaerovoracaceae.NA,Anaerovoracaceae,308,120,0.002284497408183638,0.19147052694673905,0.011931326688305984,0.9904860163505927,0.9916162679985949,0.11828767063605403,-0.09718614718614715,"age_years,sex",186
within_project,cancer_other,PRJNA290926,Bacteria.Actinomycetota.Coriobacteriia.Coriobacteriales.Eggerthellaceae.Asaccharobacter,Asaccharobacter,308,120,-0.5973588111914756,0.26881453280833933,-2.2221968617202084,0.02679699446583606,0.6089891132946301,0.0002228062955861931,-0.22965367965367967,"age_years,sex",186
within_project,cancer_other,PRJNA290926,Bacteria.Bacillota.Clostridia.Lachnospirales.Lachnospiraceae.Frisingicoccus,Frisingicoccus,308,120,0.26286902474088597,0.24758997952317094,1.0617110807438195,0.2889712256605731,0.7757790795256676,0.2686634337805611,0.06883116883116891,"age_years,sex",186
within_project,cancer_other,PRJNA290926,Bacteria.Bacillota.Clostridia.Oscillospirales.Ruminococcaceae.Negativibacillus,Negativibacillus,308,120,0.20898019602643947,0.29081483693730487,0.7186022495526675,0.4727818332342525,0.8375074694378458,0.45200612292766185,0.04680735930735924,"age_years,sex",186
within_project,cancer_other,PRJNA290926,Bacteria.Bacillota.Clostridia.Lachnospirales.Lachnospiraceae.Tyzzerella,Tyzzerella,308,120,0.13554669541140732,0.1905773521489908,0.7112424109315925,0.4773251190869666,0.8375074694378458,0.28518784885394755,-0.06650432900432901,"age_years,sex",186
within_project,cancer_other,PRJNA290926,Bacteria.Actinomycetota.Coriobacteriia.Coriobacteriales.Eggerthellaceae.NA,Eggerthellaceae,308,120,-0.2603748803053009,0.19885735176432623,-1.3093550627883326,0.19112319314330678,0.7433593266700123,0.0004010293901901966,-0.22018398268398265,"age_years,sex",186
within_project,cancer_other,PRJNA290926,Bacteria.Bacillota.Bacilli.Erysipelotrichales.Erysipelatoclostridiaceae.Coprobacillus,Coprobacillus,308,120,0.2895520431599762,0.14113875599898243,2.0515416981715764,0.04082800523704646,0.6089891132946301,0.7164513424613965,-0.02261904761904765,"age_years,sex",186
within_project,cancer_other,PRJNA290926,Bacteria.Bacillota.Clostridia.Lachnospirales.Lachnospiraceae.Eisenbergiella,Eisenbergiella,308,120,-0.14953674399636702,0.25671836184664737,-0.5824933710261594,0.5605440281506969,0.898803355483014,0.5521020833527724,-0.03701298701298705,"age_years,sex",186
within_project,cancer_other,PRJNA290926,Bacteria.Bacillota.Clostridia.Oscillospirales.Oscillospiraceae.Flavonifractor,Flavonifractor,308,120,-0.15685022620311984,0.25097818744273054,-0.6249556098930339,0.5323363676903407,0.8759499029340361,0.07430846149899223,-0.11103896103896105,"age_years,sex",186
within_project,cancer_other,PRJNA290926,Bacteria.Bacteroidota.Bacteroidia.Bacteroidales.Barnesiellaceae.Coprobacter,Coprobacter,308,120,0.21300711741204204,0.2453441519545123,0.8681972474792646,0.3857774898639371,0.812917891595562,0.3309645213449387,0.060497835497835606,"age_years,sex",186
within_project,cancer_other,PRJNA290926,Bacteria.Bacillota.Clostridia.Lachnospirales.Lachnospiraceae.UC5-1-2E3,UC5-1-2E3,308,120,0.1902108423541634,0.16542704655855076,1.1498170723058925,0.2508673487732713,0.7538057291439536,0.10442532281254985,-0.10102813852813852,"age_years,sex",186
within_project,cancer_other,PRJNA290926,Bacteria.Bacillota.Clostridia.Oscillospirales.NA.NA,Oscillospirales,308,120,0.05089093365563816,0.181165616657956,0.2809083456035765,0.778917722138118,0.9501590096445363,0.28284173613260033,-0.0668290043290043,"age_years,sex",186
within_project,cancer_other,PRJNA290926,Bacteria.Bacillota.Clostridia.Oscillospirales.Oscillospiraceae.Ruminiclostridium,Ruminiclostridium,308,120,0.19491769841101128,0.17944002918567858,1.08625538736018,0.2779831834361407,0.760365766457679,0.2372724829863796,-0.07353896103896107,"age_years,sex",186
within_project,cancer_other,PRJNA290926,Bacteria.Bacillota.Clostridia.Oscillospirales.Ruminococcaceae.Hydrogenoanaerobacterium,Hydrogenoanaerobacterium,308,120,0.01876102169707207,0.1246468902740816,0.1505133554139949,0.8804311908163266,0.9793626722109556,0.15784123219165846,-0.08787878787878789,"age_years,sex",186
within_project,cancer_other,PRJNA290926,Bacteria.Bacillota.Clostridia.Peptostreptococcales-Tissierellales.Anaerovoracaceae.Incertae Sedis,Incertae Sedis,308,120,-0.0018399229570710248,0.1750000702677073,-0.010513841247357172,0.9916162679985949,0.9916162679985949,0.07953489740602027,-0.10909090909090913,"age_years,sex",186
within_project,cancer_other,PRJNA290926,Bacteria.Bacillota.Bacilli.Erysipelotrichales.Erysipelotrichaceae.Merdibacter,Merdibacter,308,120,-0.05815204989662858,0.1388462950787899,-0.4188232020424423,0.675557425201934,0.9501590096445363,0.026263308952621717,-0.1382575757575758,"age_years,sex",186
within_project,cancer_other,PRJNA290926,Bacteria.Bacillota.Clostridia.Christensenellales.Christensenellaceae.Christensenella,Christensenella,308,120,0.16158431090862327,0.1443363975548887,1.1194980174503488,0.26356151026392993,0.7538057291439536,0.4894536965430897,-0.04301948051948057,"age_years,sex",186
within_project,cancer_other,PRJNA290926,Bacteria.Bacillota.Clostridia.Christensenellales.Christensenellaceae.NA,Christensenellaceae,308,120,-0.0737589621983617,0.29610678087448483,-0.24909582273168882,0.8034072799534563,0.9501590096445363,0.3709223030635317,-0.055681818181818166,"age_years,sex",186
within_project,cancer_other,PRJNA290926,Bacteria.Bacillota.Clostridia.Oscillospirales.Ruminococcaceae.Anaerofilum,Anaerofilum,308,120,-0.22649842557749048,0.09774049239626344,-2.3173448386080504,0.020960397913739704,0.6089891132946301,0.0016345703415270264,-0.19594155844155847,"age_years,sex",186
within_project,cancer_other,PRJNA290926,Bacteria.Bacillota.Clostridia.Lachnospirales.Lachnospiraceae.Catenibacillus,Catenibacillus,308,120,-0.1532409017583035,0.13918654253546767,-1.1009749862796863,0.271532171250779,0.7538057291439536,0.01773724629847651,-0.14751082251082248,"age_years,sex",186
within_project,cancer_other,PRJNA290926,Bacteria.Bacillota.Clostridia.Oscillospirales.Ruminococcaceae.[Clostridium] methylpentosum group,[Clostridium] methylpentosum group,308,120,-0.2517863169627076,0.1387553095009419,-1.8146067193270066,0.07029089792579202,0.6089891132946301,0.007441517795870122,-0.166504329004329,"age_years,sex",186
within_project,cancer_other,PRJNA290926,Bacteria.Synergistota.Synergistia.Synergistales.Synergistaceae.Cloacibacillus,Cloacibacillus,308,120,-0.03439925838389991,0.21776956687580792,-0.15796173394383203,0.8745621524622254,0.9793626722109556,0.16646231082880214,-0.08609307359307361,"age_years,sex",186
within_project,cancer_other,PRJNA290926,Bacteria.Cyanobacteriota.Cyanobacteriia.Chloroplast.Incertae Sedis.Incertae Sedis,Incertae Sedis,308,120,-0.26750181508169446,0.16181118467877148,-1.653172588858679,0.09903592774718264,0.6089891132946301,0.00806245436646777,-0.16482683982683988,"age_years,sex",186
within_project,cancer_other,PRJNA290926,Bacteria.Bacillota.Bacilli.Erysipelotrichales.Erysipelatoclostridiaceae.Longibaculum,Longibaculum,308,120,-0.2271590856300649,0.18231817137298476,-1.2459486836632703,0.21347123746828897,0.7491632107377688,0.02151335106298844,-0.14301948051948055,"age_years,sex",186
within_project,cancer_other,PRJNA290926,Bacteria.Bacillota.Clostridia.Lachnospirales.Lachnospiraceae.Lachnotalea,Lachnotalea,308,120,-0.06780515956618102,0.150684038807514,-0.4499823611231733,0.6529531275900735,0.9501590096445363,0.1547915882091629,-0.08852813852813857,"age_years,sex",186
within_project,cancer_other,PRJNA318004,Bacteria.Bacillota.Bacilli.Erysipelotrichales.Erysipelotrichaceae.Holdemanella,Holdemanella,238,79,0.02868260539025708,0.3472782649500677,0.08259257283026658,0.9342282997123137,0.9917564139078466,0.6963159919250532,0.029358578874587815,"age_years,sex",157
within_project,cancer_other,PRJNA318004,Bacteria.Bacillota.Bacilli.Lactobacillales.Streptococcaceae.Streptococcus,Streptococcus,238,79,0.12596701337687838,0.42424535057241725,0.2969201977273673,0.7667243777140094,0.9478403724496021,0.8444445020039074,0.014785661099882885,"age_years,sex",157
within_project,cancer_other,PRJNA318004,Bacteria.Bacillota.Bacilli.RF39.Incertae Sedis.Incertae Sedis,Incertae Sedis,238,79,-0.17686319065810518,0.308856091860678,-0.5726394761800149,0.5672999282626658,0.9182071003839025,0.3988709941252264,-0.06339751090309542,"age_years,sex",157
within_project,cancer_other,PRJNA318004,Bacteria.Bacillota.Clostridia.Christensenellales.Christensenellaceae.Christensenellaceae R-7 group,Christensenellaceae R-7 group,238,79,0.2984427408239928,0.368372814936111,0.810164943566081,0.4184609027087046,0.8215691647125705,0.6661904074252031,0.03244335708967139,"age_years,sex",157
within_project,cancer_other,PRJNA318004,Bacteria.Bacillota.Clostridia.Clostridia UCG-014.Incertae Sedis.Incertae Sedis,Incertae Sedis,238,79,0.2784799648030204,0.44456779278310543,0.6264060719731096,0.5315051921018994,0.9182071003839025,0.6325554697787505,0.03595362195511109,"age_years,sex",157
within_project,cancer_other,PRJNA318004,Bacteria.Bacillota.Clostridia.Clostridiales.Clostridiaceae.Clostridium,Clostridium,238,79,0.5516080096614233,0.3161521411220077,1.7447549388841552,0.08200902496544932,0.6328849015715577,0.1140339542014551,0.11871077544942032,"age_years,sex",157
within_project,cancer_other,PRJNA318004,Bacteria.Bacillota.Clostridia.Lachnospirales.Lachnospiraceae.Agathobacter,Agathobacter,238,79,-0.15553316126380476,0.3268926457517047,-0.4757927817744235,0.6345539149177175,0.9223652414695792,0.41246951518046526,-0.061589192639080914,"age_years,sex",157
within_project,cancer_other,PRJNA318004,Bacteria.Bacillota.Clostridia.Lachnospirales.Lachnospiraceae.Blautia,Blautia,238,79,-0.044520724024942934,0.14986680535193214,-0.29706861316216715,0.7666111741386062,0.9478403724496021,0.13932302134829733,-0.11105201574300605,"age_years,sex",157
within_project,cancer_other,PRJNA318004,Bacteria.Bacillota.Clostridia.Lachnospirales.Lachnospiraceae.Coprococcus,Coprococcus,238,79,-0.5560917314828061,0.3422653295480468,-1.6247387143100704,0.10522475114729221,0.6506742562566404,0.0549960368583128,-0.14413360280821186,"age_years,sex",157
within_project,cancer_other,PRJNA318004,Bacteria.Bacillota.Clostridia.Lachnospirales.Lachnospiraceae.Dorea,Dorea,238,79,-0.04052452518812598,0.3241630373674601,-0.12501278837102198,0.9005936779994741,0.9917564139078466,0.5438164304711743,-0.04563344325071805,"age_years,sex",157
within_project,cancer_other,PRJNA318004,Bacteria.Bacillota.Clostridia.Lachnospirales.Lachnospiraceae.Howardella,Howardella,238,79,0.5184673083365439,0.20591321293673495,2.5178923729184803,0.012304690414700397,0.49293629625713864,0.03633483043308149,0.15721731730666955,"age_years,sex",157
within_project,cancer_other,PRJNA318004,Bacteria.Bacillota.Clostridia.Lachnospirales.Lachnospiraceae.Lachnospiraceae NK4A136 group,Lachnospiraceae NK4A136 group,238,79,-0.23229461128921292,0.3033347734756291,-0.7658027750249881,0.4443707626071023,0.8305501158251792,0.07957545212911128,-0.1316881182852888,"age_years,sex",157
within_project,cancer_other,PRJNA318004,Bacteria.Bacillota.Clostridia.Lachnospirales.Lachnospiraceae.Mediterraneibacter,Mediterraneibacter,238,79,-0.1407130495472954,0.1984776073644454,-0.7089618391505372,0.47887587359881834,0.8845119077060527,0.4906848207107558,-0.051802999680884976,"age_years,sex",157
within_project,cancer_other,PRJNA318004,Bacteria.Bacillota.Clostridia.Lachnospirales.Lachnospiraceae.Roseburia,Roseburia,238,79,-0.7151720978669721,0.309768210014332,-2.3087330292346118,0.021609611723973847,0.49293629625713864,0.040369152486959554,-0.15397298159770234,"age_years,sex",157
within_project,cancer_other,PRJNA318004,Bacteria.Bacillota.Clostridia.Lachnospirales.Lachnospiraceae.[Eubacterium] eligens group,[Eubacterium] eligens group,238,79,-0.1459451688941983,0.31766460951713993,-0.4594316285847501,0.6462431628130809,0.9223652414695792,0.6355833178559143,-0.03563450696734394,"age_years,sex",157
within_project,cancer_other,PRJNA318004,Bacteria.Bacillota.Clostridia.Lachnospirales.Lachnospiraceae.[Eubacterium] ruminantium group,[Eubacterium] ruminantium group,238,79,0.17551855453122653,0.3475031010367922,0.5050848582575479,0.6138546783350453,0.9223652414695792,0.5242535211459476,0.047867248165088805,"age_years,sex",157
within_project,cancer_other,PRJNA318004,Bacteria.Bacillota.Clostridia.NA.NA.NA,Clostridia,238,79,-0.4125831637966415,0.2717316309208553,-1.518347946459022,0.12993609577727927,0.6506742562566404,0.1363162202157342,-0.11190298904371876,"age_years,sex",157
within_project,cancer_other,PRJNA318004,Bacteria.Bacillota.Clostridia.Oscillospirales.Oscillospiraceae.Colidextribacter,Colidextribacter,238,79,-0.1873935560192165,0.32172810004891544,-0.5824593996941059,0.5606766188728871,0.9182071003839025,0.5391258489178508,-0.046165301563663386,"age_years,sex",157
within_project,cancer_other,PRJNA318004,Bacteria.Bacillota.Clostridia.Oscillospirales.Oscillospiraceae.UCG-002,UCG-002,238,79,0.36520917631989136,0.3807904617026294,0.9590817340511382,0.3382578214943781,0.7982098039856506,0.6963159919250532,0.029358578874587815,"age_years,sex",157
within_project,cancer_other,PRJNA318004,Bacteria.Bacillota.Clostridia.Oscillospirales.Ruminococcaceae.CAG-352,CAG-352,238,79,0.44618907955148196,0.43798325242295444,1.0187354815124374,0.30911534029715926,0.7982098039856506,0.36121248637119396,0.06860972236996066,"age_years,sex",157
within_project,cancer_other,PRJNA318004,Bacteria.Bacillota.Clostridia.Oscillospirales.Ruminococcaceae.Faecalibacterium,Faecalibacterium,238,79,-0.25473541090357665,0.2627062302156206,-0.9696588112680016,0.3329652735747267,0.7982098039856506,0.220143817265405,-0.0921178598021487,"age_years,sex",157
within_project,cancer_other,PRJNA318004,Bacteria.Bacillota.Clostridia.Oscillospirales.Ruminococcaceae.Gemmiger,Gemmiger,238,79,-0.16535301871219338,0.33772210454905277,-0.4896126622596494,0.6247509752394894,0.9223652414695792,0.521488550647915,-0.04818636315285607,"age_years,sex",157
within_project,cancer_other,PRJNA318004,Bacteria.Bacillota.Clostridia.Oscillospirales.Ruminococcaceae.NA,Ruminococcaceae,238,79,-0.22582493758529987,0.3496802068169601,-0.6458041753089783,0.5188793489105692,0.9182071003839025,0.805840282033095,-0.01850866929050099,"age_years,sex",157
within_project,cancer_other,PRJNA318004,Bacteria.Bacillota.Clostridia.Oscillospirales.Ruminococcaceae.Ruminococcus,Ruminococcus,238,79,-0.28326807879750004,0.33731938271573564,-0.8397622351758378,0.401682671950661,0.8215691647125705,0.32726305791372223,-0.07360919051164772,"age_years,sex",157
within_project,cancer_other,PRJNA318004,Bacteria.Bacillota.Clostridia.Oscillospirales.Ruminococcaceae.[Eubacterium] siraeum group,[Eubacterium] siraeum group,238,79,0.06056169177261678,0.3730675245072736,0.16233439737914263,0.87114727607072,0.991087843065964,0.8879009707081633,0.010637166258908648,"age_years,sex",157
within_project,cancer_other,PRJNA318004,Bacteria.Bacillota.Clostridia.Oscillospirales.UCG-010.Incertae Sedis,Incertae Sedis,238,79,0.2320826216345892,0.3354660393703435,0.6918215091763061,0.4895622814126729,0.8937357928115075,0.2657898101115188,0.08360812679502172,"age_years,sex",157
within_project,cancer_other,PRJNA318004,Bacteria.Bacillota.Clostridia.Peptostreptococcales-Tissierellales.Peptostreptococcaceae.Romboutsia,Romboutsia,238,79,-0.3087782855171853,0.3976748716256786,-0.7764591316894434,0.4380642919064859,0.8286276364978107,0.3080563167732081,-0.07658759706414209,"age_years,sex",157
within_project,cancer_other,PRJNA318004,Bacteria.Bacillota.NA.NA.NA.NA,Bacteria.Bacillota.NA.NA.NA.NA,238,79,-0.07891505667052784,0.13046894606882206,-0.604857010409974,0.5457122473527928,0.9182071003839025,0.5205685641329014,-0.04829273481544516,"age_years,sex",157
within_project,cancer_other,PRJNA318004,Bacteria.Bacillota.Negativicutes.Acidaminococcales.Acidaminococcaceae.Phascolarctobacterium,Phascolarctobacterium,238,79,0.1994727456913595,0.4256924301009292,0.46858419738416696,0.6396930433354603,0.9223652414695792,0.8322667684406573,-0.015955749388362972,"age_years,sex",157
within_project,cancer_other,PRJNA318004,Bacteria.Bacteroidota.Bacteroidia.Bacteroidales.Bacteroidaceae.Bacteroides,Bacteroides,238,79,-0.3122547606323858,0.13500103520403917,-2.312980490560292,0.021371789689433544,0.49293629625713864,0.05236050373997802,-0.1457291777470482,"age_years,sex",157
within_project,cancer_other,PRJNA318004,Bacteria.Bacteroidota.Bacteroidia.Bacteroidales.Prevotellaceae.Incertae Sedis,Incertae Sedis,238,79,0.3026637990954766,0.27242610301803394,1.1109941218644566,0.26742357973365405,0.7982098039856506,0.8912595100954048,0.010318051271141382,"age_years,sex",157
within_project,cancer_other,PRJNA318004,Bacteria.Bacteroidota.Bacteroidia.Bacteroidales.Prevotellaceae.Segatella,Segatella,238,79,0.5395369507208356,0.39258767487142926,1.3743094479405946,0.17032885331361897,0.6506742562566404,0.3786029838217543,0.06616317413041162,"age_years,sex",157
within_project,cancer_other,PRJNA318004,Bacteria.Bacteroidota.Bacteroidia.Bacteroidales.Rikenellaceae.Alistipes,Alistipes,238,79,0.05874180121986415,0.25643475920871206,0.2290711345104906,0.818963231846608,0.9648477765692378,0.9486044130593595,0.004893096479097858,"age_years,sex",157
within_project,cancer_other,PRJNA318004,Bacteria.Bacteroidota.Bacteroidia.Bacteroidales.Tannerellaceae.Parabacteroides,Parabacteroides,238,79,-0.08144039996628452,0.36680748228884164,-0.22202491469940758,0.8244392821138655,0.9648477765692378,0.46433903504190677,-0.05499414955855764,"age_years,sex",157
within_project,cancer_other,PRJNA318004,Bacteria.Pseudomonadota.Gammaproteobacteria.Enterobacterales.Enterobacteriaceae.Klebsiella,Klebsiella,238,79,-0.24867961715699188,0.3114535690719687,-0.7984484425655388,0.4252156999719343,0.8215691647125705,0.6631034694194816,-0.03276247207743854,"age_years,sex",157
within_project,cancer_other,PRJNA318004,Bacteria.Pseudomonadota.Gammaproteobacteria.Enterobacterales.Pasteurellaceae.Haemophilus,Haemophilus,238,79,0.7445577936393604,0.3161084537161221,2.355387161863133,0.019120183003227556,0.49293629625713864,0.1067657252751827,0.12115732368896936,"age_years,sex",157
within_project,cancer_other,PRJNA318004,Archaea.Methanobacteriota.Methanobacteria.Methanobacteriales.Methanobacteriaceae.Methanobrevibacter,Methanobrevibacter,238,79,0.6229463888730137,0.45725737845224596,1.3623539350673848,0.17406572460368724,0.6506742562566404,0.23937052603510978,0.08839485161153071,"age_years,sex",157
within_project,cancer_other,PRJNA318004,Bacteria.Actinomycetota.Actinobacteria.Micrococcales.Micrococcaceae.Rothia,Rothia,238,79,-0.005440344323905647,0.29451423439864416,-0.018472262758416583,0.985273874339014,0.9940933183923253,0.24050389752266044,-0.08818210828635253,"age_years,sex",157
within_project,cancer_other,PRJNA318004,Bacteria.Bacillota.Bacilli.Lactobacillales.Enterococcaceae.Enterococcus,Enterococcus,238,79,0.31983565831570887,0.33085052764337375,0.9667074149582803,0.33443665877382656,0.7982098039856506,0.49336288547362284,0.05148388469311782,"age_years,sex",157
within_project,cancer_other,PRJNA318004,Bacteria.Bacillota.Bacilli.Lactobacillales.Lactobacillaceae.HT002,HT002,238,79,-0.2544196471590167,0.2345701629541668,-1.0846206693761318,0.27892440823964576,0.7982098039856506,0.20557999369495672,-0.09509626635464308,"age_years,sex",157
within_project,cancer_other,PRJNA318004,Bacteria.Bacillota.Bacilli.Lactobacillales.Lactobacillaceae.Lactobacillus,Lactobacillus,238,79,-0.19042609975112432,0.35621237202583617,-0.534585867043699,0.5933157845418124,0.9223652414695792,0.12305711569776516,-0.11583874055951493,"age_years,sex",157
within_project,cancer_other,PRJNA318004,Bacteria.Bacillota.Bacilli.Staphylococcales.Gemellaceae.Gemella,Gemella,238,79,0.5369807015175235,0.2724425973453293,1.970986573868565,0.04960616180832298,0.49293629625713864,0.5353880362850661,0.04659078821401974,"age_years,sex",157
within_project,cancer_other,PRJNA318004,Bacteria.Bacillota.Bacilli.Staphylococcales.Staphylococcaceae.Staphylococcus,Staphylococcus,238,79,0.5314831425426606,0.3715695244309662,1.4303733422610247,0.15360739747306257,0.6506742562566404,0.2967664573944896,0.0783959153281566,"age_years,sex",157
within_project,cancer_other,PRJNA318004,Bacteria.Bacillota.Clostridia.Lachnospirales.Lachnospiraceae.NA,Lachnospiraceae,238,79,-0.5059926781422666,0.22066377468187615,-2.2930482308287345,0.022507999660568292,0.49293629625713864,0.025521730412414918,-0.167748111902989,"age_years,sex",157
within_project,cancer_other,PRJNA318004,Bacteria.Bacillota.Clostridia.Oscillospirales.Butyricicoccaceae.Agathobaculum,Agathobaculum,238,79,-0.46488311921941977,0.3599072365833798,-1.2916748316387914,0.19742275691384026,0.7208226240807656,0.018581027922794698,-0.17678970322306142,"age_years,sex",157
within_project,cancer_other,PRJNA318004,Bacteria.Bacillota.Clostridia.Oscillospirales.Oscillospiraceae.Intestinimonas,Intestinimonas,238,79,-0.18360610821204956,0.3189253275075718,-0.5757024995378909,0.5652299536382432,0.9182071003839025,0.8711396319245412,-0.012232741197744867,"age_years,sex",157
within_project,cancer_other,PRJNA318004,Bacteria.Bacillota.Clostridia.Oscillospirales.Oscillospiraceae.NA,Oscillospiraceae,238,79,-0.12974455453020134,0.21315169818009624,-0.6086958520057274,0.5431675499031975,0.9182071003839025,0.43629108278138906,-0.05850441442399745,"age_years,sex",157
within_project,cancer_other,PRJNA318004,Bacteria.Bacillota.Clostridia.Oscillospirales.Oscillospiraceae.NK4A214 group,NK4A214 group,238,79,0.33002246115923517,0.3503833532286106,0.9418896706086068,0.34697551485756895,0.7982098039856506,0.22497861802997332,0.09116051483884702,"age_years,sex",157
within_project,cancer_other,PRJNA318004,Bacteria.Bacillota.Clostridia.Oscillospirales.Ruminococcaceae.Acutalibacter,Acutalibacter,238,79,-0.5601853067056449,0.25567175137184706,-2.191033243601933,0.029186327599232186,0.49293629625713864,0.011330581075028493,-0.19019253270928627,"age_years,sex",157
within_project,cancer_other,PRJNA318004,Bacteria.Bacillota.Clostridia.Oscillospirales.Ruminococcaceae.Incertae Sedis,Incertae Sedis,238,79,-0.20457926783312552,0.30683994066321546,-0.6667295899971175,0.5054360413351411,0.9121087182714616,0.3717375075586278,-0.06712051909371342,"age_years,sex",157
within_project,cancer_other,PRJNA318004,Bacteria.Bacteroidota.Bacteroidia.Bacteroidales.Prevotellaceae.Massiliprevotella,Massiliprevotella,238,79,0.33405373732669713,0.26128656113683385,1.278495671087177,0.20202189544055682,0.7208508541856232,0.19906145363731875,0.09647909796830123,"age_years,sex",157
within_project,cancer_other,PRJNA318004,Bacteria.Pseudomonadota.Gammaproteobacteria.Enterobacterales.Enterobacteriaceae.Escherichia-Shigella,Escherichia-Shigella,238,79,-0.3590748174140135,0.34405872491271067,-1.0436439811404652,0.29745550541126875,0.7982098039856506,0.7483009969773735,0.02414636740772269,"age_years,sex",157
within_project,cancer_other,PRJNA318004,Bacteria.Verrucomicrobiota.Verrucomicrobiia.Verrucomicrobiales.Akkermansiaceae.Akkermansia,Akkermansia,238,79,0.022747436271240432,0.25564726608735755,0.08897977521679179,0.9291548893387014,0.9917564139078466,0.909203230862533,-0.008616104669715963,"age_years,sex",157
within_project,cancer_other,PRJNA318004,Bacteria.Bacillota.Bacilli.Erysipelotrichales.Erysipelatoclostridiaceae.Erysipelotrichaceae UCG-003,Erysipelotrichaceae UCG-003,238,79,-0.5698023343653178,0.3988892028797254,-1.4284726943013466,0.15415295152641062,0.6506742562566404,0.025708996890976273,-0.16753536857781082,"age_years,sex",157
within_project,cancer_other,PRJNA318004,Bacteria.Bacillota.Clostridia.Oscillospirales.Ruminococcaceae.Fournierella,Fournierella,238,79,-0.49058258501976326,0.20514487196594017,-2.391395799068347,0.01737467637811318,0.49293629625713864,0.11501004317443052,-0.11839166046165306,"age_years,sex",157
within_project,cancer_other,PRJNA318004,Bacteria.Bacillota.Clostridia.Oscillospirales.[Eubacterium] coprostanoligenes group.Incertae Sedis,Incertae Sedis,238,79,0.03786353525789972,0.3102874833106422,0.12202727243107289,0.9029557267356652,0.9917564139078466,0.8923794599382,0.010211679608552293,"age_years,sex",157
within_project,cancer_other,PRJNA318004,Bacteria.Bacillota.Clostridia.Peptococcales.Peptococcaceae.Peptococcus,Peptococcus,238,79,0.05982301502526492,0.22004028839177775,0.2718730077228,0.7858989074016616,0.9639541286098505,0.502346010506437,-0.050420168067226934,"age_years,sex",157
within_project,cancer_other,PRJNA318004,Bacteria.Bacillota.Clostridia.Peptostreptococcales-Tissierellales.Anaerovoracaceae.Family XIII AD3011 group,Family XIII AD3011 group,238,79,-0.4256194999304503,0.28803410709606486,-1.4776704891705692,0.14050150126022123,0.6506742562566404,0.038672000374924395,-0.15530262738006595,"age_years,sex",157
within_project,cancer_other,PRJNA318004,Bacteria.Bacillota.Clostridia.Peptostreptococcales-Tissierellales.Peptostreptococcaceae.Intestinibacter,Intestinibacter,238,79,-0.26151780607753317,0.28890750727569114,-0.9051956058309649,0.36605799928004357,0.7982098039856506,0.09250676802451706,-0.1263695351558345,"age_years,sex",157
within_project,cancer_other,PRJNA318004,Bacteria.Bacteroidota.Bacteroidia.Bacteroidales.Muribaculaceae.Incertae Sedis,Incertae Sedis,238,79,0.039388647398523546,0.38681401992355247,0.10182838617459646,0.918958095352873,0.9917564139078466,0.39966335841753076,-0.06329113924050633,"age_years,sex",157
within_project,cancer_other,PRJNA318004,Bacteria.Actinomycetota.Actinobacteria.Actinomycetales.Actinomycetaceae.Schaalia,Schaalia,238,79,0.2542740584394177,0.27097428026594356,0.9383697160847306,0.3487779685369724,0.7982098039856506,0.9519888956721005,0.004573981491330814,"age_years,sex",157
within_project,cancer_other,PRJNA318004,Bacteria.Bacillota.Bacilli.Bacillales.Bacillaceae.Bacillus,Bacillus,238,79,0.4247237042948532,0.30940962068823247,1.3726906854095968,0.17083125638662378,0.6506742562566404,0.7005104367761377,0.02893309222423146,"age_years,sex",157
within_project,cancer_other,PRJNA318004,Bacteria.Bacillota.Clostridia.Lachnospirales.Lachnospiraceae.Anaerostipes,Anaerostipes,238,79,-0.4596800928421966,0.2644866733045603,-1.7380085245840275,0.08319278578845136,0.6328849015715577,0.004954057994311544,-0.2110413785767472,"age_years,sex",157
within_project,cancer_other,PRJNA318004,Bacteria.Bacillota.Clostridia.Lachnospirales.Lachnospiraceae.Fusicatenibacter,Fusicatenibacter,238,79,-0.25173511563715123,0.3156789521819899,-0.7974402914643013,0.42579989386073014,0.8215691647125705,0.03947892193877346,-0.15466439740453142,"age_years,sex",157
within_project,cancer_other,PRJNA318004,Bacteria.Bacillota.Clostridia.Lachnospirales.Lachnospiraceae.Marvinbryantia,Marvinbryantia,238,79,-0.00436434625294401,0.2973705428143558,-0.014676457902115103,0.9882996515956037,0.9940933183923253,0.4140872125481564,-0.06137644931390274,"age_years,sex",157
within_project,cancer_other,PRJNA318004,Bacteria.Bacillota.Negativicutes.Veillonellales-Selenomonadales.Veillonellaceae.Dialister,Dialister,238,79,-0.4761534168413149,0.37917744826753774,-1.2557535238893043,0.21014192988543626,0.7331618442669665,0.306043609082966,-0.07690671205190935,"age_years,sex",157
within_project,cancer_other,PRJNA318004,Bacteria.Bacillota.Bacilli.Erysipelotrichales.Erysipelotrichaceae.Turicibacter,Turicibacter,238,79,-0.3832619947180541,0.3300839032712217,-1.161104770392688,0.2464840298037672,0.7982098039856506,0.12271326465283712,-0.11594511222210402,"age_years,sex",157
within_project,cancer_other,PRJNA318004,Bacteria.Bacillota.Clostridia.Lachnospirales.Lachnospiraceae.Faecalimonas,Faecalimonas,238,79,0.0803780199795978,0.3483154481348872,0.23076214509001894,0.8176503519686589,0.9648477765692378,0.7237403683992535,0.02659291564727151,"age_years,sex",157
within_project,cancer_other,PRJNA318004,Bacteria.Cyanobacteriota.Vampirivibrionia.Gastranaerophilales.Gastranaerophilaceae.Zag_111,Zag_111,238,79,0.18124399475789274,0.22891258544321727,0.791760725636691,0.42909981851229795,0.8215691647125705,0.3107535200492776,0.07616211041378573,"age_years,sex",157
within_project,cancer_other,PRJNA318004,Bacteria.Bacillota.Clostridia.Lachnospirales.Lachnospiraceae.CAG-56,CAG-56,238,79,-0.33270531662650543,0.3449920998652655,-0.9643853200013606,0.33559726859498307,0.7982098039856506,0.3203160990243463,-0.0746729071375386,"age_years,sex",157
within_project,cancer_other,PRJNA318004,Bacteria.Bacillota.Clostridia.Lachnospirales.Lachnospiraceae.Lachnoclostridium,Lachnoclostridium,238,79,0.12020575967660584,0.32945117038246363,0.3648666949249493,0.7154573199902718,0.9478403724496021,0.973441548982165,-0.0025529199021380178,"age_years,sex",157
within_project,cancer_other,PRJNA318004,Bacteria.Bacillota.Clostridia.Lachnospirales.Lachnospiraceae.Lachnospira,Lachnospira,238,79,-0.5877202465001365,0.3223677243543807,-1.82313613336195,0.06923652833751834,0.603896386055021,0.036715787913397246,-0.15689820231890228,"age_years,sex",157
within_project,cancer_other,PRJNA318004,Bacteria.Bacillota.Clostridia.Lachnospirales.Lachnospiraceae.Lachnospiraceae FCS020 group,Lachnospiraceae FCS020 group,238,79,0.05294961920903036,0.28283493924419334,0.18721031903104038,0.8516170277647424,0.9759406814530259,0.70681922847012,-0.028294862248696928,"age_years,sex",157
within_project,cancer_other,PRJNA318004,Bacteria.Bacillota.Clostridia.Oscillospirales.Ruminococcaceae.Ruthenibacterium,Ruthenibacterium,238,79,-0.16641721902250478,0.3138122017523077,-0.5303083120836012,0.5962741961067688,0.9223652414695792,0.6175092640932598,-0.03754919689394742,"age_years,sex",157
within_project,cancer_other,PRJNA318004,Bacteria.Actinomycetota.Actinobacteria.Bifidobacteriales.Bifidobacteriaceae.Bifidobacterium,Bifidobacterium,238,79,-0.17198624027404544,0.38516760197100175,-0.4465231223860667,0.6555281850402185,0.9248346985599779,0.6205059621815947,-0.03723008190618016,"age_years,sex",157
within_project,cancer_other,PRJNA318004,Bacteria.Bacillota.Bacilli.Lactobacillales.Lactobacillaceae.Ligilactobacillus,Ligilactobacillus,238,79,-0.18066213443992135,0.35367246918925754,-0.5108176354638598,0.6098388528872101,0.9223652414695792,0.08278726735251767,-0.13030528667163066,"age_years,sex",157
within_project,cancer_other,PRJNA318004,Bacteria.Bacillota.Clostridia.Peptostreptococcales-Tissierellales.Family XI.Anaerococcus,Anaerococcus,238,79,0.3566084376882825,0.19003876530333055,1.8765036550257606,0.06151642215259172,0.5681222516445235,0.16697730023352664,0.10381874268694813,"age_years,sex",157
within_project,cancer_other,PRJNA318004,Bacteria.Thermodesulfobacteriota.Desulfovibrionia.Desulfovibrionales.Desulfovibrionaceae.Bilophila,Bilophila,238,79,-0.1045674604150239,0.3265976026664639,-0.3201721615875205,0.7490514508822509,0.9478403724496021,0.4617484611608277,0.05531326454632479,"age_years,sex",157
within_project,cancer_other,PRJNA318004,Bacteria.Bacillota.Bacilli.Lactobacillales.Carnobacteriaceae.Granulicatella,Granulicatella,238,79,-0.22731540764725885,0.24999756290443756,-0.9092704945053843,0.3639069744548479,0.7982098039856506,0.23487472437069534,-0.08924582491224342,"age_years,sex",157
within_project,cancer_other,PRJNA318004,Bacteria.Bacillota.Clostridia.Lachnospirales.Lachnospiraceae.Anaerobutyricum,Anaerobutyricum,238,79,-0.03715132835109585,0.323705366561665,-0.11476896026071481,0.9087018406279226,0.9917564139078466,0.5059633332708017,-0.04999468141687058,"age_years,sex",157
within_project,cancer_other,PRJNA318004,Bacteria.Bacillota.Clostridia.Lachnospirales.Lachnospiraceae.Extibacter,Extibacter,238,79,0.13183155491290288,0.3853092871409384,0.3421447634733018,0.7324715730740355,0.9478403724496021,0.570452896830781,0.04265503669822368,"age_years,sex",157
within_project,cancer_other,PRJNA318004,Bacteria.Bacillota.Clostridia.Lachnospirales.Lachnospiraceae.Lachnospiraceae UCG-004,Lachnospiraceae UCG-004,238,79,-0.05942359479542441,0.2864448974739641,-0.20745209748700658,0.8357917045440532,0.9648477765692378,0.6910859804834675,-0.02989043718753326,"age_years,sex",157
within_project,cancer_other,PRJNA318004,Bacteria.Bacillota.Clostridia.Lachnospirales.Lachnospiraceae.[Eubacterium] ventriosum group,[Eubacterium] ventriosum group,238,79,-0.6829322481348455,0.333943947702102,-2.0450505326841917,0.04168586944798314,0.49293629625713864,0.0035425767569909413,-0.21901925327092864,"age_years,sex",157
within_project,cancer_other,PRJNA318004,Bacteria.Bacillota.Clostridia.Lachnospirales.Lachnospiraceae.[Ruminococcus] gnavus group,[Ruminococcus] gnavus group,238,79,0.020774595248859582,0.39479969414746696,0.052620596106895116,0.9580677736988233,0.9940933183923253,0.9002249961991451,-0.009467077970428672,"age_years,sex",157
within_project,cancer_other,PRJNA318004,Bacteria.Bacillota.Clostridia.Monoglobales.Monoglobaceae.Monoglobus,Monoglobus,238,79,0.06494945967070724,0.3113756670910504,0.20858874515623327,0.8349049709695477,0.9648477765692378,0.05736877314227942,-0.14275077119455382,"age_years,sex",157
within_project,cancer_other,PRJNA318004,Bacteria.Bacillota.Clostridia.Oscillospirales.Oscillospiraceae.UCG-005,UCG-005,238,79,-0.4174541251033056,0.3433048577081784,-1.2159866536411108,0.2249062744139658,0.7676148931085355,0.4337906125914903,-0.05882352941176472,"age_years,sex",157
within_project,cancer_other,PRJNA318004,Bacteria.Bacillota.Clostridia.Peptostreptococcales-Tissierellales.Anaerovoracaceae.Family XIII UCG-001,Family XIII UCG-001,238,79,0.04442363944603924,0.19229456428902494,0.23101869577170717,0.8174512139626177,0.9648477765692378,0.9711821998242041,-0.002765663227316195,"age_years,sex",157
within_project,cancer_other,PRJNA318004,Bacteria.Bacteroidota.Bacteroidia.Bacteroidales.Rikenellaceae.Rikenellaceae RC9 gut group,Rikenellaceae RC9 gut group,238,79,0.08828101287599097,0.25589397303830114,0.3449905905473492,0.7303331544563463,0.9478403724496021,0.9283191136361499,-0.006807786405701566,"age_years,sex",157
within_project,cancer_other,PRJNA318004,Bacteria.Bacillota.Clostridia.Lachnospirales.Lachnospiraceae.Butyribacter,Butyribacter,238,79,-0.1925056345400229,0.3008026675776058,-0.6399731627724254,0.5226582126342927,0.9182071003839025,0.9226919987138126,0.007339644718646898,"age_years,sex",157
within_project,cancer_other,PRJNA318004,Bacteria.Bacillota.Clostridia.Lachnospirales.Lachnospiraceae.[Eubacterium] xylanophilum group,[Eubacterium] xylanophilum group,238,79,-0.565713306233861,0.3316274314457495,-1.7058700595653384,0.08902428390194117,0.6328849015715577,0.12478767007944054,-0.11530688224656949,"age_years,sex",157
within_project,cancer_other,PRJNA318004,Bacteria.Bacillota.Clostridia.Lachnospirales.Lachnospiraceae.[Ruminococcus] gauvreauii group,[Ruminococcus] gauvreauii group,238,79,-0.11682824143641884,0.3783796773760275,-0.30875929237689176,0.7577100430487173,0.9478403724496021,0.3371518853608513,-0.07211998723540047,"age_years,sex",157
within_project,cancer_other,PRJNA318004,Bacteria.Bacillota.Clostridia.Oscillospirales.Oscillospiraceae.UCG-003,UCG-003,238,79,0.4459907458635907,0.30938236177525974,1.4415519466089197,0.15042854336019268,0.6506742562566404,0.47565781085579084,0.05361131794489937,"age_years,sex",157
within_project,cancer_other,PRJNA318004,Bacteria.Bacillota.Clostridia.Oscillospirales.Ruminococcaceae.Paludicola,Paludicola,238,79,-0.18088910115823217,0.21899506740729288,-0.8259962349828172,0.40943538081233677,0.8215691647125705,0.6135235568376731,-0.03797468354430378,"age_years,sex",157
within_project,cancer_other,PRJNA318004,Bacteria.Bacteroidota.Bacteroidia.Bacteroidales.Prevotellaceae.Hoylesella,Hoylesella,238,79,-0.09184302891060264,0.17066401302314427,-0.5381511150692767,0.5908551868074863,0.9223652414695792,0.20507312635910002,-0.09520263801723217,"age_years,sex",157
within_project,cancer_other,PRJNA318004,Bacteria.Pseudomonadota.Gammaproteobacteria.Burkholderiales.Sutterellaceae.Turicimonas,Turicimonas,238,79,0.06288017747798753,0.2745539379643481,0.22902668213104546,0.8189977510267111,0.9648477765692378,0.6016351574040895,-0.03925114349537284,"age_years,sex",157
within_project,cancer_other,PRJNA318004,Bacteria.Bacillota.Bacilli.Erysipelotrichales.Erysipelatoclostridiaceae.Thomasclavelia,Thomasclavelia,238,79,-0.4685318517064667,0.34195174546488616,-1.3701694988264905,0.17161595799869725,0.6506742562566404,0.07670132121699025,-0.13296457823635788,"age_years,sex",157
within_project,cancer_other,PRJNA318004,Bacteria.Bacillota.Negativicutes.Veillonellales-Selenomonadales.Veillonellaceae.Veillonella,Veillonella,238,79,-0.5001274309346525,0.29481474898916166,-1.6964125188765193,0.09080200969295597,0.6328849015715577,0.011891955832885985,-0.1889160727582172,"age_years,sex",157
within_project,cancer_other,PRJNA318004,Bacteria.Bacteroidota.Bacteroidia.Bacteroidales.Barnesiellaceae.Barnesiella,Barnesiella,238,79,0.03141827314658132,0.38435906327522834,0.08174198594110843,0.9349041354035752,0.9917564139078466,0.5888746703982516,0.040633975109030995,"age_years,sex",157
within_project,cancer_other,PRJNA318004,Bacteria.Bacillota.Clostridia.Lachnospirales.Lachnospiraceae.Hungatella,Hungatella,238,79,0.03313918230853272,0.27579341017116316,0.12015944212722797,0.9044339372175645,0.9917564139078466,0.41652078440501206,0.06105733432613558,"age_years,sex",157
within_project,cancer_other,PRJNA318004,Bacteria.Bacillota.Clostridia.Lachnospirales.Lachnospiraceae.Incertae Sedis,Incertae Sedis,238,79,-0.19729642671333278,0.18862906788436895,-1.0459492215392645,0.29639153907549254,0.7982098039856506,0.36795693343109337,-0.06765237740665886,"age_years,sex",157
within_project,cancer_other,PRJNA318004,Bacteria.Bacillota.Clostridia.Oscillospirales.Ruminococcaceae.DTU089,DTU089,238,79,-0.43401472539155844,0.3178961907525563,-1.3652718655235045,0.17314805519548354,0.6506742562566404,0.07552901300806592,-0.1334964365493032,"age_years,sex",157
within_project,cancer_other,PRJNA318004,Bacteria.Pseudomonadota.Gammaproteobacteria.Pseudomonadales.Moraxellaceae.Acinetobacter,Acinetobacter,238,79,0.09410184355158224,0.2929053272289716,0.32127050894509823,0.7482198231691699,0.9478403724496021,0.9531172520357647,0.004467609828741725,"age_years,sex",157
within_project,cancer_other,PRJNA318004,Bacteria.Bacillota.Clostridia.Lachnospirales.Lachnospiraceae.GCA-900066575,GCA-900066575,238,79,-0.24405434848379842,0.22300616014165478,-1.0943838875516878,0.27462810419668277,0.7982098039856506,0.3100777626886413,-0.07626848207637482,"age_years,sex",157
within_project,cancer_other,PRJNA318004,Bacteria.Bacillota.Clostridia.Lachnospirales.Lachnospiraceae.Lachnospiraceae UCG-010,Lachnospiraceae UCG-010,238,79,-0.2971566285087827,0.32744938722981626,-0.9074887298543852,0.36484654147283413,0.7982098039856506,0.1753969627457591,-0.10179768109775555,"age_years,sex",157
within_project,cancer_other,PRJNA318004,Bacteria.Thermodesulfobacteriota.Desulfovibrionia.Desulfovibrionales.Desulfovibrionaceae.Desulfovibrio,Desulfovibrio,238,79,0.6365034914232514,0.3086346344073341,2.062320363511757,0.04000217979895256,0.49293629625713864,0.046619355859807074,0.1494521859376663,"age_years,sex",157
within_project,cancer_other,PRJNA318004,Bacteria.Bacillota.Clostridia.Lachnospirales.Lachnospiraceae.Lachnospiraceae NK4B4 group,Lachnospiraceae NK4B4 group,238,79,-0.06883120379566526,0.23074779387480013,-0.2982962594780513,0.765674981526602,0.9478403724496021,0.6869125453760634,-0.030315923837889613,"age_years,sex",157
within_project,cancer_other,PRJNA318004,Bacteria.Bacillota.Clostridia.Clostridia vadinBB60 group.Incertae Sedis.Incertae Sedis,Incertae Sedis,238,79,-0.2165008055716556,0.24565695747906297,-0.8813135511950957,0.3788243820124717,0.8037219996751088,0.1626697296635422,-0.10488245931283902,"age_years,sex",157
within_project,cancer_other,PRJNA318004,Bacteria.Pseudomonadota.Alphaproteobacteria.Rhodospirillales.Incertae Sedis.Incertae Sedis,Incertae Sedis,238,79,0.20685443376209128,0.37719927113414653,0.5483956348593418,0.5838111948174609,0.9223652414695792,0.7905245609425889,0.01999787256674823,"age_years,sex",157
within_project,cancer_other,PRJNA318004,Bacteria.Pseudomonadota.Gammaproteobacteria.Burkholderiales.Sutterellaceae.Sutterella,Sutterella,238,79,-0.2605456148673357,0.2553780258634019,-1.0202350573682397,0.30840490649820207,0.7982098039856506,0.6973637388423639,-0.029252207211998726,"age_years,sex",157
within_project,cancer_other,PRJNA318004,Bacteria.Actinomycetota.Actinobacteria.Mycobacteriales.Corynebacteriaceae.Corynebacterium,Corynebacterium,238,79,0.3192115865008161,0.26855018313674217,1.1886478079155798,0.2354793348343352,0.7866011823189495,0.7429389625130369,0.024678225720667912,"age_years,sex",157
within_project,cancer_other,PRJNA318004,Bacteria.Bacillota.Bacilli.Izemoplasmatales.Incertae Sedis.Incertae Sedis,Incertae Sedis,238,79,0.08661695036578876,0.18185622878838562,0.4762935586142575,0.6341975550578236,0.9223652414695792,0.9598892849005619,-0.003829379853207082,"age_years,sex",157
within_project,cancer_other,PRJNA318004,Bacteria.Bacillota.Clostridia.Lachnospirales.Lachnospiraceae.Lachnospiraceae ND3007 group,Lachnospiraceae ND3007 group,238,79,-0.12476344231326546,0.3327165490303155,-0.37498418000812345,0.7079261881004704,0.9478403724496021,0.5381901711984021,-0.046271673226252474,"age_years,sex",157
within_project,cancer_other,PRJNA318004,Bacteria.Bacillota.Clostridia.Oscillospirales.Oscillospiraceae.Oscillibacter,Oscillibacter,238,79,-0.4854197096563048,0.32577464822758173,-1.4900475291656128,0.13721871943829392,0.6506742562566404,0.24450045157801104,-0.08743750664822891,"age_years,sex",157
within_project,cancer_other,PRJNA318004,Bacteria.Bacillota.Clostridia.Peptococcales.Peptococcaceae.Incertae Sedis,Incertae Sedis,238,79,0.09911879822970586,0.23652939301560766,0.41905488770761523,0.6754634510869668,0.9302435247425772,0.7742043089030178,-0.021593447505584562,"age_years,sex",157
within_project,cancer_other,PRJNA318004,Bacteria.Bacteroidota.Bacteroidia.Bacteroidales.Prevotellaceae.Paraprevotella,Paraprevotella,238,79,0.010492871823579553,0.30359810647149155,0.03456171695380733,0.9724512587611376,0.9940933183923253,0.9328234015756538,-0.006382299755345211,"age_years,sex",157
within_project,cancer_other,PRJNA318004,Bacteria.Thermodesulfobacteriota.Desulfovibrionia.Desulfovibrionales.Desulfovibrionaceae.Incertae Sedis,Incertae Sedis,238,79,0.1663295916347261,0.16990098125974812,0.9789795821157619,0.32834612533012064,0.7982098039856506,0.3141468739461435,0.07563025210084029,"age_years,sex",157
within_project,cancer_other,PRJNA318004,Bacteria.Bacillota.Clostridia.Lachnospirales.Defluviitaleaceae.Defluviitaleaceae UCG-011,Defluviitaleaceae UCG-011,238,79,-0.026691776059191177,0.19904187725989206,-0.1341013078586438,0.8934086497362719,0.9917564139078466,0.2896105786825742,-0.07956600361663657,"age_years,sex",157
within_project,cancer_other,PRJNA318004,Bacteria.Bacteroidota.Bacteroidia.Bacteroidales.Marinifilaceae.Odoribacter,Odoribacter,238,79,-0.4534880701055983,0.31415674235467317,-1.4435089525903742,0.14987725154835504,0.6506742562566404,0.010575588900652346,-0.19200085097330066,"age_years,sex",157
within_project,cancer_other,PRJNA318004,Bacteria.Bacteroidota.Bacteroidia.Bacteroidales.Porphyromonadaceae.Porphyromonas,Porphyromonas,238,79,1.232997132998103,0.3425698579819391,3.5992575069552935,0.00037086495694057105,0.058225798239669654,0.004740280817967028,0.21210509520263798,"age_years,sex",157
within_project,cancer_other,PRJNA318004,Bacteria.Bacteroidota.Bacteroidia.Bacteroidales.Prevotellaceae.Prevotella,Prevotella,238,79,0.3322864442856546,0.2275008636644186,1.4605942102083747,0.14512988254291265,0.6506742562566404,0.2813046107258569,0.08094883523029472,"age_years,sex",157
within_project,cancer_other,PRJNA318004,Bacteria.Bacillota.Clostridia.Incertae Sedis.Incertae Sedis.Incertae Sedis,Incertae Sedis,238,79,0.0015010192244521027,0.20259647687595408,0.007408910794491001,0.9940933183923253,0.9940933183923253,0.8433358515458131,0.014892032762471974,"age_years,sex",157
within_project,cancer_other,PRJNA318004,Bacteria.Bacillota.Clostridia.Lachnospirales.Lachnospiraceae.Enterocloster,Enterocloster,238,79,-0.30157749695759434,0.2996642740190997,-1.0063845546645735,0.31500798538355296,0.7982098039856506,0.2185489024012992,-0.09243697478991597,"age_years,sex",157
within_project,cancer_other,PRJNA318004,Bacteria.Bacteroidota.Bacteroidia.Bacteroidales.Tannerellaceae.Incertae Sedis,Incertae Sedis,238,79,-0.3916069525335974,0.4211926192012749,-0.9297573952654203,0.35321320573603,0.7982098039856506,0.6026218797456784,-0.039144771832783753,"age_years,sex",157
within_project,cancer_other,PRJNA318004,Bacteria.Bacillota.Clostridia.Oscillospirales.Oscillospiraceae.Incertae Sedis,Incertae Sedis,238,79,-0.3350767968657495,0.21105466687652397,-1.5876303605349025,0.11337958342387629,0.6506742562566404,0.09416597136495343,-0.12573130518029996,"age_years,sex",157
within_project,cancer_other,PRJNA318004,Bacteria.Bacteroidota.Bacteroidia.Bacteroidales.Prevotellaceae.Prevotellaceae UCG-001,Prevotellaceae UCG-001,238,79,0.11304878108686782,0.3674726940211948,0.3076385890058745,0.7585619555767551,0.9478403724496021,0.8003614955107158,0.019040527603446433,"age_years,sex",157
within_project,cancer_other,PRJNA318004,Bacteria.Bacillota.Clostridia.Oscillospirales.Ruminococcaceae.Angelakisella,Angelakisella,238,79,-0.42830651139938325,0.198438612204064,-2.1583829207540264,0.03165810665184848,0.49293629625713864,0.07552901300806592,-0.1334964365493032,"age_years,sex",157
within_project,cancer_other,PRJNA318004,Bacteria.Pseudomonadota.Gammaproteobacteria.Pseudomonadales.Pseudomonadaceae.Pseudomonas,Pseudomonas,238,79,0.504610719451499,0.2992240088043516,1.686397831069231,0.09271562252322182,0.6328849015715577,0.37401737252024614,0.06680140410594615,"age_years,sex",157
within_project,cancer_other,PRJNA318004,Bacteria.Bacillota.Bacilli.Erysipelotrichales.Erysipelotrichaceae.Holdemania,Holdemania,238,79,0.1445101189500672,0.17240418362875815,0.8382054072495372,0.4025549782298141,0.8215691647125705,0.9058349709420686,0.008935219657483229,"age_years,sex",157
within_project,cancer_other,PRJNA318004,Bacteria.Bacteroidota.Bacteroidia.Bacteroidales.Marinifilaceae.Butyricimonas,Butyricimonas,238,79,0.08619373746393386,0.19927250077987113,0.43254205736670537,0.6656453562883917,0.9248346985599779,0.6827486314092569,0.030741410488245968,"age_years,sex",157
within_project,cancer_other,PRJNA318004,Bacteria.Actinomycetota.Actinobacteria.Mycobacteriales.Corynebacteriaceae.Lawsonella,Lawsonella,238,79,0.5764138807675371,0.28738822682918874,2.005697613737437,0.045748867609682095,0.49293629625713864,0.22335866076513122,0.09147962982661428,"age_years,sex",157
within_project,cancer_other,PRJNA318004,Bacteria.Bacillota.Clostridia.Christensenellales.Christensenellaceae.Incertae Sedis,Incertae Sedis,238,79,-0.07302913630250207,0.3280307448677285,-0.22262893782090315,0.8239695179658781,0.9648477765692378,0.7483009969773735,-0.02414636740772258,"age_years,sex",157
within_project,cancer_other,PRJNA318004,Bacteria.Bacillota.Clostridia.Lachnospirales.Lachnospiraceae.Faecalicatena,Faecalicatena,238,79,-0.35265579609212433,0.245768255349939,-1.4349119075203292,0.15231063415956306,0.6506742562566404,0.08481545225214361,-0.12945431337091795,"age_years,sex",157
within_project,cancer_other,PRJNA318004,Bacteria.Bacillota.Clostridia.Lachnospirales.Lachnospiraceae.Sellimonas,Sellimonas,238,79,-0.09479993114460673,0.2815453719139446,-0.33671280227466394,0.7365590574903103,0.9478403724496021,0.3786029838217543,-0.06616317413041162,"age_years,sex",157
within_project,cancer_other,PRJNA318004,Bacteria.Bacillota.Clostridia.Oscillospirales.Oscillospiraceae.Oscillospira,Oscillospira,238,79,-0.23971131146166988,0.24302835975357273,-0.9863511884157623,0.32472265241539366,0.7982098039856506,0.45402536685212047,-0.05627060950962659,"age_years,sex",157
within_project,cancer_other,PRJNA318004,Bacteria.Pseudomonadota.Gammaproteobacteria.Burkholderiales.Sutterellaceae.Parasutterella,Parasutterella,238,79,-0.7102609395178555,0.34297461599888207,-2.0708848596543676,0.039188929877094554,0.49293629625713864,0.03608273464987585,-0.15743006063184772,"age_years,sex",157
within_project,cancer_other,PRJNA318004,Bacteria.Pseudomonadota.Gammaproteobacteria.Burkholderiales.Neisseriaceae.Neisseria,Neisseria,238,79,0.25780213890355747,0.2887685029915559,0.89276405228688,0.37266940092617673,0.8014944650056129,0.7194970251467527,0.027018402297627864,"age_years,sex",157
within_project,cancer_other,PRJNA318004,Bacteria.Bacillota.Bacilli.Erysipelotrichales.Erysipelotrichaceae.Faecalitalea,Faecalitalea,238,79,0.01106291578628951,0.22029284917368583,0.050219132521942,0.9599797967020545,0.9940933183923253,0.8190278288373322,-0.017232209339431925,"age_years,sex",157
within_project,cancer_other,PRJNA318004,Bacteria.Bacillota.Clostridia.Lachnospirales.Lachnospiraceae.Shuttleworthia,Shuttleworthia,238,79,0.005209141100511625,0.26705274910544746,0.019506038106556853,0.9844498485895332,0.9940933183923253,0.06966657635659959,-0.13626209977661952,"age_years,sex",157
within_project,cancer_other,PRJNA318004,Bacteria.Bacillota.Clostridia.Lachnospirales.Lachnospiraceae.Lachnospiraceae AC2044 group,Lachnospiraceae AC2044 group,238,79,-0.10147567626344228,0.19989758076291267,-0.5076383409752062,0.6120645094767879,0.9223652414695792,0.8666793788008238,-0.012658227848101222,"age_years,sex",157
within_project,cancer_other,PRJNA318004,Bacteria.Bacillota.Clostridia.Lachnospirales.Lachnospiraceae.Frisingicoccus,Frisingicoccus,238,79,0.7166887688006499,0.3298310914370813,2.1728963321135715,0.030537941514002003,0.49293629625713864,0.0424166075961818,0.15243059249016055,"age_years,sex",157
within_project,cancer_other,PRJNA318004,Bacteria.Bacillota.Clostridia.Lachnospirales.Lachnospiraceae.Tyzzerella,Tyzzerella,238,79,0.32870273189890553,0.21048861824869758,1.561617604950663,0.1193885785423596,0.6506742562566404,0.5032490570358553,0.050313796404637845,"age_years,sex",157
within_project,cancer_other,PRJNA318004,Bacteria.Bacillota.Clostridia.Lachnospirales.Lachnospiraceae.Eisenbergiella,Eisenbergiella,238,79,0.35985287859383386,0.32195204389561055,1.117721988155827,0.2645429176485631,0.7982098039856506,0.1740468834769947,0.10211679608552271,"age_years,sex",157
within_project,cancer_other,PRJNA318004,Bacteria.Bacillota.Clostridia.Oscillospirales.Oscillospiraceae.Flavonifractor,Flavonifractor,238,79,-0.4851463239709275,0.33164157199326333,-1.4628634192482428,0.14450815652448457,0.6506742562566404,0.25263287307567617,-0.08594830337198167,"age_years,sex",157
within_project,cancer_other,PRJNA318004,Bacteria.Bacteroidota.Bacteroidia.Bacteroidales.Barnesiellaceae.Coprobacter,Coprobacter,238,79,0.1997964625850673,0.3471166871600126,0.5755887572554698,0.5653067548002348,0.9182071003839025,0.1744960447537347,0.10201042442293362,"age_years,sex",157
within_project,cancer_other,PRJNA318004,Bacteria.Campylobacterota.Campylobacteria.Campylobacterales.Helicobacteraceae.Helicobacter,Helicobacter,238,79,-0.1857398248244066,0.42768512117030894,-0.43429106047961613,0.6643763184241231,0.9248346985599779,0.38167920043828296,-0.06573768748005526,"age_years,sex",157
within_project,cancer_other,PRJNA318004,Bacteria.Bacillota.Clostridia.Lachnospirales.Lachnospiraceae.UC5-1-2E3,UC5-1-2E3,238,79,-0.024038015196366457,0.2190644445373067,-0.10973033641829896,0.9126935593051495,0.9917564139078466,0.8124274055002181,-0.017870439314966458,"age_years,sex",157
within_project,cancer_other,PRJNA318004,Bacteria.Bacillota.Clostridia.Oscillospirales.NA.NA,Oscillospirales,238,79,-0.003929652177252596,0.2161523680946318,-0.018180009832379853,0.985506833013581,0.9940933183923253,0.9384567710026163,-0.0058504414423997675,"age_years,sex",157
within_project,cancer_other,PRJNA318004,Bacteria.Bacillota.Clostridia.Oscillospirales.Oscillospiraceae.Ruminiclostridium,Ruminiclostridium,238,79,0.1922380941461943,0.20640077977036014,0.9313825963258321,0.3523735156265365,0.7982098039856506,0.9170687505349759,-0.007871503031592342,"age_years,sex",157
within_project,cancer_other,PRJNA318004,Bacteria.Bacillota.Clostridia.Peptostreptococcales-Tissierellales.Anaerovoracaceae.Incertae Sedis,Incertae Sedis,238,79,0.005337467743137413,0.22773819753603963,0.023436857764243774,0.9813167389647499,0.9940933183923253,0.5196494145902746,-0.04839910647803425,"age_years,sex",157
within_project,cancer_other,PRJNA318004,Bacteria.Bacillota.Clostridia.Christensenellales.Christensenellaceae.Christensenella,Christensenella,238,79,-0.19839973812095296,0.1932215176563545,-1.0267993985732373,0.30530778742250114,0.7982098039856506,0.6682515160100083,-0.0322306137644931,"age_years,sex",157
within_project,cancer_other,PRJNA318004,Bacteria.Bacillota.Clostridia.Christensenellales.Christensenellaceae.NA,Christensenellaceae,238,79,0.14337142621351992,0.2376053473585441,0.6034015135070755,0.5466786205106738,0.9182071003839025,0.944093222210527,0.005318583129454213,"age_years,sex",157
within_project,cancer_other,PRJNA318004,Bacteria.Bacillota.Clostridia.Oscillospirales.Ruminococcaceae.Anaerofilum,Anaerofilum,238,79,-0.25959426154525156,0.13207269969962665,-1.9655406615875013,0.050235546115377186,0.49293629625713864,0.18133767318498717,-0.1004148494840974,"age_years,sex",157
within_project,cancer_other,PRJNA318004,Bacteria.Bacillota.Clostridia.Oscillospirales.Ruminococcaceae.[Clostridium] methylpentosum group,[Clostridium] methylpentosum group,238,79,0.06538658640872755,0.1975380922108486,0.3310074815288541,0.7408603197281565,0.9478403724496021,0.9519888956721005,-0.004573981491330703,"age_years,sex",157
within_project,cancer_other,PRJNA318004,Bacteria.Synergistota.Synergistia.Synergistales.Synergistaceae.Cloacibacillus,Cloacibacillus,238,79,0.15308064595595938,0.1838253043795279,0.8327506731059575,0.40562031193458536,0.8215691647125705,0.5551560084354625,0.04435698329964888,"age_years,sex",157
within_project,cancer_other,PRJNA318004,Bacteria.Cyanobacteriota.Cyanobacteriia.Chloroplast.Incertae Sedis.Incertae Sedis,Incertae Sedis,238,79,-0.08595021442750708,0.1869297703456681,-0.4597994972580829,0.6459793576045529,0.9223652414695792,0.30470665776059447,-0.07711945537708753,"age_years,sex",157
within_project,cancer_other,PRJNA318004,Bacteria.Bacteroidota.Bacteroidia.Flavobacteriales.Flavobacteriaceae.Flavobacterium,Flavobacterium,238,79,0.3339928547304974,0.21318606441044677,1.5666730170854954,0.11820154353804363,0.6506742562566404,0.10342188719813687,0.12232741197744912,"age_years,sex",157
within_project,cancer_other,PRJNA318004,Bacteria.Deinococcota.Deinococci.Deinococcales.Deinococcaceae.Deinococcus,Deinococcus,238,79,0.313070177365666,0.2880148306610049,1.0869932518653922,0.2778761518176754,0.7982098039856506,0.6457199917388079,-0.03457079034145305,"age_years,sex",157
within_project,cancer_other,PRJNA511474,Bacteria.Actinomycetota.Coriobacteriia.Coriobacteriales.Coriobacteriaceae.Collinsella,Collinsella,28,43,0.37650212438117414,0.6945939442261463,0.5420463675372793,0.5895584597763077,0.9959780175583642,0.4549968454228007,0.10631229235880402,sex,154
within_project,cancer_other,PRJNA511474,Bacteria.Bacillota.Bacilli.Erysipelotrichales.Erysipelotrichaceae.Holdemanella,Holdemanella,28,43,-0.6687019689463792,0.5163509437195493,-1.2950532522113058,0.19968164615701472,0.9959780175583642,0.22783067223020304,-0.17109634551495012,sex,154
within_project,cancer_other,PRJNA511474,Bacteria.Bacillota.Bacilli.Lactobacillales.Streptococcaceae.Streptococcus,Streptococcus,28,43,0.563159112499826,0.6374432536320531,0.883465483854496,0.3800976537331072,0.9959780175583642,0.33761421799318636,0.1362126245847175,sex,154
within_project,cancer_other,PRJNA511474,Bacteria.Bacillota.Bacilli.RF39.Incertae Sedis.Incertae Sedis,Incertae Sedis,28,43,-0.17640055978267374,0.5242762629939591,-0.33646489882130387,0.7375564544423147,0.9959780175583642,0.42709495211722237,-0.1129568106312292,sex,154
within_project,cancer_other,PRJNA511474,Bacteria.Bacillota.Clostridia.Christensenellales.Christensenellaceae.Christensenellaceae R-7 group,Christensenellaceae R-7 group,28,43,-0.856870429979615,0.6264993731156494,-1.367711552077547,0.17590572949799205,0.9959780175583642,0.18956889631451423,-0.18604651162790697,sex,154
within_project,cancer_other,PRJNA511474,Bacteria.Bacillota.Clostridia.Clostridia UCG-014.Incertae Sedis.Incertae Sedis,Incertae Sedis,28,43,0.0398756092983534,0.6215147986907427,0.06415874470302832,0.9490320620458017,0.9959780175583642,0.8737992495933979,-0.023255813953488413,sex,154
within_project,cancer_other,PRJNA511474,Bacteria.Bacillota.Clostridia.Clostridiales.Clostridiaceae.Clostridium,Clostridium,28,43,0.1511165985537937,0.674627193887835,0.2240001587883199,0.8234288296742454,0.9959780175583642,0.9671529395636167,0.006644518272425293,sex,154
within_project,cancer_other,PRJNA511474,Bacteria.Bacillota.Clostridia.Lachnospirales.Lachnospiraceae.Agathobacter,Agathobacter,28,43,-0.07154094193298939,0.7275895863569802,-0.09832595638317584,0.921962735350137,0.9959780175583642,0.9765345664928282,0.004983388704318914,sex,154
within_project,cancer_other,PRJNA511474,Bacteria.Bacillota.Clostridia.Lachnospirales.Lachnospiraceae.Blautia,Blautia,28,43,-0.5252238383798543,0.36084846975858764,-1.4555246381707978,0.1501254176999175,0.9959780175583642,0.33171990288417497,-0.13787375415282388,sex,154
within_project,cancer_other,PRJNA511474,Bacteria.Bacillota.Clostridia.Lachnospirales.Lachnospiraceae.Coprococcus,Coprococcus,28,43,-0.42571333374885234,0.6585016847152279,-0.6464878429778871,0.5201395753360811,0.9959780175583642,0.42709495211722237,-0.1129568106312292,sex,154
within_project,cancer_other,PRJNA511474,Bacteria.Bacillota.Clostridia.Lachnospirales.Lachnospiraceae.Dorea,Dorea,28,43,-0.4488105193583489,0.6722534854082524,-0.6676209630743545,0.5066350998022264,0.9959780175583642,0.49127463044768127,-0.09800664451827246,sex,154
within_project,cancer_other,PRJNA511474,Bacteria.Bacillota.Clostridia.Lachnospirales.Lachnospiraceae.Howardella,Howardella,28,43,-0.7355998660572767,0.47268993737237,-1.556199546253075,0.12430290565844385,0.9959780175583642,0.18956889631451423,-0.18604651162790697,sex,154
within_project,cancer_other,PRJNA511474,Bacteria.Bacillota.Clostridia.Lachnospirales.Lachnospiraceae.Lachnospiraceae NK4A136 group,Lachnospiraceae NK4A136 group,28,43,-0.03815312088010036,0.7025114573423744,-0.054309606599776974,0.9568477428510105,0.9959780175583642,0.8552958500810797,0.02657807308970095,sex,154
within_project,cancer_other,PRJNA511474,Bacteria.Bacillota.Clostridia.Lachnospirales.Lachnospiraceae.Mediterraneibacter,Mediterraneibacter,28,43,-0.18805022103622002,0.6306743051930347,-0.29817327182635456,0.766480112293405,0.9959780175583642,0.8923719325269928,-0.019933554817275767,sex,154
within_project,cancer_other,PRJNA511474,Bacteria.Bacillota.Clostridia.Lachnospirales.Lachnospiraceae.Roseburia,Roseburia,28,43,0.29865245345359803,0.4885303898364139,0.6113283015077176,0.5430206036576313,0.9959780175583642,0.46212940372042977,0.10465116279069764,sex,154
within_project,cancer_other,PRJNA511474,Bacteria.Bacillota.Clostridia.Lachnospirales.Lachnospiraceae.[Eubacterium] eligens group,[Eubacterium] eligens group,28,43,0.3225352541664102,0.5333955711867365,0.6046830374853146,0.5474020984185719,0.9959780175583642,0.47657998194848705,0.1013289036544851,sex,154
within_project,cancer_other,PRJNA511474,Bacteria.Bacillota.Clostridia.NA.NA.NA,Clostridia,28,43,0.21171959561437853,0.34763404052001734,0.6090301033169028,0.5445338782066558,0.9959780175583642,0.633715667869273,0.06810631229235886,sex,154
within_project,cancer_other,PRJNA511474,Bacteria.Bacillota.Clostridia.Oscillospirales.Oscillospiraceae.Colidextribacter,Colidextribacter,28,43,0.07784969517714772,0.5427527111121289,0.1434349264099107,0.8863709079332902,0.9959780175583642,0.8737992495933979,0.023255813953488413,sex,154
within_project,cancer_other,PRJNA511474,Bacteria.Bacillota.Clostridia.Oscillospirales.Oscillospiraceae.UCG-002,UCG-002,28,43,0.22967897045918112,0.7055277975942478,0.32554205694283717,0.7457704666362358,0.9959780175583642,0.8552958500810797,0.02657807308970095,sex,154
within_project,cancer_other,PRJNA511474,Bacteria.Bacillota.Clostridia.Oscillospirales.Ruminococcaceae.Faecalibacterium,Faecalibacterium,28,43,-0.6019149695868097,0.8412786250743745,-0.7154763613940583,0.47676431924747653,0.9959780175583642,0.2764580071629311,-0.154485049833887,sex,154
within_project,cancer_other,PRJNA511474,Bacteria.Bacillota.Clostridia.Oscillospirales.Ruminococcaceae.Gemmiger,Gemmiger,28,43,-0.25935020538217013,0.6912201027713007,-0.37520639857313226,0.70867476218593,0.9959780175583642,0.7373857269375774,-0.048172757475083094,sex,154
within_project,cancer_other,PRJNA511474,Bacteria.Bacillota.Clostridia.Oscillospirales.Ruminococcaceae.NA,Ruminococcaceae,28,43,0.6212382831270543,0.5881685704158038,1.0562248892147907,0.2946036118484108,0.9959780175583642,0.38716738438722786,0.12292358803986714,sex,154
within_project,cancer_other,PRJNA511474,Bacteria.Bacillota.Clostridia.Oscillospirales.Ruminococcaceae.Ruminococcus,Ruminococcus,28,43,0.5393519944498945,0.6343456592282262,0.8502493657891419,0.3981703466938984,0.9959780175583642,0.5213792068240848,0.09136212624584727,sex,154
within_project,cancer_other,PRJNA511474,Bacteria.Bacillota.Clostridia.Oscillospirales.Ruminococcaceae.[Eubacterium] siraeum group,[Eubacterium] siraeum group,28,43,0.44822505592920586,0.5969878193704622,0.7508110574213555,0.4553567503964936,0.9959780175583642,0.8460732444874159,0.028239202657807327,sex,154
within_project,cancer_other,PRJNA511474,Bacteria.Bacillota.Clostridia.Oscillospirales.UCG-010.Incertae Sedis,Incertae Sedis,28,43,-0.3754207288609701,0.4152920580595016,-0.9039920739519203,0.36919110703769165,0.9959780175583642,0.15626517550099187,-0.20099667774086383,sex,154
within_project,cancer_other,PRJNA511474,Bacteria.Bacillota.Clostridia.Peptostreptococcales-Tissierellales.Peptostreptococcaceae.Romboutsia,Romboutsia,28,43,0.380076401547519,0.5474940693733562,0.6942109929748499,0.48991487431559033,0.9959780175583642,0.9110038392532086,0.01661129568106312,sex,154
within_project,cancer_other,PRJNA511474,Bacteria.Bacillota.Negativicutes.Acidaminococcales.Acidaminococcaceae.Phascolarctobacterium,Phascolarctobacterium,28,43,0.23418699043139346,0.7081152886824393,0.33071873206852437,0.7418738407423067,0.9959780175583642,0.8830775568755102,0.021594684385382035,sex,154
within_project,cancer_other,PRJNA511474,Bacteria.Bacteroidota.Bacteroidia.Bacteroidales.Bacteroidaceae.Bacteroides,Bacteroides,28,43,-0.1098597314253951,0.2242081454684418,-0.48998992073130676,0.6257182229889615,0.9959780175583642,0.608790902304136,-0.07308970099667778,sex,154
within_project,cancer_other,PRJNA511474,Bacteria.Bacteroidota.Bacteroidia.Bacteroidales.Rikenellaceae.Alistipes,Alistipes,28,43,-0.2023622333428624,0.667540081107198,-0.3031461916222612,0.762703957820461,0.9959780175583642,0.3618593680845026,-0.12956810631229232,sex,154
within_project,cancer_other,PRJNA511474,Bacteria.Bacteroidota.Bacteroidia.Bacteroidales.Tannerellaceae.Parabacteroides,Parabacteroides,28,43,0.04363798753218209,0.7723841567492354,0.05649777659324741,0.95511094975784,0.9959780175583642,0.9671529395636167,-0.006644518272425293,sex,154
within_project,cancer_other,PRJNA511474,Bacteria.NA.NA.NA.NA.NA,Bacteria.NA.NA.NA.NA.NA,28,43,0.05187916120695346,0.6005343070712876,0.08638833884438686,0.931411589886915,0.9959780175583642,0.9671529395636167,0.006644518272425293,sex,154
within_project,cancer_other,PRJNA511474,Bacteria.Pseudomonadota.Gammaproteobacteria.Enterobacterales.Enterobacteriaceae.Klebsiella,Klebsiella,28,43,0.6486920902650333,0.6910739862001058,0.9386724188995872,0.3512212291152158,0.9959780175583642,0.413526426203769,0.11627906976744184,sex,154
within_project,cancer_other,PRJNA511474,Bacteria.Pseudomonadota.Gammaproteobacteria.Enterobacterales.Pasteurellaceae.Haemophilus,Haemophilus,28,43,-0.18414767856305408,0.5539082016340579,-0.3324516192751956,0.7405709527174836,0.9959780175583642,0.901681115654448,-0.01827242524916939,sex,154
within_project,cancer_other,PRJNA511474,Archaea.Methanobacteriota.Methanobacteria.Methanobacteriales.Methanobacteriaceae.Methanobrevibacter,Methanobrevibacter,28,43,-0.21835985708056538,0.4570905586043281,-0.47771683962867517,0.6343838247751215,0.9959780175583642,0.633715667869273,-0.06810631229235875,sex,154
within_project,cancer_other,PRJNA511474,Bacteria.Actinomycetota.Actinobacteria.Micrococcales.Micrococcaceae.Rothia,Rothia,28,43,-0.37404192129857816,0.279185109192193,-1.3397631499074152,0.18478261525040687,0.9959780175583642,0.3144386741927524,-0.1428571428571429,sex,154
within_project,cancer_other,PRJNA511474,Bacteria.Actinomycetota.Coriobacteriia.Coriobacteriales.Eggerthellaceae.Eggerthella,Eggerthella,28,43,0.06837591065472029,0.5247859806024577,0.13029294451849552,0.8967193366085955,0.9959780175583642,0.6676019690588968,0.06146179401993357,sex,154
within_project,cancer_other,PRJNA511474,Bacteria.Bacillota.Bacilli.Lactobacillales.Enterococcaceae.Enterococcus,Enterococcus,28,43,0.9272827426892765,0.3975199210621595,2.3326698702586,0.022632423811799904,0.9959780175583642,0.01891401889509693,0.3322259136212624,sex,154
within_project,cancer_other,PRJNA511474,Bacteria.Bacillota.Bacilli.Lactobacillales.Lactobacillaceae.Lactobacillus,Lactobacillus,28,43,0.6601435474489905,0.6209553393719169,1.063109543621465,0.29149313413785133,0.9959780175583642,0.2764580071629311,0.154485049833887,sex,154
within_project,cancer_other,PRJNA511474,Bacteria.Bacillota.Bacilli.Staphylococcales.Gemellaceae.Gemella,Gemella,28,43,-0.38900530723483406,0.4033954379596192,-0.9643274827361196,0.33829873830622104,0.9959780175583642,0.2611797118743928,-0.15946843853820603,sex,154
within_project,cancer_other,PRJNA511474,Bacteria.Bacillota.Bacilli.Staphylococcales.Staphylococcaceae.Staphylococcus,Staphylococcus,28,43,0.6650364060280076,0.43178359060488686,1.5402076885236797,0.12815061268966277,0.9959780175583642,0.11354403614330687,0.22425249169435224,sex,154
within_project,cancer_other,PRJNA511474,Bacteria.Bacillota.Clostridia.Lachnospirales.Lachnospiraceae.NA,Lachnospiraceae,28,43,0.16260904641434795,0.38824001211665443,0.4188363933120032,0.6766557261246364,0.9959780175583642,0.42709495211722237,0.11295681063122931,sex,154
within_project,cancer_other,PRJNA511474,Bacteria.Bacillota.Clostridia.Oscillospirales.Butyricicoccaceae.Agathobaculum,Agathobaculum,28,43,-0.3225273810375947,0.5388635594698219,-0.5985325512731341,0.5514732348177653,0.9959780175583642,0.8460732444874159,-0.028239202657807327,sex,154
within_project,cancer_other,PRJNA511474,Bacteria.Bacillota.Clostridia.Oscillospirales.Oscillospiraceae.Intestinimonas,Intestinimonas,28,43,0.0656853466811201,0.6452890442299455,0.10179213062497533,0.9192212383545395,0.9959780175583642,0.9859194406334877,0.0033222591362125353,sex,154
within_project,cancer_other,PRJNA511474,Bacteria.Bacillota.Clostridia.Oscillospirales.Oscillospiraceae.NA,Oscillospiraceae,28,43,-0.33711896421634846,0.4301730682332997,-0.7836821714592221,0.43594784303657186,0.9959780175583642,0.5062092002384044,-0.09468438538205981,sex,154
within_project,cancer_other,PRJNA511474,Bacteria.Bacillota.Clostridia.Oscillospirales.Oscillospiraceae.NK4A214 group,NK4A214 group,28,43,0.020197746352614503,0.4895836495716497,0.0412549446254712,0.9672135445466172,0.9959780175583642,0.7912219311690915,-0.038205980066445155,sex,154
within_project,cancer_other,PRJNA511474,Bacteria.Bacillota.Clostridia.Oscillospirales.Ruminococcaceae.Acutalibacter,Acutalibacter,28,43,0.897910298925907,0.5221025921181424,1.7197966692391486,0.09001809716011183,0.9959780175583642,0.10827533852621193,0.22757475083056478,sex,154
within_project,cancer_other,PRJNA511474,Bacteria.Bacillota.Clostridia.Oscillospirales.Ruminococcaceae.Incertae Sedis,Incertae Sedis,28,43,0.2672103232561321,0.5361024421788206,0.4984314605435098,0.6197883736736409,0.9959780175583642,0.8094054098486643,0.03488372093023262,sex,154
within_project,cancer_other,PRJNA511474,Bacteria.Bacillota.Clostridia.Peptostreptococcales-Tissierellales.Anaerovoracaceae.Mogibacterium,Mogibacterium,28,43,-0.3374697264572051,0.28458650123975066,-1.1858247843347385,0.23981863237336346,0.9959780175583642,0.22783067223020304,-0.17109634551495012,sex,154
within_project,cancer_other,PRJNA511474,Bacteria.Bacteroidota.Bacteroidia.Bacteroidales.Prevotellaceae.Massiliprevotella,Massiliprevotella,28,43,0.2690528456805406,0.5850703321305941,0.45986410676603073,0.647080753894415,0.9959780175583642,0.4693239378876851,0.10299003322259126,sex,154
within_project,cancer_other,PRJNA511474,Bacteria.Pseudomonadota.Gammaproteobacteria.Burkholderiales.Alcaligenaceae.Achromobacter,Achromobacter,28,43,0.37255880953534776,0.41390424257069525,0.9001086995906169,0.37123909252449927,0.9959780175583642,0.3032527587464168,0.14617940199335555,sex,154
within_project,cancer_other,PRJNA511474,Bacteria.Pseudomonadota.Gammaproteobacteria.Enterobacterales.Enterobacteriaceae.Escherichia-Shigella,Escherichia-Shigella,28,43,-0.5078365051099241,0.9122958371176817,-0.5566577029600275,0.5795887679671152,0.9959780175583642,0.5682520196647316,-0.08139534883720934,sex,154
within_project,cancer_other,PRJNA511474,Bacteria.Pseudomonadota.Gammaproteobacteria.Lysobacterales.Lysobacteraceae.Stenotrophomonas,Stenotrophomonas,28,43,0.6924780382683842,0.3410023348719902,2.0307134803881484,0.046196727647736226,0.9959780175583642,0.03893731039280541,0.2923588039867109,sex,154
within_project,cancer_other,PRJNA511474,Bacteria.Verrucomicrobiota.Verrucomicrobiia.Verrucomicrobiales.Akkermansiaceae.Akkermansia,Akkermansia,28,43,-0.12346446894881125,0.7898738544742553,-0.15630909701523155,0.8762525194891038,0.9959780175583642,0.6170507107508443,-0.0714285714285714,sex,154
within_project,cancer_other,PRJNA511474,Bacteria.Bacillota.Bacilli.Erysipelotrichales.Erysipelatoclostridiaceae.Erysipelotrichaceae UCG-003,Erysipelotrichaceae UCG-003,28,43,0.7113121537535011,0.7231403984239496,0.9836432251659185,0.3287779311820932,0.9959780175583642,0.27129895203281185,0.15614617940199338,sex,154
within_project,cancer_other,PRJNA511474,Bacteria.Bacillota.Clostridia.Oscillospirales.[Eubacterium] coprostanoligenes group.Incertae Sedis,Incertae Sedis,28,43,0.871953371268519,0.6598878490493676,1.321366005639674,0.19080819602639476,0.9959780175583642,0.3680871026141348,0.12790697674418605,sex,154
within_project,cancer_other,PRJNA511474,Bacteria.Bacillota.Clostridia.Peptococcales.Peptococcaceae.Peptococcus,Peptococcus,28,43,-0.34133270727779785,0.49254364873440915,-0.6929999161594149,0.4906697666531855,0.9959780175583642,0.37438113665192585,-0.12624584717607978,sex,154
within_project,cancer_other,PRJNA511474,Bacteria.Bacillota.Clostridia.Peptostreptococcales-Tissierellales.Anaerovoracaceae.Family XIII AD3011 group,Family XIII AD3011 group,28,43,0.33667123102601315,0.4092022889392857,0.8227501168156122,0.4135260257183073,0.9959780175583642,0.413526426203769,0.11627906976744184,sex,154
within_project,cancer_other,PRJNA511474,Bacteria.Bacillota.Clostridia.Peptostreptococcales-Tissierellales.Family XI.Parvimonas,Parvimonas,28,43,-0.3776876557937648,0.3163970261068677,-1.1937143039587081,0.23673762223186226,0.9959780175583642,0.633715667869273,-0.06810631229235875,sex,154
within_project,cancer_other,PRJNA511474,Bacteria.Bacillota.Clostridia.Peptostreptococcales-Tissierellales.Peptostreptococcaceae.Intestinibacter,Intestinibacter,28,43,0.559066822506794,0.6077514738122168,0.9198938161350054,0.3608800749311377,0.9959780175583642,0.23703323234952522,0.16777408637873759,sex,154
within_project,cancer_other,PRJNA511474,Bacteria.Bacteroidota.Bacteroidia.Bacteroidales.Muribaculaceae.Incertae Sedis,Incertae Sedis,28,43,-0.2627857721724219,0.5275997889950629,-0.4980778568409946,0.6200362634487426,0.9959780175583642,0.7731513644145579,-0.0415282392026578,sex,154
within_project,cancer_other,PRJNA511474,Bacteria.Actinomycetota.Actinobacteria.Actinomycetales.Actinomycetaceae.Schaalia,Schaalia,28,43,-0.8242914077093786,0.38174332055887106,-2.159281808788739,0.03435898452996,0.9959780175583642,0.11354403614330687,-0.22425249169435213,sex,154
within_project,cancer_other,PRJNA511474,Bacteria.Bacillota.Clostridia.Lachnospirales.Lachnospiraceae.Anaerostipes,Anaerostipes,28,43,-0.25383197668059115,0.5693810908815944,-0.4458033130105769,0.657155537991157,0.9959780175583642,0.4339753690591074,-0.11129568106312293,sex,154
within_project,cancer_other,PRJNA511474,Bacteria.Bacillota.Clostridia.Lachnospirales.Lachnospiraceae.Fusicatenibacter,Fusicatenibacter,28,43,-0.0015512276926059115,0.6682468242926509,-0.0023213394156386884,0.9981546374701225,0.9981546374701225,0.9203388307245443,0.014950166112956742,sex,154
within_project,cancer_other,PRJNA511474,Bacteria.Bacillota.Clostridia.Lachnospirales.Lachnospiraceae.Marvinbryantia,Marvinbryantia,28,43,0.5625351957130867,0.42030068634453865,1.338411318348294,0.18522042048969772,0.9959780175583642,0.34357540756493654,0.13455149501661134,sex,154
within_project,cancer_other,PRJNA511474,Bacteria.Bacillota.Negativicutes.Veillonellales-Selenomonadales.Veillonellaceae.Dialister,Dialister,28,43,-0.2670761161745128,0.47932740750129166,-0.557189328202129,0.5792275554812107,0.9959780175583642,0.4693239378876851,-0.10299003322259137,sex,154
within_project,cancer_other,PRJNA511474,Bacteria.Bacillota.Negativicutes.Veillonellales-Selenomonadales.Veillonellaceae.Megasphaera,Megasphaera,28,43,-0.5111129403434328,0.5534824209851791,-0.9234492749266904,0.3590383533717001,0.9959780175583642,0.24649542706449667,-0.16445182724252494,sex,154
within_project,cancer_other,PRJNA511474,Bacteria.Bacillota.Bacilli.Erysipelotrichales.Erysipelotrichaceae.Turicibacter,Turicibacter,28,43,0.0086218036531952,0.4041710785235481,0.021332064839203656,0.9830432381095543,0.9959780175583642,0.9953062636404821,0.0016611295681063787,sex,154
within_project,cancer_other,PRJNA511474,Bacteria.Bacillota.Clostridia.Lachnospirales.Lachnospiraceae.Faecalimonas,Faecalimonas,28,43,1.0585421061339204,0.6862540300343375,1.5424930999399087,0.12759500485682443,0.9959780175583642,0.13358751237371672,0.21262458471760803,sex,154
within_project,cancer_other,PRJNA511474,Bacteria.Bacteroidota.Bacteroidia.Bacteroidales.Prevotellaceae.Leyella,Leyella,28,43,-0.07477438747349499,0.6911216341578313,-0.1081928039549964,0.9141613648716381,0.9959780175583642,0.7197085297009933,-0.05149501661129563,sex,154
within_project,cancer_other,PRJNA511474,Bacteria.Bacillota.Bacilli.Lactobacillales.Streptococcaceae.Lactococcus,Lactococcus,28,43,0.17576941404529448,0.38502273536683357,0.45651697393357493,0.6494731302903656,0.9959780175583642,0.901681115654448,-0.01827242524916939,sex,154
within_project,cancer_other,PRJNA511474,Bacteria.Bacillota.Clostridia.Lachnospirales.Lachnospiraceae.CAG-56,CAG-56,28,43,0.16204362317436743,0.5723526382261773,0.2831185048374538,0.7779461131517207,0.9959780175583642,0.83687167953433,0.029900332225913706,sex,154
within_project,cancer_other,PRJNA511474,Bacteria.Bacillota.Clostridia.Lachnospirales.Lachnospiraceae.Lachnoclostridium,Lachnoclostridium,28,43,0.09142750587561019,0.5141221933342134,0.1778322489497672,0.8593834143104075,0.9959780175583642,0.948404613442031,0.009966777408637828,sex,154
within_project,cancer_other,PRJNA511474,Bacteria.Bacillota.Clostridia.Lachnospirales.Lachnospiraceae.Lachnospira,Lachnospira,28,43,0.5593708598855524,0.6732912491618258,0.8308007278899111,0.4089938321391604,0.9959780175583642,0.27129895203281185,0.15614617940199338,sex,154
within_project,cancer_other,PRJNA511474,Bacteria.Bacillota.Clostridia.Lachnospirales.Lachnospiraceae.Lachnospiraceae FCS020 group,Lachnospiraceae FCS020 group,28,43,0.614852125055867,0.5785588185281124,1.062730538997032,0.29166377883424127,0.9959780175583642,0.32013210298212746,0.14119601328903664,sex,154
within_project,cancer_other,PRJNA511474,Bacteria.Bacillota.Clostridia.Oscillospirales.Ruminococcaceae.Ruthenibacterium,Ruthenibacterium,28,43,0.0611432066706165,0.5022834620215543,0.12173047948768158,0.9034714941452927,0.9959780175583642,0.7285290818568582,0.04983388704318936,sex,154
within_project,cancer_other,PRJNA511474,Bacteria.Actinomycetota.Actinobacteria.Bifidobacteriales.Bifidobacteriaceae.Bifidobacterium,Bifidobacterium,28,43,-0.08597085363444418,0.6604179030187823,-0.13017644319069763,0.8968111566693522,0.9959780175583642,0.8460732444874159,-0.028239202657807327,sex,154
within_project,cancer_other,PRJNA511474,Bacteria.Bacillota.Bacilli.Lactobacillales.Lactobacillaceae.Ligilactobacillus,Ligilactobacillus,28,43,-0.013391061322450529,0.40072012352579195,-0.03341749150161815,0.9734395590511297,0.9959780175583642,0.9859194406334877,-0.0033222591362126463,sex,154
within_project,cancer_other,PRJNA511474,Bacteria.Thermodesulfobacteriota.Desulfovibrionia.Desulfovibrionales.Desulfovibrionaceae.Bilophila,Bilophila,28,43,-0.07921827323608878,0.6803373583635011,-0.1164396931349503,0.907647285450529,0.9959780175583642,0.8185365533884115,0.03322259136212624,sex,154
within_project,cancer_other,PRJNA511474,Bacteria.Bacillota.Bacilli.Lactobacillales.Carnobacteriaceae.Granulicatella,Granulicatella,28,43,-0.24124437327009474,0.4311211090841361,-0.5595744865812505,0.5776082918857337,0.9959780175583642,0.33761421799318636,-0.1362126245847176,sex,154
within_project,cancer_other,PRJNA511474,Bacteria.Bacillota.Clostridia.Lachnospirales.Lachnospiraceae.Anaerobutyricum,Anaerobutyricum,28,43,-0.13628781293395706,0.6107598445254321,-0.2231446846998502,0.8240918711545394,0.9959780175583642,0.6505685256866376,-0.06478405315614622,sex,154
within_project,cancer_other,PRJNA511474,Bacteria.Bacillota.Clostridia.Lachnospirales.Lachnospiraceae.Extibacter,Extibacter,28,43,0.13843856663619927,0.6800409459256838,0.2035738692877592,0.8392944983824989,0.9959780175583642,1.0,0.0,sex,154
within_project,cancer_other,PRJNA511474,Bacteria.Bacillota.Clostridia.Lachnospirales.Lachnospiraceae.Lachnospiraceae UCG-004,Lachnospiraceae UCG-004,28,43,-1.0179189227641428,0.7054830389618351,-1.442868030196839,0.1536484248297362,0.9959780175583642,0.4068389755292412,-0.11794019933554822,sex,154
within_project,cancer_other,PRJNA511474,Bacteria.Bacillota.Clostridia.Lachnospirales.Lachnospiraceae.[Eubacterium] ventriosum group,[Eubacterium] ventriosum group,28,43,0.695467469717831,0.3784755905547617,1.8375490707298432,0.07049806092276979,0.9959780175583642,0.11088498220731781,0.2259136212624584,sex,154
within_project,cancer_other,PRJNA511474,Bacteria.Bacillota.Clostridia.Lachnospirales.Lachnospiraceae.[Ruminococcus] gnavus group,[Ruminococcus] gnavus group,28,43,-0.08808472941613499,0.7822924724548334,-0.11259820657576464,0.9106808490268602,0.9959780175583642,0.9296848123967165,0.013289036544850585,sex,154
within_project,cancer_other,PRJNA511474,Bacteria.Bacillota.Clostridia.Monoglobales.Monoglobaceae.Monoglobus,Monoglobus,28,43,0.17412122344195563,0.4187744635408829,0.41578758640080504,0.6788746894463813,0.9959780175583642,0.5762557643035069,0.07973421926910307,sex,154
within_project,cancer_other,PRJNA511474,Bacteria.Bacillota.Clostridia.Oscillospirales.Oscillospiraceae.UCG-005,UCG-005,28,43,-0.030823176821886917,0.5863703618728947,-0.05256605522052007,0.9582317838347698,0.9959780175583642,0.8185365533884115,-0.03322259136212624,sex,154
within_project,cancer_other,PRJNA511474,Bacteria.Bacillota.Clostridia.Peptostreptococcales-Tissierellales.Anaerovoracaceae.Family XIII UCG-001,Family XIII UCG-001,28,43,-0.2629873124072555,0.23751685906839848,-1.1072364018232583,0.2720931329240193,0.9959780175583642,0.4479267078737792,-0.10797342192691028,sex,154
within_project,cancer_other,PRJNA511474,Bacteria.Bacillota.Clostridia.Lachnospirales.Lachnospiraceae.Butyribacter,Butyribacter,28,43,0.21652763169929223,0.4063755795316167,0.5328263867352936,0.5958908031763948,0.9959780175583642,0.8737992495933979,-0.023255813953488413,sex,154
within_project,cancer_other,PRJNA511474,Bacteria.Bacillota.Clostridia.Lachnospirales.Lachnospiraceae.[Eubacterium] xylanophilum group,[Eubacterium] xylanophilum group,28,43,-0.41337759102118565,0.44363264614445647,-0.9318015583699422,0.35473568868119676,0.9959780175583642,0.4068389755292412,-0.11794019933554822,sex,154
within_project,cancer_other,PRJNA511474,Bacteria.Bacillota.Clostridia.Lachnospirales.Lachnospiraceae.[Ruminococcus] gauvreauii group,[Ruminococcus] gauvreauii group,28,43,0.3042418461453726,0.5590961725932894,0.5441672847341976,0.5881062983610711,0.9959780175583642,0.33761421799318636,0.1362126245847175,sex,154
within_project,cancer_other,PRJNA511474,Bacteria.Bacillota.Clostridia.Oscillospirales.Oscillospiraceae.UCG-003,UCG-003,28,43,-0.23604082821804112,0.5714020105537692,-0.4130906504674078,0.6808399314339253,0.9959780175583642,0.633715667869273,-0.06810631229235875,sex,154
within_project,cancer_other,PRJNA511474,Bacteria.Bacillota.Clostridia.Oscillospirales.Ruminococcaceae.Paludicola,Paludicola,28,43,-0.16297790415838379,0.3992508118036328,-0.40820932441470575,0.6844025564930427,0.9959780175583642,0.47657998194848705,-0.1013289036544851,sex,154
within_project,cancer_other,PRJNA511474,Bacteria.Bacillota.Bacilli.Erysipelotrichales.Erysipelatoclostridiaceae.Thomasclavelia,Thomasclavelia,28,43,-0.5421285105376199,0.7003541524888907,-0.7740776700059894,0.44156788953944737,0.9959780175583642,0.5290510062735386,-0.0897009966777409,sex,154
within_project,cancer_other,PRJNA511474,Bacteria.Bacillota.Bacilli.Erysipelotrichales.Erysipelotrichaceae.[Clostridium] innocuum group,[Clostridium] innocuum group,28,43,-0.6315596932610121,0.46561588550671046,-1.356396362150986,0.1794596703981509,0.9959780175583642,0.32013210298212746,-0.14119601328903653,sex,154
within_project,cancer_other,PRJNA511474,Bacteria.Bacillota.Negativicutes.Veillonellales-Selenomonadales.Veillonellaceae.Veillonella,Veillonella,28,43,-0.16255818718078022,0.6652542978230062,-0.24435495976912808,0.8076917288937941,0.9959780175583642,0.7552029489561142,-0.04485049833887045,sex,154
within_project,cancer_other,PRJNA511474,Bacteria.Bacteroidota.Bacteroidia.Bacteroidales.Barnesiellaceae.Barnesiella,Barnesiella,28,43,-0.38167109184128606,0.7110774599267329,-0.5367503729911678,0.5931919094897096,0.9959780175583642,0.9296848123967165,-0.013289036544850474,sex,154
within_project,cancer_other,PRJNA511474,Bacteria.Bacillota.Clostridia.Lachnospirales.Lachnospiraceae.Hungatella,Hungatella,28,43,0.05219576526918427,0.45170951520720354,0.11555161782510064,0.9083484643563522,0.9959780175583642,0.9953062636404821,0.0016611295681063787,sex,154
within_project,cancer_other,PRJNA511474,Bacteria.Bacillota.Clostridia.Lachnospirales.Lachnospiraceae.Incertae Sedis,Incertae Sedis,28,43,0.3885494031057985,0.762389840209718,0.509646617272492,0.6119491562588819,0.9959780175583642,0.9110038392532086,0.01661129568106312,sex,154
within_project,cancer_other,PRJNA511474,Bacteria.Bacillota.Clostridia.Oscillospirales.Ruminococcaceae.DTU089,DTU089,28,43,0.06884751114960963,0.2912292558422652,0.23640314208988203,0.8138305141192703,0.9959780175583642,0.9859194406334877,-0.0033222591362126463,sex,154
within_project,cancer_other,PRJNA511474,Bacteria.Pseudomonadota.Gammaproteobacteria.Pseudomonadales.Moraxellaceae.Acinetobacter,Acinetobacter,28,43,0.3275189400963719,0.3211758083349806,1.0197497183685003,0.31146159513846683,0.9959780175583642,0.3618593680845026,0.12956810631229243,sex,154
within_project,cancer_other,PRJNA511474,Bacteria.Bacillota.Clostridia.Lachnospirales.Lachnospiraceae.GCA-900066575,GCA-900066575,28,43,0.3279786805825432,0.600541585970704,0.5461381663559647,0.5867583809829142,0.9959780175583642,0.7552029489561142,0.04485049833887045,sex,154
within_project,cancer_other,PRJNA511474,Bacteria.Bacillota.Clostridia.Lachnospirales.Lachnospiraceae.Lachnospiraceae UCG-010,Lachnospiraceae UCG-010,28,43,-0.11367262975729779,0.5944410749663069,-0.191226068561532,0.8489183048130678,0.9959780175583642,0.8003001413009155,-0.03654485049833889,sex,154
within_project,cancer_other,PRJNA511474,Bacteria.Bacillota.Clostridia.Oscillospirales.Butyricicoccaceae.UCG-009,UCG-009,28,43,-0.07414527087188846,0.34075316957111634,-0.2175923145930242,0.8283983755752495,0.9959780175583642,0.6170507107508443,-0.0714285714285714,sex,154
within_project,cancer_other,PRJNA511474,Bacteria.Thermodesulfobacteriota.Desulfovibrionia.Desulfovibrionales.Desulfovibrionaceae.Desulfovibrio,Desulfovibrio,28,43,-0.5774564464930442,0.5123758033439215,-1.127017401532989,0.2636964550347234,0.9959780175583642,0.2513245028318165,-0.16279069767441856,sex,154
within_project,cancer_other,PRJNA511474,Bacteria.Actinomycetota.Coriobacteriia.Coriobacteriales.Coriobacteriales Incertae Sedis.Incertae Sedis,Incertae Sedis,28,43,0.40529270727631117,0.25808683090214385,1.5703734509025835,0.12097012949714554,0.9959780175583642,0.33761421799318636,0.1362126245847175,sex,154
within_project,cancer_other,PRJNA511474,Bacteria.Bacillota.Clostridia.Lachnospirales.Lachnospiraceae.Lachnospiraceae NK4B4 group,Lachnospiraceae NK4B4 group,28,43,0.010782937147575201,0.28980422177085635,0.03720766068101348,0.9704284462645458,0.9959780175583642,0.7109251393153587,-0.05315614617940201,sex,154
within_project,cancer_other,PRJNA511474,Bacteria.Bacillota.Clostridia.Clostridia vadinBB60 group.Incertae Sedis.Incertae Sedis,Incertae Sedis,28,43,-0.0024734212600066845,0.6471228778767378,-0.0038221817595480143,0.996961538689502,0.9981546374701225,0.9859194406334877,0.0033222591362125353,sex,154
within_project,cancer_other,PRJNA511474,Bacteria.Pseudomonadota.Alphaproteobacteria.Rhodospirillales.Incertae Sedis.Incertae Sedis,Incertae Sedis,28,43,-0.18868493112898602,0.41381834046845806,-0.455960774757802,0.6498710350057404,0.9959780175583642,0.7731513644145579,-0.0415282392026578,sex,154
within_project,cancer_other,PRJNA511474,Bacteria.Pseudomonadota.Gammaproteobacteria.Burkholderiales.Sutterellaceae.Sutterella,Sutterella,28,43,-0.630423546939656,0.9372797085340562,-0.672609831621837,0.5034748197019739,0.9959780175583642,0.5445650310936707,-0.08637873754152825,sex,154
within_project,cancer_other,PRJNA511474,Bacteria.Actinomycetota.Actinobacteria.Mycobacteriales.Corynebacteriaceae.Corynebacterium,Corynebacterium,28,43,0.5348722468606044,0.4036205299134939,1.3251859289101104,0.18954505185523748,0.9959780175583642,0.38074129554083924,0.12458471760797352,sex,154
within_project,cancer_other,PRJNA511474,Bacteria.Bacillota.Clostridia.Lachnospirales.Lachnospiraceae.Lachnospiraceae ND3007 group,Lachnospiraceae ND3007 group,28,43,0.16188065145593628,0.454354652479671,0.35628698984914486,0.7227287384199925,0.9959780175583642,0.633715667869273,0.06810631229235886,sex,154
within_project,cancer_other,PRJNA511474,Bacteria.Bacillota.Clostridia.Oscillospirales.Oscillospiraceae.Oscillibacter,Oscillibacter,28,43,0.27354474490159153,0.536190838029152,0.5101630343163739,0.6115892709977158,0.9959780175583642,0.693474045017474,0.056478405315614655,sex,154
within_project,cancer_other,PRJNA511474,Bacteria.Bacillota.Clostridia.Peptococcales.Peptococcaceae.Incertae Sedis,Incertae Sedis,28,43,0.1326147382065941,0.42339745684425273,0.313215717437284,0.7550754703678657,0.9959780175583642,0.901681115654448,-0.01827242524916939,sex,154
within_project,cancer_other,PRJNA511474,Bacteria.Bacteroidota.Bacteroidia.Bacteroidales.Prevotellaceae.Paraprevotella,Paraprevotella,28,43,-0.01429669900048586,0.6088889002100927,-0.023479979673718617,0.9813361741091133,0.9959780175583642,0.693474045017474,0.056478405315614655,sex,154
within_project,cancer_other,PRJNA511474,Bacteria.Thermodesulfobacteriota.Desulfovibrionia.Desulfovibrionales.Desulfovibrionaceae.Incertae Sedis,Incertae Sedis,28,43,-0.5891851469426962,0.33592055171042723,-1.7539419483050565,0.08394608075426181,0.9959780175583642,0.11625306082891369,-0.22259136212624586,sex,154
within_project,cancer_other,PRJNA511474,Bacteria.Bacteroidota.Bacteroidia.Bacteroidales.Marinifilaceae.Odoribacter,Odoribacter,28,43,0.05714464853714858,0.6277913241434457,0.09102490961485707,0.9277404053140097,0.9959780175583642,0.5603018294285945,-0.0830564784053156,sex,154
within_project,cancer_other,PRJNA511474,Bacteria.Bacteroidota.Bacteroidia.Bacteroidales.Prevotellaceae.Prevotella,Prevotella,28,43,-0.2893206129977648,0.32341250278004735,-0.8945869764179512,0.37416347876056855,0.9959780175583642,0.7641613178550717,-0.04318936877076407,sex,154
within_project,cancer_other,PRJNA511474,Bacteria.Bacillota.Clostridia.Lachnospirales.Lachnospiraceae.Enterocloster,Enterocloster,28,43,-0.08268579995331302,0.4132221797411015,-0.20010010112506216,0.8419995183953048,0.9959780175583642,0.9296848123967165,-0.013289036544850474,sex,154
within_project,cancer_other,PRJNA511474,Bacteria.Bacteroidota.Bacteroidia.Bacteroidales.Tannerellaceae.Incertae Sedis,Incertae Sedis,28,43,0.22718217690414358,0.549813174929741,0.4131988596547809,0.6807610372325877,0.9959780175583642,0.44091941485449415,0.10963455149501655,sex,154
within_project,cancer_other,PRJNA511474,Bacteria.Pseudomonadota.Alphaproteobacteria.Rickettsiales.Mitochondria.Incertae Sedis,Incertae Sedis,28,43,-0.2599599533394903,0.8442027500781326,-0.3079354495296663,0.7590727135638181,0.9959780175583642,0.5062092002384044,-0.09468438538205981,sex,154
within_project,cancer_other,PRJNA511474,Bacteria.Bacillota.Clostridia.Oscillospirales.Oscillospiraceae.Incertae Sedis,Incertae Sedis,28,43,1.1892756624638048,0.7354175966532496,1.6171433317287756,0.11047735661705171,0.9959780175583642,0.1668339975550679,0.1960132890365449,sex,154
within_project,cancer_other,PRJNA511474,Bacteria.Bacillota.Clostridia.Oscillospirales.Ruminococcaceae.Angelakisella,Angelakisella,28,43,0.2280160539084814,0.35099223964559884,0.6496327501106919,0.5181179686755272,0.9959780175583642,0.42709495211722237,0.11295681063122931,sex,154
within_project,cancer_other,PRJNA511474,Bacteria.Pseudomonadota.Gammaproteobacteria.Pseudomonadales.Pseudomonadaceae.Pseudomonas,Pseudomonas,28,43,0.4453066742711757,0.43019146810733205,1.0351359970720582,0.3042726641042645,0.9959780175583642,0.3680871026141348,0.12790697674418605,sex,154
within_project,cancer_other,PRJNA511474,Bacteria.Bacillota.Bacilli.Erysipelotrichales.Erysipelotrichaceae.Holdemania,Holdemania,28,43,0.063395675953991,0.3617508684815858,0.17524678301420035,0.8614065105553698,0.9959780175583642,0.9859194406334877,-0.0033222591362126463,sex,154
within_project,cancer_other,PRJNA511474,Bacteria.Bacillota.Negativicutes.Acidaminococcales.Acidaminococcaceae.Acidaminococcus,Acidaminococcus,28,43,-0.7473088087168477,0.44373410709031286,-1.684136506019693,0.09674060277098336,0.9959780175583642,0.15285750285303296,-0.2026578073089701,sex,154
within_project,cancer_other,PRJNA511474,Bacteria.Bacillota.Clostridia.Peptostreptococcales-Tissierellales.Anaerovoracaceae.[Eubacterium] brachy group,[Eubacterium] brachy group,28,43,0.5650789915958297,0.316864522878231,1.7833457228437843,0.07899255589125571,0.9959780175583642,0.11901261332855531,0.22093023255813948,sex,154
within_project,cancer_other,PRJNA511474,Bacteria.Bacteroidota.Bacteroidia.Bacteroidales.Marinifilaceae.Butyricimonas,Butyricimonas,28,43,-0.1949780292558633,0.5992185491866802,-0.32538717221038493,0.7458871556994855,0.9959780175583642,0.8830775568755102,-0.021594684385382035,sex,154
within_project,cancer_other,PRJNA511474,Bacteria.Fusobacteriota.Fusobacteriia.Fusobacteriales.Fusobacteriaceae.Fusobacterium,Fusobacterium,28,43,-0.24819658379012885,0.5968855593879369,-0.4158193809289616,0.6788515342250081,0.9959780175583642,0.633715667869273,-0.06810631229235875,sex,154
within_project,cancer_other,PRJNA511474,Bacteria.Bacillota.Clostridia.Christensenellales.Christensenellaceae.Incertae Sedis,Incertae Sedis,28,43,-0.1862889061239136,0.3918918236739605,-0.4753579811323113,0.6360552692055024,0.9959780175583642,0.413526426203769,-0.11627906976744184,sex,154
within_project,cancer_other,PRJNA511474,Bacteria.Bacillota.Clostridia.Oscillospirales.Ruminococcaceae.Anaerotruncus,Anaerotruncus,28,43,0.14642443030414812,0.5308268834253341,0.27584215283012153,0.7835058661200989,0.9959780175583642,0.9390405020495318,0.011627906976744207,sex,154
within_project,cancer_other,PRJNA511474,Bacteria.Bacillota.Clostridia.Lachnospirales.Lachnospiraceae.Sellimonas,Sellimonas,28,43,-0.06232500342375527,0.4346705734279735,-0.14338445534105784,0.8864106138325276,0.9959780175583642,0.8094054098486643,-0.03488372093023251,sex,154
within_project,cancer_other,PRJNA511474,Bacteria.Bacillota.Clostridia.Oscillospirales.Oscillospiraceae.Oscillospira,Oscillospira,28,43,-0.2333383987274197,0.5113679072609236,-0.45630239092880664,0.6496266308020202,0.9959780175583642,0.5290510062735386,-0.0897009966777409,sex,154
within_project,cancer_other,PRJNA511474,Bacteria.Pseudomonadota.Gammaproteobacteria.Burkholderiales.Sutterellaceae.Parasutterella,Parasutterella,28,43,0.8522663577119928,0.7845208860451971,1.0863526680701943,0.28115901701563617,0.9959780175583642,0.3618593680845026,0.12956810631229243,sex,154
within_project,cancer_other,PRJNA511474,Bacteria.Pseudomonadota.Alphaproteobacteria.Sphingomonadales.Sphingomonadaceae.Sphingomonas,Sphingomonas,28,43,0.6950881743207679,0.2687209683268176,2.5866540249862595,0.011835515343244665,0.9959780175583642,0.04361348033118359,0.2857142857142858,sex,154
within_project,cancer_other,PRJNA511474,Bacteria.Pseudomonadota.Gammaproteobacteria.Burkholderiales.Neisseriaceae.Neisseria,Neisseria,28,43,-0.17031362364177885,0.2614617537506488,-0.6513901983699069,0.5169900587382872,0.9959780175583642,0.608790902304136,-0.07308970099667778,sex,154
within_project,cancer_other,PRJNA511474,Bacteria.Bacillota.Bacilli.Erysipelotrichales.Erysipelotrichaceae.Faecalitalea,Faecalitalea,28,43,-0.7767120539922794,0.32445951544865664,-2.3938643097529635,0.01943607142454716,0.9959780175583642,0.15285750285303296,-0.2026578073089701,sex,154
within_project,cancer_other,PRJNA511474,Bacteria.Bacteroidota.Bacteroidia.Bacteroidales.Prevotellaceae.Prevotellaceae NK3B31 group,Prevotellaceae NK3B31 group,28,43,0.36122604764273497,0.5157224074246514,0.7004272888715064,0.48605018534096534,0.9959780175583642,0.8737992495933979,-0.023255813953488413,sex,154
within_project,cancer_other,PRJNA511474,Bacteria.Pseudomonadota.NA.NA.NA.NA,Bacteria.Pseudomonadota.NA.NA.NA.NA,28,43,0.5980689066094986,0.4641227799854591,1.288600629833847,0.20190399226060707,0.9959780175583642,0.32013210298212746,0.14119601328903664,sex,154
within_project,cancer_other,PRJNA511474,Bacteria.Bacillota.Clostridia.Lachnospirales.Lachnospiraceae.Frisingicoccus,Frisingicoccus,28,43,-0.8089423609001545,0.6489445516630873,-1.2465508167485675,0.2168392887138563,0.9959780175583642,0.2662062393619635,-0.15780730897009965,sex,154
within_project,cancer_other,PRJNA511474,Bacteria.Bacillota.Clostridia.Oscillospirales.Ruminococcaceae.Negativibacillus,Negativibacillus,28,43,-0.2461669882531669,0.5568355977972004,-0.4420819883408765,0.6598327192573863,0.9959780175583642,0.5762557643035069,-0.07973421926910296,sex,154
within_project,cancer_other,PRJNA511474,Bacteria.Bacillota.Clostridia.Lachnospirales.Lachnospiraceae.Tyzzerella,Tyzzerella,28,43,0.16156959221978906,0.33023394981115395,0.4892579709390373,0.6262335643785879,0.9959780175583642,0.7552029489561142,0.04485049833887045,sex,154
within_project,cancer_other,PRJNA511474,Bacteria.Bacillota.Clostridia.Lachnospirales.Lachnospiraceae.Eisenbergiella,Eisenbergiella,28,43,0.3777406963481418,0.4016170037832938,0.9405495603765938,0.35026500292735385,0.9959780175583642,0.28697569145036783,0.15116279069767447,sex,154
within_project,cancer_other,PRJNA511474,Bacteria.Bacillota.Clostridia.Oscillospirales.Oscillospiraceae.Flavonifractor,Flavonifractor,28,43,-0.012565892424562691,0.5808220210026073,-0.02163466943431589,0.9828027368969198,0.9959780175583642,0.83687167953433,0.029900332225913706,sex,154
within_project,cancer_other,PRJNA511474,Bacteria.Pseudomonadota.Gammaproteobacteria.Pseudomonadales.Halomonadaceae.Halomonas,Halomonas,28,43,0.09174294748133713,0.28334656938322095,0.3237835124703998,0.7470956913696767,0.9959780175583642,0.9296848123967165,0.013289036544850585,sex,154
within_project,cancer_other,PRJNA511474,Bacteria.Bacteroidota.Bacteroidia.Bacteroidales.Barnesiellaceae.Coprobacter,Coprobacter,28,43,0.10108867494456446,0.5327770735889491,0.1897391610033072,0.850078777050081,0.9959780175583642,0.9110038392532086,0.01661129568106312,sex,154
within_project,cancer_other,PRJNA511474,Bacteria.Bacillota.Clostridia.Peptostreptococcales-Tissierellales.Anaerovoracaceae.Incertae Sedis,Incertae Sedis,28,43,0.11499132985183606,0.32060162464175507,0.3586735718520736,0.7209505067232727,0.9959780175583642,0.7912219311690915,0.038205980066445155,sex,154
within_project,cancer_other,PRJNA511474,Bacteria.Cyanobacteriota.Cyanobacteriia.Chloroplast.Incertae Sedis.Incertae Sedis,Incertae Sedis,28,43,-0.09280894844272213,0.40488651717193,-0.2292221264639246,0.8193843155153264,0.9959780175583642,0.6590631423989384,-0.06312292358803984,sex,154
within_project,cancer_other,PRJNA511474,Bacteria.Bacillota.Bacilli.Erysipelotrichales.Erysipelotrichaceae.Dielma,Dielma,28,43,-0.05763488254150797,0.4936487680245892,-0.11675281348749789,0.9074000791235023,0.9959780175583642,0.948404613442031,0.009966777408637828,sex,154
within_project,cancer_other,PRJNA511474,Bacteria.Pseudomonadota.Gammaproteobacteria.Burkholderiales.Burkholderiaceae.Ralstonia,Ralstonia,28,43,-0.05612331179601572,0.40536007364157056,-0.13845298401450692,0.8902916225648628,0.9959780175583642,0.6676019690588968,-0.06146179401993357,sex,154
within_project,cancer_other,PRJNA511474,Bacteria.Bacillota.Clostridia.Lachnospirales.Lachnospiraceae.Lachnospiraceae UCG-009,Lachnospiraceae UCG-009,28,43,-0.2479582135057233,0.5630614305654839,-0.44037506397250176,0.6610622021572885,0.9959780175583642,0.7552029489561142,-0.04485049833887045,sex,154
within_project,cancer_other,PRJNA511474,Bacteria.Pseudomonadota.Gammaproteobacteria.Burkholderiales.Comamonadaceae.Delftia,Delftia,28,43,-0.3681226968113388,0.3316658960087867,-1.1099202578295426,0.27094303750269305,0.9959780175583642,0.49871219762005825,-0.09634551495016608,sex,154
within_project,cancer_other,PRJNA511474,Bacteria.Pseudomonadota.Alphaproteobacteria.Hyphomicrobiales.Xanthobacteraceae.Bradyrhizobium,Bradyrhizobium,28,43,0.6022927618288666,0.5702858494387146,1.0561243320725102,0.2946492113029872,0.9959780175583642,0.21450883947111954,0.17607973421926904,sex,154
within_project,cancer_other,PRJNA511474,Eukaryota.NA.NA.NA.NA.NA,Eukaryota.NA.NA.NA.NA.NA,28,43,0.07942464806659456,0.6603935723784167,0.12026865703817435,0.9046249803382092,0.9959780175583642,0.8830775568755102,0.021594684385382035,sex,154
within_project,cancer_other,PRJNA511474,Bacteria.Bacillota.Clostridia.Lachnospirales.Lachnospiraceae.Lachnotalea,Lachnotalea,28,43,-0.1517158391805642,0.3576913458714309,-0.4241529489927809,0.6727931306638573,0.9959780175583642,0.8185365533884115,-0.03322259136212624,sex,154
within_project,cancer_other,PRJNA639644,Bacteria.NA.NA.NA.NA.NA,Bacteria.NA.NA.NA.NA.NA,83,61,0.007144414070258097,0.037654894825522485,0.18973400678351154,0.8497923847548201,0.8497923847548201,0.7678882605093771,-0.02903416946474424,"age_years,sex",5
within_project,cancer_other,PRJNA639644,Bacteria.Pseudomonadota.Alphaproteobacteria.Rickettsiales.Mitochondria.Incertae Sedis,Incertae Sedis,83,61,1.0252600639360971,0.30090317241279246,3.407275688438404,0.0008569106226039752,0.0042845531130198755,0.3566320200178834,0.09026269010468102,"age_years,sex",5
within_project,cancer_other,PRJNA639644,NA.NA.NA.NA.NA.NA,NA.NA.NA.NA.NA.NA,83,61,0.06697876165013242,0.13072437908337975,0.5123662634298033,0.6092020753754064,0.7615025942192579,0.7740722870424384,-0.028244124037132168,"age_years,sex",5
within_project,cancer_other,PRJNA639644,Bacteria.Pseudomonadota.NA.NA.NA.NA,Bacteria.Pseudomonadota.NA.NA.NA.NA,83,61,0.4077662027044992,0.5122188633927997,0.7960780671050766,0.4273344551953404,0.712224091992234,0.11861954987119751,0.15267627888603585,"age_years,sex",5
within_project,cancer_other,PRJNA639644,Bacteria.Pseudomonadota.Alphaproteobacteria.NA.NA.NA,Alphaproteobacteria,83,61,1.4598403566283487,0.4894384433520061,2.982684291471615,0.003371646072637854,0.008429115181594634,0.21453264877048062,0.12146948449535855,"age_years,sex",5
within_project,IBD,PRJEB42155,Bacteria.Actinomycetota.Coriobacteriia.Coriobacteriales.Coriobacteriaceae.Collinsella,Collinsella,183,18,-0.8893573537116016,0.6724686720577367,-1.3225260754381183,0.18751093592268891,0.30294800500752045,0.5008808966234066,-0.09653916211293256,,169
within_project,IBD,PRJEB42155,Bacteria.Actinomycetota.Coriobacteriia.Coriobacteriales.Eggerthellaceae.Adlercreutzia,Adlercreutzia,183,18,0.16806322271055177,0.3258116433199679,0.51582939454838,0.6065461972914804,0.7020979954949328,0.0074161905792164825,0.3831208257437766,,169
within_project,IBD,PRJEB42155,Bacteria.Actinomycetota.Coriobacteriia.Coriobacteriales.Eggerthellaceae.Senegalimassilia,Senegalimassilia,183,18,-0.921214474354936,0.39344628437654905,-2.3413983329762105,0.02020086167980295,0.062166942759858054,0.8169683472780416,-0.033394049787492386,,169
within_project,IBD,PRJEB42155,Bacteria.Bacillota.Bacilli.Erysipelotrichales.Erysipelotrichaceae.Holdemanella,Holdemanella,183,18,-1.376293412540344,0.5259706167813706,-2.616673571923935,0.009560648826925972,0.0401770351296731,0.8501094103983049,0.02732240437158473,,169
within_project,IBD,PRJEB42155,Bacteria.Bacillota.Bacilli.Lactobacillales.Streptococcaceae.Streptococcus,Streptococcus,183,18,1.2917965593559555,0.40817573573946137,3.164804877525864,0.0017955125270225048,0.011238578409881603,0.0034102919498048673,0.41894353369763215,,169
within_project,IBD,PRJEB42155,Bacteria.Bacillota.Bacilli.RF39.Incertae Sedis.Incertae Sedis,Incertae Sedis,183,18,-1.5933954939381871,0.5500022406008936,-2.8970709141063784,0.004188360393409609,0.022833319564071742,0.9576650270179061,-0.007893139040680008,,169
within_project,IBD,PRJEB42155,Bacteria.Bacillota.Clostridia.Christensenellales.Christensenellaceae.Christensenellaceae R-7 group,Christensenellaceae R-7 group,183,18,-2.777202643766207,0.6759028738777935,-4.108878288729304,5.807462849837442e-05,0.0008178843513521063,0.0035046211579022697,-0.4177292046144505,,169
within_project,IBD,PRJEB42155,Bacteria.Bacillota.Clostridia.Clostridia UCG-014.Incertae Sedis.Incertae Sedis,Incertae Sedis,183,18,-3.4229131145555423,0.6749357846648636,-5.071464859809107,9.012965885566061e-07,7.615956173303322e-05,0.004067191517184245,-0.41105039465695203,,169
within_project,IBD,PRJEB42155,Bacteria.Bacillota.Clostridia.Clostridiales.Clostridiaceae.Clostridium,Clostridium,183,18,-0.9495865646172921,0.5988985235099008,-1.5855550270054954,0.11442804799654721,0.20701484403348056,0.12163970328057906,-0.2216150576806315,,169
within_project,IBD,PRJEB42155,Bacteria.Bacillota.Clostridia.Lachnospirales.Lachnospiraceae.Agathobacter,Agathobacter,183,18,-1.8784859901080293,0.696680517660571,-2.6963377652871934,0.00761133147050508,0.03783279466221643,0.008517410169797204,-0.3764420157862781,,169
within_project,IBD,PRJEB42155,Bacteria.Bacillota.Clostridia.Lachnospirales.Lachnospiraceae.Blautia,Blautia,183,18,-0.2463898214703168,0.3662377614424732,-0.6727591947369919,0.5018809588062249,0.6146223336105218,0.8768172917001287,-0.022465088038858494,,169
within_project,IBD,PRJEB42155,Bacteria.Bacillota.Clostridia.Lachnospirales.Lachnospiraceae.Coprococcus,Coprococcus,183,18,-2.484811503324783,0.6802401530707866,-3.6528445022065767,0.000331626748581122,0.0031136066950116456,0.0015686210859932686,-0.45233758348512443,,169
within_project,IBD,PRJEB42155,Bacteria.Bacillota.Clostridia.Lachnospirales.Lachnospiraceae.Dorea,Dorea,183,18,-1.9078037976295714,0.7461609912328708,-2.5568259665750355,0.011308534316268685,0.04444516975463739,0.04479515376773246,-0.28718882817243474,,169
within_project,IBD,PRJEB42155,Bacteria.Bacillota.Clostridia.Lachnospirales.Lachnospiraceae.Lachnospiraceae NK4A136 group,Lachnospiraceae NK4A136 group,183,18,-2.8995433461416362,0.6782507089225531,-4.275031795761417,2.9633146517896068e-05,0.0005564446401693817,0.00010472547026120717,-0.5549483910139648,,169
within_project,IBD,PRJEB42155,Bacteria.Bacillota.Clostridia.Lachnospirales.Lachnospiraceae.Mediterraneibacter,Mediterraneibacter,183,18,-1.0552280884514267,0.6109646637932911,-1.7271507682618519,0.08569223459531099,0.17037632525420654,0.09639473107319975,-0.23800850030358223,,169
within_project,IBD,PRJEB42155,Bacteria.Bacillota.Clostridia.Lachnospirales.Lachnospiraceae.Roseburia,Roseburia,183,18,-1.5408969525865297,0.6895852408337355,-2.2345271640726025,0.02656058912129499,0.07248994938451397,0.04805904648531923,-0.2829386763812993,,169
within_project,IBD,PRJEB42155,Bacteria.Bacillota.Clostridia.Lachnospirales.Lachnospiraceae.[Eubacterium] eligens group,[Eubacterium] eligens group,183,18,-1.6961169307457704,0.5193963438970592,-3.2655542355568237,0.0012863702618941127,0.008695862970404202,0.007899852196616167,-0.3800850030358227,,169
within_project,IBD,PRJEB42155,Bacteria.Bacillota.Clostridia.Lachnospirales.Lachnospiraceae.[Eubacterium] ruminantium group,[Eubacterium] ruminantium group,183,18,-1.7188762761313177,0.3876345978418937,-4.43426950458226,1.5264271229699404e-05,0.0003752286174183983,0.5535715351254141,-0.08500303582270796,,169
within_project,IBD,PRJEB42155,Bacteria.Bacillota.Clostridia.NA.NA.NA,Clostridia,183,18,-0.42570989091756734,0.36782598504458397,-1.157367636400042,0.24850948024438912,0.3684044049236997,0.7292620833464021,0.049787492410443335,,169
within_project,IBD,PRJEB42155,Bacteria.Bacillota.Clostridia.Oscillospirales.Oscillospiraceae.Colidextribacter,Colidextribacter,183,18,-0.4012896483713157,0.47216648927787114,-0.8498901499448762,0.3964075024705711,0.5316894279168771,0.75816842843157,-0.04432301153612628,,169
within_project,IBD,PRJEB42155,Bacteria.Bacillota.Clostridia.Oscillospirales.Oscillospiraceae.UCG-002,UCG-002,183,18,-2.4594848519683072,0.6327894957757395,-3.8867346382752666,0.00013835198816558795,0.001592406367840264,0.0015234824011638834,-0.45355191256830596,,169
within_project,IBD,PRJEB42155,Bacteria.Bacillota.Clostridia.Oscillospirales.Ruminococcaceae.Faecalibacterium,Faecalibacterium,183,18,-2.6637229865963072,0.8463079291513723,-3.1474631098722323,0.0019000516472100304,0.01146816887066054,0.0015459000260900837,-0.45294474802671525,,169
within_project,IBD,PRJEB42155,Bacteria.Bacillota.Clostridia.Oscillospirales.Ruminococcaceae.Gemmiger,Gemmiger,183,18,-3.8113958760417392,0.6573846398672881,-5.797817053971901,2.603382815121497e-08,4.39971695755533e-06,2.5467287689436247e-05,-0.6023072252580449,,169
within_project,IBD,PRJEB42155,Bacteria.Bacillota.Clostridia.Oscillospirales.Ruminococcaceae.NA,Ruminococcaceae,183,18,-3.0521650852292774,0.789421978781495,-3.866328994209686,0.00014956152289572586,0.001592406367840264,0.0003040423236584896,-0.5166970248937461,,169
within_project,IBD,PRJEB42155,Bacteria.Bacillota.Clostridia.Oscillospirales.Ruminococcaceae.Ruminococcus,Ruminococcus,183,18,-1.3810357688391752,0.7250811474706301,-1.9046637381991993,0.05826602677706032,0.13306700709896208,0.1816826848670443,-0.1912568306010929,,169
within_project,IBD,PRJEB42155,Bacteria.Bacillota.Clostridia.Oscillospirales.Ruminococcaceae.Subdoligranulum,Subdoligranulum,183,18,0.5460637415367392,0.34716073474667625,1.5729421183971246,0.11732075325360627,0.20701484403348056,0.00018148942626031417,0.53551912568306,,169
within_project,IBD,PRJEB42155,Bacteria.Bacillota.Clostridia.Oscillospirales.Ruminococcaceae.[Eubacterium] siraeum group,[Eubacterium] siraeum group,183,18,-1.1436056391028964,0.46540097464215996,-2.4572480536427714,0.014856662511700315,0.052322537691469474,0.3193207364944175,-0.1426836672738312,,169
within_project,IBD,PRJEB42155,Bacteria.Bacillota.Clostridia.Oscillospirales.UCG-010.Incertae Sedis,Incertae Sedis,183,18,-0.6760730811264124,0.3124100792636252,-2.1640565589944125,0.03165116729012544,0.08357886362548748,0.6664381249659247,-0.06193078324225865,,169
within_project,IBD,PRJEB42155,Bacteria.Bacillota.Clostridia.Peptostreptococcales-Tissierellales.Peptostreptococcaceae.Romboutsia,Romboutsia,183,18,-1.1706429030780128,0.7344153884306152,-1.5939792677541516,0.11252769905488094,0.20670849065516173,0.16172523617267776,-0.20036429872495443,,169
within_project,IBD,PRJEB42155,Bacteria.Bacillota.NA.NA.NA.NA,Bacteria.Bacillota.NA.NA.NA.NA,183,18,-0.25066941463556425,0.3401910353885859,-0.7368489717820904,0.4620820104741423,0.5813167003184158,0.46902586224503917,0.10382513661202175,,169
within_project,IBD,PRJEB42155,Bacteria.Bacillota.Negativicutes.Acidaminococcales.Acidaminococcaceae.Phascolarctobacterium,Phascolarctobacterium,183,18,-1.8431502038338123,0.5478762927733806,-3.3641722194323878,0.0009209884303305832,0.006767262814168199,0.045249656036877695,-0.2865816636308439,,169
within_project,IBD,PRJEB42155,Bacteria.Bacteroidota.Bacteroidia.Bacteroidales.Bacteroidaceae.Bacteroides,Bacteroides,183,18,0.1144607723139237,0.6301741289616218,0.18163356293684735,0.8560551810276128,0.8824655815880389,0.5881931841828069,0.07771706132361866,,169
within_project,IBD,PRJEB42155,Bacteria.Bacteroidota.Bacteroidia.Bacteroidales.Prevotellaceae.Segatella,Segatella,183,18,-0.7478492579648505,0.4949722123804761,-1.5108913980609326,0.13240239644209195,0.22731707485517613,0.3828266274310993,0.12507589556769894,,169
within_project,IBD,PRJEB42155,Bacteria.Bacteroidota.Bacteroidia.Bacteroidales.Rikenellaceae.Alistipes,Alistipes,183,18,-1.2729039121086685,0.6645185757583797,-1.9155279604576456,0.056858767186590775,0.1316319404730663,0.06945159461995143,-0.25986642380085,,169
within_project,IBD,PRJEB42155,Bacteria.Bacteroidota.Bacteroidia.Bacteroidales.Tannerellaceae.Parabacteroides,Parabacteroides,183,18,-1.1156031988791857,0.6604306417344088,-1.6892056915309266,0.09274615929408778,0.18016207954828548,0.14580774170679153,-0.20825743776563443,,169
within_project,IBD,PRJEB42155,Bacteria.NA.NA.NA.NA.NA,Bacteria.NA.NA.NA.NA.NA,183,18,0.12003455377558894,0.3389323136638053,0.35415494166972217,0.7235977407013569,0.7992680926701262,0.5478997946600976,0.0862173649058895,,169
within_project,IBD,PRJEB42155,Bacteria.Pseudomonadota.Gammaproteobacteria.Enterobacterales.Enterobacteriaceae.Klebsiella,Klebsiella,183,18,0.5738466867875108,0.7888466446921715,0.7274502473309509,0.46780515528582567,0.5813167003184158,0.11760294270090023,0.22404371584699456,,169
within_project,IBD,PRJEB42155,Bacteria.Pseudomonadota.Gammaproteobacteria.Enterobacterales.Enterobacteriaceae.NA,Enterobacteriaceae,183,18,0.6826956964798526,0.5785455854890474,1.1800205785042273,0.23940068812731527,0.3612385383349668,0.005662076342035622,0.3958712811171827,,169
within_project,IBD,PRJEB42155,Bacteria.Pseudomonadota.Gammaproteobacteria.Enterobacterales.Pasteurellaceae.Haemophilus,Haemophilus,183,18,0.619493066803138,0.6606961888209221,0.9376368099060551,0.34956765812895496,0.48030027824222266,0.19304692767240206,0.18639951426836676,,169
within_project,IBD,PRJEB42155,Archaea.Methanobacteriota.Methanobacteria.Methanobacteriales.Methanobacteriaceae.Methanobrevibacter,Methanobrevibacter,183,18,-0.8731322445938923,0.43058799145481474,-2.0277672901277772,0.04391725325482106,0.10756544637775015,0.681946781967355,0.05889496053430476,,169
within_project,IBD,PRJEB42155,Bacteria.Actinomycetota.Actinobacteria.Micrococcales.Micrococcaceae.Rothia,Rothia,183,18,0.5400278259930494,0.37060538464538795,1.4571505120190646,0.14665098371695287,0.2429805514525984,0.06815748524182597,0.26108075288403154,,169
within_project,IBD,PRJEB42155,Bacteria.Actinomycetota.Coriobacteriia.Coriobacteriales.Eggerthellaceae.Eggerthella,Eggerthella,183,18,1.1672644599430761,0.5219804763959409,2.2362224503156782,0.02644745634237981,0.07248994938451397,0.0025504469524777525,0.4316939890710383,,169
within_project,IBD,PRJEB42155,Bacteria.Bacillota.Bacilli.Lactobacillales.Enterococcaceae.Enterococcus,Enterococcus,183,18,1.5409762205484785,0.6328294340489445,2.4350577543289424,0.01577073925680216,0.052322537691469474,0.002659731346849372,0.42987249544626605,,169
within_project,IBD,PRJEB42155,Bacteria.Bacillota.Bacilli.Lactobacillales.Lactobacillaceae.Lactobacillus,Lactobacillus,183,18,0.5636531950291824,0.6215092263615366,0.9069104224388475,0.36555101660126155,0.49821065972268713,0.2741615266966052,0.15664845173041897,,169
within_project,IBD,PRJEB42155,Bacteria.Bacillota.Bacilli.Staphylococcales.Gemellaceae.Gemella,Gemella,183,18,0.46877419720581937,0.40154760086779084,1.1674187473483693,0.24443819849877416,0.36557571279905166,0.0143559448827417,0.3503339404978749,,169
within_project,IBD,PRJEB42155,Bacteria.Bacillota.Clostridia.Lachnospirales.Lachnospiraceae.NA,Lachnospiraceae,183,18,-0.45148673279037144,0.5215335479741695,-0.8656906819208736,0.387702270160005,0.5241734692563268,0.7743778149222563,-0.041287188828172394,,169
within_project,IBD,PRJEB42155,Bacteria.Bacillota.Clostridia.Oscillospirales.Butyricicoccaceae.Agathobaculum,Agathobaculum,183,18,-1.8633434253257868,0.5380566361106534,-3.463099049934556,0.0006537008151407931,0.005021610807217911,0.00040717305308987265,-0.5057680631451122,,169
within_project,IBD,PRJEB42155,Bacteria.Bacillota.Clostridia.Oscillospirales.Oscillospiraceae.Intestinimonas,Intestinimonas,183,18,-0.5100416167077668,0.5365838305003343,-0.9505348236680587,0.3429935653475784,0.4751304306863996,0.8601064321081658,-0.025500910746812377,,169
within_project,IBD,PRJEB42155,Bacteria.Bacillota.Clostridia.Oscillospirales.Oscillospiraceae.NA,Oscillospiraceae,183,18,-0.23470719096221962,0.37502507349599123,-0.6258439969740542,0.5321343983146725,0.6423622379655689,0.19304692767240206,0.18639951426836676,,169
within_project,IBD,PRJEB42155,Bacteria.Bacillota.Clostridia.Oscillospirales.Oscillospiraceae.NK4A214 group,NK4A214 group,183,18,-2.7236889848835015,0.5558504756933512,-4.9000389564946465,1.9819690216300612e-06,0.00011165092155182678,0.00016959689083982952,-0.5379477838494232,,169
within_project,IBD,PRJEB42155,Bacteria.Bacillota.Clostridia.Oscillospirales.Ruminococcaceae.Acutalibacter,Acutalibacter,183,18,-0.7286314829939697,0.4878482396313907,-1.4935617755728923,0.1368740341531594,0.2313171177188394,0.2286113123013449,-0.172434729811779,,169
within_project,IBD,PRJEB42155,Bacteria.Bacillota.Clostridia.Oscillospirales.Ruminococcaceae.Incertae Sedis,Incertae Sedis,183,18,-0.6022085019256673,0.5634798911050368,-1.0687311320811823,0.2864855169528845,0.41030552851726676,0.48481163482247247,-0.10018214936247727,,169
within_project,IBD,PRJEB42155,Bacteria.Bacillota.Clostridia.Peptostreptococcales-Tissierellales.Anaerovoracaceae.Mogibacterium,Mogibacterium,183,18,0.17848419419783196,0.21483214013344326,0.8308076905390706,0.40707795275108083,0.541702157597895,0.0020927410918017185,0.4401942926533091,,169
within_project,IBD,PRJEB42155,Bacteria.Pseudomonadota.Gammaproteobacteria.Enterobacterales.Enterobacteriaceae.Escherichia-Shigella,Escherichia-Shigella,183,18,1.7832346229062457,0.6820821651915746,2.6143985488982744,0.009622378506837673,0.0401770351296731,0.007048569212097498,0.38554948391013966,,169
within_project,IBD,PRJEB42155,Bacteria.Pseudomonadota.Gammaproteobacteria.Enterobacterales.NA.NA,Enterobacterales,183,18,0.3456067401909001,0.21921711830289564,1.5765499650140002,0.1164874674089745,0.20701484403348056,0.0006245350215580344,0.4893746205221614,,169
within_project,IBD,PRJEB42155,Bacteria.Verrucomicrobiota.Verrucomicrobiia.Verrucomicrobiales.Akkermansiaceae.Akkermansia,Akkermansia,183,18,-1.8894620959380648,0.7711558244524638,-2.4501690009014987,0.015143023257006139,0.052322537691469474,0.009643051524028277,-0.37037037037037035,,169
within_project,IBD,PRJEB42155,Bacteria.Actinomycetota.Coriobacteriia.Coriobacteriales.Eggerthellaceae.Incertae Sedis,Incertae Sedis,183,18,-1.0684482628421914,0.3253053457644801,-3.28444729468339,0.001207318583616314,0.008501535026298211,0.7133647730765915,-0.05282331511839711,,169
within_project,IBD,PRJEB42155,Bacteria.Actinomycetota.Coriobacteriia.Coriobacteriales.Eggerthellaceae.Slackia,Slackia,183,18,-0.7911686026007747,0.30115840777813024,-2.627084558049747,0.009282676249780505,0.0401770351296731,0.09897385022928673,-0.23618700667880999,,169
within_project,IBD,PRJEB42155,Bacteria.Bacillota.Bacilli.Erysipelotrichales.Erysipelatoclostridiaceae.Erysipelotrichaceae UCG-003,Erysipelotrichaceae UCG-003,183,18,-2.483310413056599,0.7082815541958762,-3.506106291128734,0.0005618626169429774,0.004678316102284569,0.0018933411055434128,-0.4444444444444444,,169
within_project,IBD,PRJEB42155,Bacteria.Bacillota.Bacilli.Erysipelotrichales.Erysipelatoclostridiaceae.Massiliomicrobiota,Massiliomicrobiota,183,18,0.4445540377893948,0.35712138121886694,1.244826160427912,0.21465962488708287,0.3359025611658982,0.0034571637409635384,0.41833636915604133,,169
within_project,IBD,PRJEB42155,Bacteria.Bacillota.Clostridia.Oscillospirales.Ruminococcaceae.Fournierella,Fournierella,183,18,-0.7046657681790852,0.3058159684056198,-2.304215086782028,0.022242774069422554,0.06592762664010646,0.9745913820752833,0.004857316332726125,,169
within_project,IBD,PRJEB42155,Bacteria.Bacillota.Clostridia.Oscillospirales.[Eubacterium] coprostanoligenes group.Incertae Sedis,Incertae Sedis,183,18,-1.6832615409066727,0.7326263406345831,-2.2975716917967657,0.022626049379444818,0.06592762664010646,0.06378335098557247,-0.26533090467516696,,169
within_project,IBD,PRJEB42155,Bacteria.Bacillota.Clostridia.Peptococcales.Peptococcaceae.Peptococcus,Peptococcus,183,18,-0.11284095865889797,0.237805100137842,-0.4745102547989531,0.6356563715847379,0.7161728453188047,0.08128530958902781,0.24954462659380683,,169
within_project,IBD,PRJEB42155,Bacteria.Bacillota.Clostridia.Peptostreptococcales-Tissierellales.Anaerovoracaceae.Family XIII AD3011 group,Family XIII AD3011 group,183,18,-1.7228516550880502,0.4322409916335059,-3.9858590194722763,9.434413032597964e-05,0.0012264736942377353,0.0002578861366271464,-0.5227686703096539,,169
within_project,IBD,PRJEB42155,Bacteria.Bacillota.Clostridia.Peptostreptococcales-Tissierellales.Peptostreptococcaceae.Intestinibacter,Intestinibacter,183,18,0.2269931671452244,0.6712754698842516,0.3381520364275563,0.7356050933169549,0.8020468436810669,0.4358193595575518,0.11171827565270198,,169
within_project,IBD,PRJEB42155,Bacteria.Bacteroidota.Bacteroidia.Bacteroidales.Muribaculaceae.Incertae Sedis,Incertae Sedis,183,18,-0.7776780092651069,0.4393422312403242,-1.7700961891817542,0.0782423453625529,0.16362808426515518,0.263136100629657,0.16029143897996367,,169
within_project,IBD,PRJEB42155,Bacteria.Actinomycetota.Actinobacteria.Actinomycetales.Actinomycetaceae.Schaalia,Schaalia,183,18,1.0218843784868614,0.4197320895598417,2.434611038575763,0.01578964155186357,0.052322537691469474,0.005303969159570199,0.3989071038251366,,169
within_project,IBD,PRJEB42155,Bacteria.Bacillota.Clostridia.Lachnospirales.Lachnospiraceae.Anaerostipes,Anaerostipes,183,18,-0.8733080492264992,0.5556234263166392,-1.571762470520488,0.11759423093026114,0.20701484403348056,0.09984569494563492,-0.23557984213721916,,169
within_project,IBD,PRJEB42155,Bacteria.Bacillota.Clostridia.Lachnospirales.Lachnospiraceae.Fusicatenibacter,Fusicatenibacter,183,18,-1.8570366723561282,0.7115513719887707,-2.609842023304306,0.0097470913628201,0.0401770351296731,0.011721304912708225,-0.360655737704918,,169
within_project,IBD,PRJEB42155,Bacteria.Bacillota.Clostridia.Lachnospirales.Lachnospiraceae.Marvinbryantia,Marvinbryantia,183,18,-2.0602963331184303,0.4684338484914388,-4.398265282821646,1.7762301416255538e-05,0.0003752286174183983,0.002411121039800245,-0.43412264723740135,,169
within_project,IBD,PRJEB42155,Bacteria.Bacillota.Negativicutes.Veillonellales-Selenomonadales.Veillonellaceae.Dialister,Dialister,183,18,1.3365558453433488,0.8206427281768144,1.6286695774575566,0.1049650337981357,0.1959774659786871,0.0339020932318142,0.30358227079538547,,169
within_project,IBD,PRJEB42155,Bacteria.Bacillota.Negativicutes.Veillonellales-Selenomonadales.Veillonellaceae.Megasphaera,Megasphaera,183,18,-0.11830951498722991,0.45332583235102947,-0.26098118956437016,0.7943768951263925,0.8460146904845648,0.03249880068731165,0.30601092896174853,,169
within_project,IBD,PRJEB42155,Bacteria.Bacillota.Bacilli.Erysipelotrichales.Erysipelotrichaceae.Turicibacter,Turicibacter,183,18,-0.6498900739330163,0.578007301200796,-1.124363087772223,0.2622134345315684,0.38068391055585643,0.48747030187536977,-0.09957498482088645,,169
within_project,IBD,PRJEB42155,Bacteria.Bacillota.Clostridia.Lachnospirales.Lachnospiraceae.Faecalimonas,Faecalimonas,183,18,0.4037965876482901,0.6735815250172352,0.5994769343442993,0.5495367980019898,0.6586646727825268,0.39924355807535883,0.12082574377656341,,169
within_project,IBD,PRJEB42155,Bacteria.Bacillota.Clostridia.Peptostreptococcales-Tissierellales.Peptostreptococcaceae.Terrisporobacter,Terrisporobacter,183,18,0.6955594705427927,0.5583866370557092,1.2456592339142922,0.21435414508211328,0.3359025611658982,0.0019765591038195403,0.4426229508196722,,169
within_project,IBD,PRJEB42155,Bacteria.Bacillota.Bacilli.Lactobacillales.Streptococcaceae.Lactococcus,Lactococcus,183,18,1.1313314538564396,0.423370473227533,2.672202067451278,0.008160164829048142,0.039401938745975314,1.6770689621793864e-05,0.615664845173042,,169
within_project,IBD,PRJEB42155,Bacteria.Bacillota.Clostridia.Lachnospirales.Lachnospiraceae.CAG-56,CAG-56,183,18,-1.2132084997191008,0.48135355508277905,-2.5204103863125384,0.012507052671659339,0.04803845230705519,0.39215648065067354,-0.12264723740133576,,169
within_project,IBD,PRJEB42155,Bacteria.Bacillota.Clostridia.Lachnospirales.Lachnospiraceae.Lachnoclostridium,Lachnoclostridium,183,18,0.0027780887587697018,0.5695381601883536,0.004877792135738459,0.996112986705447,0.996112986705447,0.9103968780009015,0.016393442622950838,,169
within_project,IBD,PRJEB42155,Bacteria.Bacillota.Clostridia.Lachnospirales.Lachnospiraceae.Lachnospira,Lachnospira,183,18,-1.4405830711777718,0.5420047064199404,-2.657879265833572,0.008502489229425843,0.03984429387941,0.01874534207979979,-0.33636915604128714,,169
within_project,IBD,PRJEB42155,Bacteria.Bacillota.Clostridia.Lachnospirales.Lachnospiraceae.Lachnospiraceae FCS020 group,Lachnospiraceae FCS020 group,183,18,-2.0126219844014677,0.45654114145647645,-4.408413178231249,1.7021072765805004e-05,0.0003752286174183983,0.005303969159570199,-0.3989071038251366,,169
within_project,IBD,PRJEB42155,Bacteria.Bacillota.Clostridia.Oscillospirales.Ruminococcaceae.Ruthenibacterium,Ruthenibacterium,183,18,-0.0038188711650133564,0.5807074998325344,-0.006576238753786803,0.9947595462339763,0.996112986705447,0.6207820203930465,0.0710382513661203,,169
within_project,IBD,PRJEB42155,Bacteria.Actinomycetota.Actinobacteria.Bifidobacteriales.Bifidobacteriaceae.Bifidobacterium,Bifidobacterium,183,18,-1.085719701968036,0.6137469255343191,-1.7690022659141214,0.07842529482531106,0.16362808426515518,0.0643936565809966,-0.26472374013357625,,169
within_project,IBD,PRJEB42155,Bacteria.Bacillota.Bacilli.Erysipelotrichales.Erysipelotrichaceae.Solobacterium,Solobacterium,183,18,0.6533041244113166,0.24102458183882308,2.7105290233350194,0.00730441398181262,0.03740745342201009,5.727563170412115e-05,0.5755919854280509,,169
within_project,IBD,PRJEB42155,Bacteria.Bacillota.Clostridia.Oscillospirales.Ruminococcaceae.Candidatus Soleaferrea,Candidatus Soleaferrea,183,18,0.08428781634308578,0.2692145298285456,0.3130879168994559,0.7545417553063842,0.8174202349152495,0.09554707293820444,0.23861566484517294,,169
within_project,IBD,PRJEB42155,Bacteria.Thermodesulfobacteriota.Desulfovibrionia.Desulfovibrionales.Desulfovibrionaceae.Bilophila,Bilophila,183,18,-1.098227895294163,0.5928541258394477,-1.8524420214485895,0.06544335098405796,0.1455253462671815,0.09221595945240191,-0.2410443230115361,,169
within_project,IBD,PRJEB42155,Bacteria.Actinomycetota.Coriobacteriia.Coriobacteriales.Eggerthellaceae.Gordonibacter,Gordonibacter,183,18,0.27067363408745276,0.2756430652139881,0.981971499545336,0.3273062255643078,0.4571467117385786,0.020994146063565974,0.3302975106253794,,169
within_project,IBD,PRJEB42155,Bacteria.Bacillota.Bacilli.Lactobacillales.Carnobacteriaceae.Granulicatella,Granulicatella,183,18,1.0846352875232688,0.40946420954551016,2.6489135368563055,0.00872330694401284,0.03984429387941,2.2317633336686708e-05,0.6065573770491803,,169
within_project,IBD,PRJEB42155,Bacteria.Bacillota.Clostridia.Lachnospirales.Lachnospiraceae.Anaerobutyricum,Anaerobutyricum,183,18,-2.4434058186080674,0.6988215747602181,-3.4964659175648043,0.0005813292198105086,0.004678316102284569,0.0015013645577936058,-0.4541590771098968,,169
within_project,IBD,PRJEB42155,Bacteria.Bacillota.Clostridia.Lachnospirales.Lachnospiraceae.Extibacter,Extibacter,183,18,1.9922389813676762,0.6366636035288367,3.1291862300990494,0.0020163025958908547,0.011750177196743258,7.438656087603608e-07,0.707953855494839,,169
within_project,IBD,PRJEB42155,Bacteria.Bacillota.Clostridia.Lachnospirales.Lachnospiraceae.Lachnospiraceae UCG-004,Lachnospiraceae UCG-004,183,18,0.27924342222769594,0.40656588668996685,0.6868343640464784,0.4929866959460687,0.6081368731013548,0.014871586694151945,0.3485124468731027,,169
within_project,IBD,PRJEB42155,Bacteria.Bacillota.Clostridia.Lachnospirales.Lachnospiraceae.[Eubacterium] ventriosum group,[Eubacterium] ventriosum group,183,18,-1.904694201787744,0.49290352859262937,-3.864233245045237,0.0001507603661860605,0.001592406367840264,0.005964109047942093,-0.39344262295081966,,169
within_project,IBD,PRJEB42155,Bacteria.Bacillota.Clostridia.Lachnospirales.Lachnospiraceae.[Ruminococcus] gnavus group,[Ruminococcus] gnavus group,183,18,2.996650589104122,0.7210046959696881,4.15621507856324,4.804190427872051e-05,0.0007380983475548878,0.00015053006314095068,0.5421979356405586,,169
within_project,IBD,PRJEB42155,Bacteria.Bacillota.Clostridia.Monoglobales.Monoglobaceae.Monoglobus,Monoglobus,183,18,-1.439151591019115,0.6441957126499384,-2.2340285145628758,0.026593945928046547,0.07248994938451397,0.035728780689409594,-0.3005464480874317,,169
within_project,IBD,PRJEB42155,Bacteria.Bacillota.Clostridia.Oscillospirales.Oscillospiraceae.UCG-005,UCG-005,183,18,-2.1673174975185416,0.489387094271905,-4.4286363961906465,1.5631502171898187e-05,0.0003752286174183983,0.0005596401079604495,-0.49362477231329693,,169
within_project,IBD,PRJEB42155,Bacteria.Bacillota.Clostridia.Peptostreptococcales-Tissierellales.Anaerovoracaceae.Family XIII UCG-001,Family XIII UCG-001,183,18,-0.30559094258344865,0.28833576449336573,-1.0598440436981584,0.29050023094354954,0.41255915150806616,0.1681850431960763,0.19732847601700065,,169
within_project,IBD,PRJEB42155,Bacteria.Bacillota.Clostridia.Lachnospirales.Lachnospiraceae.Butyribacter,Butyribacter,183,18,-1.3390548385014724,0.30000183010470255,-4.463488899498159,1.348857377042033e-05,0.0003752286174183983,0.33610938257911716,-0.13782635094110507,,169
within_project,IBD,PRJEB42155,Bacteria.Bacillota.Clostridia.Lachnospirales.Lachnospiraceae.[Eubacterium] xylanophilum group,[Eubacterium] xylanophilum group,183,18,-0.6613396096207832,0.42730664963456605,-1.5476932319830803,0.12328500114118865,0.214795517452174,0.7517138789253958,0.04553734061930781,,169
within_project,IBD,PRJEB42155,Bacteria.Bacillota.Clostridia.Lachnospirales.Lachnospiraceae.[Ruminococcus] gauvreauii group,[Ruminococcus] gauvreauii group,183,18,-1.6755010437335665,0.6707135282724777,-2.4980874443505985,0.013296604378275768,0.04993613644285788,0.04479515376773246,-0.28718882817243474,,169
within_project,IBD,PRJEB42155,Bacteria.Bacillota.Clostridia.Oscillospirales.Oscillospiraceae.UCG-003,UCG-003,183,18,-0.9098109111108408,0.3516812389151921,-2.5870328309729413,0.010393463948660137,0.0418213192219896,0.37591929776533306,-0.12689738919247118,,169
within_project,IBD,PRJEB42155,Bacteria.Bacillota.Clostridia.Oscillospirales.Ruminococcaceae.Paludicola,Paludicola,183,18,0.10312595170920874,0.24185337491643297,0.42639864647264736,0.6702782729844912,0.7452436061472303,0.016710146233644987,0.3424408014571949,,169
within_project,IBD,PRJEB42155,Bacteria.Bacillota.Bacilli.Erysipelotrichales.Erysipelatoclostridiaceae.Thomasclavelia,Thomasclavelia,183,18,1.3855355579833553,0.6582233764149589,2.1049625516640456,0.036549466885357734,0.09358878641856753,0.011863498711908576,0.36004857316332717,,169
within_project,IBD,PRJEB42155,Bacteria.Bacillota.Bacilli.Erysipelotrichales.Erysipelotrichaceae.Amedibacillus,Amedibacillus,183,18,0.5928997421850918,0.25328828931234737,2.340809927670781,0.02023184527687688,0.062166942759858054,6.732619437742756e-05,0.570127504553734,,169
within_project,IBD,PRJEB42155,Bacteria.Bacillota.Bacilli.Erysipelotrichales.Erysipelotrichaceae.[Clostridium] innocuum group,[Clostridium] innocuum group,183,18,1.3101398032328258,0.5364576167705926,2.442205613781202,0.015471001158624995,0.052322537691469474,0.000837658601018537,0.4778384942319369,,169
within_project,IBD,PRJEB42155,Bacteria.Bacillota.Clostridia.Lachnospirales.Lachnospiraceae.Lachnospiraceae NC2004 group,Lachnospiraceae NC2004 group,183,18,-1.5077224144735821,0.46832878692792307,-3.2193673687319677,0.001500336480722961,0.009752187124699245,0.16949993652067008,-0.19672131147540983,,169
within_project,IBD,PRJEB42155,Bacteria.Bacillota.Negativicutes.Veillonellales-Selenomonadales.Veillonellaceae.Veillonella,Veillonella,183,18,1.2104903937254667,0.7062792484307248,1.713897720221915,0.08810460533330038,0.17313579420148562,0.07622810811716396,0.25379477838494235,,169
within_project,IBD,PRJEB42155,Bacteria.Bacteroidota.Bacteroidia.Bacteroidales.Barnesiellaceae.Barnesiella,Barnesiella,183,18,-0.8620299806034623,0.41474069698806304,-2.078479365212315,0.0389477153611234,0.09824125217955007,0.27979096973432094,-0.15482695810564662,,169
within_project,IBD,PRJEB42155,Bacteria.Bacillota.Clostridia.Lachnospirales.Lachnospiraceae.Hungatella,Hungatella,183,18,1.052152893473758,0.42905145795411204,2.4522767000742554,0.015057255174059087,0.052322537691469474,5.045922295255156e-05,0.5798421372191864,,169
within_project,IBD,PRJEB42155,Bacteria.Bacillota.Clostridia.Oscillospirales.Ruminococcaceae.DTU089,DTU089,183,18,-0.12744065999767543,0.49217638309102824,-0.2589329036824289,0.79595464962749,0.8460146904845648,0.7420646618454987,0.04735883424408005,,169
within_project,IBD,PRJEB42155,Bacteria.Bacillota.Bacilli.Lactobacillales.Lactobacillaceae.Leuconostoc,Leuconostoc,183,18,0.10451962744549065,0.20995105042532805,0.4978285521017885,0.6191545679152628,0.7117649658132921,0.011863498711908576,0.36004857316332717,,169
within_project,IBD,PRJEB42155,Bacteria.Bacillota.Clostridia.Lachnospirales.Lachnospiraceae.GCA-900066575,GCA-900066575,183,18,-0.3953571030785258,0.2988545109245551,-1.3229082668199459,0.1873840193569471,0.30294800500752045,0.7711278058574494,0.041894353369763104,,169
within_project,IBD,PRJEB42155,Bacteria.Bacillota.Clostridia.Lachnospirales.Lachnospiraceae.Lachnospiraceae UCG-010,Lachnospiraceae UCG-010,183,18,-0.34331271350926523,0.4478518634797412,-0.7665764988489217,0.4442417696667754,0.573105794455611,0.43332242298581636,0.11232544019429258,,169
within_project,IBD,PRJEB42155,Bacteria.Thermodesulfobacteriota.Desulfovibrionia.Desulfovibrionales.Desulfovibrionaceae.Desulfovibrio,Desulfovibrio,183,18,-0.07413981966199337,0.38806092286549493,-0.19105201089183318,0.8486796230141279,0.8824655815880389,0.0805466030429353,0.25015179113539765,,169
within_project,IBD,PRJEB42155,Bacteria.Actinomycetota.Coriobacteriia.Coriobacteriales.Coriobacteriales Incertae Sedis.Incertae Sedis,Incertae Sedis,183,18,-0.5044594474394677,0.382053959859575,-1.3203879567820294,0.18822213328869614,0.30294800500752045,0.30309054480656383,0.14754098360655732,,169
within_project,IBD,PRJEB42155,Bacteria.Pseudomonadota.Gammaproteobacteria.Burkholderiales.Sutterellaceae.Sutterella,Sutterella,183,18,0.2144283260369776,0.3801938861929448,0.5639973019664951,0.5733910311771369,0.6824160864009586,0.042579997857117094,0.2902246508803885,,169
within_project,IBD,PRJEB42155,Bacteria.Actinomycetota.Actinobacteria.Mycobacteriales.Corynebacteriaceae.Corynebacterium,Corynebacterium,183,18,0.3687430334384318,0.18265552063314772,2.0187894248158496,0.04485103201145158,0.10826562970450254,0.0009319118830914819,0.4735883424408014,,169
within_project,IBD,PRJEB42155,Bacteria.Bacillota.Clostridia.Lachnospirales.Lachnospiraceae.Lachnospiraceae ND3007 group,Lachnospiraceae ND3007 group,183,18,-1.7058172393149127,0.4779743269915026,-3.5688469923725394,0.00044936844447305023,0.003997014058733973,0.004349032204299841,-0.40801457194899815,,169
within_project,IBD,PRJEB42155,Bacteria.Bacillota.Clostridia.Oscillospirales.Oscillospiraceae.Oscillibacter,Oscillibacter,183,18,0.07640621196376794,0.42403336669057523,0.1801891501135639,0.8571874344595111,0.8824655815880389,0.33185988803831035,0.1390406800242865,,169
within_project,IBD,PRJEB42155,Bacteria.Bacillota.Clostridia.Peptococcales.Peptococcaceae.Incertae Sedis,Incertae Sedis,183,18,-0.1432123589711113,0.2698291111238185,-0.5307520688729332,0.5961824131255615,0.6948608815049647,0.15919441673910317,0.20157862780813596,,169
within_project,IBD,PRJEB42155,Bacteria.Bacillota.Negativicutes.Veillonellales-Selenomonadales.Veillonellaceae.Incertae Sedis,Incertae Sedis,183,18,0.793998236538933,0.3901749516916,2.034980034204043,0.04317909162460187,0.10731274241996643,5.727563170412115e-05,0.5755919854280509,,169
within_project,IBD,PRJEB42155,Bacteria.Bacteroidota.Bacteroidia.Bacteroidales.Prevotellaceae.Paraprevotella,Paraprevotella,183,18,-0.3064058773721716,0.46691678162071387,-0.6562323082683102,0.5124327293486173,0.6230297212943621,0.12896381138461957,0.21736490588949597,,169
within_project,IBD,PRJEB42155,Bacteria.Bacillota.Clostridia.Lachnospirales.Defluviitaleaceae.Defluviitaleaceae UCG-011,Defluviitaleaceae UCG-011,183,18,-0.17742414724332842,0.2207169872980361,-0.8038536109762635,0.42244071018781437,0.5491729232441587,0.3425489771245268,0.13600485731633283,,169
within_project,IBD,PRJEB42155,Bacteria.Bacillota.Clostridia.Peptostreptococcales-Tissierellales.Family XI.Peptoniphilus,Peptoniphilus,183,18,0.2707896471729259,0.22366099423948604,1.2107146715219224,0.22744074021786917,0.35159024528184096,0.000470222076001406,0.5003035822707953,,169
within_project,IBD,PRJEB42155,Bacteria.Bacteroidota.Bacteroidia.Bacteroidales.Marinifilaceae.Odoribacter,Odoribacter,183,18,-0.04983372348470999,0.28543186290004,-0.1745906114979254,0.8615788222605113,0.8824655815880389,0.29128414626648935,0.15118397085610202,,169
within_project,IBD,PRJEB42155,Bacteria.Bacteroidota.Bacteroidia.Bacteroidales.Porphyromonadaceae.Porphyromonas,Porphyromonas,183,18,0.3246350708724638,0.18645607609415774,1.7410806752606311,0.08321491762524406,0.16742048903174103,0.0006148540892248817,0.48998178506375223,,169
within_project,IBD,PRJEB42155,Bacteria.Bacteroidota.Bacteroidia.Bacteroidales.Prevotellaceae.Prevotella,Prevotella,183,18,0.5858096550396876,0.2654335334870906,2.206991887361431,0.028457969252386722,0.07633963180402152,6.155323243688126e-05,0.5731633272616878,,169
within_project,IBD,PRJEB42155,Bacteria.Bacillota.Clostridia.Lachnospirales.Lachnospiraceae.Enterocloster,Enterocloster,183,18,0.6790814113095855,0.6056199529928141,1.1212996004404152,0.26351161288328234,0.38068391055585643,0.13440181301322757,0.2143290831815421,,169
within_project,IBD,PRJEB42155,Bacteria.Bacillota.Clostridia.Eubacteriales.Anaerofustaceae.Anaerofustis,Anaerofustis,183,18,0.5181840321486757,0.22079845319550395,2.346864412541217,0.019915022840828613,0.062166942759858054,7.493031863109501e-05,0.5664845173041895,,169
within_project,IBD,PRJEB42155,Bacteria.Pseudomonadota.Alphaproteobacteria.Rickettsiales.Mitochondria.Incertae Sedis,Incertae Sedis,183,18,0.5029985868331298,0.24990116473844104,2.0127900858709205,0.04548437697644781,0.10826562970450254,0.0002220438310828505,0.5282331511839709,,169
within_project,IBD,PRJEB42155,Bacteria.Bacillota.Clostridia.Oscillospirales.Oscillospiraceae.Incertae Sedis,Incertae Sedis,183,18,-1.4042871282834588,0.48984208061093704,-2.866816028814868,0.004592478159209357,0.024254025278324418,0.039228662225454965,-0.29508196721311475,,169
within_project,IBD,PRJEB42155,Bacteria.Bacillota.Clostridia.Eubacteriales.Eubacteriaceae.Eubacterium,Eubacterium,183,18,0.4386671435746116,0.29887622186659696,1.467721790763302,0.14375854714129221,0.24054647987008299,0.0022151565689994567,0.43776563448694605,,169
within_project,IBD,PRJEB42155,Bacteria.Bacillota.Clostridia.Oscillospirales.Ruminococcaceae.Angelakisella,Angelakisella,183,18,0.03314343539960574,0.2587840117375313,0.12807373677018768,0.8982199540997632,0.9144528448365059,0.03462295632341311,0.30236794171220405,,169
within_project,IBD,PRJEB42155,Bacteria.Bacillota.Bacilli.Erysipelotrichales.Erysipelotrichaceae.Holdemania,Holdemania,183,18,-0.21838194544415032,0.4674023728824348,-0.46722472566282774,0.6408502856539595,0.717243034937213,0.9508993980589866,-0.00910746812386154,,169
within_project,IBD,PRJEB42155,Bacteria.Bacillota.Negativicutes.Acidaminococcales.Acidaminococcaceae.Acidaminococcus,Acidaminococcus,183,18,0.6161994958510159,0.5105004203539114,1.2070499284287115,0.22884572178107992,0.35159024528184096,0.0009461518528032332,0.4729811778992108,,169
within_project,IBD,PRJEB42155,Bacteria.Bacillota.Clostridia.Peptostreptococcales-Tissierellales.Anaerovoracaceae.[Eubacterium] brachy group,[Eubacterium] brachy group,183,18,0.5725306610157793,0.32528020377088035,1.7601152925342372,0.07992460214551136,0.1647226556413588,0.0006751027814761873,0.48633879781420775,,169
within_project,IBD,PRJEB42155,Bacteria.Bacteroidota.Bacteroidia.Bacteroidales.Marinifilaceae.Butyricimonas,Butyricimonas,183,18,0.21364134007247143,0.2910361610965223,0.7340714613178847,0.4637692032289732,0.5813167003184158,0.001315209941369696,0.4596235579842136,,169
within_project,IBD,PRJEB42155,Bacteria.Fusobacteriota.Fusobacteriia.Fusobacteriales.Fusobacteriaceae.Fusobacterium,Fusobacterium,183,18,1.4108217744994729,0.6175930326440403,2.2843874524611465,0.023403842208242952,0.06703812429140778,0.0016386419881765449,0.4505160898603522,,169
within_project,IBD,PRJEB42155,Bacteria.Bacillota.Clostridia.Christensenellales.Christensenellaceae.Incertae Sedis,Incertae Sedis,183,18,-1.013383340531576,0.2653916880596719,-3.8184441567880687,0.00017934389494655555,0.0017828893085863463,0.008842090270525956,-0.37462052216150576,,169
within_project,IBD,PRJEB42155,Bacteria.Bacillota.Clostridia.Lachnospirales.Lachnospiraceae.Faecalicatena,Faecalicatena,183,18,0.5792884097616089,0.3214368687997841,1.8021840864883325,0.07302976524059307,0.15622823197038263,0.00033533749801041254,0.5130540376442017,,169
within_project,IBD,PRJEB42155,Bacteria.Bacillota.Clostridia.Oscillospirales.Ruminococcaceae.Anaerotruncus,Anaerotruncus,183,18,0.5845642662004907,0.35675382257796406,1.6385648287559458,0.10288399158779112,0.1959774659786871,0.003055645268707479,0.4238008500303583,,169
within_project,IBD,PRJEB42155,Bacteria.Bacillota.Clostridia.Lachnospirales.Lachnospiraceae.Sellimonas,Sellimonas,183,18,1.2740940438050818,0.5486905506513862,2.3220630322365166,0.02124111437204512,0.06410264872992187,0.0004931867148249185,0.49848208864602306,,169
within_project,IBD,PRJEB42155,Bacteria.Bacillota.Clostridia.Oscillospirales.Oscillospiraceae.Oscillospira,Oscillospira,183,18,0.40364927536585693,0.3600127647359325,1.1212082317745915,0.2635503996155929,0.38068391055585643,0.0034102919498048673,0.41894353369763215,,169
within_project,IBD,PRJEB42155,Bacteria.Pseudomonadota.Gammaproteobacteria.Burkholderiales.Sutterellaceae.Parasutterella,Parasutterella,183,18,-0.05475158956858598,0.6399708548076937,-0.08555325474163727,0.931907572716254,0.9430681424493828,0.3070957420960998,0.1463266545233759,,169
within_project,IBD,PRJEB42155,Bacteria.Bacillota.Bacilli.Erysipelotrichales.Erysipelotrichaceae.Faecalitalea,Faecalitalea,183,18,0.8183600236212188,0.5427094808413447,1.5079154732151392,0.1331620734358724,0.22731707485517613,0.0015916492727269713,0.4517304189435336,,169
within_project,IBD,PRJEB42155,Bacteria.Bacillota.Clostridia.Lachnospirales.Lachnospiraceae.Shuttleworthia,Shuttleworthia,183,18,-0.102472134029496,0.3836981927977423,-0.267064416650802,0.789696122322491,0.8460146904845648,0.12578401338403788,0.21918639951426844,,169
within_project,IBD,PRJEB42155,Bacteria.Bacillota.Bacilli.Lactobacillales.Lactobacillaceae.Lacticaseibacillus,Lacticaseibacillus,183,18,0.0840496757968526,0.3879164288921332,0.21666954409972683,0.8286878425045046,0.8698648781569023,0.10072365379481782,0.23497267759562845,,169
within_project,IBD,PRJEB42155,Bacteria.Actinomycetota.Actinobacteria.Actinomycetales.Actinomycetaceae.Actinomyces,Actinomyces,183,18,0.6999862369265271,0.29327939804912656,2.3867555702268386,0.017934574745515595,0.05828736792292568,0.001051615776686681,0.46873102610807527,,169
within_project,IBD,PRJEB42155,Bacteria.Bacillota.Clostridia.Peptostreptococcales-Tissierellales.Anaerovoracaceae.NA,Anaerovoracaceae,183,18,0.13638282044771974,0.24784840199966368,0.5502670961255777,0.5827533094496784,0.6847115223207974,0.010637121843346382,0.3655130540376441,,169
within_project,IBD,PRJEB42155,Bacteria.Actinomycetota.Coriobacteriia.Coriobacteriales.Eggerthellaceae.Asaccharobacter,Asaccharobacter,183,18,0.19122628550060478,0.3997346663421683,0.4783830415571645,0.6329027412005936,0.7161728453188047,0.18447609715601787,0.19004250151791124,,169
within_project,IBD,PRJEB42155,Bacteria.Bacillota.Clostridia.Lachnospirales.Lachnospiraceae.Frisingicoccus,Frisingicoccus,183,18,0.5299649973058956,0.30285984054654197,1.749868838171211,0.08168231091271193,0.16631699450901585,0.00011034774049913721,0.5531268973891925,,169
within_project,IBD,PRJEB42155,Bacteria.Bacillota.Clostridia.Oscillospirales.Ruminococcaceae.Negativibacillus,Negativibacillus,183,18,0.9529011127401572,0.5120470063592008,1.8609641320150547,0.06422423899905436,0.14471861854453583,4.6917062060136176e-05,0.5822707953855495,,169
within_project,IBD,PRJEB42155,Bacteria.Bacillota.Clostridia.Lachnospirales.Lachnospiraceae.Tyzzerella,Tyzzerella,183,18,-0.08067068577029883,0.35104571647181176,-0.2298010828363904,0.818482378001477,0.8645220117640602,0.026783273069555448,0.3169398907103824,,169
within_project,IBD,PRJEB42155,Bacteria.Bacillota.Clostridia.Lachnospirales.Lachnospiraceae.Eisenbergiella,Eisenbergiella,183,18,1.1074478246800883,0.6020240673956477,1.839540783595082,0.06732544372946511,0.14776623363999486,0.0017364797235008822,0.4480874316939891,,169
within_project,IBD,PRJEB42155,Bacteria.Bacillota.Clostridia.Oscillospirales.Oscillospiraceae.Flavonifractor,Flavonifractor,183,18,2.1885792476774792,0.5239536637726108,4.177047321167879,4.417211294369128e-05,0.0007380983475548878,3.0228159678127405e-06,0.6678809957498482,,169
within_project,IBD,PRJEB42155,Bacteria.Bacillota.Clostridia.Lachnospirales.Lachnospiraceae.UC5-1-2E3,UC5-1-2E3,183,18,0.2741081871513022,0.372979862046932,0.7349141737759858,0.46325693435152493,0.5813167003184158,0.0007294555175206082,0.48330297510625386,,169
within_project,IBD,PRJEB42155,Bacteria.Bacillota.Clostridia.Oscillospirales.NA.NA,Oscillospirales,183,18,0.38415818820234193,0.3803090939304143,1.010120963009714,0.31366396210422387,0.44174341329678196,0.02453568185276351,0.32179720704310877,,169
within_project,IBD,PRJEB42155,Bacteria.Bacillota.Clostridia.Oscillospirales.Ruminococcaceae.Hydrogenoanaerobacterium,Hydrogenoanaerobacterium,183,18,0.46264655988507325,0.2541107626179266,1.8206492126454907,0.07016222421336281,0.1520181524622861,0.00019745857481449827,0.5324833029751062,,169
within_project,IBD,PRJEB42155,Bacteria.Bacillota.Clostridia.Oscillospirales.Ruminococcaceae.Phocea,Phocea,183,18,0.07446622457660558,0.22009004014925607,0.33834436363456355,0.7354603917263065,0.8020468436810669,0.01874534207979979,0.33636915604128714,,169
within_project,IBD,PRJEB42155,Bacteria.Bacillota.Bacilli.Erysipelotrichales.Erysipelotrichaceae.Merdibacter,Merdibacter,183,18,-0.12800851241704114,0.2602242437251204,-0.49191616655156417,0.6233207984637115,0.7117649658132921,0.3645793730579441,0.12993321190042506,,169
within_project,IBD,PRJEB42155,Bacteria.Bacillota.Clostridia.Christensenellales.Christensenellaceae.Christensenella,Christensenella,183,18,-0.46061736123741515,0.21636957831347792,-2.1288453063862294,0.034496533096902586,0.08969098605194673,0.8734704770687453,-0.023072252580449315,,169
within_project,IBD,PRJEB42155,Bacteria.Bacillota.Clostridia.Lachnospirales.Lachnospiraceae.Lactonifactor,Lactonifactor,183,18,0.2205952463471386,0.30095704378812754,0.7329791772623759,0.46443365471256304,0.5813167003184158,0.0015916492727269713,0.4517304189435336,,169
within_project,IBD,PRJEB42155,Bacteria.Bacillota.Clostridia.Oscillospirales.Ruminococcaceae.Anaerofilum,Anaerofilum,183,18,0.1813242422969831,0.22254273167090724,0.8147839335643754,0.41617001113377816,0.5452149758264225,0.005964109047942093,0.39344262295081966,,169
within_project,IBD,PRJEB42155,Bacteria.Bacillota.Bacilli.Erysipelotrichales.Erysipelotrichaceae.Faecalicoccus,Faecalicoccus,183,18,-0.11911354033456277,0.21685031764269352,-0.5492892130821194,0.5834228355869516,0.6847115223207974,0.06257706965897258,0.2665452337583485,,169
within_project,IBD,PRJEB42155,Bacteria.Bacillota.Clostridia.Lachnospirales.Lachnospiraceae.Catenibacillus,Catenibacillus,183,18,0.3026916023160588,0.25481707910001444,1.1878780001133826,0.23629730988991343,0.3597679763188772,0.00013121491743725767,0.5470552519732848,,169
within_project,IBD,PRJEB42155,Bacteria.Bacillota.Clostridia.Oscillospirales.Ruminococcaceae.[Clostridium] methylpentosum group,[Clostridium] methylpentosum group,183,18,0.5422820455389591,0.33297738680681616,1.6285852043567615,0.10498292175526418,0.1959774659786871,0.0018933411055434128,0.4444444444444444,,169
within_project,IBD,PRJEB42155,Bacteria.Cyanobacteriota.Cyanobacteriia.Chloroplast.Incertae Sedis.Incertae Sedis,Incertae Sedis,183,18,0.6105313696822177,0.37547418449510117,1.6260275536737554,0.10552632783467766,0.1959774659786871,0.003273126704115369,0.4207650273224044,,169
within_project,IBD,PRJEB42155,Bacteria.Actinomycetota.Coriobacteriia.Coriobacteriales.Atopobiaceae.Lancefieldella,Lancefieldella,183,18,0.858195623250606,0.2930882465158818,2.9281134042476946,0.0038077432350386215,0.021450286890717568,2.2317633336686708e-05,0.6065573770491803,,169
within_project,IBD,PRJEB42155,Bacteria.Bacillota.Bacilli.Erysipelotrichales.Erysipelotrichaceae.Dielma,Dielma,183,18,0.3311779564467062,0.252513576020379,1.3115253510962859,0.1911914686676573,0.30482413400786873,0.0004204602825290406,0.5045537340619308,,169
within_project,IBD,PRJEB42155,Bacteria.Bacillota.Bacilli.Erysipelotrichales.Erysipelatoclostridiaceae.Longibaculum,Longibaculum,183,18,0.3575775171129644,0.4384125141937713,0.8156188647364224,0.4156932995677607,0.5452149758264225,0.00038176702129758883,0.5081967213114753,,169
within_project,IBD,PRJEB42155,Bacteria.Bacillota.Clostridia.Oscillospirales.Ruminococcaceae.Harryflintia,Harryflintia,183,18,0.5907484919429903,0.2961759522245413,1.994586283950303,0.04745280318930723,0.11138227415267947,4.127868773051869e-05,0.5865209471766848,,169
within_project,IBD,PRJNA398089,Bacteria.Actinomycetota.Coriobacteriia.Coriobacteriales.Coriobacteriaceae.Collinsella,Collinsella,104,42,-0.3667972539948497,0.4399398898541417,-0.8337440237948375,0.40581574593736736,0.6127817763654246,0.8238178263729918,-0.023809523809523836,sex,151
within_project,IBD,PRJNA398089,Bacteria.Bacillota.Bacilli.Erysipelotrichales.Erysipelotrichaceae.Holdemanella,Holdemanella,104,42,-0.08035845367543533,0.32847191543793786,-0.24464330099057865,0.8070833248855888,0.9027376448720289,0.11912403061646812,0.16529304029304037,sex,151
within_project,IBD,PRJNA398089,Bacteria.Bacillota.Bacilli.Lactobacillales.Streptococcaceae.Streptococcus,Streptococcus,104,42,0.043550108929058154,0.34641184337930025,0.12571772519155297,0.900131946504601,0.9485697186044055,0.8170946586498788,0.024725274725274637,sex,151
within_project,IBD,PRJNA398089,Bacteria.Bacillota.Clostridia.Christensenellales.Christensenellaceae.Christensenellaceae R-7 group,Christensenellaceae R-7 group,104,42,-1.649544671546636,0.4378559544330929,-3.7673226887649798,0.00024048615184956543,0.006390497116868322,0.0006843864905800349,-0.35989010989010994,sex,151
within_project,IBD,PRJNA398089,Bacteria.Bacillota.Clostridia.Clostridia UCG-014.Incertae Sedis.Incertae Sedis,Incertae Sedis,104,42,-0.9398813627926607,0.4003067096596973,-2.3479030955830305,0.020249837641615864,0.10920448156728556,0.30454984262847107,-0.10897435897435892,sex,151
within_project,IBD,PRJNA398089,Bacteria.Bacillota.Clostridia.Clostridiales.Clostridiaceae.Clostridium,Clostridium,104,42,-0.30781885192112307,0.4696720357067892,-0.6553910569912891,0.5132689771003904,0.7110423444234766,0.7148889364673234,-0.03891941391941389,sex,151
within_project,IBD,PRJNA398089,Bacteria.Bacillota.Clostridia.Lachnospirales.Lachnospiraceae.Agathobacter,Agathobacter,104,42,-1.0931043026646137,0.515061528001839,-2.1222790739298056,0.03553767241171734,0.15331967240483768,0.00526216232422991,-0.29578754578754574,sex,151
within_project,IBD,PRJNA398089,Bacteria.Bacillota.Clostridia.Lachnospirales.Lachnospiraceae.Blautia,Blautia,104,42,-0.2751577004284941,0.30139316509922454,-0.912952688684585,0.36280405170474017,0.5706605396605808,0.2387837846817299,-0.125,sex,151
within_project,IBD,PRJNA398089,Bacteria.Bacillota.Clostridia.Lachnospirales.Lachnospiraceae.Coprococcus,Coprococcus,104,42,-0.565422793684694,0.521870096716471,-1.08345505374278,0.28042992066807326,0.5085389002633522,0.5237012560820488,-0.06776556776556775,sex,151
within_project,IBD,PRJNA398089,Bacteria.Bacillota.Clostridia.Lachnospirales.Lachnospiraceae.Dorea,Dorea,104,42,-0.41721590072271436,0.4316851621576711,-0.9664819115796435,0.3354347785005012,0.5566005665228096,0.4126616499249013,-0.08699633699633702,sex,151
within_project,IBD,PRJNA398089,Bacteria.Bacillota.Clostridia.Lachnospirales.Lachnospiraceae.Lachnospiraceae NK4A136 group,Lachnospiraceae NK4A136 group,104,42,-0.206237055231517,0.37073758037311527,-0.5562885074233835,0.5788830814916914,0.7633335767611846,0.9190807166737466,-0.01098901098901095,sex,151
within_project,IBD,PRJNA398089,Bacteria.Bacillota.Clostridia.Lachnospirales.Lachnospiraceae.Mediterraneibacter,Mediterraneibacter,104,42,0.0742686925187919,0.397653067906093,0.18676755823830504,0.8521075933879603,0.9292555625798332,0.2387837846817299,0.125,sex,151
within_project,IBD,PRJNA398089,Bacteria.Bacillota.Clostridia.Lachnospirales.Lachnospiraceae.Roseburia,Roseburia,104,42,-0.5533181503483365,0.47567899855387896,-1.163217531214306,0.24667860606232528,0.4837463573430015,0.5697080129502717,-0.06043956043956045,sex,151
within_project,IBD,PRJNA398089,Bacteria.Bacillota.Clostridia.Lachnospirales.Lachnospiraceae.[Eubacterium] eligens group,[Eubacterium] eligens group,104,42,-1.9156936007448548,0.4042686251483987,-4.738665039963572,5.137708715320308e-06,0.00038789700800668326,1.276338601208811e-05,-0.4624542124542125,sex,151
within_project,IBD,PRJNA398089,Bacteria.Bacillota.Clostridia.NA.NA.NA,Clostridia,104,42,-0.4883294617714519,0.2575459255671327,-1.8960869238995688,0.05996584581149545,0.20579187994399575,0.6206074189152255,-0.05265567765567769,sex,151
within_project,IBD,PRJNA398089,Bacteria.Bacillota.Clostridia.Oscillospirales.Oscillospiraceae.Colidextribacter,Colidextribacter,104,42,-0.13365992832686305,0.43060677644043666,-0.3103990360573238,0.7567094649395472,0.8722376275257375,0.8916819936030993,-0.0146520146520146,sex,151
within_project,IBD,PRJNA398089,Bacteria.Bacillota.Clostridia.Oscillospirales.Oscillospiraceae.UCG-002,UCG-002,104,42,-1.812215954092638,0.5319688171094559,-3.406620643555059,0.0008542518202797858,0.014935781386380981,0.0021296495617812656,-0.3255494505494505,sex,151
within_project,IBD,PRJNA398089,Bacteria.Bacillota.Clostridia.Oscillospirales.Ruminococcaceae.CAG-352,CAG-352,104,42,-0.0008640047828612678,0.3116865407825985,-0.0027720310947398643,0.9977921053400727,0.9977921053400727,0.04151795410678153,0.21611721611721602,sex,151
within_project,IBD,PRJNA398089,Bacteria.Bacillota.Clostridia.Oscillospirales.Ruminococcaceae.Faecalibacterium,Faecalibacterium,104,42,-0.7247005944182051,0.43473441595639317,-1.6669961425158883,0.09770387165993072,0.2837170119355681,0.2353545497260091,-0.1259157509157509,sex,151
within_project,IBD,PRJNA398089,Bacteria.Bacillota.Clostridia.Oscillospirales.Ruminococcaceae.Gemmiger,Gemmiger,104,42,-1.3126147466444484,0.5262212759604449,-2.4944159550536975,0.013754639318771607,0.07988271296671202,0.006760986680049026,-0.28708791208791207,sex,151
within_project,IBD,PRJNA398089,Bacteria.Bacillota.Clostridia.Oscillospirales.Ruminococcaceae.NA,Ruminococcaceae,104,42,0.06313249302172652,0.34583133816308415,0.18255284022859447,0.8554074384013035,0.9292555625798332,0.26009969873905603,0.11950549450549453,sex,151
within_project,IBD,PRJNA398089,Bacteria.Bacillota.Clostridia.Oscillospirales.Ruminococcaceae.Ruminococcus,Ruminococcus,104,42,-1.859073413663998,0.49544079623678594,-3.7523623968493123,0.00025392703775635716,0.006390497116868322,0.0008522703240177606,-0.35347985347985345,sex,151
within_project,IBD,PRJNA398089,Bacteria.Bacillota.Clostridia.Oscillospirales.Ruminococcaceae.[Eubacterium] siraeum group,[Eubacterium] siraeum group,104,42,-0.2796332735899496,0.39110805515376124,-0.7149770246486329,0.47578888057029967,0.6714403828608903,0.8204545933854754,0.02426739926739918,sex,151
within_project,IBD,PRJNA398089,Bacteria.Bacillota.Clostridia.Oscillospirales.UCG-010.Incertae Sedis,Incertae Sedis,104,42,-0.08988974028284911,0.23631656274200105,-0.38037850263160083,0.704228884893681,0.8454123543474451,0.1026894274075932,0.17307692307692313,sex,151
within_project,IBD,PRJNA398089,Bacteria.Bacillota.Clostridia.Peptostreptococcales-Tissierellales.Peptostreptococcaceae.Romboutsia,Romboutsia,104,42,-0.5789071189275475,0.24268875106310184,-2.385389171898722,0.018371434507103646,0.1027439485397278,0.32963534921300186,-0.10347985347985345,sex,151
within_project,IBD,PRJNA398089,Bacteria.Bacillota.NA.NA.NA.NA,Bacteria.Bacillota.NA.NA.NA.NA,104,42,-0.16747585949714228,0.14962016383485469,-1.1193401691632692,0.2648716646643927,0.4999452670540412,0.3766613937716946,0.09386446886446898,sex,151
within_project,IBD,PRJNA398089,Bacteria.Bacillota.Negativicutes.Acidaminococcales.Acidaminococcaceae.Phascolarctobacterium,Phascolarctobacterium,104,42,0.056023634048256186,0.5556829155113577,0.1008194286425045,0.9198350207548106,0.9555509885959036,0.17259165153088607,0.14468864468864462,sex,151
within_project,IBD,PRJNA398089,Bacteria.Bacteroidota.Bacteroidia.Bacteroidales.Bacteroidaceae.Bacteroides,Bacteroides,104,42,-0.08128657969829223,0.30512380379807397,-0.2664052384195052,0.7903108824755551,0.8990680655712324,0.8170946586498788,0.024725274725274637,sex,151
within_project,IBD,PRJNA398089,Bacteria.Bacteroidota.Bacteroidia.Bacteroidales.Prevotellaceae.Incertae Sedis,Incertae Sedis,104,42,0.3176955229967258,0.2665969256668372,1.1916698671677328,0.23536470806887802,0.48027122862703486,0.0018956351729227125,0.32921245421245415,sex,151
within_project,IBD,PRJNA398089,Bacteria.Bacteroidota.Bacteroidia.Bacteroidales.Prevotellaceae.Segatella,Segatella,104,42,-0.7233359512115813,0.5176501343265751,-1.3973452400482584,0.16447407219062185,0.3921666010781453,0.5697080129502717,0.06043956043956045,sex,151
within_project,IBD,PRJNA398089,Bacteria.Bacteroidota.Bacteroidia.Bacteroidales.Rikenellaceae.Alistipes,Alistipes,104,42,-1.485065115716454,0.5148710054030754,-2.8843440398315807,0.004529466108053249,0.04573696439508911,0.00943177644621168,-0.2751831501831502,sex,151
within_project,IBD,PRJNA398089,Bacteria.Bacteroidota.Bacteroidia.Bacteroidales.Tannerellaceae.Parabacteroides,Parabacteroides,104,42,-0.19219295512526113,0.5074549033022931,-0.3787389852271679,0.7054434215084642,0.8454123543474451,0.9362559500395451,-0.008699633699633669,sex,151
within_project,IBD,PRJNA398089,Bacteria.NA.NA.NA.NA.NA,Bacteria.NA.NA.NA.NA.NA,104,42,0.4706764709883943,0.3858292430471042,1.219908753600959,0.22450754781209528,0.4760462967014394,0.21232379803242585,0.1323260073260073,sex,151
within_project,IBD,PRJNA398089,Bacteria.Pseudomonadota.Gammaproteobacteria.Enterobacterales.Enterobacteriaceae.Klebsiella,Klebsiella,104,42,0.5238403032724185,0.32740345449814123,1.5999840443815245,0.11180914851153584,0.3069669350043984,0.007214489785057767,0.2847985347985349,sex,151
within_project,IBD,PRJNA398089,Bacteria.Pseudomonadota.Gammaproteobacteria.Enterobacterales.Pasteurellaceae.Haemophilus,Haemophilus,104,42,0.2117273422226145,0.4538662316685585,0.46649723519689174,0.6415695146453535,0.7940737435364621,0.42510066169408833,0.08470695970695963,sex,151
within_project,IBD,PRJNA398089,Bacteria.Actinomycetota.Actinobacteria.Micrococcales.Micrococcaceae.Rothia,Rothia,104,42,0.7841907153153617,0.29479446794028846,2.66012697183382,0.008703143432530978,0.059735211741462624,0.0020389537107816462,0.32692307692307687,sex,151
within_project,IBD,PRJNA398089,Bacteria.Actinomycetota.Coriobacteriia.Coriobacteriales.Eggerthellaceae.Eggerthella,Eggerthella,104,42,0.4390730394014627,0.3350252078792434,1.3105671724848906,0.19210501877531672,0.43295310201601234,0.027929667263455443,0.23305860805860812,sex,151
within_project,IBD,PRJNA398089,Bacteria.Bacillota.Bacilli.Lactobacillales.Lactobacillaceae.Lactobacillus,Lactobacillus,104,42,-0.13900243793464842,0.1990392456473224,-0.6983669852776011,0.4860818520718444,0.6796144413226713,0.09055533531445208,0.17948717948717952,sex,151
within_project,IBD,PRJNA398089,Bacteria.Bacillota.Bacilli.Staphylococcales.Gemellaceae.Gemella,Gemella,104,42,0.4027882390454975,0.35317973990253276,1.1404624714788432,0.25600015188419983,0.4955900376219766,0.081097692790138,0.184981684981685,sex,151
within_project,IBD,PRJNA398089,Bacteria.Bacillota.Bacilli.Staphylococcales.Staphylococcaceae.Staphylococcus,Staphylococcus,104,42,0.3364843271338101,0.36189347444171766,0.9297883241826742,0.3540476046846087,0.562749350603957,0.13302966561212515,0.15934065934065944,sex,151
within_project,IBD,PRJNA398089,Bacteria.Bacillota.Clostridia.Lachnospirales.Lachnospiraceae.NA,Lachnospiraceae,104,42,-0.9742420647364995,0.3378890969591197,-2.883319034275825,0.004543407059114812,0.04573696439508911,0.0192355859862541,-0.24816849816849818,sex,151
within_project,IBD,PRJNA398089,Bacteria.Bacillota.Clostridia.Oscillospirales.Butyricicoccaceae.Agathobaculum,Agathobaculum,104,42,-0.9193690846427428,0.3960170291376958,-2.3215392697748776,0.021670425787410293,0.11283566530686048,0.03253703040653802,-0.22664835164835162,sex,151
within_project,IBD,PRJNA398089,Bacteria.Bacillota.Clostridia.Oscillospirales.Oscillospiraceae.Intestinimonas,Intestinimonas,104,42,-0.7207338002217567,0.40484366146586337,-1.7802768545569272,0.07715418493822475,0.24271420678483202,0.25106320077429733,-0.1217948717948718,sex,151
within_project,IBD,PRJNA398089,Bacteria.Bacillota.Clostridia.Oscillospirales.Oscillospiraceae.NA,Oscillospiraceae,104,42,0.07059707185962011,0.2110905263237266,0.33443979267621443,0.7385377233107155,0.8644898931776592,0.10638421513807929,0.1712454212454213,sex,151
within_project,IBD,PRJNA398089,Bacteria.Bacillota.Clostridia.Oscillospirales.Oscillospiraceae.NK4A214 group,NK4A214 group,104,42,-1.4677345905961734,0.36171962137514857,-4.0576582078027466,8.121265631394427e-05,0.003065777775851396,0.000752171795606798,-0.3571428571428571,sex,151
within_project,IBD,PRJNA398089,Bacteria.Bacillota.Clostridia.Oscillospirales.Ruminococcaceae.Acutalibacter,Acutalibacter,104,42,-0.46066869143823225,0.33104458515587515,-1.3915608715403773,0.16621630774173046,0.3921666010781453,0.4743215104444688,-0.07600732600732596,sex,151
within_project,IBD,PRJNA398089,Bacteria.Bacillota.Clostridia.Oscillospirales.Ruminococcaceae.Incertae Sedis,Incertae Sedis,104,42,-0.9390286548519,0.3408128644756504,-2.7552617660035232,0.006627980363087653,0.04765833499172551,0.06584764513852304,-0.19505494505494503,sex,151
within_project,IBD,PRJNA398089,Bacteria.Pseudomonadota.Gammaproteobacteria.Enterobacterales.Enterobacteriaceae.Escherichia-Shigella,Escherichia-Shigella,104,42,0.5631538335879289,0.4672950878509525,1.2051353592819092,0.2301415871470535,0.4760462967014394,0.11115002297773326,0.16895604395604402,sex,151
within_project,IBD,PRJNA398089,Bacteria.Verrucomicrobiota.Verrucomicrobiia.Verrucomicrobiales.Akkermansiaceae.Akkermansia,Akkermansia,104,42,-1.9116578637788755,0.5368899081781033,-3.5606142612476117,0.0005028588305010676,0.010847383343665886,0.01316511057220904,-0.2628205128205128,sex,151
within_project,IBD,PRJNA398089,Bacteria.Bacillota.Bacilli.Erysipelotrichales.Erysipelatoclostridiaceae.Erysipelotrichaceae UCG-003,Erysipelotrichaceae UCG-003,104,42,-0.29436555248023416,0.5210511207688391,-0.5649456276878972,0.5729959469393022,0.7633335767611846,0.9122207277612863,-0.011904761904761862,sex,151
within_project,IBD,PRJNA398089,Bacteria.Bacillota.Clostridia.Oscillospirales.Ruminococcaceae.Fournierella,Fournierella,104,42,0.5675523556174759,0.2662962675571436,2.131281676697503,0.03477593316388703,0.15331967240483768,0.000752171795606798,0.3571428571428572,sex,151
within_project,IBD,PRJNA398089,Bacteria.Bacillota.Clostridia.Oscillospirales.[Eubacterium] coprostanoligenes group.Incertae Sedis,Incertae Sedis,104,42,-0.8374766606349223,0.4260767107404217,-1.9655537125687619,0.05128754489958343,0.18010277394969995,0.09389826343518098,-0.1776556776556777,sex,151
within_project,IBD,PRJNA398089,Bacteria.Bacillota.Clostridia.Peptococcales.Peptococcaceae.Peptococcus,Peptococcus,104,42,-0.2926551477964816,0.22531376097836323,-1.2988782688003915,0.19607619809088908,0.4354044987018272,0.47967878098840566,0.07509157509157505,sex,151
within_project,IBD,PRJNA398089,Bacteria.Bacillota.Clostridia.Peptostreptococcales-Tissierellales.Anaerovoracaceae.Family XIII AD3011 group,Family XIII AD3011 group,104,42,-0.3512683115510296,0.34491673095328773,-1.01841482313771,0.3102007781641483,0.5262957022784989,0.4352077150320074,-0.08287545787545791,sex,151
within_project,IBD,PRJNA398089,Bacteria.Bacillota.Clostridia.Peptostreptococcales-Tissierellales.Family XI.Parvimonas,Parvimonas,104,42,-0.02000103940748495,0.2713569616372674,-0.07370748584007605,0.9413461438738977,0.9604274846280983,0.1984051956327072,0.1364468864468864,sex,151
within_project,IBD,PRJNA398089,Bacteria.Bacillota.Clostridia.Peptostreptococcales-Tissierellales.Peptostreptococcaceae.Intestinibacter,Intestinibacter,104,42,-0.4341471256136779,0.44651240202024356,-0.9723069810589381,0.3325396468277495,0.5566005665228096,0.6452253812414538,-0.04899267399267404,sex,151
within_project,IBD,PRJNA398089,Bacteria.Actinomycetota.Actinobacteria.Actinomycetales.Actinomycetaceae.Schaalia,Schaalia,104,42,0.24817820572175683,0.3419286853928723,0.7258186175184536,0.4691361995898048,0.668297793755288,0.15431734015676699,0.151098901098901,sex,151
within_project,IBD,PRJNA398089,Bacteria.Bacillota.Clostridia.Lachnospirales.Lachnospiraceae.Anaerostipes,Anaerostipes,104,42,-0.7149777357235155,0.4090466567075858,-1.7479124300351634,0.08262551165835623,0.2495290452082358,0.1232757376646691,-0.16346153846153844,sex,151
within_project,IBD,PRJNA398089,Bacteria.Bacillota.Clostridia.Lachnospirales.Lachnospiraceae.Fusicatenibacter,Fusicatenibacter,104,42,-1.0070899561334365,0.3840644646946887,-2.6221898892260724,0.00968280454701337,0.06356971680865299,0.009197086043705772,-0.2760989010989011,sex,151
within_project,IBD,PRJNA398089,Bacteria.Bacillota.Clostridia.Lachnospirales.Lachnospiraceae.Marvinbryantia,Marvinbryantia,104,42,-0.5090433246602059,0.27257009424048906,-1.867568509592531,0.06386903663029347,0.2096570550255286,0.9775825139245065,0.0032051282051281937,sex,151
within_project,IBD,PRJNA398089,Bacteria.Bacillota.Negativicutes.Veillonellales-Selenomonadales.Veillonellaceae.Dialister,Dialister,104,42,0.0737313985223642,0.6140705070040599,0.12006992304855431,0.9045962879406251,0.9485697186044055,0.6267236046437801,0.05173992673992678,sex,151
within_project,IBD,PRJNA398089,Bacteria.Bacillota.Negativicutes.Veillonellales-Selenomonadales.Veillonellaceae.Megasphaera,Megasphaera,104,42,-1.148932215519502,0.41437164158766987,-2.77270956843802,0.006300241899864217,0.04765833499172551,0.44545206676835014,-0.08104395604395609,sex,151
within_project,IBD,PRJNA398089,Bacteria.Bacillota.Clostridia.Lachnospirales.Lachnospiraceae.Faecalimonas,Faecalimonas,104,42,0.05594963859681403,0.43062152779576074,0.12992763943596977,0.8968062604685508,0.9485697186044055,0.6206074189152255,0.05265567765567769,sex,151
within_project,IBD,PRJNA398089,Bacteria.Bacillota.Clostridia.Lachnospirales.Lachnospiraceae.CAG-56,CAG-56,104,42,-0.8025442096861428,0.3804125562456981,-2.10966803411137,0.03662889636336879,0.15363787085746353,0.5994086897238553,-0.055860805860805884,sex,151
within_project,IBD,PRJNA398089,Bacteria.Bacillota.Clostridia.Lachnospirales.Lachnospiraceae.Lachnoclostridium,Lachnoclostridium,104,42,-0.20577860129851883,0.38546367864449554,-0.5338469295528718,0.5942763154813144,0.7735838244627454,0.8103849217349012,0.02564102564102555,sex,151
within_project,IBD,PRJNA398089,Bacteria.Bacillota.Clostridia.Lachnospirales.Lachnospiraceae.Lachnospira,Lachnospira,104,42,-1.002476016088541,0.485134773235308,-2.0663866442785452,0.04059610119521976,0.16131608632837324,0.08338346793062273,-0.18360805860805862,sex,151
within_project,IBD,PRJNA398089,Bacteria.Bacillota.Clostridia.Lachnospirales.Lachnospiraceae.Lachnospiraceae FCS020 group,Lachnospiraceae FCS020 group,104,42,-0.564978183299221,0.34345633781367774,-1.6449781852787269,0.1021707539474223,0.29109026124642956,0.49049163673333673,-0.07326007326007322,sex,151
within_project,IBD,PRJNA398089,Bacteria.Bacillota.Clostridia.Oscillospirales.Ruminococcaceae.Ruthenibacterium,Ruthenibacterium,104,42,-0.3714289219689731,0.4319055400685439,-0.8599772114755159,0.39124105775951323,0.5967414113301667,0.5815038730454805,-0.05860805860805862,sex,151
within_project,IBD,PRJNA398089,Bacteria.Actinomycetota.Actinobacteria.Bifidobacteriales.Bifidobacteriaceae.Bifidobacterium,Bifidobacterium,104,42,-1.3041587756326927,0.46584769474514437,-2.799538970233975,0.005824961200144489,0.04765833499172551,0.010955433040121509,-0.26968864468864473,sex,151
within_project,IBD,PRJNA398089,Bacteria.Bacillota.Bacilli.Erysipelotrichales.Erysipelotrichaceae.Solobacterium,Solobacterium,104,42,0.10869664804690686,0.21401236042130942,0.5078989261784892,0.6123067504473907,0.7902420454491966,0.014324947877957968,0.2596153846153846,sex,151
within_project,IBD,PRJNA398089,Bacteria.Bacillota.Clostridia.Oscillospirales.Ruminococcaceae.Candidatus Soleaferrea,Candidatus Soleaferrea,104,42,0.07004480065281052,0.19663733043137163,0.35621313867082244,0.7222059516573495,0.8519773335957794,0.04372634961700257,0.21382783882783873,sex,151
within_project,IBD,PRJNA398089,Bacteria.Bacillota.Clostridia.Peptostreptococcales-Tissierellales.Family XI.Anaerococcus,Anaerococcus,104,42,0.8148878716089439,0.27628531276204976,2.9494433253162633,0.003720258338296055,0.04358750041933227,9.388344063931451e-05,0.413919413919414,sex,151
within_project,IBD,PRJNA398089,Bacteria.Thermodesulfobacteriota.Desulfovibrionia.Desulfovibrionales.Desulfovibrionaceae.Bilophila,Bilophila,104,42,-0.6095682769385506,0.5160922329794982,-1.1811227489694962,0.23951463422770317,0.4815750171629862,0.9569047513529115,0.005952380952380931,sex,151
within_project,IBD,PRJNA398089,Bacteria.Bacillota.Bacilli.Lactobacillales.Carnobacteriaceae.Granulicatella,Granulicatella,104,42,0.15435913745331006,0.38314626212561603,0.40287261735755314,0.6876435965506298,0.837372444186654,0.3190247978454077,0.10576923076923084,sex,151
within_project,IBD,PRJNA398089,Bacteria.Bacillota.Clostridia.Lachnospirales.Lachnospiraceae.Anaerobutyricum,Anaerobutyricum,104,42,-0.674952407696177,0.4423519063086283,-1.525826831692828,0.12926169463699286,0.3365261360376883,0.32324189114681734,-0.10485347985347981,sex,151
within_project,IBD,PRJNA398089,Bacteria.Bacillota.Clostridia.Lachnospirales.Lachnospiraceae.Extibacter,Extibacter,104,42,0.8223016344823498,0.396834358818518,2.072153320923525,0.04004712639565614,0.16131608632837324,0.0006124949639539075,0.36309523809523814,sex,151
within_project,IBD,PRJNA398089,Bacteria.Bacillota.Clostridia.Lachnospirales.Lachnospiraceae.Lachnospiraceae UCG-004,Lachnospiraceae UCG-004,104,42,-0.4165386135538807,0.5112574302642569,-0.8147336134334161,0.41657958431681286,0.6167011493317524,0.757246716533099,0.03296703296703307,sex,151
within_project,IBD,PRJNA398089,Bacteria.Bacillota.Clostridia.Lachnospirales.Lachnospiraceae.[Eubacterium] ventriosum group,[Eubacterium] ventriosum group,104,42,-0.9933558594841783,0.3547118977830589,-2.8004582470806003,0.005809270806713152,0.04765833499172551,0.025274555500414575,-0.23717948717948723,sex,151
within_project,IBD,PRJNA398089,Bacteria.Bacillota.Clostridia.Lachnospirales.Lachnospiraceae.[Ruminococcus] gnavus group,[Ruminococcus] gnavus group,104,42,0.5474707070946373,0.5815206560932433,0.9414467076245244,0.34806367179595543,0.562749350603957,0.2528527444473533,0.12133699633699635,sex,151
within_project,IBD,PRJNA398089,Bacteria.Bacillota.Clostridia.Monoglobales.Monoglobaceae.Monoglobus,Monoglobus,104,42,-0.6749187460413332,0.3592657964433551,-1.8786056249241265,0.06233398534742381,0.20916515083246656,0.1092238601717177,-0.16987179487179482,sex,151
within_project,IBD,PRJNA398089,Bacteria.Bacillota.Clostridia.Oscillospirales.Oscillospiraceae.UCG-005,UCG-005,104,42,-1.3382500599383431,0.45416670992634167,-2.946605355895383,0.0037525662612670164,0.04358750041933227,0.02823901823479739,-0.23260073260073255,sex,151
within_project,IBD,PRJNA398089,Bacteria.Bacillota.Clostridia.Peptostreptococcales-Tissierellales.Anaerovoracaceae.Family XIII UCG-001,Family XIII UCG-001,104,42,-0.09326413393321119,0.1947806304722436,-0.4788162647748561,0.6328006694204815,0.7940737435364621,0.3211288226492779,0.10531135531135538,sex,151
within_project,IBD,PRJNA398089,Bacteria.Bacillota.Clostridia.Lachnospirales.Lachnospiraceae.Butyribacter,Butyribacter,104,42,-0.6812250332532948,0.26475665388911207,-2.5730232772114277,0.011099831381530539,0.0698364391087963,0.6828856492124618,-0.043498168498168455,sex,151
within_project,IBD,PRJNA398089,Bacteria.Bacillota.Clostridia.Lachnospirales.Lachnospiraceae.[Eubacterium] xylanophilum group,[Eubacterium] xylanophilum group,104,42,-0.7714440438531057,0.3838657016922136,-2.009671717093535,0.04634724615848257,0.17615373327662273,0.2619336809244899,-0.11904761904761907,sex,151
within_project,IBD,PRJNA398089,Bacteria.Bacillota.Clostridia.Lachnospirales.Lachnospiraceae.[Ruminococcus] gauvreauii group,[Ruminococcus] gauvreauii group,104,42,-0.9061714141987303,0.45171509066069665,-2.0060684996671854,0.04673495859376426,0.17615373327662273,0.1481599536476653,-0.1533882783882784,sex,151
within_project,IBD,PRJNA398089,Bacteria.Bacillota.Clostridia.Oscillospirales.Oscillospiraceae.UCG-003,UCG-003,104,42,-0.5671798448077471,0.46755198338500126,-1.2130840312160716,0.22709775014020767,0.4760462967014394,0.673391656781122,-0.04487179487179482,sex,151
within_project,IBD,PRJNA398089,Bacteria.Bacteroidota.Bacteroidia.Bacteroidales.Prevotellaceae.Hoylesella,Hoylesella,104,42,0.03755620220295315,0.19688030481552407,0.19075652203069848,0.8489869057972338,0.9292555625798332,0.028551317218547576,0.2321428571428572,sex,151
within_project,IBD,PRJNA398089,Bacteria.Bacillota.Bacilli.Erysipelotrichales.Erysipelatoclostridiaceae.Thomasclavelia,Thomasclavelia,104,42,0.6273921887867506,0.44856440916492535,1.3986668936903441,0.1640779513561524,0.3921666010781453,0.09998590302367276,0.1744505494505495,sex,151
within_project,IBD,PRJNA398089,Bacteria.Bacillota.Bacilli.Erysipelotrichales.Erysipelotrichaceae.[Clostridium] innocuum group,[Clostridium] innocuum group,104,42,1.0906123874741451,0.3662954808528838,2.9774115283507157,0.0034152577201574832,0.04358750041933227,4.361455723840368e-05,0.43315018315018317,sex,151
within_project,IBD,PRJNA398089,Bacteria.Bacillota.Negativicutes.Veillonellales-Selenomonadales.Veillonellaceae.Veillonella,Veillonella,104,42,0.3192580277279493,0.43404896358864753,0.7355345928910298,0.46321866596119554,0.668297793755288,0.5097251607297679,0.07005494505494503,sex,151
within_project,IBD,PRJNA398089,Bacteria.Bacteroidota.Bacteroidia.Bacteroidales.Barnesiellaceae.Barnesiella,Barnesiella,104,42,-0.729879022382138,0.40203401970009717,-1.8154658228341007,0.07154752828078104,0.2298654631999561,0.5435927472435318,0.06456043956043955,sex,151
within_project,IBD,PRJNA398089,Bacteria.Bacillota.Clostridia.Lachnospirales.Lachnospiraceae.Hungatella,Hungatella,104,42,1.152995808669781,0.4143070686271802,2.782949884225412,0.006114821891854571,0.04765833499172551,0.001194757074686411,0.3434065934065933,sex,151
within_project,IBD,PRJNA398089,Bacteria.Bacillota.Clostridia.Oscillospirales.Ruminococcaceae.DTU089,DTU089,104,42,0.047657628872326586,0.18028545277791266,0.26434539303087506,0.7918943888806219,0.8990680655712324,0.0350752375882406,0.22344322344322354,sex,151
within_project,IBD,PRJNA398089,Bacteria.Pseudomonadota.Gammaproteobacteria.Pseudomonadales.Moraxellaceae.Acinetobacter,Acinetobacter,104,42,0.14640928016792834,0.2555140371337826,0.5729989702728975,0.5675453050206597,0.7633335767611846,0.10088069956086945,0.17399267399267404,sex,151
within_project,IBD,PRJNA398089,Bacteria.Bacillota.Clostridia.Lachnospirales.Lachnospiraceae.GCA-900066575,GCA-900066575,104,42,-1.7264302083650491,0.4002738473600565,-4.313122677765358,2.9836161587800432e-05,0.001501753466585955,0.00016774063095839276,-0.39880952380952384,sex,151
within_project,IBD,PRJNA398089,Bacteria.Bacillota.Clostridia.Lachnospirales.Lachnospiraceae.Lachnospiraceae UCG-010,Lachnospiraceae UCG-010,104,42,-0.004922957266283234,0.535271410215479,-0.009197123500957107,0.9926746789321468,0.9977921053400727,0.7870134218040996,0.028846153846153744,sex,151
within_project,IBD,PRJNA398089,Bacteria.Bacillota.Clostridia.Lachnospirales.Lachnospiraceae.Oribacterium,Oribacterium,104,42,-0.09045099794154442,0.20624798549825915,-0.43855457653576874,0.6616461541554232,0.8122647908737308,0.06334650125103543,0.19688644688644685,sex,151
within_project,IBD,PRJNA398089,Bacteria.Bacillota.Clostridia.Oscillospirales.Butyricicoccaceae.UCG-009,UCG-009,104,42,-0.3107580469629287,0.2080115023803084,-1.4939464568395275,0.13739289706483196,0.3516326687591462,0.6545602381231181,0.04761904761904767,sex,151
within_project,IBD,PRJNA398089,Bacteria.Thermodesulfobacteriota.Desulfovibrionia.Desulfovibrionales.Desulfovibrionaceae.Desulfovibrio,Desulfovibrio,104,42,-0.08100849794314384,0.41828552917515943,-0.1936679428114308,0.8467107186898254,0.9292555625798332,0.5638532048842982,0.06135531135531136,sex,151
within_project,IBD,PRJNA398089,Bacteria.Bacillota.Clostridia.Clostridia vadinBB60 group.Incertae Sedis.Incertae Sedis,Incertae Sedis,104,42,-0.5619969114756825,0.22391528149002288,-2.5098640331107718,0.013192043853370337,0.07967994487435683,0.6084537478697507,-0.054487179487179516,sex,151
within_project,IBD,PRJNA398089,Bacteria.Pseudomonadota.Alphaproteobacteria.Rhodospirillales.Incertae Sedis.Incertae Sedis,Incertae Sedis,104,42,0.0629667013091412,0.3942255307537284,0.15972253544501236,0.8733250310397537,0.935262976503566,0.07886304700858517,0.18635531135531136,sex,151
within_project,IBD,PRJNA398089,Bacteria.Pseudomonadota.Gammaproteobacteria.Burkholderiales.Sutterellaceae.Sutterella,Sutterella,104,42,-0.6256357601320487,0.6642304646664288,-0.9418956121596108,0.3478345677016892,0.562749350603957,0.9500179153816013,-0.006868131868131844,sex,151
within_project,IBD,PRJNA398089,Bacteria.Actinomycetota.Actinobacteria.Mycobacteriales.Corynebacteriaceae.Corynebacterium,Corynebacterium,104,42,1.0467304871455998,0.3360881065644022,3.114452629239417,0.0022269092800801175,0.03362633012920977,7.03650708534481e-05,0.4212454212454213,sex,151
within_project,IBD,PRJNA398089,Bacteria.Bacillota.Clostridia.Lachnospirales.Lachnospiraceae.Lachnospiraceae ND3007 group,Lachnospiraceae ND3007 group,104,42,-1.9768869769780817,0.3715529975182849,-5.320605647598886,3.905745354215487e-07,5.897675484865385e-05,5.475529749280583e-06,-0.48168498168498164,sex,151
within_project,IBD,PRJNA398089,Bacteria.Bacillota.Clostridia.Oscillospirales.Oscillospiraceae.Oscillibacter,Oscillibacter,104,42,-0.6852286424689282,0.39707186991458193,-1.7257043230393898,0.08656069358701049,0.2562875437576193,0.1593817245230318,-0.1492673992673993,sex,151
within_project,IBD,PRJNA398089,Bacteria.Bacillota.Clostridia.Peptococcales.Peptococcaceae.Incertae Sedis,Incertae Sedis,104,42,-0.14437833084194743,0.23873574923308213,-0.6047620907457315,0.5462955006599558,0.743158744141021,0.19096701597904953,0.1387362637362637,sex,151
within_project,IBD,PRJNA398089,Bacteria.Bacteroidota.Bacteroidia.Bacteroidales.Prevotellaceae.Paraprevotella,Paraprevotella,104,42,-0.36420292080158934,0.35318196942361535,-1.0312047395736534,0.30418575273879134,0.5219550984495169,0.11912403061646812,0.16529304029304037,sex,151
within_project,IBD,PRJNA398089,Bacteria.Bacillota.Clostridia.Lachnospirales.Defluviitaleaceae.Defluviitaleaceae UCG-011,Defluviitaleaceae UCG-011,104,42,-0.2430259147155298,0.13755035268019306,-1.766814188259984,0.0793927465952112,0.24465928032401818,0.5874443196585103,0.05769230769230771,sex,151
within_project,IBD,PRJNA398089,Bacteria.Bacillota.Clostridia.Peptostreptococcales-Tissierellales.Family XI.Peptoniphilus,Peptoniphilus,104,42,0.5124073201204852,0.22739327790583053,2.2533969554398454,0.025755518550184413,0.12545430003476923,0.00043677573273911735,0.3727106227106227,sex,151
within_project,IBD,PRJNA398089,Bacteria.Bacteroidota.Bacteroidia.Bacteroidales.Marinifilaceae.Odoribacter,Odoribacter,104,42,-0.6172526227045665,0.4314884056185148,-1.4305196030001524,0.1547494343147832,0.3830682718283977,0.46899727743116326,-0.07692307692307687,sex,151
within_project,IBD,PRJNA398089,Bacteria.Bacteroidota.Bacteroidia.Bacteroidales.Porphyromonadaceae.Porphyromonas,Porphyromonas,104,42,1.0009273836964538,0.29487374484945084,3.394426940952244,0.0008902121356121114,0.014935781386380981,1.760501013520072e-06,0.5064102564102564,sex,151
within_project,IBD,PRJNA398089,Bacteria.Bacteroidota.Bacteroidia.Bacteroidales.Prevotellaceae.Prevotella,Prevotella,104,42,-0.07793216190132708,0.3153122787294888,-0.24715866510287812,0.8051399247340882,0.9027376448720289,0.2492825145861699,0.12225274725274726,sex,151
within_project,IBD,PRJNA398089,Bacteria.Bacillota.Clostridia.Lachnospirales.Lachnospiraceae.Enterocloster,Enterocloster,104,42,0.33247337641244123,0.3733157233011202,0.8905956959767937,0.3746420436294504,0.58007520684084,0.2045065931265495,0.13461538461538458,sex,151
within_project,IBD,PRJNA398089,Bacteria.Pseudomonadota.Alphaproteobacteria.Rickettsiales.Mitochondria.Incertae Sedis,Incertae Sedis,104,42,0.5570157542346738,0.2830682631292179,1.9677788957231193,0.05102810777708073,0.18010277394969995,0.030821831891966356,0.228937728937729,sex,151
within_project,IBD,PRJNA398089,Bacteria.Bacillota.Clostridia.Oscillospirales.Oscillospiraceae.Incertae Sedis,Incertae Sedis,104,42,-0.5789014216850482,0.40234593454445083,-1.43881513886924,0.15238807739479332,0.3830682718283977,0.642126050852317,-0.0494505494505495,sex,151
within_project,IBD,PRJNA398089,Bacteria.Bacillota.Clostridia.Peptostreptococcales-Tissierellales.Peptostreptococcaceae.Peptostreptococcus,Peptostreptococcus,104,42,0.6362033400319236,0.28139632968092954,2.2608800219722256,0.02527620538101869,0.12545430003476923,0.000556533393396776,0.3658424908424909,sex,151
within_project,IBD,PRJNA398089,Bacteria.Cyanobacteriota.Vampirivibrionia.Gastranaerophilales.Gastranaerophilaceae.CAG-196,CAG-196,104,42,-0.26224159003396746,0.3317703787121182,-0.7904309934236721,0.430584983442758,0.6312459466005481,0.2387837846817299,0.125,sex,151
within_project,IBD,PRJNA398089,Bacteria.Pseudomonadota.Gammaproteobacteria.Pseudomonadales.Pseudomonadaceae.Pseudomonas,Pseudomonas,104,42,0.4726794456037008,0.3667084766953543,1.2889787819014138,0.19948671286805605,0.4365578788851662,0.24224812600649237,0.12408424908424909,sex,151
within_project,IBD,PRJNA398089,Bacteria.Bacillota.Bacilli.Erysipelotrichales.Erysipelotrichaceae.Holdemania,Holdemania,104,42,-0.158106510733159,0.31887182319819984,-0.4958309239975882,0.6207748835141144,0.7940737435364621,0.8204545933854754,0.02426739926739918,sex,151
within_project,IBD,PRJNA398089,Bacteria.Bacillota.Negativicutes.Acidaminococcales.Acidaminococcaceae.Acidaminococcus,Acidaminococcus,104,42,0.36181646071913914,0.33803462970470505,1.0703532387649426,0.28626361935354266,0.5085389002633522,0.004477416886773741,0.3012820512820513,sex,151
within_project,IBD,PRJNA398089,Bacteria.Bacillota.Clostridia.Peptostreptococcales-Tissierellales.Anaerovoracaceae.[Eubacterium] brachy group,[Eubacterium] brachy group,104,42,0.1838638847514535,0.20724572542755504,0.887178176399711,0.37647265079736636,0.58007520684084,0.013487707799640484,0.26190476190476186,sex,151
within_project,IBD,PRJNA398089,Bacteria.Bacteroidota.Bacteroidia.Bacteroidales.Marinifilaceae.Butyricimonas,Butyricimonas,104,42,-0.41361668301655763,0.3305236292532828,-1.2513982251465596,0.21283251366617356,0.45911013662274586,0.35827922831594716,0.09752747252747263,sex,151
within_project,IBD,PRJNA398089,Bacteria.Fusobacteriota.Fusobacteriia.Fusobacteriales.Fusobacteriaceae.Fusobacterium,Fusobacterium,104,42,0.6948417208262482,0.5117253061145567,1.357841233418889,0.1766527801211422,0.4041601484589768,0.14575022621268094,0.1543040293040292,sex,151
within_project,IBD,PRJNA398089,Bacteria.Bacillota.Clostridia.Christensenellales.Christensenellaceae.Incertae Sedis,Incertae Sedis,104,42,-0.25295861760593147,0.2238927050192529,-1.1298207218684464,0.2604433467819281,0.4978094349882423,0.8678126085055673,0.017857142857142794,sex,151
within_project,IBD,PRJNA398089,Bacteria.Bacillota.Clostridia.Lachnospirales.Lachnospiraceae.Faecalicatena,Faecalicatena,104,42,0.3158327877029817,0.26904325260388434,1.17391082900706,0.24238212784362217,0.4815750171629862,0.02731972105168099,0.23397435897435903,sex,151
within_project,IBD,PRJNA398089,Bacteria.Bacillota.Clostridia.Oscillospirales.Ruminococcaceae.Anaerotruncus,Anaerotruncus,104,42,0.19401227130352297,0.23771204916322924,0.8161650702455598,0.41576320383877086,0.6167011493317524,0.03324565700356312,0.22573260073260082,sex,151
within_project,IBD,PRJNA398089,Bacteria.Bacillota.Clostridia.Lachnospirales.Lachnospiraceae.Sellimonas,Sellimonas,104,42,-0.22045471737081027,0.3430772717893092,-0.6425803616224278,0.5215253442768204,0.7159120635072717,0.3025181551549969,0.10943223443223449,sex,151
within_project,IBD,PRJNA398089,Bacteria.Bacillota.Clostridia.Oscillospirales.Oscillospiraceae.Oscillospira,Oscillospira,104,42,0.3489610169537016,0.22028708879332068,1.5841192457770699,0.11537563383188605,0.3111021555109785,0.007214489785057767,0.2847985347985349,sex,151
within_project,IBD,PRJNA398089,Bacteria.Pseudomonadota.Gammaproteobacteria.Burkholderiales.Sutterellaceae.Parasutterella,Parasutterella,104,42,0.02298948018513849,0.5659037013908977,0.04062436794216781,0.9676520210769641,0.9806406388095408,0.840681370173462,0.021520146520146444,sex,151
within_project,IBD,PRJNA398089,Bacteria.Pseudomonadota.Alphaproteobacteria.Sphingomonadales.Sphingomonadaceae.Sphingomonas,Sphingomonas,104,42,0.44154420363913954,0.20199176287165288,2.185951532685519,0.030446144370953467,0.1393141757579992,0.0027560347020482157,0.3173076923076923,sex,151
within_project,IBD,PRJNA398089,Bacteria.Pseudomonadota.Gammaproteobacteria.Burkholderiales.Neisseriaceae.Neisseria,Neisseria,104,42,0.019383718888766062,0.2210248249238161,0.08769928398516925,0.9302383796264757,0.9555509885959036,0.017524334525238036,0.2518315018315018,sex,151
within_project,IBD,PRJNA398089,Bacteria.Bacillota.Bacilli.Erysipelotrichales.Erysipelotrichaceae.Faecalitalea,Faecalitalea,104,42,0.1629179948573809,0.3482407847345855,0.46783146029707623,0.6406173235727401,0.7940737435364621,0.05357667106033311,0.2046703296703296,sex,151
within_project,IBD,PRJNA398089,Bacteria.Bacillota.Negativicutes.Veillonellales-Selenomonadales.Selenomonadaceae.NA,Selenomonadaceae,104,42,0.5470082100163239,0.27404825151543094,1.9960288270094046,0.04782982161815584,0.17615373327662273,0.004014853830142729,0.30494505494505497,sex,151
within_project,IBD,PRJNA398089,Bacteria.Campylobacterota.Campylobacteria.Campylobacterales.Campylobacteraceae.Campylobacter,Campylobacter,104,42,0.08074021650824813,0.247329991542454,0.32644733461040504,0.7445632150770038,0.8648388113586738,0.042831365136596446,0.21474358974358965,sex,151
within_project,IBD,PRJNA398089,Bacteria.Actinomycetota.Actinobacteria.Actinomycetales.Actinomycetaceae.Actinomyces,Actinomyces,104,42,-0.19493803316360223,0.20954285286069324,-0.9303015135200031,0.3537828242414913,0.562749350603957,0.5551257243516736,0.06272893772893773,sex,151
within_project,IBD,PRJNA398089,Bacteria.Pseudomonadota.NA.NA.NA.NA,Bacteria.Pseudomonadota.NA.NA.NA.NA,104,42,0.14481611971894498,0.29979042925345356,0.483057848376181,0.6297934025820036,0.7940737435364621,0.1026894274075932,0.17307692307692313,sex,151
within_project,IBD,PRJNA398089,Bacteria.Bacillota.Clostridia.Lachnospirales.Lachnospiraceae.Frisingicoccus,Frisingicoccus,104,42,0.5765557873970212,0.3579892717143256,1.6105392897279642,0.10948535845377456,0.30615350234296224,0.0060884831354577566,0.29075091575091583,sex,151
within_project,IBD,PRJNA398089,Bacteria.Bacillota.Clostridia.Oscillospirales.Ruminococcaceae.Negativibacillus,Negativibacillus,104,42,-0.027941125669575528,0.31191618094092854,-0.08957895542734631,0.9287471493773671,0.9555509885959036,0.4126616499249013,0.08699633699633691,sex,151
within_project,IBD,PRJNA398089,Bacteria.Bacillota.Clostridia.Lachnospirales.Lachnospiraceae.Eisenbergiella,Eisenbergiella,104,42,0.31535657937105005,0.4305958377435158,0.7323725677973043,0.46513987563623616,0.668297793755288,0.22693437302052044,0.1282051282051282,sex,151
within_project,IBD,PRJNA398089,Bacteria.Bacillota.Clostridia.Oscillospirales.Oscillospiraceae.Flavonifractor,Flavonifractor,104,42,0.4412606316187551,0.4012599139657245,1.099687799007123,0.2733160354579346,0.5033014799286356,0.1341493223590594,0.15888278388278398,sex,151
within_project,IBD,PRJNA398089,Bacteria.Bacteroidota.Bacteroidia.Bacteroidales.Barnesiellaceae.Coprobacter,Coprobacter,104,42,0.35321153791862053,0.32003420703745755,1.1036680771980096,0.2715909093638004,0.5033014799286356,0.03149836460683718,0.2280219780219781,sex,151
within_project,IBD,PRJNA398089,Bacteria.Bacillota.Clostridia.Christensenellales.Christensenellaceae.NA,Christensenellaceae,104,42,0.04996423528458844,0.2969279944351614,0.16827054444507378,0.8666082057094318,0.9346988504437443,0.027929667263455443,0.23305860805860812,sex,151
within_project,IBD,PRJNA398089,Bacteria.Pseudomonadota.Gammaproteobacteria.Enterobacterales.Pasteurellaceae.Aggregatibacter,Aggregatibacter,104,42,0.2948444766205019,0.2750916691777161,1.0718044552269774,0.28561340225472653,0.5085389002633522,0.011652332231031152,0.26739926739926734,sex,151
within_project,IBD,PRJNA398089,Bacteria.Actinomycetota.Coriobacteriia.Coriobacteriales.Atopobiaceae.Lancefieldella,Lancefieldella,104,42,-0.2913603795765739,0.21111217871438848,-1.380121134417131,0.16970316777428096,0.3942335128294835,0.4769960282529836,0.0755494505494505,sex,151
within_project,IBD,PRJNA398089,Bacteria.Bacillota.Bacilli.Erysipelotrichales.Erysipelotrichaceae.Dielma,Dielma,104,42,0.715088752515812,0.25854229041755233,2.7658482925981884,0.0064273238747109334,0.04765833499172551,0.0009795739253121998,0.34935897435897445,sex,151
within_project,IBD,PRJNA398089,Bacteria.Bacillota.Clostridia.Lachnospirales.Lachnospiraceae.GCA-900066755,GCA-900066755,104,42,-0.17968381183285134,0.17055093127746146,-1.053549285758704,0.2938662180324887,0.5159744060802999,0.3190247978454077,0.10576923076923084,sex,151
within_project,IBD,PRJNA398089,Bacteria.Bacillota.Bacilli.Erysipelotrichales.Erysipelatoclostridiaceae.Longibaculum,Longibaculum,104,42,0.11081578073755075,0.2999165001493236,0.36948877665075897,0.712310013597497,0.8469197799466304,0.3426662303492318,0.10073260073260082,sex,151
within_project,IBD,PRJNA398089,Bacteria.Pseudomonadota.Gammaproteobacteria.Burkholderiales.Neisseriaceae.Eikenella,Eikenella,104,42,0.3323240988195543,0.31809591744986754,1.0447292171611386,0.29791095794399103,0.5170638465464672,0.11508271204877703,0.1671245421245422,sex,151
within_project,IBD,PRJNA398089,Bacteria.Bacteroidota.Bacteroidia.Flavobacteriales.Weeksellaceae.Cloacibacterium,Cloacibacterium,104,42,0.5197554147647782,0.23425147407679958,2.2187925041375656,0.028076766819339235,0.132487243428757,0.007794607550611468,0.28205128205128216,sex,151
within_project,IBD,PRJNA398089,Eukaryota.NA.NA.NA.NA.NA,Eukaryota.NA.NA.NA.NA.NA,104,42,0.31643285377652774,0.20352806028177545,1.5547382181033942,0.12221883745670538,0.3237727097537283,0.009671794059998358,0.2742673992673992,sex,151
within_project,IBD,PRJNA398089,Bacteria.Pseudomonadota.Gammaproteobacteria.Enterobacterales.Pasteurellaceae.Mannheimia,Mannheimia,104,42,0.1290022233939846,0.23341296273651593,0.5526780598711069,0.5813467637585181,0.7633335767611846,0.11608278866225365,0.16666666666666674,sex,151
within_project,IBD,PRJNA413199,Bacteria.Actinomycetota.Coriobacteriia.Coriobacteriales.Coriobacteriaceae.Collinsella,Collinsella,251,70,-0.7110314031453306,0.4886374355690068,-1.455130842190491,0.1466163628868327,0.21384403456706308,0.9020558600215594,-0.009675583380762687,,180
within_project,IBD,PRJNA413199,Bacteria.Actinomycetota.Coriobacteriia.Coriobacteriales.Eggerthellaceae.Adlercreutzia,Adlercreutzia,251,70,-0.07930530175835943,0.2179268307859573,-0.363907929429081,0.7161678344757112,0.7765675313592049,0.08090137333999428,0.13648264086511097,,180
within_project,IBD,PRJNA413199,Bacteria.Actinomycetota.Coriobacteriia.Coriobacteriales.Eggerthellaceae.Senegalimassilia,Senegalimassilia,251,70,-0.8682866176523534,0.28528750803824793,-3.0435493780398684,0.0025324758910680433,0.007830962302723121,0.8310456301986735,-0.016733067729083673,,180
within_project,IBD,PRJNA413199,Bacteria.Bacillota.Bacilli.Erysipelotrichales.Erysipelotrichaceae.Holdemanella,Holdemanella,251,70,-1.2645965576782507,0.3294580590771124,-3.838414398544919,0.00014931410499562664,0.000790486438212141,0.6385802138772556,-0.0367672168468981,,180
within_project,IBD,PRJNA413199,Bacteria.Bacillota.Bacilli.Erysipelotrichales.Erysipelotrichaceae.NA,Erysipelotrichaceae,251,70,0.47901473757797636,0.1892531978832178,2.531078697404951,0.011851421715966488,0.0266656988609246,2.522350081094107e-06,0.3678998292544109,,180
within_project,IBD,PRJNA413199,Bacteria.Bacillota.Bacilli.Lactobacillales.Lactobacillaceae.Limosilactobacillus,Limosilactobacillus,251,70,0.7734921070548303,0.2920595516176154,2.648405445980893,0.008489421916220654,0.0204802016619959,0.00012912929295822974,0.29926010244735335,,180
within_project,IBD,PRJNA413199,Bacteria.Bacillota.Bacilli.Lactobacillales.Lactobacillaceae.Pediococcus,Pediococcus,251,70,0.6679138878876673,0.2751630323384029,2.427338738825384,0.015763259724256767,0.03377841369483593,0.00014961737723349458,0.2964143426294821,,180
within_project,IBD,PRJNA413199,Bacteria.Bacillota.Bacilli.Lactobacillales.Lactobacillaceae.Weissella,Weissella,251,70,-0.06986320265820602,0.18822737025436578,-0.37116388845997594,0.7107618455084814,0.7753765587365252,0.010048260291714609,0.20125213431986344,,180
within_project,IBD,PRJNA413199,Bacteria.Bacillota.Bacilli.Lactobacillales.Streptococcaceae.Streptococcus,Streptococcus,251,70,0.6548650450779755,0.2509578630381541,2.6094621509365252,0.009495874342282806,0.02191355617449878,0.013427797954389595,0.1932840068298236,,180
within_project,IBD,PRJNA413199,Bacteria.Bacillota.Clostridia.Christensenellales.Christensenellaceae.Christensenellaceae R-7 group,Christensenellaceae R-7 group,251,70,-2.233119593514049,0.37446298143496304,-5.963525646665019,6.547080321293332e-09,5.892372289163998e-07,3.62072827735065e-07,-0.39772339214570285,,180
within_project,IBD,PRJNA413199,Bacteria.Bacillota.Clostridia.Clostridia UCG-014.Incertae Sedis.Incertae Sedis,Incertae Sedis,251,70,-1.1679168219958507,0.3373898371380197,-3.4616241908853893,0.0006101028423617313,0.002553918875002596,0.1781639390101719,-0.1052931132612408,,180
within_project,IBD,PRJNA413199,Bacteria.Bacillota.Clostridia.Clostridiales.Clostridiaceae.Clostridium,Clostridium,251,70,-0.008819317176415327,0.387175958622074,-0.022778576458627544,0.9818411386628187,0.9818411386628187,0.9413704105268488,-0.005805350028457612,,180
within_project,IBD,PRJNA413199,Bacteria.Bacillota.Clostridia.Lachnospirales.Lachnospiraceae.Agathobacter,Agathobacter,251,70,-0.7966622394055357,0.457955932421686,-1.7396045842069556,0.08289299471895685,0.13688751421479115,0.5489706689585576,-0.046898121798520154,,180
within_project,IBD,PRJNA413199,Bacteria.Bacillota.Clostridia.Lachnospirales.Lachnospiraceae.Blautia,Blautia,251,70,0.06365588639836813,0.24064623428695509,0.2645206004863662,0.7915496162774165,0.8288176237939627,0.0006458597075196453,0.26670461013090496,,180
within_project,IBD,PRJNA413199,Bacteria.Bacillota.Clostridia.Lachnospirales.Lachnospiraceae.Coprococcus,Coprococcus,251,70,-2.0195769241470862,0.4123697005232778,-4.897491065867201,1.54553350322155e-06,2.7819603057987905e-05,1.708114093973292e-05,-0.3361411496869664,,180
within_project,IBD,PRJNA413199,Bacteria.Bacillota.Clostridia.Lachnospirales.Lachnospiraceae.Dorea,Dorea,251,70,-1.442564541776544,0.42126640067681104,-3.4243522375838773,0.0006967770152224808,0.0028504514259101487,0.03897709399017487,-0.16141149686966416,,180
within_project,IBD,PRJNA413199,Bacteria.Bacillota.Clostridia.Lachnospirales.Lachnospiraceae.Lachnospiraceae NK4A136 group,Lachnospiraceae NK4A136 group,251,70,-1.2305608063139004,0.31578281460756497,-3.8968580600029297,0.00011877770697214347,0.000680679148453106,0.0002770437576605651,-0.28423449060899264,,180
within_project,IBD,PRJNA413199,Bacteria.Bacillota.Clostridia.Lachnospirales.Lachnospiraceae.Mediterraneibacter,Mediterraneibacter,251,70,-1.0090478043971447,0.34427125215974513,-2.930967363864982,0.003623065458015886,0.010351615594331103,0.011018120832471716,-0.19874786568013658,,180
within_project,IBD,PRJNA413199,Bacteria.Bacillota.Clostridia.Lachnospirales.Lachnospiraceae.Roseburia,Roseburia,251,70,-0.8072178053394524,0.36779215819586103,-2.1947662214961725,0.028900791468489114,0.05654502678617436,0.10963382377420343,-0.12509960159362554,,180
within_project,IBD,PRJNA413199,Bacteria.Bacillota.Clostridia.Lachnospirales.Lachnospiraceae.[Eubacterium] eligens group,[Eubacterium] eligens group,251,70,-0.6716526583337487,0.37194131116009627,-1.8058027924858455,0.07189168126190154,0.12208021346360638,0.2593318438032658,-0.08821855435401249,,180
within_project,IBD,PRJNA413199,Bacteria.Bacillota.Clostridia.NA.NA.NA,Clostridia,251,70,-1.0087802451547059,0.24293350876795844,-4.152495266176958,4.225879167535734e-05,0.0003307209783288835,0.0011425762822898171,-0.25429709732498573,,180
within_project,IBD,PRJNA413199,Bacteria.Bacillota.Clostridia.Oscillospirales.Oscillospiraceae.Colidextribacter,Colidextribacter,251,70,-0.1322986688102314,0.29118250608690127,-0.4543496468525751,0.6498861844293777,0.73112195748305,0.8344548424031578,0.016391576550939035,,180
within_project,IBD,PRJNA413199,Bacteria.Bacillota.Clostridia.Oscillospirales.Oscillospiraceae.UCG-002,UCG-002,251,70,-1.9909678624886704,0.36916222449486424,-5.3932058330534,1.350285685177414e-07,6.076285583298363e-06,3.374459118612122e-06,-0.3632327831531019,,180
within_project,IBD,PRJNA413199,Bacteria.Bacillota.Clostridia.Oscillospirales.Ruminococcaceae.CAG-352,CAG-352,251,70,-0.42562668320633296,0.2947338686660702,-1.444105101095669,0.14969082419694416,0.21384403456706308,0.10995736988931473,0.12498577120091059,,180
within_project,IBD,PRJNA413199,Bacteria.Bacillota.Clostridia.Oscillospirales.Ruminococcaceae.Faecalibacterium,Faecalibacterium,251,70,-1.1507191306430644,0.4355426566004834,-2.642035431442485,0.008647196257287158,0.0204802016619959,0.2987432782072079,-0.08127490039840635,,180
within_project,IBD,PRJNA413199,Bacteria.Bacillota.Clostridia.Oscillospirales.Ruminococcaceae.Gemmiger,Gemmiger,251,70,-1.9029827787276334,0.4846871029212001,-3.92620882061518,0.00010577321025209504,0.0006565233739785209,0.0028505692162429253,-0.23323847467273762,,180
within_project,IBD,PRJNA413199,Bacteria.Bacillota.Clostridia.Oscillospirales.Ruminococcaceae.NA,Ruminococcaceae,251,70,-1.1347747652730478,0.31284673779897526,-3.627254588801932,0.0003333991007513957,0.0015792588982960847,0.0013792710769487825,-0.25008537279453613,,180
within_project,IBD,PRJNA413199,Bacteria.Bacillota.Clostridia.Oscillospirales.Ruminococcaceae.Ruminococcus,Ruminococcus,251,70,-2.0818038702791344,0.45758452605965655,-4.5495504146652985,7.650198782832701e-06,8.606473630686789e-05,5.633991174940144e-05,-0.3148548662492886,,180
within_project,IBD,PRJNA413199,Bacteria.Bacillota.Clostridia.Oscillospirales.Ruminococcaceae.Subdoligranulum,Subdoligranulum,251,70,-0.405417145221289,0.27451892910523956,-1.4768276509845641,0.14070833924800746,0.20760246774296182,0.425235070543206,0.062379055207740564,,180
within_project,IBD,PRJNA413199,Bacteria.Bacillota.Clostridia.Oscillospirales.Ruminococcaceae.[Eubacterium] siraeum group,[Eubacterium] siraeum group,251,70,-1.3966716120476468,0.27717631152963035,-5.038928486853544,7.855761146401297e-07,1.5711522292802594e-05,0.0032851188405878897,-0.22982356289129202,,180
within_project,IBD,PRJNA413199,Bacteria.Bacillota.Clostridia.Oscillospirales.UCG-010.Incertae Sedis,Incertae Sedis,251,70,-1.000419853457213,0.18217759953520313,-5.491453702374077,8.151189443811823e-08,4.890713666287094e-06,0.06158487461096579,-0.14615822424587366,,180
within_project,IBD,PRJNA413199,Bacteria.Bacillota.Clostridia.Peptostreptococcales-Tissierellales.Peptostreptococcaceae.Romboutsia,Romboutsia,251,70,-0.7996124662692132,0.4059607765895477,-1.9696791226647803,0.049740054191572264,0.08953209754483007,0.20023146120140956,-0.10017074558907224,,180
within_project,IBD,PRJNA413199,Bacteria.Bacillota.NA.NA.NA.NA,Bacteria.Bacillota.NA.NA.NA.NA,251,70,-0.5242365636056586,0.14557658477210086,-3.6011049745832913,0.0003673290224026815,0.0016529806008120668,0.036169858111881927,-0.16380193511667618,,180
within_project,IBD,PRJNA413199,Bacteria.Bacillota.Negativicutes.Acidaminococcales.Acidaminococcaceae.Phascolarctobacterium,Phascolarctobacterium,251,70,-0.7687177605498695,0.2712907780510922,-2.8335565479674982,0.0048965097364375215,0.013154802276996325,0.01432873325019918,-0.1914627205463859,,180
within_project,IBD,PRJNA413199,Bacteria.Bacteroidota.Bacteroidia.Bacteroidales.Bacteroidaceae.Bacteroides,Bacteroides,251,70,0.10761681188557297,0.3346441645147102,0.321585801568168,0.7479771141141327,0.8062028774882867,0.44407423617942376,0.059874786568013594,,180
within_project,IBD,PRJNA413199,Bacteria.Bacteroidota.Bacteroidia.Bacteroidales.Prevotellaceae.Segatella,Segatella,251,70,-0.5567566520426852,0.333940150084099,-1.6672348380464956,0.09644910846784747,0.1509638219496743,0.3700358439363811,0.07011952191235049,,180
within_project,IBD,PRJNA413199,Bacteria.Bacteroidota.Bacteroidia.Bacteroidales.Rikenellaceae.Alistipes,Alistipes,251,70,-1.099674373965203,0.361809322988084,-3.0393754502600814,0.0025668154214481343,0.007830962302723121,0.005468480826327694,-0.2171883892999431,,180
within_project,IBD,PRJNA413199,Bacteria.Bacteroidota.Bacteroidia.Bacteroidales.Tannerellaceae.Parabacteroides,Parabacteroides,251,70,-1.0103965910137818,0.36300791871853905,-2.7834009643111957,0.005700014444381067,0.014450740844909748,0.024766808448562987,-0.17552646556630624,,180
within_project,IBD,PRJNA413199,Bacteria.Pseudomonadota.Gammaproteobacteria.Enterobacterales.Enterobacteriaceae.Klebsiella,Klebsiella,251,70,0.7402812263846195,0.3644867922021744,2.031023461541505,0.04308151166809606,0.07994507319852878,0.014798882282962923,0.19055207740466695,,180
within_project,IBD,PRJNA413199,Bacteria.Pseudomonadota.Gammaproteobacteria.Enterobacterales.Pasteurellaceae.Haemophilus,Haemophilus,251,70,0.41994909543160286,0.2631971192585532,1.5955687380417847,0.11157529385106159,0.17165429823240244,0.005979005440933501,0.21491178144564604,,180
within_project,IBD,PRJNA413199,Archaea.Methanobacteriota.Methanobacteria.Methanobacteriales.Methanobacteriaceae.Methanobrevibacter,Methanobrevibacter,251,70,-0.6009621898762936,0.20311163745652563,-2.958777731310076,0.0033196293631074588,0.009795627628841681,0.6220217630662703,0.038588503130335905,,180
within_project,IBD,PRJNA413199,Bacteria.Actinomycetota.Actinobacteria.Micrococcales.Micrococcaceae.Rothia,Rothia,251,70,0.5487551112353428,0.22893144034969076,2.397028168770197,0.017103653964098683,0.035798345506253056,0.004164281979676567,0.2240182128628343,,180
within_project,IBD,PRJNA413199,Bacteria.Actinomycetota.Coriobacteriia.Coriobacteriales.Eggerthellaceae.Eggerthella,Eggerthella,251,70,0.6138122311388825,0.32728579312486644,1.8754624980153054,0.06164236626872423,0.10668871084971501,0.033415656856935316,0.16630620375640293,,180
within_project,IBD,PRJNA413199,Bacteria.Bacillota.Bacilli.Lactobacillales.Enterococcaceae.Enterococcus,Enterococcus,251,70,1.330039959476798,0.4268071682046636,3.1162549707670655,0.001998164882573947,0.006843218026045551,0.0007900884621193464,0.2623790552077405,,180
within_project,IBD,PRJNA413199,Bacteria.Bacillota.Bacilli.Lactobacillales.Lactobacillaceae.Lactobacillus,Lactobacillus,251,70,1.0268834789942176,0.3582488236019219,2.86639735106365,0.004427677410462673,0.012224504675063044,0.0018426714326609023,0.24348321001707451,,180
within_project,IBD,PRJNA413199,Bacteria.Bacillota.Bacilli.Staphylococcales.Gemellaceae.Gemella,Gemella,251,70,0.8773665734699793,0.21594140416396654,4.0629844788995895,6.104997124085733e-05,0.00042265364705208926,1.9094507575702542e-05,0.33420603301081386,,180
within_project,IBD,PRJNA413199,Bacteria.Bacillota.Clostridia.Lachnospirales.Lachnospiraceae.NA,Lachnospiraceae,251,70,-0.3835420718638137,0.2713884299756304,-1.4132587446644438,0.15855467302837936,0.22472315862289988,0.9877991737957862,-0.0012521343198633739,,180
within_project,IBD,PRJNA413199,Bacteria.Bacillota.Clostridia.Oscillospirales.Butyricicoccaceae.Agathobaculum,Agathobaculum,251,70,-0.3345434322300163,0.31420187121056814,-1.0647404197214851,0.2877986683500438,0.37268892304322215,0.7525279672803259,-0.024701195219123506,,180
within_project,IBD,PRJNA413199,Bacteria.Bacillota.Clostridia.Oscillospirales.Oscillospiraceae.Intestinimonas,Intestinimonas,251,70,-0.5737784817636716,0.3210803501045261,-1.787024592370355,0.07488288885415226,0.12597121489483556,0.19018902077318256,-0.10244735344336942,,180
within_project,IBD,PRJNA413199,Bacteria.Bacillota.Clostridia.Oscillospirales.Oscillospiraceae.NA,Oscillospiraceae,251,70,-0.11396055626468277,0.14804230336232577,-0.7697837285452813,0.4419978371265444,0.5234184913340657,0.15413560293586248,0.11143995446784283,,180
within_project,IBD,PRJNA413199,Bacteria.Bacillota.Clostridia.Oscillospirales.Oscillospiraceae.NK4A214 group,NK4A214 group,251,70,-1.168529126458569,0.3339763364092117,-3.4988380884171493,0.0005337041322005029,0.002287303423716441,0.003692438088030151,-0.22697780307342064,,180
within_project,IBD,PRJNA413199,Bacteria.Bacillota.Clostridia.Oscillospirales.Ruminococcaceae.Acutalibacter,Acutalibacter,251,70,-0.46649249095297907,0.24732029487615617,-1.886187670876633,0.06017788637083458,0.10516523831796334,0.18920555311297282,-0.1026750142287991,,180
within_project,IBD,PRJNA413199,Bacteria.Bacillota.Clostridia.Oscillospirales.Ruminococcaceae.Incertae Sedis,Incertae Sedis,251,70,-1.0626348547469957,0.25072205412266896,-4.238298295957196,2.952148528515236e-05,0.0002623769934841048,0.0001662236421424418,-0.2943653955606147,,180
within_project,IBD,PRJNA413199,Bacteria.Bacillota.Clostridia.Peptostreptococcales-Tissierellales.Anaerovoracaceae.Mogibacterium,Mogibacterium,251,70,-0.1139538049952307,0.23074243811641507,-0.4938571592007634,0.6217469245447775,0.7038644428808802,0.023487528489920587,0.17712009106431426,,180
within_project,IBD,PRJNA413199,Bacteria.Pseudomonadota.Gammaproteobacteria.Enterobacterales.Enterobacteriaceae.Escherichia-Shigella,Escherichia-Shigella,251,70,1.2857728677043283,0.46516307501969206,2.764133562514387,0.006039198860844021,0.015097997152110052,0.00622244742632727,0.21388730791121224,,180
within_project,IBD,PRJNA413199,Bacteria.Verrucomicrobiota.Verrucomicrobiia.Verrucomicrobiales.Akkermansiaceae.Akkermansia,Akkermansia,251,70,-0.9522023739415129,0.3380632981278263,-2.816639307534272,0.005155231260126981,0.013256308954612238,0.02984048462068901,-0.16983494593056347,,180
within_project,IBD,PRJNA413199,Bacteria.Actinomycetota.Coriobacteriia.Coriobacteriales.Eggerthellaceae.Incertae Sedis,Incertae Sedis,251,70,-1.4170782894625469,0.2656782161441115,-5.33381437902264,1.825785389354376e-07,6.572827401675753e-06,0.026499948818404947,-0.17347751849743887,,180
within_project,IBD,PRJNA413199,Bacteria.Actinomycetota.Coriobacteriia.Coriobacteriales.Eggerthellaceae.Slackia,Slackia,251,70,-0.28140936457235566,0.2747565883845409,-1.0242133454448914,0.3065105641752262,0.3912900819258207,0.47861476349520315,0.05543540125213431,,180
within_project,IBD,PRJNA413199,Bacteria.Bacillota.Bacilli.Erysipelotrichales.Erysipelatoclostridiaceae.Erysipelotrichaceae UCG-003,Erysipelotrichaceae UCG-003,251,70,-0.5255176493913924,0.43805718180811665,-1.1996553674163624,0.23116345861329043,0.3059516363999432,0.3653888148508513,-0.07080250426863977,,180
within_project,IBD,PRJNA413199,Bacteria.Bacillota.Bacilli.Erysipelotrichales.Erysipelatoclostridiaceae.Massiliomicrobiota,Massiliomicrobiota,251,70,0.2658874638918225,0.2625123919668285,1.0128568099193598,0.31189617071888714,0.39536134316478655,0.01695202764600299,0.18668184405236188,,180
within_project,IBD,PRJNA413199,Bacteria.Bacillota.Clostridia.Oscillospirales.Ruminococcaceae.Fournierella,Fournierella,251,70,-0.19004766882042623,0.21758246848876112,-0.8734512028492905,0.3830742249019834,0.4690704794718164,0.4432077042243163,0.059988616960728436,,180
within_project,IBD,PRJNA413199,Bacteria.Bacillota.Clostridia.Oscillospirales.[Eubacterium] coprostanoligenes group.Incertae Sedis,Incertae Sedis,251,70,-1.6460280983842894,0.41621788086317785,-3.954727016942801,9.443930667395237e-05,0.0006071098286182652,0.0009007090366686337,-0.25953329538986913,,180
within_project,IBD,PRJNA413199,Bacteria.Bacillota.Clostridia.Peptococcales.Peptococcaceae.Peptococcus,Peptococcus,251,70,0.058281258886757316,0.22079591165578794,0.26395986433668883,0.7919812849586756,0.8288176237939627,0.004841709293942737,0.22026180990324407,,180
within_project,IBD,PRJNA413199,Bacteria.Bacillota.Clostridia.Peptostreptococcales-Tissierellales.Anaerovoracaceae.Family XIII AD3011 group,Family XIII AD3011 group,251,70,-1.7396274654751276,0.28411264716898305,-6.12302015700287,2.6959992950185475e-09,4.852798731033385e-07,6.010517508446167e-08,-0.423562891291975,,180
within_project,IBD,PRJNA413199,Bacteria.Bacillota.Clostridia.Peptostreptococcales-Tissierellales.Family XI.Parvimonas,Parvimonas,251,70,0.4719314373594982,0.17284737490871693,2.7303361570213704,0.006678561727596119,0.01646768645160687,0.00014787187384822324,0.29664200341491176,,180
within_project,IBD,PRJNA413199,Bacteria.Bacillota.Clostridia.Peptostreptococcales-Tissierellales.Peptostreptococcaceae.Intestinibacter,Intestinibacter,251,70,1.0699095344129592,0.37966986402797975,2.8179996248901973,0.005133977472858169,0.013256308954612238,0.003104528328561348,0.23118952760387024,,180
within_project,IBD,PRJNA413199,Bacteria.Bacteroidota.Bacteroidia.Bacteroidales.Muribaculaceae.Incertae Sedis,Incertae Sedis,251,70,-0.7064842019117754,0.2212754129590234,-3.1927822095742955,0.0015495905920770217,0.005692373603548243,0.8721479286047926,0.012635173591348803,,180
within_project,IBD,PRJNA413199,Bacteria.Actinomycetota.Actinobacteria.Actinomycetales.Actinomycetaceae.Schaalia,Schaalia,251,70,0.7224741200314844,0.23999570875957926,3.01036265925587,0.0028175804849995207,0.008452741454998563,0.003607476254279617,0.22754695503699485,,180
within_project,IBD,PRJNA413199,Bacteria.Bacillota.Clostridia.Lachnospirales.Lachnospiraceae.Anaerostipes,Anaerostipes,251,70,-0.21892038425669075,0.2690303760301203,-0.8137385357264664,0.41640172760709804,0.49968207312851765,0.5042909793559056,0.052248150256118286,,180
within_project,IBD,PRJNA413199,Bacteria.Bacillota.Clostridia.Lachnospirales.Lachnospiraceae.Fusicatenibacter,Fusicatenibacter,251,70,-1.4387529783141708,0.46576040450140344,-3.0890409841823203,0.0021846370988563533,0.007232777549450211,0.055752612563909454,-0.14957313602731925,,180
within_project,IBD,PRJNA413199,Bacteria.Bacillota.Clostridia.Lachnospirales.Lachnospiraceae.Marvinbryantia,Marvinbryantia,251,70,-1.4002887274673463,0.3270436617154148,-4.281656828701491,2.457224490292209e-05,0.0002593289479268156,0.0001932945108668974,-0.29140580535002847,,180
within_project,IBD,PRJNA413199,Bacteria.Bacillota.Negativicutes.Veillonellales-Selenomonadales.Veillonellaceae.Dialister,Dialister,251,70,1.2896894456628936,0.4564749166345687,2.8253237991066995,0.005020904967216058,0.013256308954612238,0.0001932945108668974,0.29140580535002836,,180
within_project,IBD,PRJNA413199,Bacteria.Bacillota.Negativicutes.Veillonellales-Selenomonadales.Veillonellaceae.Megasphaera,Megasphaera,251,70,0.19543664993450052,0.32527682580657735,0.600831766757079,0.5483786988903552,0.624735226583949,0.04211438000566043,0.1589072282299373,,180
within_project,IBD,PRJNA413199,Bacteria.Bacillota.Bacilli.Erysipelotrichales.Erysipelotrichaceae.Turicibacter,Turicibacter,251,70,-0.2980811045710242,0.3688683380045623,-0.8080962063145073,0.4196374001089299,0.5002300133748834,0.49319873042073414,-0.05361411496869661,,180
within_project,IBD,PRJNA413199,Bacteria.Bacillota.Clostridia.Lachnospirales.Lachnospiraceae.Faecalimonas,Faecalimonas,251,70,0.7060121123330736,0.38661905117037465,1.8261182686053132,0.06876706073042409,0.11788638982358414,0.009391433777542644,0.20307342060330114,,180
within_project,IBD,PRJNA413199,Bacteria.Bacillota.Clostridia.Peptostreptococcales-Tissierellales.Peptostreptococcaceae.Terrisporobacter,Terrisporobacter,251,70,0.04331720490040409,0.33519561083061594,0.12922963040316637,0.8972573925032663,0.912465144918576,0.18676329389205515,0.10324416619237331,,180
within_project,IBD,PRJNA413199,Bacteria.Bacillota.Bacilli.Lactobacillales.Streptococcaceae.Lactococcus,Lactococcus,251,70,0.9276985936324812,0.2960836516920002,3.133231397042873,0.0018893937654218963,0.006668448583841987,0.00044218825027850765,0.2746727376209448,,180
within_project,IBD,PRJNA413199,Bacteria.Bacillota.Clostridia.Lachnospirales.Lachnospiraceae.CAG-56,CAG-56,251,70,-0.7132018579260218,0.35796510522198993,-1.9923781606694146,0.04718153002205474,0.08578460004009952,0.4913628113476485,-0.0538417757541263,,180
within_project,IBD,PRJNA413199,Bacteria.Bacillota.Clostridia.Lachnospirales.Lachnospiraceae.Lachnoclostridium,Lachnoclostridium,251,70,-0.05284026656289271,0.32414932487537423,-0.16301211357823503,0.8706121148322186,0.8903987538056781,0.6818257886837147,0.03210017074558902,,180
within_project,IBD,PRJNA413199,Bacteria.Bacillota.Clostridia.Lachnospirales.Lachnospiraceae.Lachnospira,Lachnospira,251,70,-0.5176124001132805,0.3576128378572827,-1.4474100069076685,0.14876412888326832,0.21384403456706308,0.26241991291702493,-0.08764940239043828,,180
within_project,IBD,PRJNA413199,Bacteria.Bacillota.Clostridia.Lachnospirales.Lachnospiraceae.Lachnospiraceae FCS020 group,Lachnospiraceae FCS020 group,251,70,-1.2118780340670725,0.2838813902121108,-4.268959064775539,2.5932894792681564e-05,0.0002593289479268156,0.0009390337056257074,-0.2586226522481503,,180
within_project,IBD,PRJNA413199,Bacteria.Bacillota.Clostridia.Oscillospirales.Ruminococcaceae.Ruthenibacterium,Ruthenibacterium,251,70,-0.6274944738834235,0.28036187030776694,-2.238159109134891,0.025900381385725854,0.05152086604301478,0.11389904402532286,-0.12361980648833237,,180
within_project,IBD,PRJNA413199,Bacteria.Actinomycetota.Actinobacteria.Bifidobacteriales.Bifidobacteriaceae.Bifidobacterium,Bifidobacterium,251,70,0.8801695186778393,0.4388019964617916,2.0058466592562088,0.04571666389497764,0.08396938266424465,0.008924236414673228,0.20443938531587924,,180
within_project,IBD,PRJNA413199,Bacteria.Bacillota.Bacilli.Erysipelotrichales.Erysipelotrichaceae.Solobacterium,Solobacterium,251,70,0.4207027956584703,0.1753571438151514,2.39911979920216,0.017008030078602878,0.035798345506253056,5.8110154371754337e-05,0.3142857142857143,,180
within_project,IBD,PRJNA413199,Bacteria.Bacillota.Bacilli.Lactobacillales.Lactobacillaceae.Ligilactobacillus,Ligilactobacillus,251,70,0.6044273009270377,0.24651357146836392,2.451902738363459,0.014745980799909483,0.03223318624873014,5.735361336189398e-06,0.3545816733067728,,180
within_project,IBD,PRJNA413199,Bacteria.Bacillota.Clostridia.Oscillospirales.Ruminococcaceae.Candidatus Soleaferrea,Candidatus Soleaferrea,251,70,0.005424752500699218,0.19790149949440575,0.027411376440088894,0.9781487646307622,0.9818411386628187,0.6026047811798473,0.040751280591918126,,180
within_project,IBD,PRJNA413199,Bacteria.Bacillota.Clostridia.Peptostreptococcales-Tissierellales.Family XI.Anaerococcus,Anaerococcus,251,70,0.9131871655892937,0.17400993194308287,5.247902550114147,2.8117974596787724e-07,8.435392379036318e-06,8.514290167548859e-10,0.4795674445076836,,180
within_project,IBD,PRJNA413199,Bacteria.Thermodesulfobacteriota.Desulfovibrionia.Desulfovibrionales.Desulfovibrionaceae.Bilophila,Bilophila,251,70,-0.2279935938861127,0.3173680807249447,-0.7183885454558654,0.473043573604785,0.5529080730445539,0.4269281917310037,-0.06215139442231077,,180
within_project,IBD,PRJNA413199,Bacteria.Actinomycetota.Coriobacteriia.Coriobacteriales.Eggerthellaceae.Gordonibacter,Gordonibacter,251,70,0.06265473098504172,0.24458058964803042,0.25617213154652424,0.7979830451339335,0.8302713764399308,0.2987432782072079,0.08127490039840635,,180
within_project,IBD,PRJNA413199,Bacteria.Bacillota.Bacilli.Lactobacillales.Carnobacteriaceae.Granulicatella,Granulicatella,251,70,1.023941340598961,0.2420839360382464,4.229695523610416,3.061064923981223e-05,0.0002623769934841048,3.7503771827804402e-06,0.36152532726237907,,180
within_project,IBD,PRJNA413199,Bacteria.Bacillota.Clostridia.Lachnospirales.Lachnospiraceae.Anaerobutyricum,Anaerobutyricum,251,70,-1.4729115681242528,0.3924831334983748,-3.7528022032323887,0.0002077133258472798,0.001068239961500296,0.02393767359778031,-0.17655093910073993,,180
within_project,IBD,PRJNA413199,Bacteria.Bacillota.Clostridia.Lachnospirales.Lachnospiraceae.Extibacter,Extibacter,251,70,0.3766240469521941,0.38485063667986197,0.9786239414889908,0.3285073980467573,0.41063424755844663,0.08556614739492466,0.1344336937962436,,180
within_project,IBD,PRJNA413199,Bacteria.Bacillota.Clostridia.Lachnospirales.Lachnospiraceae.Lachnospiraceae UCG-004,Lachnospiraceae UCG-004,251,70,0.089645000398329,0.33570431480081564,0.267035591876495,0.789614304787363,0.8288176237939627,0.1662678737980361,0.10825270347182703,,180
within_project,IBD,PRJNA413199,Bacteria.Bacillota.Clostridia.Lachnospirales.Lachnospiraceae.[Eubacterium] ventriosum group,[Eubacterium] ventriosum group,251,70,-0.3896019046287608,0.32818991663009994,-1.1871233236817504,0.23606223338752125,0.3101547591952834,0.8606909831458556,-0.013773477518497446,,180
within_project,IBD,PRJNA413199,Bacteria.Bacillota.Clostridia.Lachnospirales.Lachnospiraceae.[Ruminococcus] gnavus group,[Ruminococcus] gnavus group,251,70,1.7086592975704948,0.4684097575489022,3.647787583485833,0.00030884598711036304,0.0015024939913477122,0.0001567952499424703,0.29550369948776334,,180
within_project,IBD,PRJNA413199,Bacteria.Bacillota.Clostridia.Monoglobales.Monoglobaceae.Monoglobus,Monoglobus,251,70,-0.8517249080866109,0.3697774230727118,-2.303344809450767,0.021902256582239855,0.04480007028185425,0.2074879715761585,-0.09857712009106434,,180
within_project,IBD,PRJNA413199,Bacteria.Bacillota.Clostridia.Oscillospirales.Oscillospiraceae.UCG-005,UCG-005,251,70,-1.6082531213455054,0.3366359090575585,-4.777425931321319,2.7124163131242045e-06,4.4384994214759715e-05,0.00027238465343047675,-0.28457598178713717,,180
within_project,IBD,PRJNA413199,Bacteria.Bacillota.Clostridia.Peptostreptococcales-Tissierellales.Anaerovoracaceae.Family XIII UCG-001,Family XIII UCG-001,251,70,-1.0307530490237333,0.19788957652264158,-5.208728358190203,3.4174971225154127e-07,8.787849743611061e-06,0.00010236677634548793,-0.30369948776323274,,180
within_project,IBD,PRJNA413199,Bacteria.Bacillota.Clostridia.Lachnospirales.Lachnospiraceae.Butyribacter,Butyribacter,251,70,-0.9454870318036629,0.23595872154097278,-4.007001841800897,7.659129755593513e-05,0.0005106086503729009,0.040806022402408916,-0.1599317017643711,,180
within_project,IBD,PRJNA413199,Bacteria.Bacillota.Clostridia.Lachnospirales.Lachnospiraceae.[Eubacterium] xylanophilum group,[Eubacterium] xylanophilum group,251,70,-0.7815536532574373,0.2540129998670802,-3.076825413134006,0.002273442174882475,0.0073074927049793835,0.24250412805316157,-0.09140580535002851,,180
within_project,IBD,PRJNA413199,Bacteria.Bacillota.Clostridia.Lachnospirales.Lachnospiraceae.[Ruminococcus] gauvreauii group,[Ruminococcus] gauvreauii group,251,70,-0.5595036291166936,0.4145127953419169,-1.3497861475064454,0.17804162443194768,0.24463734654771438,0.4159932509452764,-0.06363118952760383,,180
within_project,IBD,PRJNA413199,Bacteria.Bacillota.Clostridia.Oscillospirales.Oscillospiraceae.UCG-003,UCG-003,251,70,-1.1046632239456178,0.23640916318483055,-4.672675158035075,4.390727076487255e-06,6.209315880790033e-05,0.0036753015747479057,-0.22709163346613548,,180
within_project,IBD,PRJNA413199,Bacteria.Bacillota.Clostridia.Oscillospirales.Ruminococcaceae.Paludicola,Paludicola,251,70,-0.8266653569418391,0.2006212933519791,-4.120526506084775,4.82281412309054e-05,0.0003617110592317905,0.00035851543658405873,-0.27899829254410924,,180
within_project,IBD,PRJNA413199,Bacteria.Bacillota.Bacilli.Erysipelotrichales.Erysipelatoclostridiaceae.Thomasclavelia,Thomasclavelia,251,70,0.6061829502660913,0.34236840472701985,1.7705575102627193,0.07758929965260412,0.12931549942100687,0.023132719820864168,0.17757541263517362,,180
within_project,IBD,PRJNA413199,Bacteria.Bacillota.Bacilli.Erysipelotrichales.Erysipelotrichaceae.Amedibacillus,Amedibacillus,251,70,0.3063662445264633,0.22232196950749816,1.378029554187314,0.16915998968204948,0.23603719490518532,0.0002931191342226549,0.283096186681844,,180
within_project,IBD,PRJNA413199,Bacteria.Bacillota.Bacilli.Erysipelotrichales.Erysipelotrichaceae.[Clostridium] innocuum group,[Clostridium] innocuum group,251,70,0.9714032133490991,0.30424256300896224,3.1928577111036365,0.001549198183924307,0.005692373603548243,0.0005497251623358754,0.27011952191235067,,180
within_project,IBD,PRJNA413199,Bacteria.Bacillota.Negativicutes.Veillonellales-Selenomonadales.Veillonellaceae.Veillonella,Veillonella,251,70,0.7396102253604188,0.32013312270472355,2.3103208412539122,0.021508155567951426,0.044499632209554676,0.004339947013947866,0.22299373932840072,,180
within_project,IBD,PRJNA413199,Bacteria.Bacteroidota.Bacteroidia.Bacteroidales.Barnesiellaceae.Barnesiella,Barnesiella,251,70,-0.5190624269186669,0.3013100896317792,-1.7226851830716834,0.08591462857783663,0.13894606874173954,0.6469282121121223,0.03585657370517925,,180
within_project,IBD,PRJNA413199,Bacteria.Bacillota.Clostridia.Lachnospirales.Lachnospiraceae.Hungatella,Hungatella,251,70,0.11584512589665782,0.27710842256770457,0.4180498189958623,0.6761919618536038,0.7506649488528097,0.054277481707064514,0.1504837791690381,,180
within_project,IBD,PRJNA413199,Bacteria.Bacillota.Clostridia.Oscillospirales.Ruminococcaceae.DTU089,DTU089,251,70,0.058589350067049246,0.2603330730854565,0.22505534687794665,0.8220803169007779,0.8504279140352875,0.558722958784285,0.04575981787137162,,180
within_project,IBD,PRJNA413199,Bacteria.Bacillota.Bacilli.Lactobacillales.Lactobacillaceae.Leuconostoc,Leuconostoc,251,70,0.17906067789313318,0.1994064847034494,0.8979681787150813,0.3698797516529051,0.4560161321748145,0.04406677539594043,0.15742743312464436,,180
within_project,IBD,PRJNA413199,Bacteria.Bacillota.Clostridia.Lachnospirales.Lachnospiraceae.GCA-900066575,GCA-900066575,251,70,0.049842056077382846,0.24268146954759653,0.20538055983548198,0.8374058030193837,0.8613316831056519,0.13265357478278253,0.11758679567444497,,180
within_project,IBD,PRJNA413199,Bacteria.Bacillota.Clostridia.Lachnospirales.Lachnospiraceae.Lachnospiraceae UCG-010,Lachnospiraceae UCG-010,251,70,0.1283147669679827,0.3105710823478168,0.4131574839420484,0.6797688147944887,0.7506649488528097,0.41515900633312874,0.06374501992031867,,180
within_project,IBD,PRJNA413199,Bacteria.Bacillota.Clostridia.Oscillospirales.Butyricicoccaceae.UCG-009,UCG-009,251,70,-0.277450518616235,0.16427474543780754,-1.6889420091737377,0.09220769518854313,0.14559109766612074,0.9159091980540752,-0.00830961866818436,,180
within_project,IBD,PRJNA413199,Bacteria.Thermodesulfobacteriota.Desulfovibrionia.Desulfovibrionales.Desulfovibrionaceae.Desulfovibrio,Desulfovibrio,251,70,-0.47393749927360856,0.22152844730108467,-2.139397919534319,0.033162127051106535,0.06350194541701251,0.586468613157358,-0.04257256687535571,,180
within_project,IBD,PRJNA413199,Bacteria.Actinomycetota.Coriobacteriia.Coriobacteriales.Coriobacteriales Incertae Sedis.Incertae Sedis,Incertae Sedis,251,70,-0.7657490320228079,0.290372712930406,-2.63712462612262,0.008770620639734052,0.02050274954743025,0.09072349711882687,-0.13227091633466137,,180
within_project,IBD,PRJNA413199,Bacteria.Bacillota.Clostridia.Clostridia vadinBB60 group.Incertae Sedis.Incertae Sedis,Incertae Sedis,251,70,0.04168806271113362,0.15200284384478302,0.2742584392283028,0.7840635346685184,0.8288176237939627,0.0816641744607799,0.13614114968696645,,180
within_project,IBD,PRJNA413199,Bacteria.Pseudomonadota.Alphaproteobacteria.Rhodospirillales.Incertae Sedis.Incertae Sedis,Incertae Sedis,251,70,-0.4646256223236152,0.15224081516116977,-3.051912339222167,0.0024649395754858146,0.0077840197120604675,0.927473369864482,-0.007171314741035828,,180
within_project,IBD,PRJNA413199,Bacteria.Pseudomonadota.Gammaproteobacteria.Burkholderiales.Sutterellaceae.Sutterella,Sutterella,251,70,-0.42539046333173014,0.29376646387713456,-1.4480565879352596,0.14858334343558502,0.21384403456706308,0.6396212402876895,-0.03665338645418326,,180
within_project,IBD,PRJNA413199,Bacteria.Actinomycetota.Actinobacteria.Mycobacteriales.Corynebacteriaceae.Corynebacterium,Corynebacterium,251,70,0.506353191613905,0.16410712016582443,3.0855040969718623,0.002210015362332009,0.007232777549450211,0.00011884195814670339,0.30085372794536136,,180
within_project,IBD,PRJNA413199,Bacteria.Bacillota.Clostridia.Lachnospirales.Lachnospiraceae.Lachnospiraceae ND3007 group,Lachnospiraceae ND3007 group,251,70,-1.4768181470455461,0.34841376507037264,-4.238690588895816,2.947271149294616e-05,0.0002623769934841048,0.00048788945335709544,-0.2726237905520774,,180
within_project,IBD,PRJNA413199,Bacteria.Bacillota.Clostridia.Oscillospirales.Oscillospiraceae.Oscillibacter,Oscillibacter,251,70,-0.2115039197716376,0.283465191749953,-0.7461371834260587,0.45613403603091907,0.5366282776834342,0.637539899329908,-0.03688104723961294,,180
within_project,IBD,PRJNA413199,Bacteria.Bacillota.Clostridia.Peptococcales.Peptococcaceae.Incertae Sedis,Incertae Sedis,251,70,-0.30049363106052396,0.1407565491003834,-2.1348465345383025,0.03353530479225309,0.06354057750111113,0.7272359371258578,0.027319294251565207,,180
within_project,IBD,PRJNA413199,Bacteria.Bacteroidota.Bacteroidia.Bacteroidales.Prevotellaceae.Paraprevotella,Paraprevotella,251,70,-0.7660694355419669,0.25937887263580184,-2.9534766180344136,0.003375611070810411,0.009800161173320549,0.8253706996075652,-0.017302219692657994,,180
within_project,IBD,PRJNA413199,Bacteria.Bacillota.Clostridia.Lachnospirales.Defluviitaleaceae.Defluviitaleaceae UCG-011,Defluviitaleaceae UCG-011,251,70,-1.0260971382463866,0.22466682105280572,-4.567194806238045,7.07021167635029e-06,8.484254011620348e-05,0.00022064461171204523,-0.28878770631758677,,180
within_project,IBD,PRJNA413199,Bacteria.Bacillota.Clostridia.Peptostreptococcales-Tissierellales.Family XI.Peptoniphilus,Peptoniphilus,251,70,1.0004882522775458,0.19670188817080123,5.086317480637484,6.240924557762471e-07,1.404208025496556e-05,5.3179272866430265e-11,0.5129197495731361,,180
within_project,IBD,PRJNA413199,Bacteria.Bacteroidota.Bacteroidia.Bacteroidales.Marinifilaceae.Odoribacter,Odoribacter,251,70,-0.9137254305892052,0.234337585060518,-3.899184291556279,0.00011769412658473406,0.000680679148453106,0.010218730112537421,-0.20079681274900396,,180
within_project,IBD,PRJNA413199,Bacteria.Bacillota.Clostridia.Lachnospirales.Lachnospiraceae.Enterocloster,Enterocloster,251,70,0.6432986365982121,0.333143885398568,1.930993377917112,0.05436972730051519,0.09689654370388845,0.014798882282962923,0.19055207740466695,,180
within_project,IBD,PRJNA413199,Bacteria.Bacillota.Clostridia.Eubacteriales.Anaerofustaceae.Anaerofustis,Anaerofustis,251,70,0.4430413522937281,0.17413441669130517,2.544249211108707,0.011422443579956585,0.026025820815090955,0.0003853139595639149,0.27751849743881607,,180
within_project,IBD,PRJNA413199,Bacteria.Bacillota.Clostridia.Oscillospirales.Oscillospiraceae.Incertae Sedis,Incertae Sedis,251,70,-1.1664945584157347,0.35443723757986806,-3.291117396074614,0.0011096791356109248,0.004249834987446095,0.009272633088228923,-0.20341491178144566,,180
within_project,IBD,PRJNA413199,Bacteria.Bacillota.Clostridia.Peptostreptococcales-Tissierellales.Peptostreptococcaceae.Peptostreptococcus,Peptostreptococcus,251,70,0.7131545198914597,0.17451206292448335,4.086562888205976,5.544631372127816e-05,0.00039921345879320274,2.1716565597458406e-07,0.4052361980648833,,180
within_project,IBD,PRJNA413199,Bacteria.Bacillota.Clostridia.Eubacteriales.Eubacteriaceae.Eubacterium,Eubacterium,251,70,0.16603137277698543,0.23642848807941233,0.7022477457167442,0.4830367547300767,0.5609459087187987,0.005251856740946458,0.2182128628343767,,180
within_project,IBD,PRJNA413199,Bacteria.Bacillota.Clostridia.Oscillospirales.Ethanoligenenaceae.Acetanaerobacterium,Acetanaerobacterium,251,70,0.21736669836393038,0.14439733155630768,1.5053373633789646,0.13322685646988022,0.19818871210395403,0.00029147312039084,0.28321001707455884,,180
within_project,IBD,PRJNA413199,Bacteria.Bacillota.Clostridia.Oscillospirales.Ruminococcaceae.Angelakisella,Angelakisella,251,70,-0.6702634659168555,0.17326234580735075,-3.8684889252400922,0.00013277601537879874,0.0007242328111570841,0.011296671700105015,-0.19806488332384742,,180
within_project,IBD,PRJNA413199,Bacteria.Bacillota.Bacilli.Erysipelotrichales.Erysipelotrichaceae.Holdemania,Holdemania,251,70,-0.20108059014558932,0.20375489684646167,-0.9868748837830996,0.32445190564952675,0.40840100011828545,0.5597027975813408,-0.04564598747865678,,180
within_project,IBD,PRJNA413199,Bacteria.Bacillota.Negativicutes.Acidaminococcales.Acidaminococcaceae.Acidaminococcus,Acidaminococcus,251,70,0.40106005452670823,0.2866661843015674,1.3990490559737618,0.16276982049356128,0.22889506006907054,0.015160363408416384,0.1898690950483779,,180
within_project,IBD,PRJNA413199,Bacteria.Bacillota.Clostridia.Peptostreptococcales-Tissierellales.Anaerovoracaceae.[Eubacterium] brachy group,[Eubacterium] brachy group,251,70,-0.4415185428693608,0.26694728272820606,-1.6539540629784029,0.09912047460405159,0.15380763300628694,0.24663725657058178,-0.09060899260102451,,180
within_project,IBD,PRJNA413199,Bacteria.Bacteroidota.Bacteroidia.Bacteroidales.Marinifilaceae.Butyricimonas,Butyricimonas,251,70,-0.6971299598484332,0.20654678196512197,-3.375167374750735,0.0008288063499256248,0.003315225399702499,0.16185504319553945,-0.10939100739897556,,180
within_project,IBD,PRJNA413199,Bacteria.Fusobacteriota.Fusobacteriia.Fusobacteriales.Fusobacteriaceae.Fusobacterium,Fusobacterium,251,70,0.8434276007667106,0.2708752881487912,3.113711872835804,0.00201494752989119,0.006843218026045551,6.3594719241066915e-06,0.3528742174160502,,180
within_project,IBD,PRJNA413199,Bacteria.Bacillota.Clostridia.Christensenellales.Christensenellaceae.Incertae Sedis,Incertae Sedis,251,70,-0.7626743112024457,0.2664447085318851,-2.8624111749292904,0.00448231838085645,0.012224504675063044,0.04754480096544629,-0.1549231644849175,,180
within_project,IBD,PRJNA413199,Bacteria.Bacillota.Clostridia.Lachnospirales.Lachnospiraceae.Faecalicatena,Faecalicatena,251,70,0.29537896227958743,0.24394708296610268,1.2108321144411118,0.22685606248163598,0.30247474997551466,0.010656219039742527,0.19965850882185543,,180
within_project,IBD,PRJNA413199,Bacteria.Bacillota.Clostridia.Oscillospirales.Ruminococcaceae.Anaerotruncus,Anaerotruncus,251,70,-0.26089235740794875,0.16986134764695948,-1.535913620267446,0.12555078594830082,0.18832617892245124,0.6354614126933984,0.037108708025042736,,180
within_project,IBD,PRJNA413199,Bacteria.Bacillota.Clostridia.Lachnospirales.Lachnospiraceae.Sellimonas,Sellimonas,251,70,0.7382140375703449,0.3861719591065174,1.9116199924985338,0.056820741432405265,0.10027189664542106,0.001935730355430896,0.2423449060899261,,180
within_project,IBD,PRJNA413199,Bacteria.Bacillota.Clostridia.Oscillospirales.Oscillospiraceae.Oscillospira,Oscillospira,251,70,0.29351245633193424,0.2198056315231234,1.3353272811895947,0.18272130514633472,0.24916541610863827,0.0033789570552362905,0.22914058053500286,,180
within_project,IBD,PRJNA413199,Bacteria.Pseudomonadota.Gammaproteobacteria.Burkholderiales.Sutterellaceae.Parasutterella,Parasutterella,251,70,0.30832969166792196,0.3690652689135544,0.8354340482256041,0.40409864155884223,0.4881728555744403,0.36001355651905953,0.07159931701764366,,180
within_project,IBD,PRJNA413199,Bacteria.Bacillota.Bacilli.Erysipelotrichales.Erysipelotrichaceae.Faecalitalea,Faecalitalea,251,70,0.5604975950975748,0.3267282598713224,1.7154855087169971,0.08722725426564759,0.13894606874173954,0.001745066534404782,0.244735344336938,,180
within_project,IBD,PRJNA413199,Bacteria.Bacillota.Clostridia.Lachnospirales.Lachnospiraceae.Shuttleworthia,Shuttleworthia,251,70,0.08771646695829582,0.22369598574322752,0.3921235629993931,0.695228764061169,0.7630559605549415,0.010304926632411933,0.20056915196357417,,180
within_project,IBD,PRJNA413199,Bacteria.Bacillota.Bacilli.Lactobacillales.Lactobacillaceae.Lacticaseibacillus,Lacticaseibacillus,251,70,1.0078445291478455,0.28048912994004255,3.5931678684421127,0.00037825290785567425,0.001660622522293204,2.008236629966047e-07,0.40637450199203196,,180
within_project,IBD,PRJNA413199,Bacteria.Actinomycetota.Actinobacteria.Actinomycetales.Actinomycetaceae.Actinomyces,Actinomyces,251,70,1.0201342524777235,0.22269553657837238,4.580847322544839,6.650679341704235e-06,8.484254011620348e-05,4.989403410519246e-07,0.39294251565167904,,180
within_project,IBD,PRJNA413199,Bacteria.Bacillota.Clostridia.Peptostreptococcales-Tissierellales.Anaerovoracaceae.NA,Anaerovoracaceae,251,70,-0.11901559413123954,0.18683478550022747,-0.6370098256199439,0.5245753182206125,0.6014239317178998,0.016162590837481037,0.1880478087649402,,180
within_project,IBD,PRJNA413199,Bacteria.Actinomycetota.Coriobacteriia.Coriobacteriales.Eggerthellaceae.Asaccharobacter,Asaccharobacter,251,70,-0.548874761417771,0.3186961381954909,-1.7222510587219184,0.08599332006350362,0.13894606874173954,0.3630790251933682,-0.07114399544678429,,180
within_project,IBD,PRJNA413199,Bacteria.Bacillota.Clostridia.Lachnospirales.Lachnospiraceae.Frisingicoccus,Frisingicoccus,251,70,-0.2369667837819255,0.2545289128355436,-0.9310014376835636,0.35255684874054016,0.43765677774687745,0.26428489767499486,0.08730791121229364,,180
within_project,IBD,PRJNA413199,Bacteria.Bacillota.Clostridia.Oscillospirales.Ruminococcaceae.Negativibacillus,Negativibacillus,251,70,0.025801219581268898,0.2907812595181145,0.088730682383132,0.9293516262031667,0.939793779306573,0.30350907076612377,0.08047808764940245,,180
within_project,IBD,PRJNA413199,Bacteria.Bacillota.Clostridia.Lachnospirales.Lachnospiraceae.Tyzzerella,Tyzzerella,251,70,0.2733236629853006,0.261316949507484,1.0459469372363568,0.2963774245486169,0.3810566887053645,0.0004397703362445639,0.27478656801365964,,180
within_project,IBD,PRJNA413199,Bacteria.Bacillota.Bacilli.Erysipelotrichales.Erysipelatoclostridiaceae.Coprobacillus,Coprobacillus,251,70,-0.3563642834830025,0.16444734205575898,-2.167041917662436,0.03097138708180091,0.05994462015832434,0.5278157650577675,0.04940239043824701,,180
within_project,IBD,PRJNA413199,Bacteria.Bacillota.Clostridia.Lachnospirales.Lachnospiraceae.CHKCI001,CHKCI001,251,70,0.40132774379555985,0.17766862072790013,2.2588555151232597,0.024567258799817644,0.049686590831091865,1.0586070861343713e-05,0.3443369379624359,,180
within_project,IBD,PRJNA413199,Bacteria.Bacillota.Clostridia.Lachnospirales.Lachnospiraceae.Eisenbergiella,Eisenbergiella,251,70,-0.1266156884184867,0.2953652641049777,-0.42867494524842087,0.6684491172276594,0.7473344167762651,0.45718774540760765,0.05816733067729074,,180
within_project,IBD,PRJNA413199,Bacteria.Bacillota.Clostridia.Oscillospirales.Oscillospiraceae.Flavonifractor,Flavonifractor,251,70,0.8155566905938434,0.27880896264362287,2.9251451705887166,0.0036897147343387623,0.010377322690327768,0.0020936367906994593,0.2405236198064884,,180
within_project,IBD,PRJNA413199,Bacteria.Pseudomonadota.Gammaproteobacteria.Pseudomonadales.Halomonadaceae.Halomonas,Halomonas,251,70,0.48273318790283126,0.14445806643325526,3.3416838520808465,0.0009316501430600465,0.003645587516321921,2.3315224153753327e-06,0.3691519635742744,,180
within_project,IBD,PRJNA413199,Bacteria.Bacteroidota.Bacteroidia.Bacteroidales.Barnesiellaceae.Coprobacter,Coprobacter,251,70,-0.22117218455351664,0.14178109905282707,-1.5599553539298547,0.11976193044101369,0.1811524998267434,0.47320713279633175,0.05611838360842336,,180
within_project,IBD,PRJNA413199,Bacteria.Bacillota.Clostridia.Lachnospirales.Lachnospiraceae.UC5-1-2E3,UC5-1-2E3,251,70,-0.4781339046150428,0.13010844690178214,-3.6748874957825173,0.0002790374615318907,0.0013951873076594535,0.8629801079641797,-0.013545816733067761,,180
within_project,IBD,PRJNA413199,Bacteria.Bacillota.Clostridia.Oscillospirales.NA.NA,Oscillospirales,251,70,-0.7322226047774539,0.17474184092110934,-4.19031069443769,3.6105877820356756e-05,0.0002954117276211007,0.01381560781084787,-0.1924871940808196,,180
within_project,IBD,PRJNA413199,Bacteria.Bacillota.Clostridia.Oscillospirales.Ruminococcaceae.Hydrogenoanaerobacterium,Hydrogenoanaerobacterium,251,70,0.3782073637251156,0.14314427329977125,2.6421410721271235,0.008644558389811735,0.0204802016619959,6.811099088295985e-06,0.35173591348890154,,180
within_project,IBD,PRJNA413199,Bacteria.Bacillota.Clostridia.Oscillospirales.Ruminococcaceae.Phocea,Phocea,251,70,0.08740313261552293,0.13625583579196127,0.6414634067415077,0.5216822664088552,0.6014239317178998,0.03451989745551313,0.16528173022196935,,180
within_project,IBD,PRJNA413199,Bacteria.Bacillota.Bacilli.Erysipelotrichales.Erysipelotrichaceae.Absiella,Absiella,251,70,0.5422480180647539,0.22141608515393613,2.449000115270597,0.014863080325803343,0.03223318624873014,2.7097665362836623e-05,0.3280591918042117,,180
within_project,IBD,PRJNA413199,Bacteria.Bacillota.Clostridia.Oscillospirales.Butyricicoccaceae.Butyricicoccus,Butyricicoccus,251,70,0.47112960218026256,0.21070716042288593,2.23594490683047,0.026046660055079694,0.05152086604301478,8.041231083917826e-05,0.308252703471827,,180
within_project,IBD,PRJNA413199,Bacteria.Bacillota.Clostridia.Peptostreptococcales-Tissierellales.Anaerovoracaceae.Incertae Sedis,Incertae Sedis,251,70,-0.22585521981196444,0.17000159923578453,-1.3285476185357141,0.18494686735878754,0.2503040310118929,0.08477392484216635,0.13477518497438812,,180
within_project,IBD,PRJNA413199,Bacteria.Bacillota.Bacilli.Erysipelotrichales.Erysipelotrichaceae.Merdibacter,Merdibacter,251,70,0.27903396367653566,0.162607783207494,1.7159938975398072,0.08713403568089406,0.13894606874173954,0.0022523180907197413,0.23881616391576554,,180
within_project,IBD,PRJNA413199,Bacteria.Bacillota.Clostridia.Christensenellales.Christensenellaceae.Christensenella,Christensenella,251,70,-0.11805087729194448,0.13825258215486377,-0.8538782817069533,0.39381317361407076,0.47896196790900497,0.08825019700517522,0.13329538986909495,,180
within_project,IBD,PRJNA413199,Bacteria.Bacillota.Clostridia.Lachnospirales.Lachnospiraceae.Lactonifactor,Lactonifactor,251,70,0.47923453506177704,0.23100694444459474,2.0745460107876443,0.038830212300535724,0.07280664806350448,0.0003448175791702685,0.27979510529311336,,180
within_project,IBD,PRJNA413199,Bacteria.Bacillota.Clostridia.Oscillospirales.Ruminococcaceae.Anaerofilum,Anaerofilum,251,70,-0.2991427432866549,0.11976940298603873,-2.49765579378838,0.013005138520210914,0.02890030782269092,0.677557456061491,-0.0325554923164485,,180
within_project,IBD,PRJNA413199,Bacteria.Bacillota.Clostridia.Lachnospirales.Lachnospiraceae.Catenibacillus,Catenibacillus,251,70,0.07696030386551304,0.2459190403538838,0.31294975677672293,0.7545233330320312,0.8084178568200334,0.06660658413875023,0.14342629482071723,,180
within_project,IBD,PRJNA413199,Bacteria.Bacillota.Clostridia.Oscillospirales.Oscillospiraceae.Papillibacter,Papillibacter,251,70,-0.13025584519248723,0.1156072042127195,-1.126710450957831,0.26071176280949343,0.340058821055861,0.26930279277335456,0.0863972680705749,,180
within_project,IBD,PRJNA413199,Bacteria.Bacillota.Clostridia.Oscillospirales.Ruminococcaceae.[Clostridium] methylpentosum group,[Clostridium] methylpentosum group,251,70,0.7244303451421658,0.18612700044010919,3.892129263509345,0.0001210096263916633,0.000680679148453106,1.9925643109826302e-07,0.4064883323847468,,180
within_project,IBD,PRJNA413199,Bacteria.Actinomycetota.Coriobacteriia.Coriobacteriales.Atopobiaceae.Lancefieldella,Lancefieldella,251,70,0.5389249387681142,0.1494354316487692,3.6064066789380664,0.00036019809533762467,0.0016529806008120668,1.364483441089335e-05,0.3400113830392715,,180
within_project,IBD,PRJNA413199,Bacteria.Bacillota.Bacilli.Erysipelotrichales.Erysipelotrichaceae.Dielma,Dielma,251,70,0.1934108750804552,0.14279274093145827,1.3544867464466843,0.17653972390123113,0.24443961770939696,0.0009244882944255536,0.2589641434262948,,180
within_project,IBD,PRJNA413199,Bacteria.Bacillota.Clostridia.Lachnospirales.Lachnospiraceae.GCA-900066755,GCA-900066755,251,70,0.1485499329742003,0.12209881232206614,1.216637002023924,0.22464175007391685,0.30175757472615694,0.0010742698533021526,0.25566306203756395,,180
within_project,IBD,PRJNA413199,Bacteria.Bacillota.Bacilli.Erysipelotrichales.Erysipelatoclostridiaceae.Longibaculum,Longibaculum,251,70,0.39149187926921775,0.24803399598705644,1.5783799221202226,0.11546942903891327,0.17613980700851178,0.004605557251408436,0.22151394422310755,,180
within_project,IBD,PRJNA413199,Bacteria.Bacillota.Clostridia.Peptostreptococcales-Tissierellales.Family XI.Finegoldia,Finegoldia,251,70,0.8262293016551804,0.1769971900425183,4.668036263494937,4.484505913903913e-06,6.209315880790033e-05,1.6231715003021388e-09,0.47148548662492895,,180
within_project,IBD,PRJNA413199,Bacteria.Pseudomonadota.Gammaproteobacteria.Enterobacterales.Shewanellaceae.Shewanella,Shewanella,251,70,0.5729194453375188,0.1801225532604934,3.1807202094729483,0.0016134753458058083,0.00580851124490091,0.00023098085375990884,0.28787706317586803,,180
within_project,IBD,PRJNA610934,Bacteria.Actinomycetota.Coriobacteriia.Coriobacteriales.Coriobacteriaceae.Collinsella,Collinsella,19,21,0.3701652915920374,0.8644575977397304,0.42820526137996445,0.671052777766944,0.9614925722600309,0.8496321822778166,0.03759398496240607,"age_years,sex",225
within_project,IBD,PRJNA610934,Bacteria.Actinomycetota.Coriobacteriia.Coriobacteriales.Eggerthellaceae.Adlercreutzia,Adlercreutzia,19,21,-0.8224530234383843,0.691679037176009,-1.189067442026724,0.2421973236200315,0.789773881369668,0.7247696072610292,-0.06766917293233088,"age_years,sex",225
within_project,IBD,PRJNA610934,Bacteria.Actinomycetota.Coriobacteriia.Coriobacteriales.Eggerthellaceae.Senegalimassilia,Senegalimassilia,19,21,-0.30146716015316033,0.8552482694007941,-0.35249081575385693,0.7265255870203361,0.9614925722600309,0.8074200421403841,0.04761904761904767,"age_years,sex",225
within_project,IBD,PRJNA610934,Bacteria.Bacillota.Bacilli.Erysipelotrichales.Erysipelotrichaceae.Holdemanella,Holdemanella,19,21,-0.018268490261873875,1.0060414247421157,-0.018158785326913094,0.9856124521947616,0.9911570988354037,0.9137292772567049,0.022556390977443552,"age_years,sex",225
within_project,IBD,PRJNA610934,Bacteria.Bacillota.Bacilli.Lactobacillales.Lactobacillaceae.Limosilactobacillus,Limosilactobacillus,19,21,2.0051929452104504,1.0254034704063641,1.9555160510777274,0.058318448202992465,0.5248660338269322,0.028249705981716507,0.4085213032581454,"age_years,sex",225
within_project,IBD,PRJNA610934,Bacteria.Bacillota.Bacilli.Lactobacillales.Lactobacillaceae.Weissella,Weissella,19,21,0.13895944750215122,0.2341507866088938,0.5934613738208689,0.5565830285585488,0.9170110668571175,0.29084275768778023,0.19799498746867172,"age_years,sex",225
within_project,IBD,PRJNA610934,Bacteria.Bacillota.Bacilli.Lactobacillales.Streptococcaceae.Streptococcus,Streptococcus,19,21,-0.1343385981138351,0.6004019794034717,-0.22374776020443332,0.8242185022110899,0.9824149145398584,0.9352416292303105,-0.01754385964912286,"age_years,sex",225
within_project,IBD,PRJNA610934,Bacteria.Bacillota.Bacilli.RF39.Incertae Sedis.Incertae Sedis,Incertae Sedis,19,21,-2.934810129430479,0.9552421458914832,-3.072320606930044,0.004031802283038052,0.35683876203856824,0.005276530653381017,-0.518796992481203,"age_years,sex",225
within_project,IBD,PRJNA610934,Bacteria.Bacillota.Clostridia.Christensenellales.Christensenellaceae.Christensenellaceae R-7 group,Christensenellaceae R-7 group,19,21,-2.2069425927756625,0.7366229104169312,-2.9960276303740336,0.004928071072339482,0.35683876203856824,0.004093045844708801,-0.5338345864661654,"age_years,sex",225
within_project,IBD,PRJNA610934,Bacteria.Bacillota.Clostridia.Clostridia UCG-014.Incertae Sedis.Incertae Sedis,Incertae Sedis,19,21,-2.315412832981988,1.0317895466657974,-2.2440747151046336,0.03106971835322485,0.43691791434222443,0.024578159693751576,-0.418546365914787,"age_years,sex",225
within_project,IBD,PRJNA610934,Bacteria.Bacillota.Clostridia.Clostridiales.Clostridiaceae.Clostridium,Clostridium,19,21,-0.49141319574278924,0.8312023599931072,-0.5912076521857618,0.5580754764995604,0.9170110668571175,0.7045575343964623,-0.07268170426065168,"age_years,sex",225
within_project,IBD,PRJNA610934,Bacteria.Bacillota.Clostridia.Lachnospirales.Lachnospiraceae.Agathobacter,Agathobacter,19,21,0.06022352186149034,0.8009813280811561,0.07518717322133188,0.9404820584180059,0.9911570988354037,0.7247696072610292,-0.06766917293233088,"age_years,sex",225
within_project,IBD,PRJNA610934,Bacteria.Bacillota.Clostridia.Lachnospirales.Lachnospiraceae.Blautia,Blautia,19,21,-0.46783401804166325,0.6093279609521678,-0.7677868865735314,0.44762082351396837,0.9170110668571175,0.6845519562136833,-0.07769423558897248,"age_years,sex",225
within_project,IBD,PRJNA610934,Bacteria.Bacillota.Clostridia.Lachnospirales.Lachnospiraceae.Coprococcus,Coprococcus,19,21,-0.4794277009434224,0.6373667378293845,-0.7522006915142151,0.4568206563272078,0.9170110668571175,0.4011310611241259,-0.1578947368421053,"age_years,sex",225
within_project,IBD,PRJNA610934,Bacteria.Bacillota.Clostridia.Lachnospirales.Lachnospiraceae.Dorea,Dorea,19,21,0.16051506821678524,0.7188308970537719,0.2233001793254554,0.824564165356083,0.9824149145398584,0.9352416292303105,-0.01754385964912286,"age_years,sex",225
within_project,IBD,PRJNA610934,Bacteria.Bacillota.Clostridia.Lachnospirales.Lachnospiraceae.Howardella,Howardella,19,21,-0.09307931782002148,0.4770587287809822,-0.1951108159321705,0.8464032176211993,0.9824149145398584,0.4482408685024878,0.1428571428571428,"age_years,sex",225
within_project,IBD,PRJNA610934,Bacteria.Bacillota.Clostridia.Lachnospirales.Lachnospiraceae.Lachnospiraceae NK4A136 group,Lachnospiraceae NK4A136 group,19,21,-0.9984502506374474,0.5859495145545786,-1.703986821111098,0.09700199618272021,0.5494928921020609,0.08795413503199695,-0.31829573934837097,"age_years,sex",225
within_project,IBD,PRJNA610934,Bacteria.Bacillota.Clostridia.Lachnospirales.Lachnospiraceae.Mediterraneibacter,Mediterraneibacter,19,21,-0.22535027949818306,0.6156584464879974,-0.36603132919508546,0.7164839888022424,0.9614925722600309,0.7045575343964623,-0.07268170426065168,"age_years,sex",225
within_project,IBD,PRJNA610934,Bacteria.Bacillota.Clostridia.Lachnospirales.Lachnospiraceae.Roseburia,Roseburia,19,21,-1.043504720171651,0.6105182300178604,-1.7092114024852685,0.09602041047671424,0.5494928921020609,0.3431606204893868,-0.17794486215538852,"age_years,sex",225
within_project,IBD,PRJNA610934,Bacteria.Bacillota.Clostridia.Lachnospirales.Lachnospiraceae.[Eubacterium] eligens group,[Eubacterium] eligens group,19,21,-0.8806560058706888,0.866107929211197,-1.016797071321979,0.316035140379897,0.8778753899441584,0.20303707547562366,-0.23809523809523814,"age_years,sex",225
within_project,IBD,PRJNA610934,Bacteria.Bacillota.Clostridia.Lachnospirales.Lachnospiraceae.[Eubacterium] ruminantium group,[Eubacterium] ruminantium group,19,21,-1.9195920051724185,0.8132255975005865,-2.3604667770815393,0.023789250802571216,0.35683876203856824,0.22292829927420832,-0.22807017543859653,"age_years,sex",225
within_project,IBD,PRJNA610934,Bacteria.Bacillota.Clostridia.NA.NA.NA,Clostridia,19,21,-1.201244073640048,0.7602018964002175,-1.5801645317228181,0.12281667280375477,0.5719154657935163,0.10415448114739993,-0.30325814536340856,"age_years,sex",225
within_project,IBD,PRJNA610934,Bacteria.Bacillota.Clostridia.Oscillospirales.Oscillospiraceae.Colidextribacter,Colidextribacter,19,21,0.1866854147909121,0.6348696940046253,0.29405312074882567,0.770406122922196,0.9766889953434141,0.5880394496622332,0.10275689223057638,"age_years,sex",225
within_project,IBD,PRJNA610934,Bacteria.Bacillota.Clostridia.Oscillospirales.Oscillospiraceae.UCG-002,UCG-002,19,21,-0.5389649468628247,0.8943575818225675,-0.6026280291206281,0.5505337066981295,0.9170110668571175,0.15902266547705524,-0.26315789473684215,"age_years,sex",225
within_project,IBD,PRJNA610934,Bacteria.Bacillota.Clostridia.Oscillospirales.Ruminococcaceae.CAG-352,CAG-352,19,21,-2.0349538403315295,0.9652180931094607,-2.1082839773298314,0.042032189681835,0.4811294740893298,0.08302925628769299,-0.32330827067669177,"age_years,sex",225
within_project,IBD,PRJNA610934,Bacteria.Bacillota.Clostridia.Oscillospirales.Ruminococcaceae.Faecalibacterium,Faecalibacterium,19,21,0.09065051496050176,0.5202744129294404,0.17423596607430275,0.862656172218615,0.9824149145398584,0.7247696072610292,0.06766917293233088,"age_years,sex",225
within_project,IBD,PRJNA610934,Bacteria.Bacillota.Clostridia.Oscillospirales.Ruminococcaceae.Gemmiger,Gemmiger,19,21,-2.37800275641786,0.8484089524754287,-2.8028968217267023,0.008105836411831964,0.35683876203856824,0.03955354021833642,-0.3834586466165414,"age_years,sex",225
within_project,IBD,PRJNA610934,Bacteria.Bacillota.Clostridia.Oscillospirales.Ruminococcaceae.NA,Ruminococcaceae,19,21,-0.6874572254414111,1.0006596409686195,-0.687004049424803,0.4964822260689955,0.9170110668571175,0.5880394496622332,-0.10275689223057649,"age_years,sex",225
within_project,IBD,PRJNA610934,Bacteria.Bacillota.Clostridia.Oscillospirales.Ruminococcaceae.Ruminococcus,Ruminococcus,19,21,-1.5228762624699268,0.6277087239134844,-2.4260874581692464,0.020400845021764515,0.35683876203856824,0.06958145528025199,-0.33834586466165417,"age_years,sex",225
within_project,IBD,PRJNA610934,Bacteria.Bacillota.Clostridia.Oscillospirales.Ruminococcaceae.Subdoligranulum,Subdoligranulum,19,21,-0.05531259046339874,0.7049125426446454,-0.07846730922942657,0.9378908700940274,0.9911570988354037,0.14359490151535317,0.27318295739348364,"age_years,sex",225
within_project,IBD,PRJNA610934,Bacteria.Bacillota.Clostridia.Oscillospirales.Ruminococcaceae.[Eubacterium] siraeum group,[Eubacterium] siraeum group,19,21,-0.7729386755142222,0.9303429430589932,-0.8308104890577002,0.41155709499162807,0.9011935895394225,0.3861135928020579,-0.1629072681704261,"age_years,sex",225
within_project,IBD,PRJNA610934,Bacteria.Bacillota.Clostridia.Oscillospirales.UCG-010.Incertae Sedis,Incertae Sedis,19,21,-1.310823131358719,0.8275251952837308,-1.5840280620208567,0.12193389789538099,0.5719154657935163,0.09311193395315111,-0.31328320802005016,"age_years,sex",225
within_project,IBD,PRJNA610934,Bacteria.Bacillota.Clostridia.Peptostreptococcales-Tissierellales.Peptostreptococcaceae.Romboutsia,Romboutsia,19,21,-1.783446596620556,0.7213308206934564,-2.4724391991264523,0.018278364782421296,0.35683876203856824,0.014786888242683939,-0.4536340852130326,"age_years,sex",225
within_project,IBD,PRJNA610934,Bacteria.Bacillota.NA.NA.NA.NA,Bacteria.Bacillota.NA.NA.NA.NA,19,21,0.13602714828304174,0.4864298704374625,0.2796439045996662,0.7813511962747314,0.9766889953434141,0.5333297346765966,0.1177944862155389,"age_years,sex",225
within_project,IBD,PRJNA610934,Bacteria.Bacillota.Negativicutes.Acidaminococcales.Acidaminococcaceae.Phascolarctobacterium,Phascolarctobacterium,19,21,-0.510399150747603,1.0512546685659963,-0.4855142773766059,0.6302534718271493,0.945380207740724,0.5512772859588848,-0.1127819548872181,"age_years,sex",225
within_project,IBD,PRJNA610934,Bacteria.Bacteroidota.Bacteroidia.Bacteroidales.Bacteroidaceae.Bacteroides,Bacteroides,19,21,-0.014680771590057987,0.4275822412798544,-0.03433438102133283,0.9728001789256913,0.9911570988354037,0.8922799497064868,-0.027568922305764465,"age_years,sex",225
within_project,IBD,PRJNA610934,Bacteria.Bacteroidota.Bacteroidia.Bacteroidales.Prevotellaceae.Incertae Sedis,Incertae Sedis,19,21,0.7443995386443981,1.1197097919734327,0.6648147082222359,0.5104056382599076,0.9170110668571175,0.3431606204893868,0.17794486215538852,"age_years,sex",225
within_project,IBD,PRJNA610934,Bacteria.Bacteroidota.Bacteroidia.Bacteroidales.Prevotellaceae.Segatella,Segatella,19,21,-0.7478085620026215,1.0632248525327008,-0.7033399945658453,0.4863680744642128,0.9170110668571175,0.5695168048205093,-0.10776942355889729,"age_years,sex",225
within_project,IBD,PRJNA610934,Bacteria.Bacteroidota.Bacteroidia.Bacteroidales.Rikenellaceae.Alistipes,Alistipes,19,21,-0.23105405398843987,0.7496083642817379,-0.3082330254009798,0.759681539458804,0.9766889953434141,0.8074200421403841,-0.04761904761904767,"age_years,sex",225
within_project,IBD,PRJNA610934,Bacteria.Bacteroidota.Bacteroidia.Bacteroidales.Tannerellaceae.Parabacteroides,Parabacteroides,19,21,-1.3567748613343693,0.7734192226256493,-1.7542554175577765,0.08789661919165662,0.5494928921020609,0.18447087764848236,-0.24812030075187974,"age_years,sex",225
within_project,IBD,PRJNA610934,Bacteria.NA.NA.NA.NA.NA,Bacteria.NA.NA.NA.NA.NA,19,21,-0.7055080486854104,0.816517326593738,-0.864045410559229,0.3932836897864107,0.9011935895394225,0.5880394496622332,-0.10275689223057649,"age_years,sex",225
within_project,IBD,PRJNA610934,Bacteria.Pseudomonadota.Gammaproteobacteria.Burkholderiales.Oxalobacteraceae.Oxalobacter,Oxalobacter,19,21,0.6039279122776314,0.47508065566851293,1.271211330269405,0.21180599060167174,0.7564499664345419,0.05117069698454882,0.36340852130325807,"age_years,sex",225
within_project,IBD,PRJNA610934,Bacteria.Pseudomonadota.Gammaproteobacteria.Enterobacterales.Enterobacteriaceae.Klebsiella,Klebsiella,19,21,1.450206948709934,0.8450890062524846,1.716040485653484,0.09474987714747232,0.5494928921020609,0.18447087764848236,0.24812030075187974,"age_years,sex",225
within_project,IBD,PRJNA610934,Bacteria.Pseudomonadota.Gammaproteobacteria.Enterobacterales.Pasteurellaceae.Haemophilus,Haemophilus,19,21,1.1051726795652141,0.7758298323357335,1.4245039743289485,0.16291223971348365,0.6788009988061819,0.29084275768778023,0.19799498746867172,"age_years,sex",225
within_project,IBD,PRJNA610934,Archaea.Methanobacteriota.Methanobacteria.Methanobacteriales.Methanobacteriaceae.Methanobrevibacter,Methanobrevibacter,19,21,-1.6432861582612204,1.0133588036042551,-1.6216232122486889,0.1136110612021212,0.555706277619071,0.1671922015505145,-0.25814536340852134,"age_years,sex",225
within_project,IBD,PRJNA610934,Bacteria.Actinomycetota.Actinobacteria.Micrococcales.Micrococcaceae.Rothia,Rothia,19,21,0.09805008065989294,0.5135856368728834,0.19091281690995018,0.8496665147304299,0.9824149145398584,0.3714445081289418,0.1679197994987469,"age_years,sex",225
within_project,IBD,PRJNA610934,Bacteria.Actinomycetota.Coriobacteriia.Coriobacteriales.Eggerthellaceae.Eggerthella,Eggerthella,19,21,-0.3446987672347509,0.6225846307742006,-0.5536576879614082,0.5832358379275961,0.9315503310383978,0.4482408685024878,0.1428571428571428,"age_years,sex",225
within_project,IBD,PRJNA610934,Bacteria.Bacillota.Bacilli.Erysipelotrichales.Erysipelatoclostridiaceae.Catenibacterium,Catenibacterium,19,21,-0.28467740180506357,0.717104817364582,-0.3969815777437892,0.6937248356610448,0.9614925722600309,0.46461604639985066,0.1378446115288221,"age_years,sex",225
within_project,IBD,PRJNA610934,Bacteria.Bacillota.Bacilli.Lactobacillales.Enterococcaceae.Enterococcus,Enterococcus,19,21,0.8057195013730577,0.8263212833442279,0.9750680729318841,0.33603336060000655,0.8791570480814125,0.17567313428503284,0.25313283208020043,"age_years,sex",225
within_project,IBD,PRJNA610934,Bacteria.Bacillota.Bacilli.Lactobacillales.Lactobacillaceae.Lactobacillus,Lactobacillus,19,21,1.223497600462998,1.1160802272121841,1.0962452076757312,0.2802509418196785,0.829690288281943,0.22292829927420832,0.22807017543859653,"age_years,sex",225
within_project,IBD,PRJNA610934,Bacteria.Bacillota.Bacilli.Staphylococcales.Gemellaceae.Gemella,Gemella,19,21,0.23653863519242876,0.6223169239876274,0.38009352803191887,0.7061093390967875,0.9614925722600309,0.6647652818569365,0.08270676691729317,"age_years,sex",225
within_project,IBD,PRJNA610934,Bacteria.Bacillota.Bacilli.Staphylococcales.Staphylococcaceae.Staphylococcus,Staphylococcus,19,21,-0.0459512389754165,0.6897209859659283,-0.06662293871059109,0.9472505165812484,0.9911570988354037,0.6845519562136833,0.07769423558897248,"age_years,sex",225
within_project,IBD,PRJNA610934,Bacteria.Bacillota.Clostridia.Lachnospirales.Lachnospiraceae.NA,Lachnospiraceae,19,21,-1.3781712617238944,0.5052849390678646,-2.7275130429699836,0.009801222576831303,0.35683876203856824,0.0034438069596774688,-0.543859649122807,"age_years,sex",225
within_project,IBD,PRJNA610934,Bacteria.Bacillota.Clostridia.Oscillospirales.Butyricicoccaceae.Agathobaculum,Agathobaculum,19,21,-0.5789252094502125,0.8378600492721016,-0.6909569324294182,0.49402418623803934,0.9170110668571175,0.4164939143076932,-0.1528822055137845,"age_years,sex",225
within_project,IBD,PRJNA610934,Bacteria.Bacillota.Clostridia.Oscillospirales.Oscillospiraceae.Intestinimonas,Intestinimonas,19,21,-0.6286012045758589,0.6913253654456548,-0.9092696955660501,0.3692553641383849,0.8887748115246358,0.48131875747982,-0.1328320802005013,"age_years,sex",225
within_project,IBD,PRJNA610934,Bacteria.Bacillota.Clostridia.Oscillospirales.Oscillospiraceae.NA,Oscillospiraceae,19,21,0.029282730817292886,0.6827094356895385,0.04289193804347708,0.9660246967173567,0.9911570988354037,0.8074200421403841,0.04761904761904767,"age_years,sex",225
within_project,IBD,PRJNA610934,Bacteria.Bacillota.Clostridia.Oscillospirales.Oscillospiraceae.NK4A214 group,NK4A214 group,19,21,-0.6496772845973352,0.791792459995065,-0.820514613894384,0.41732296064012675,0.9028621744618127,0.4164939143076932,-0.1528822055137845,"age_years,sex",225
within_project,IBD,PRJNA610934,Bacteria.Bacillota.Clostridia.Oscillospirales.Ruminococcaceae.Acutalibacter,Acutalibacter,19,21,-0.7491982646784672,0.7115310306708762,-1.0529382871356656,0.29938558867238596,0.863612275016498,0.4482408685024878,-0.1428571428571429,"age_years,sex",225
within_project,IBD,PRJNA610934,Bacteria.Bacillota.Clostridia.Oscillospirales.Ruminococcaceae.Incertae Sedis,Incertae Sedis,19,21,-1.2397447619558322,0.7883199033124612,-1.5726417115012796,0.12455047921725464,0.5719154657935163,0.20303707547562366,-0.23809523809523814,"age_years,sex",225
within_project,IBD,PRJNA610934,Bacteria.Bacillota.Clostridia.Peptostreptococcales-Tissierellales.Anaerovoracaceae.Mogibacterium,Mogibacterium,19,21,0.8350131216437773,0.48423396635825416,1.724400144673048,0.09321372294579272,0.5494928921020609,0.02290274612044215,0.4235588972431077,"age_years,sex",225
within_project,IBD,PRJNA610934,Bacteria.Bacteroidota.Bacteroidia.Bacteroidales.Prevotellaceae.Massiliprevotella,Massiliprevotella,19,21,-0.7317702383855859,0.8349727463211789,-0.876400147920642,0.3866232978089955,0.8968066186291133,0.8709091430964933,0.032581453634085156,"age_years,sex",225
within_project,IBD,PRJNA610934,Bacteria.Pseudomonadota.Gammaproteobacteria.Enterobacterales.Enterobacteriaceae.Escherichia-Shigella,Escherichia-Shigella,19,21,-0.9831621428505244,1.004937054103286,-0.9783320645170243,0.3344391514744687,0.8791570480814125,0.3571262313617558,-0.17293233082706772,"age_years,sex",225
within_project,IBD,PRJNA610934,Bacteria.Verrucomicrobiota.Verrucomicrobiia.Verrucomicrobiales.Akkermansiaceae.Akkermansia,Akkermansia,19,21,-1.9201647933912527,1.025697399537365,-1.8720577767452,0.06934013448272253,0.5494928921020609,0.04802699871964889,-0.368421052631579,"age_years,sex",225
within_project,IBD,PRJNA610934,Bacteria.Actinomycetota.Coriobacteriia.Coriobacteriales.Eggerthellaceae.Incertae Sedis,Incertae Sedis,19,21,-0.02408588515534888,0.3244472967139498,-0.07423666462718072,0.9412330496835477,0.9911570988354037,0.14359490151535317,0.27318295739348364,"age_years,sex",225
within_project,IBD,PRJNA610934,Bacteria.Actinomycetota.Coriobacteriia.Coriobacteriales.Eggerthellaceae.Slackia,Slackia,19,21,-0.32693928202335854,0.8808431371052262,-0.3711662931243365,0.7126891238777557,0.9614925722600309,0.9137292772567049,-0.022556390977443663,"age_years,sex",225
within_project,IBD,PRJNA610934,Bacteria.Bacillota.Bacilli.Erysipelotrichales.Erysipelatoclostridiaceae.Erysipelotrichaceae UCG-003,Erysipelotrichaceae UCG-003,19,21,-1.4611119579418,0.7393922666876979,-1.976098511940401,0.05584552049736731,0.5235517546628184,0.07384997829416654,-0.33333333333333337,"age_years,sex",225
within_project,IBD,PRJNA610934,Bacteria.Bacillota.Clostridia.Oscillospirales.Ruminococcaceae.Caproiciproducens,Caproiciproducens,19,21,0.22292745156923757,0.3743075664653416,0.5955729232897545,0.5551865712987119,0.9170110668571175,0.11005322694504992,0.29824561403508776,"age_years,sex",225
within_project,IBD,PRJNA610934,Bacteria.Bacillota.Clostridia.Oscillospirales.Ruminococcaceae.Fournierella,Fournierella,19,21,-1.0984826586910834,0.6500305509894162,-1.689893893477891,0.09969151148683536,0.5494928921020609,0.3714445081289418,-0.1679197994987469,"age_years,sex",225
within_project,IBD,PRJNA610934,Bacteria.Bacillota.Clostridia.Oscillospirales.[Eubacterium] coprostanoligenes group.Incertae Sedis,Incertae Sedis,19,21,-2.2495412285820833,0.7556031988281809,-2.977146248283173,0.005177248356619706,0.35683876203856824,0.00794899579919988,-0.493734335839599,"age_years,sex",225
within_project,IBD,PRJNA610934,Bacteria.Bacillota.Clostridia.Peptococcales.Peptococcaceae.Peptococcus,Peptococcus,19,21,-0.42827252166780844,0.5763505050949069,-0.7430765096619206,0.46225725689031605,0.9170110668571175,0.9352416292303105,-0.01754385964912286,"age_years,sex",225
within_project,IBD,PRJNA610934,Bacteria.Bacillota.Clostridia.Peptostreptococcales-Tissierellales.Anaerovoracaceae.Family XIII AD3011 group,Family XIII AD3011 group,19,21,-0.016421422327824686,0.6501260335513744,-0.025258829027536595,0.979988010457146,0.9911570988354037,0.7045575343964623,-0.07268170426065168,"age_years,sex",225
within_project,IBD,PRJNA610934,Bacteria.Bacillota.Clostridia.Peptostreptococcales-Tissierellales.Family XI.Parvimonas,Parvimonas,19,21,-0.597082701184699,0.6197212646176614,-0.9634697649968016,0.3417394099482217,0.8838088188316079,0.7045575343964623,-0.07268170426065168,"age_years,sex",225
within_project,IBD,PRJNA610934,Bacteria.Bacillota.Clostridia.Peptostreptococcales-Tissierellales.Peptostreptococcaceae.Intestinibacter,Intestinibacter,19,21,-0.2985403051868764,0.8227659465710039,-0.36284961285902306,0.7188390294649155,0.9614925722600309,0.9352416292303105,-0.01754385964912286,"age_years,sex",225
within_project,IBD,PRJNA610934,Bacteria.Bacteroidota.Bacteroidia.Bacteroidales.Muribaculaceae.Incertae Sedis,Incertae Sedis,19,21,-1.2418795584301037,1.0915252060375786,-1.1377470273346566,0.26274193059925127,0.8210685331226603,0.5880394496622332,-0.10275689223057649,"age_years,sex",225
within_project,IBD,PRJNA610934,Bacteria.Elusimicrobiota.Elusimicrobia.Elusimicrobiales.Elusimicrobiaceae.Elusimicrobium,Elusimicrobium,19,21,0.17112794632891515,0.4336423132396872,0.39462926265299103,0.695444850171138,0.9614925722600309,0.29084275768778023,0.19799498746867172,"age_years,sex",225
within_project,IBD,PRJNA610934,Bacteria.Actinomycetota.Actinobacteria.Actinomycetales.Actinomycetaceae.Schaalia,Schaalia,19,21,0.15501028575678322,0.6607162820505754,0.23460945335825362,0.8158411548847365,0.9824149145398584,0.6647652818569365,0.08270676691729317,"age_years,sex",225
within_project,IBD,PRJNA610934,Bacteria.Bacillota.Clostridia.Lachnospirales.Lachnospiraceae.Anaerostipes,Anaerostipes,19,21,-0.3563659374417907,0.9633028993105354,-0.36994172621804877,0.7135934405119764,0.9614925722600309,0.8284641874869679,-0.04260651629072687,"age_years,sex",225
within_project,IBD,PRJNA610934,Bacteria.Bacillota.Clostridia.Lachnospirales.Lachnospiraceae.Fusicatenibacter,Fusicatenibacter,19,21,-1.1690308043664128,0.8189479846597453,-1.427478699825019,0.1620593326405566,0.6788009988061819,0.20303707547562366,-0.23809523809523814,"age_years,sex",225
within_project,IBD,PRJNA610934,Bacteria.Bacillota.Clostridia.Lachnospirales.Lachnospiraceae.Marvinbryantia,Marvinbryantia,19,21,-0.2935553856275205,0.42368150569346447,-0.6928680664194702,0.4928382143229064,0.9170110668571175,0.8074200421403841,0.04761904761904767,"age_years,sex",225
within_project,IBD,PRJNA610934,Bacteria.Bacillota.Negativicutes.Veillonellales-Selenomonadales.Veillonellaceae.Dialister,Dialister,19,21,-0.27497790190518656,1.210504776348576,-0.227159700050621,0.821584660805297,0.9824149145398584,0.8284641874869679,-0.04260651629072687,"age_years,sex",225
within_project,IBD,PRJNA610934,Bacteria.Bacillota.Negativicutes.Veillonellales-Selenomonadales.Veillonellaceae.Megasphaera,Megasphaera,19,21,0.9355320560630378,0.9792314670096085,0.9553737676751538,0.34576049384399243,0.8840467172147534,0.1162128527838659,0.29323308270676685,"age_years,sex",225
within_project,IBD,PRJNA610934,Bacteria.Bacillota.Bacilli.Erysipelotrichales.Erysipelotrichaceae.Turicibacter,Turicibacter,19,21,-0.249021841497886,0.8548872262348624,-0.29129203695631367,0.772499800366596,0.9766889953434141,0.8922799497064868,-0.027568922305764465,"age_years,sex",225
within_project,IBD,PRJNA610934,Bacteria.Bacillota.Clostridia.Lachnospirales.Lachnospiraceae.Faecalimonas,Faecalimonas,19,21,0.3077521063949058,0.6878065070885523,0.4474399460069138,0.657238227499163,0.9602506570604655,0.4983430611534989,0.1278195488721805,"age_years,sex",225
within_project,IBD,PRJNA610934,Bacteria.Bacillota.Clostridia.Peptostreptococcales-Tissierellales.Peptostreptococcaceae.Terrisporobacter,Terrisporobacter,19,21,0.31463555324933523,0.5528923830729029,0.5690719620708687,0.5728409407726707,0.9314764539078835,0.02635874162747212,0.4135338345864661,"age_years,sex",225
within_project,IBD,PRJNA610934,Bacteria.Bacteroidota.Bacteroidia.Bacteroidales.Prevotellaceae.Leyella,Leyella,19,21,0.6192536837519683,1.1407562133449736,0.5428448922808551,0.5905819321655514,0.9317205172401236,0.3571262313617558,0.1729323308270676,"age_years,sex",225
within_project,IBD,PRJNA610934,Bacteria.Cyanobacteriota.Vampirivibrionia.Gastranaerophilales.Gastranaerophilaceae.Zag_111,Zag_111,19,21,-0.7129622208001561,0.7188594846355787,-0.9917963608167288,0.32791666342569903,0.8791570480814125,0.7451753331998312,-0.06265664160401008,"age_years,sex",225
within_project,IBD,PRJNA610934,Bacteria.Bacillota.Bacilli.Lactobacillales.Streptococcaceae.Lactococcus,Lactococcus,19,21,-0.08915220072225637,0.5976343204282863,-0.14917516895342736,0.882247971880898,0.9824149145398584,0.6647652818569365,0.08270676691729317,"age_years,sex",225
within_project,IBD,PRJNA610934,Bacteria.Bacillota.Clostridia.Lachnospirales.Lachnospiraceae.CAG-56,CAG-56,19,21,-0.1608908145213226,0.8693314675313806,-0.18507418692458047,0.8542096035881278,0.9824149145398584,0.9137292772567049,0.022556390977443552,"age_years,sex",225
within_project,IBD,PRJNA610934,Bacteria.Bacillota.Clostridia.Lachnospirales.Lachnospiraceae.Lachnoclostridium,Lachnoclostridium,19,21,-1.263428100951034,0.7399090798986658,-1.7075450690834428,0.0963325749270626,0.5494928921020609,0.028249705981716507,-0.4085213032581454,"age_years,sex",225
within_project,IBD,PRJNA610934,Bacteria.Bacillota.Clostridia.Lachnospirales.Lachnospiraceae.Lachnospira,Lachnospira,19,21,0.00947691662916841,0.8491561087239614,0.011160393868460187,0.9911570988354037,0.9911570988354037,0.8284641874869679,0.04260651629072676,"age_years,sex",225
within_project,IBD,PRJNA610934,Bacteria.Bacillota.Clostridia.Lachnospirales.Lachnospiraceae.Lachnospiraceae FCS020 group,Lachnospiraceae FCS020 group,19,21,-0.17547398777441414,0.5552482934515617,-0.31602796414487677,0.7538063448346533,0.9747495838379137,0.6845519562136833,0.07769423558897248,"age_years,sex",225
within_project,IBD,PRJNA610934,Bacteria.Bacillota.Clostridia.Oscillospirales.Ruminococcaceae.Ruthenibacterium,Ruthenibacterium,19,21,-1.591558860121039,0.7520911681019355,-2.116178101303438,0.041311833066092096,0.4811294740893298,0.1162128527838659,-0.29323308270676696,"age_years,sex",225
within_project,IBD,PRJNA610934,Bacteria.Actinomycetota.Actinobacteria.Bifidobacteriales.Bifidobacteriaceae.Bifidobacterium,Bifidobacterium,19,21,0.38865386003837543,0.8657717069475088,0.44891032695982896,0.6561871106966481,0.9602506570604655,0.22292829927420832,0.22807017543859653,"age_years,sex",225
within_project,IBD,PRJNA610934,Bacteria.Bacillota.Bacilli.Erysipelotrichales.Erysipelotrichaceae.Solobacterium,Solobacterium,19,21,0.3855418719112073,0.5092093571126025,0.7571382311145387,0.45389432451063516,0.9170110668571175,0.11005322694504992,0.29824561403508776,"age_years,sex",225
within_project,IBD,PRJNA610934,Bacteria.Bacillota.Bacilli.Lactobacillales.Lactobacillaceae.Ligilactobacillus,Ligilactobacillus,19,21,1.267190747384032,0.7487721366717461,1.6923583094539683,0.09921677524635956,0.5494928921020609,0.037027083054220644,0.3884711779448622,"age_years,sex",225
within_project,IBD,PRJNA610934,Bacteria.Bacillota.Clostridia.Oscillospirales.Ruminococcaceae.Candidatus Soleaferrea,Candidatus Soleaferrea,19,21,-0.056727709387144144,0.485897348827959,-0.11674834103124454,0.9077083725250343,0.9911570988354037,0.5333297346765966,0.1177944862155389,"age_years,sex",225
within_project,IBD,PRJNA610934,Bacteria.Bacillota.Clostridia.Peptostreptococcales-Tissierellales.Family XI.Anaerococcus,Anaerococcus,19,21,0.5114811130138057,0.37217272168576837,1.374311128169296,0.17784100319144447,0.7085410813126185,0.05448488162988541,0.3583959899749374,"age_years,sex",225
within_project,IBD,PRJNA610934,Bacteria.Bacillota.Negativicutes.Veillonellales-Selenomonadales.Selenomonadaceae.Mitsuokella,Mitsuokella,19,21,0.15689855584866197,0.5588022527979056,0.2807765270506261,0.7804892003421549,0.9766889953434141,0.12934192644802245,0.28320802005012524,"age_years,sex",225
within_project,IBD,PRJNA610934,Bacteria.Bacteroidota.Bacteroidia.Bacteroidales.Incertae Sedis.Incertae Sedis,Incertae Sedis,19,21,-0.43480171219413094,0.9277032057959411,-0.4686862236517597,0.6421197170460962,0.9505061601011292,0.9568013710189004,0.012531328320801949,"age_years,sex",225
within_project,IBD,PRJNA610934,Bacteria.Thermodesulfobacteriota.Desulfovibrionia.Desulfovibrionales.Desulfovibrionaceae.Bilophila,Bilophila,19,21,-0.41000194511244353,0.6534650230723061,-0.6274275296094565,0.5343386825788998,0.9170110668571175,0.8074200421403841,-0.04761904761904767,"age_years,sex",225
within_project,IBD,PRJNA610934,Bacteria.Actinomycetota.Coriobacteriia.Coriobacteriales.Eggerthellaceae.Gordonibacter,Gordonibacter,19,21,-0.1841574781339262,0.5109574251453812,-0.3604164830005717,0.7206418627802125,0.9614925722600309,0.5512772859588848,0.11278195488721798,"age_years,sex",225
within_project,IBD,PRJNA610934,Bacteria.Bacillota.Bacilli.Lactobacillales.Carnobacteriaceae.Granulicatella,Granulicatella,19,21,0.2984849476781898,0.6069939907204062,0.49174283805336394,0.6258862843441975,0.945380207740724,0.26680836162391053,0.20802005012531333,"age_years,sex",225
within_project,IBD,PRJNA610934,Bacteria.Bacillota.Clostridia.Lachnospirales.Lachnospiraceae.Anaerobutyricum,Anaerobutyricum,19,21,-0.5609881636049359,0.676673941191799,-0.829037634605656,0.41254639876693566,0.9011935895394225,0.8074200421403841,-0.04761904761904767,"age_years,sex",225
within_project,IBD,PRJNA610934,Bacteria.Bacillota.Clostridia.Lachnospirales.Lachnospiraceae.Extibacter,Extibacter,19,21,-0.7668578560894826,0.8374115754356101,-0.915747857546122,0.3658928992321272,0.8887748115246358,0.7451753331998312,0.06265664160400997,"age_years,sex",225
within_project,IBD,PRJNA610934,Bacteria.Bacillota.Clostridia.Lachnospirales.Lachnospiraceae.Lachnospiraceae UCG-004,Lachnospiraceae UCG-004,19,21,0.2792616994280639,0.7855863884485346,0.35548184583439857,0.7243031577050771,0.9614925722600309,0.6845519562136833,0.07769423558897248,"age_years,sex",225
within_project,IBD,PRJNA610934,Bacteria.Bacillota.Clostridia.Lachnospirales.Lachnospiraceae.[Eubacterium] ventriosum group,[Eubacterium] ventriosum group,19,21,-0.5346762630601862,0.807491553942286,-0.6621447127834618,0.5120952469898516,0.9170110668571175,0.6452094654316003,-0.08771929824561409,"age_years,sex",225
within_project,IBD,PRJNA610934,Bacteria.Bacillota.Clostridia.Lachnospirales.Lachnospiraceae.[Ruminococcus] gnavus group,[Ruminococcus] gnavus group,19,21,-0.6513468197623734,0.9342010931075757,-0.6972233543376609,0.49014145037386925,0.9170110668571175,0.9137292772567049,-0.022556390977443663,"age_years,sex",225
within_project,IBD,PRJNA610934,Bacteria.Bacillota.Clostridia.Monoglobales.Monoglobaceae.Monoglobus,Monoglobus,19,21,-0.9367922976293167,0.553402946750331,-1.6927851633792488,0.09913473892702024,0.5494928921020609,0.04504720324370858,-0.3734335839598998,"age_years,sex",225
within_project,IBD,PRJNA610934,Bacteria.Bacillota.Clostridia.Oscillospirales.Oscillospiraceae.UCG-005,UCG-005,19,21,-0.9779034300663844,0.7853022404648095,-1.2452574049547813,0.2210819100176405,0.7772410899057673,0.04802699871964889,-0.368421052631579,"age_years,sex",225
within_project,IBD,PRJNA610934,Bacteria.Bacillota.Clostridia.Peptostreptococcales-Tissierellales.Anaerovoracaceae.Family XIII UCG-001,Family XIII UCG-001,19,21,-0.035867931516448216,0.7355852974302074,-0.0487610772561035,0.961379227261062,0.9911570988354037,0.9783927640008413,-0.007518796992481258,"age_years,sex",225
within_project,IBD,PRJNA610934,Bacteria.Bacillota.Clostridia.Peptostreptococcales-Tissierellales.Family XI.Fenollaria,Fenollaria,19,21,-0.07217983743942538,0.6323481321994882,-0.11414572727267053,0.9097565148277655,0.9911570988354037,0.5333297346765966,0.1177944862155389,"age_years,sex",225
within_project,IBD,PRJNA610934,Bacteria.Bacteroidota.Bacteroidia.Bacteroidales.Rikenellaceae.Rikenellaceae RC9 gut group,Rikenellaceae RC9 gut group,19,21,0.7630652689718402,0.6496619542275474,1.1745574202188431,0.24788295947209799,0.7967666554460292,0.14359490151535317,0.27318295739348364,"age_years,sex",225
within_project,IBD,PRJNA610934,Bacteria.Bacillota.Clostridia.Lachnospirales.Lachnospiraceae.Butyribacter,Butyribacter,19,21,-1.3516038098691028,0.7336459835030295,-1.8423106515426342,0.07367832745039181,0.5494928921020609,0.48131875747982,-0.1328320802005013,"age_years,sex",225
within_project,IBD,PRJNA610934,Bacteria.Bacillota.Clostridia.Lachnospirales.Lachnospiraceae.[Eubacterium] xylanophilum group,[Eubacterium] xylanophilum group,19,21,-0.8433952861450121,0.9374271678023015,-0.8996915335004242,0.37426343622716807,0.8887748115246358,0.7045575343964623,-0.07268170426065168,"age_years,sex",225
within_project,IBD,PRJNA610934,Bacteria.Bacillota.Clostridia.Lachnospirales.Lachnospiraceae.[Ruminococcus] gauvreauii group,[Ruminococcus] gauvreauii group,19,21,0.5136221772834185,0.5665710273501537,0.9065450799445633,0.3706755286805995,0.8887748115246358,0.06551763448058548,0.34335839598997486,"age_years,sex",225
within_project,IBD,PRJNA610934,Bacteria.Bacillota.Clostridia.Oscillospirales.Oscillospiraceae.UCG-003,UCG-003,19,21,-0.2531769196081325,0.7996181318100403,-0.31662228448351143,0.7533589979422856,0.9747495838379137,0.786514361486491,-0.052631578947368474,"age_years,sex",225
within_project,IBD,PRJNA610934,Bacteria.Bacillota.Clostridia.Oscillospirales.Ruminococcaceae.Paludicola,Paludicola,19,21,-0.24137880071120127,0.6959464474093131,-0.34683530839153354,0.7307343549176235,0.9614925722600309,0.9137292772567049,0.022556390977443552,"age_years,sex",225
within_project,IBD,PRJNA610934,Bacteria.Bacteroidota.Bacteroidia.Bacteroidales.Prevotellaceae.Hoylesella,Hoylesella,19,21,1.1032617006721814,0.5731354065364821,1.9249582002607528,0.06216449547099707,0.5379619800374746,0.12934192644802245,0.28320802005012524,"age_years,sex",225
within_project,IBD,PRJNA610934,Bacteria.Bacillota.Bacilli.Erysipelotrichales.Erysipelatoclostridiaceae.Thomasclavelia,Thomasclavelia,19,21,-0.0460562512649285,0.7774250589013288,-0.059242046210879834,0.95308696342433,0.9911570988354037,0.5512772859588848,0.11278195488721798,"age_years,sex",225
within_project,IBD,PRJNA610934,Bacteria.Bacillota.Bacilli.Erysipelotrichales.Erysipelotrichaceae.[Clostridium] innocuum group,[Clostridium] innocuum group,19,21,-0.2741631186385573,0.5382798029371846,-0.5093319815132488,0.6136275983695116,0.945380207740724,0.9137292772567049,-0.022556390977443663,"age_years,sex",225
within_project,IBD,PRJNA610934,Bacteria.Bacillota.Negativicutes.Veillonellales-Selenomonadales.Veillonellaceae.Veillonella,Veillonella,19,21,2.2223686794370305,0.935557605850758,2.37544825197172,0.022973665772020174,0.35683876203856824,0.08795413503199695,0.31829573934837097,"age_years,sex",225
within_project,IBD,PRJNA610934,Bacteria.Bacteroidota.Bacteroidia.Bacteroidales.Barnesiellaceae.Barnesiella,Barnesiella,19,21,-1.408134006095084,1.053808377954077,-1.3362334515017946,0.18985826736529965,0.7085410813126185,0.1511588626172122,-0.26817042606516295,"age_years,sex",225
within_project,IBD,PRJNA610934,Bacteria.Bacillota.Clostridia.Lachnospirales.Lachnospiraceae.Hungatella,Hungatella,19,21,-1.4339767210237322,0.8321095055462931,-1.7233028963925892,0.09341415637127756,0.5494928921020609,0.2128149166846386,-0.23308270676691734,"age_years,sex",225
within_project,IBD,PRJNA610934,Bacteria.Bacillota.Clostridia.Lachnospirales.Lachnospiraceae.Incertae Sedis,Incertae Sedis,19,21,-0.7124307619119165,0.5266396907608295,-1.3527859263373732,0.18455978132592185,0.7085410813126185,0.27864928088769314,-0.20300751879699253,"age_years,sex",225
within_project,IBD,PRJNA610934,Bacteria.Bacillota.Clostridia.Oscillospirales.Ruminococcaceae.DTU089,DTU089,19,21,0.3645870937515963,0.7488377391597789,0.4868706192087424,0.6293013109670926,0.945380207740724,0.26680836162391053,0.20802005012531333,"age_years,sex",225
within_project,IBD,PRJNA610934,Bacteria.Pseudomonadota.Gammaproteobacteria.Pseudomonadales.Moraxellaceae.Acinetobacter,Acinetobacter,19,21,0.08016858343253117,0.30633651400147,0.26170103715467125,0.795043501604015,0.9824149145398584,0.5880394496622332,0.10275689223057638,"age_years,sex",225
within_project,IBD,PRJNA610934,Bacteria.Bacillota.Bacilli.Lactobacillales.Lactobacillaceae.Leuconostoc,Leuconostoc,19,21,-0.10409059896748231,0.281524861806326,-0.36973856695857665,0.7137435099156517,0.9614925722600309,0.48131875747982,0.1328320802005012,"age_years,sex",225
within_project,IBD,PRJNA610934,Bacteria.Bacillota.Clostridia.Lachnospirales.Lachnospiraceae.GCA-900066575,GCA-900066575,19,21,-0.2528282792535945,0.6383933115506557,-0.3960384212664686,0.6944142755239144,0.9614925722600309,0.6647652818569365,-0.08270676691729328,"age_years,sex",225
within_project,IBD,PRJNA610934,Bacteria.Bacillota.Clostridia.Lachnospirales.Lachnospiraceae.Lachnospiraceae UCG-010,Lachnospiraceae UCG-010,19,21,0.13998312749972036,0.6639492930544117,0.21083406363119436,0.8342056523822955,0.9824149145398584,0.9568013710189004,0.012531328320801949,"age_years,sex",225
within_project,IBD,PRJNA610934,Bacteria.Bacillota.Clostridia.Lachnospirales.Lachnospiraceae.Oribacterium,Oribacterium,19,21,0.2041706258668863,0.40294979090078503,0.5066899908558522,0.6154618722537333,0.945380207740724,0.013715065414385651,0.4586466165413534,"age_years,sex",225
within_project,IBD,PRJNA610934,Bacteria.Bacillota.Clostridia.Oscillospirales.Butyricicoccaceae.UCG-009,UCG-009,19,21,1.2283078575095459,0.5918748827658965,2.075282958062907,0.04516485096871572,0.4811294740893298,0.028249705981716507,0.4085213032581454,"age_years,sex",225
within_project,IBD,PRJNA610934,Bacteria.Thermodesulfobacteriota.Desulfovibrionia.Desulfovibrionales.Desulfovibrionaceae.Desulfovibrio,Desulfovibrio,19,21,-2.1504588796747917,0.8365367635175488,-2.570668706336753,0.014431097529720126,0.35683876203856824,0.04222483612320902,-0.3784461152882206,"age_years,sex",225
within_project,IBD,PRJNA610934,Bacteria.Actinomycetota.Coriobacteriia.Coriobacteriales.Coriobacteriales Incertae Sedis.Incertae Sedis,Incertae Sedis,19,21,-0.44603867222735344,0.5915918074137745,-0.7539635719048803,0.45577458376714797,0.9170110668571175,0.8709091430964933,-0.03258145363408527,"age_years,sex",225
within_project,IBD,PRJNA610934,Bacteria.Bacillota.Clostridia.Lachnospirales.Lachnospiraceae.Lachnospiraceae NK4B4 group,Lachnospiraceae NK4B4 group,19,21,0.16017820222625784,0.37095927417802604,0.4317945752432844,0.6684659020125344,0.9614925722600309,0.04504720324370858,0.3734335839598997,"age_years,sex",225
within_project,IBD,PRJNA610934,Bacteria.Bacillota.Clostridia.Clostridia vadinBB60 group.Incertae Sedis.Incertae Sedis,Incertae Sedis,19,21,-0.11091361995055778,0.655030325589527,-0.16932593136162905,0.8664881732508792,0.9824149145398584,0.6068358232257332,0.09774436090225569,"age_years,sex",225
within_project,IBD,PRJNA610934,Bacteria.Pseudomonadota.Alphaproteobacteria.Rhodospirillales.Incertae Sedis.Incertae Sedis,Incertae Sedis,19,21,-0.5450498069139326,0.40562881436109705,-1.3437157016876045,0.1874488872677033,0.7085410813126185,0.8496321822778166,0.03759398496240607,"age_years,sex",225
within_project,IBD,PRJNA610934,Bacteria.Pseudomonadota.Gammaproteobacteria.Burkholderiales.Sutterellaceae.Sutterella,Sutterella,19,21,2.356112187608529,0.9378796353221989,2.5121690448040392,0.01662155912318055,0.35683876203856824,0.028249705981716507,0.4085213032581454,"age_years,sex",225
within_project,IBD,PRJNA610934,Bacteria.Bacillota.Negativicutes.Veillonellales-Selenomonadales.Selenomonadaceae.Megamonas,Megamonas,19,21,-0.6926562591080487,0.9846762504079474,-0.7034355290087316,0.4863092690208397,0.9170110668571175,0.8709091430964933,-0.03258145363408527,"age_years,sex",225
within_project,IBD,PRJNA610934,Bacteria.Patescibacteria.Saccharimonadia.Saccharimonadales.Saccharimonadaceae.TM7x,TM7x,19,21,-0.00757066743557893,0.5722466732520022,-0.013229727300214484,0.9895175599605477,0.9911570988354037,0.6068358232257332,0.09774436090225569,"age_years,sex",225
within_project,IBD,PRJNA610934,Bacteria.Bacillota.Bacilli.Izemoplasmatales.Incertae Sedis.Incertae Sedis,Incertae Sedis,19,21,-0.007832099619582077,0.23194047582766963,-0.03376771385690042,0.9732489179001618,0.9911570988354037,0.3162920566495764,0.18796992481203012,"age_years,sex",225
within_project,IBD,PRJNA610934,Bacteria.Bacillota.Clostridia.Lachnospirales.Lachnospiraceae.Lachnospiraceae ND3007 group,Lachnospiraceae ND3007 group,19,21,-0.050078265126766774,0.5162192610173484,-0.09700967962348815,0.9232567852491411,0.9911570988354037,0.30339008245822074,0.1929824561403508,"age_years,sex",225
within_project,IBD,PRJNA610934,Bacteria.Bacillota.Clostridia.Oscillospirales.Oscillospiraceae.Oscillibacter,Oscillibacter,19,21,-0.852941716718964,0.6416195910405456,-1.3293573460494046,0.19209335982253214,0.7085410813126185,0.3571262313617558,-0.17293233082706772,"age_years,sex",225
within_project,IBD,PRJNA610934,Bacteria.Bacillota.Clostridia.Peptococcales.Peptococcaceae.Incertae Sedis,Incertae Sedis,19,21,-1.190558530822278,0.7165878810814623,-1.6614271079012766,0.10531330451813738,0.5497433834063656,0.4011310611241259,-0.1578947368421053,"age_years,sex",225
within_project,IBD,PRJNA610934,Bacteria.Bacillota.Negativicutes.Veillonellales-Selenomonadales.Veillonellaceae.Incertae Sedis,Incertae Sedis,19,21,1.4331231628280698,0.5746850453761383,2.493754055997879,0.01737163749532475,0.35683876203856824,0.002644304406362379,0.5588972431077694,"age_years,sex",225
within_project,IBD,PRJNA610934,Bacteria.Bacteroidota.Bacteroidia.Bacteroidales.Prevotellaceae.Paraprevotella,Paraprevotella,19,21,-0.5029302847187904,0.8512964756966728,-0.590781589113486,0.5583578495974449,0.9170110668571175,0.6258959850026287,0.09273182957393478,"age_years,sex",225
within_project,IBD,PRJNA610934,Bacteria.Pseudomonadota.Gammaproteobacteria.Burkholderiales.Comamonadaceae.Comamonas,Comamonas,19,21,-0.43230606995043197,0.4230520564722273,-1.0218744084483895,0.31365856929449876,0.8778753899441584,0.27864928088769314,0.20300751879699241,"age_years,sex",225
within_project,IBD,PRJNA610934,Bacteria.Thermodesulfobacteriota.Desulfovibrionia.Desulfovibrionales.Desulfovibrionaceae.Incertae Sedis,Incertae Sedis,19,21,0.34312646299989175,0.3633866107107038,0.9442463010093088,0.35133830051514203,0.8882148046731119,0.1671922015505145,0.25814536340852134,"age_years,sex",225
within_project,IBD,PRJNA610934,Bacteria.Bacillota.Clostridia.Lachnospirales.Defluviitaleaceae.Defluviitaleaceae UCG-011,Defluviitaleaceae UCG-011,19,21,-1.5202488657682076,0.5837629622305851,-2.604222885191734,0.013297637375949323,0.35683876203856824,0.05448488162988541,-0.3583959899749374,"age_years,sex",225
within_project,IBD,PRJNA610934,Bacteria.Bacillota.Clostridia.Peptostreptococcales-Tissierellales.Family XI.Ezakiella,Ezakiella,19,21,0.179621889048838,0.4949513593892745,0.3629081638859933,0.7187956659794994,0.9614925722600309,0.20303707547562366,0.23809523809523814,"age_years,sex",225
within_project,IBD,PRJNA610934,Bacteria.Bacillota.Clostridia.Peptostreptococcales-Tissierellales.Family XI.Peptoniphilus,Peptoniphilus,19,21,0.32152455431164717,0.532798176458529,0.6034640667293527,0.5499836655282645,0.9170110668571175,0.08795413503199695,0.31829573934837097,"age_years,sex",225
within_project,IBD,PRJNA610934,Bacteria.Bacteroidota.Bacteroidia.Bacteroidales.Marinifilaceae.Odoribacter,Odoribacter,19,21,-1.0694901780802473,0.7705525954374742,-1.3879522104173225,0.17368235310338737,0.7085410813126185,0.5512772859588848,-0.1127819548872181,"age_years,sex",225
within_project,IBD,PRJNA610934,Bacteria.Bacteroidota.Bacteroidia.Bacteroidales.Porphyromonadaceae.Porphyromonas,Porphyromonas,19,21,0.2518431152507477,0.8822248743025288,0.285463630176887,0.7769250240654118,0.9766889953434141,0.7451753331998312,0.06265664160400997,"age_years,sex",225
within_project,IBD,PRJNA610934,Bacteria.Bacteroidota.Bacteroidia.Bacteroidales.Prevotellaceae.Prevotella,Prevotella,19,21,0.9214365362057286,0.6820306990912763,1.3510191512397194,0.18511983663981557,0.7085410813126185,0.15902266547705524,0.26315789473684204,"age_years,sex",225
within_project,IBD,PRJNA610934,Bacteria.Bacillota.Clostridia.Incertae Sedis.Incertae Sedis.Incertae Sedis,Incertae Sedis,19,21,0.47886653524637324,0.5194855644674158,0.921809128107947,0.36276490818111684,0.8887748115246358,0.1162128527838659,0.29323308270676685,"age_years,sex",225
within_project,IBD,PRJNA610934,Bacteria.Bacillota.Clostridia.Lachnospirales.Lachnospiraceae.Enterocloster,Enterocloster,19,21,-0.4671070428799217,0.7167345490773956,-0.6517155388716748,0.5187239951950149,0.9170110668571175,0.48131875747982,-0.1328320802005013,"age_years,sex",225
within_project,IBD,PRJNA610934,Bacteria.Bacteroidota.Bacteroidia.Bacteroidales.Tannerellaceae.Incertae Sedis,Incertae Sedis,19,21,-0.09485049923335027,0.6053491221609666,-0.15668726650623416,0.8763667616617452,0.9824149145398584,0.32954897693804797,0.1829573934837092,"age_years,sex",225
within_project,IBD,PRJNA610934,Bacteria.Pseudomonadota.Alphaproteobacteria.Rickettsiales.Mitochondria.Incertae Sedis,Incertae Sedis,19,21,-0.11301210752608025,0.5477483698078506,-0.20632121199324563,0.8377024600668084,0.9824149145398584,0.9783927640008413,0.007518796992481258,"age_years,sex",225
within_project,IBD,PRJNA610934,Bacteria.Bacillota.Clostridia.Oscillospirales.Oscillospiraceae.Incertae Sedis,Incertae Sedis,19,21,-0.7687185578055648,0.6991151091616834,-1.0995593540058712,0.27882308650474436,0.829690288281943,0.46461604639985066,-0.1378446115288221,"age_years,sex",225
within_project,IBD,PRJNA610934,Bacteria.Bacillota.Clostridia.Peptostreptococcales-Tissierellales.Peptostreptococcaceae.Peptostreptococcus,Peptostreptococcus,19,21,0.9960955577646373,0.5902343429486557,1.687627244440582,0.10012981589415332,0.5494928921020609,0.02290274612044215,0.4235588972431077,"age_years,sex",225
within_project,IBD,PRJNA610934,Bacteria.Cyanobacteriota.Vampirivibrionia.Gastranaerophilales.Gastranaerophilaceae.CAG-196,CAG-196,19,21,-1.2675360149590458,0.7350110292400273,-1.7245129182205994,0.09319314308908613,0.5494928921020609,0.6845519562136833,-0.07769423558897248,"age_years,sex",225
within_project,IBD,PRJNA610934,Bacteria.Bacteroidota.Bacteroidia.Bacteroidales.Prevotellaceae.Prevotellaceae UCG-001,Prevotellaceae UCG-001,19,21,0.538265506051607,0.6045816722163355,0.8903106574143735,0.3792105862505113,0.8887748115246358,0.04222483612320902,0.3784461152882206,"age_years,sex",225
within_project,IBD,PRJNA610934,Bacteria.Bacillota.Clostridia.Eubacteriales.Eubacteriaceae.Eubacterium,Eubacterium,19,21,0.24516087897213285,0.3195214627072199,0.7672751523323356,0.4479211249821001,0.9170110668571175,0.11005322694504992,0.29824561403508776,"age_years,sex",225
within_project,IBD,PRJNA610934,Bacteria.Bacillota.Clostridia.Oscillospirales.Ethanoligenenaceae.Acetanaerobacterium,Acetanaerobacterium,19,21,0.2713939480978852,0.4500486528635519,0.6030324640926497,0.5502675878784937,0.9170110668571175,0.26680836162391053,0.20802005012531333,"age_years,sex",225
within_project,IBD,PRJNA610934,Bacteria.Bacillota.Clostridia.Oscillospirales.Ruminococcaceae.Angelakisella,Angelakisella,19,21,-1.2724635296740225,0.6187692761597411,-2.05644264946588,0.047043770799845584,0.4811294740893298,0.23338106797321512,-0.22305764411027573,"age_years,sex",225
within_project,IBD,PRJNA610934,Bacteria.Pseudomonadota.Gammaproteobacteria.Pseudomonadales.Pseudomonadaceae.Pseudomonas,Pseudomonas,19,21,-0.09147470965863709,0.28471722320694903,-0.32128266997092747,0.7498541122896427,0.9747495838379137,0.4011310611241259,0.1578947368421053,"age_years,sex",225
within_project,IBD,PRJNA610934,Bacteria.Bacillota.Bacilli.Erysipelotrichales.Erysipelotrichaceae.Holdemania,Holdemania,19,21,-0.6481147364479066,0.6587510805473371,-0.9838537735822869,0.33175380611176264,0.8791570480814125,0.6068358232257332,-0.09774436090225569,"age_years,sex",225
within_project,IBD,PRJNA610934,Bacteria.Bacillota.Negativicutes.Veillonellales-Selenomonadales.Veillonellaceae.Allisonella,Allisonella,19,21,1.2853022286891196,0.7862798030842353,1.6346626527190897,0.11083555386528561,0.554177769326428,0.028249705981716507,0.4085213032581454,"age_years,sex",225
within_project,IBD,PRJNA610934,Bacteria.Bacillota.Clostridia.Oscillospirales.UCG-011.Incertae Sedis,Incertae Sedis,19,21,-0.6845187274382658,0.5665631979646757,-1.208194831392745,0.23484928687613765,0.7886729783153877,0.6068358232257332,0.09774436090225569,"age_years,sex",225
within_project,IBD,PRJNA610934,Bacteria.Bacillota.Negativicutes.Acidaminococcales.Acidaminococcaceae.Acidaminococcus,Acidaminococcus,19,21,2.005794503241709,1.1556714518646662,1.7356096319636314,0.09118662408860137,0.5494928921020609,0.04222483612320902,0.3784461152882206,"age_years,sex",225
within_project,IBD,PRJNA610934,Bacteria.Bacteroidota.Bacteroidia.Bacteroidales.Marinifilaceae.Butyricimonas,Butyricimonas,19,21,-0.9894075639763191,0.8024193238241878,-1.2330305796487784,0.22555553958032684,0.7807691754703622,0.24417669048718993,-0.21804511278195493,"age_years,sex",225
within_project,IBD,PRJNA610934,Bacteria.Fusobacteriota.Fusobacteriia.Fusobacteriales.Fusobacteriaceae.Fusobacterium,Fusobacterium,19,21,-0.15574967787534436,0.9339077066340992,-0.16677202336907834,0.868482652100456,0.9824149145398584,0.8496321822778166,0.03759398496240607,"age_years,sex",225
within_project,IBD,PRJNA610934,Bacteria.Bacillota.Clostridia.Christensenellales.Christensenellaceae.Incertae Sedis,Incertae Sedis,19,21,-0.04052027787928353,0.6104463138172849,-0.06637811870121607,0.9474440627216693,0.9911570988354037,0.8709091430964933,0.032581453634085156,"age_years,sex",225
within_project,IBD,PRJNA610934,Bacteria.Bacillota.Clostridia.Lachnospirales.Lachnospiraceae.Faecalicatena,Faecalicatena,19,21,-0.4345446316754366,0.6880102335035718,-0.6315961747583231,0.531641192047799,0.9170110668571175,0.8709091430964933,-0.03258145363408527,"age_years,sex",225
within_project,IBD,PRJNA610934,Bacteria.Bacillota.Clostridia.Oscillospirales.Ruminococcaceae.Anaerotruncus,Anaerotruncus,19,21,0.07864072007843428,0.5296507177330733,0.14847656662303751,0.8827952559812001,0.9824149145398584,0.27864928088769314,0.20300751879699241,"age_years,sex",225
within_project,IBD,PRJNA610934,Bacteria.Bacillota.Clostridia.Lachnospirales.Lachnospiraceae.Sellimonas,Sellimonas,19,21,-0.02297276455803195,0.8153280273524274,-0.02817610064581028,0.9776773192327275,0.9911570988354037,0.3714445081289418,0.1679197994987469,"age_years,sex",225
within_project,IBD,PRJNA610934,Bacteria.Bacillota.Clostridia.Oscillospirales.Oscillospiraceae.Oscillospira,Oscillospira,19,21,0.1869727145568377,0.7596249223965293,0.24613820458517904,0.8069732788826933,0.9824149145398584,0.7451753331998312,0.06265664160400997,"age_years,sex",225
within_project,IBD,PRJNA610934,Bacteria.Pseudomonadota.Gammaproteobacteria.Burkholderiales.Sutterellaceae.Parasutterella,Parasutterella,19,21,0.4882800346517399,0.8831781741003576,0.5528669627157877,0.5837715407840627,0.9315503310383978,0.5333297346765966,0.1177944862155389,"age_years,sex",225
within_project,IBD,PRJNA610934,NA.NA.NA.NA.NA.NA,NA.NA.NA.NA.NA.NA,19,21,-0.6581916868481924,0.4615751823386687,-1.425968535642069,0.16249188389955843,0.6788009988061819,0.4983430611534989,-0.1278195488721805,"age_years,sex",225
within_project,IBD,PRJNA610934,Bacteria.Actinomycetota.Actinobacteria.Propionibacteriales.Propionibacteriaceae.Cutibacterium,Cutibacterium,19,21,-0.07592028442868719,0.4570771770921774,-0.1660994865498974,0.8690080165679719,0.9824149145398584,0.7247696072610292,0.06766917293233088,"age_years,sex",225
within_project,IBD,PRJNA610934,Bacteria.Bacillota.Bacilli.Erysipelotrichales.Erysipelatoclostridiaceae.UCG-004,UCG-004,19,21,0.7869721941148674,0.3762809874761145,2.091448200435114,0.043605583059632656,0.4811294740893298,0.013715065414385651,0.4586466165413534,"age_years,sex",225
within_project,IBD,PRJNA610934,Bacteria.Bacillota.Clostridia.Peptostreptococcales-Tissierellales.Anaerovoracaceae.S5-A14a,S5-A14a,19,21,0.545026778801361,0.3541845074012444,1.5388216237925885,0.1325922265713794,0.5966650195712073,0.05448488162988541,0.3583959899749374,"age_years,sex",225
within_project,IBD,PRJNA610934,Bacteria.Bacillota.Bacilli.Erysipelotrichales.Erysipelotrichaceae.Faecalitalea,Faecalitalea,19,21,-0.47707607427431775,0.5689880932956216,-0.8384640731426513,0.4073030380797319,0.9011935895394225,0.8074200421403841,0.04761904761904767,"age_years,sex",225
within_project,IBD,PRJNA610934,Bacteria.Bacillota.Clostridia.Lachnospirales.Lachnospiraceae.Shuttleworthia,Shuttleworthia,19,21,0.394515667711864,0.5657557471389781,0.6973250730671784,0.4900785658351853,0.9170110668571175,0.3431606204893868,0.17794486215538852,"age_years,sex",225
within_project,IBD,PRJNA610934,Bacteria.Bacteroidota.Bacteroidia.Bacteroidales.Prevotellaceae.NA,Prevotellaceae,19,21,1.3830646313860806,0.6345213769001183,2.1796974565977347,0.03590148523903634,0.4751667163990104,0.012712449388077474,0.4636591478696741,"age_years,sex",225
within_project,IBD,PRJNA610934,Bacteria.Bacillota.Clostridia.Lachnospirales.Lachnospiraceae.Anaerotignum,Anaerotignum,19,21,-0.09315844269525077,0.45361966131061504,-0.20536685386628498,0.8384423803674247,0.9824149145398584,0.3571262313617558,0.1729323308270676,"age_years,sex",225
within_project,IBD,PRJNA610934,Bacteria.Bacillota.Clostridia.Lachnospirales.Lachnospiraceae.Lachnospiraceae AC2044 group,Lachnospiraceae AC2044 group,19,21,-0.8915357462885135,0.8019563073167864,-1.111701146501915,0.27363604751997056,0.829690288281943,0.4011310611241259,-0.1578947368421053,"age_years,sex",225
within_project,IBD,PRJNA610934,Bacteria.Bacillota.Clostridia.Lachnospirales.Lachnospiraceae.Lachnospiraceae NK3A20 group,Lachnospiraceae NK3A20 group,19,21,-0.15236807217169065,0.38557792205153374,-0.3951680411601113,0.6950507503084038,0.9614925722600309,0.30339008245822074,0.1929824561403508,"age_years,sex",225
within_project,IBD,PRJNA610934,Bacteria.Bacteroidota.Bacteroidia.Bacteroidales.Prevotellaceae.Prevotellaceae NK3B31 group,Prevotellaceae NK3B31 group,19,21,-0.32627862147955056,0.38857136798593384,-0.8396877597305671,0.4066254238007515,0.9011935895394225,0.5880394496622332,0.10275689223057638,"age_years,sex",225
within_project,IBD,PRJNA610934,Bacteria.Bacillota.Bacilli.Lactobacillales.Lactobacillaceae.Lacticaseibacillus,Lacticaseibacillus,19,21,0.6973800906417577,0.6203804602960237,1.1241167884446142,0.26840347830893785,0.8272709947878222,0.08302925628769299,0.32330827067669166,"age_years,sex",225
within_project,IBD,PRJNA610934,Bacteria.Campylobacterota.Campylobacteria.Campylobacterales.Campylobacteraceae.Campylobacter,Campylobacter,19,21,0.730380959974292,0.44058536818762484,1.6577512843396485,0.10605798670349326,0.5497433834063656,0.03955354021833642,0.3834586466165413,"age_years,sex",225
within_project,IBD,PRJNA610934,Bacteria.Patescibacteria.Saccharimonadia.Saccharimonadales.Saccharimonadaceae.Incertae Sedis,Incertae Sedis,19,21,-0.0544117685809548,0.39324740383397816,-0.13836523280374013,0.8907228558494715,0.9824149145398584,0.3431606204893868,0.17794486215538852,"age_years,sex",225
within_project,IBD,PRJNA610934,Bacteria.Actinomycetota.Coriobacteriia.Coriobacteriales.Eggerthellaceae.Asaccharobacter,Asaccharobacter,19,21,0.4116486987587599,0.4854742226089858,0.8479311147490379,0.40207897284369964,0.9011935895394225,0.030256423160121886,0.4035087719298245,"age_years,sex",225
within_project,IBD,PRJNA610934,Bacteria.Pseudomonadota.NA.NA.NA.NA,Bacteria.Pseudomonadota.NA.NA.NA.NA,19,21,-0.0723318030049043,0.4201950207177531,-0.17213864857644254,0.8642926021105528,0.9824149145398584,0.7451753331998312,0.06265664160400997,"age_years,sex",225
within_project,IBD,PRJNA610934,Bacteria.Bacillota.Clostridia.Lachnospirales.Lachnospiraceae.Frisingicoccus,Frisingicoccus,19,21,-0.3712186202538087,0.6056208929327078,-0.612955438931754,0.5437590062469912,0.9170110668571175,0.3431606204893868,0.17794486215538852,"age_years,sex",225
within_project,IBD,PRJNA610934,Bacteria.Bacillota.Clostridia.Oscillospirales.Ruminococcaceae.Negativibacillus,Negativibacillus,19,21,1.4662650834218567,0.720990470457274,2.0336816414395975,0.04940478823259622,0.4833077109710499,0.015931854820559234,0.4486215538847118,"age_years,sex",225
within_project,IBD,PRJNA610934,Bacteria.Spirochaetota.Spirochaetia.Spirochaetales.Spirochaetaceae.Treponema,Treponema,19,21,-0.028345493065529758,0.3228563163098965,-0.08779599974845184,0.9305253845700968,0.9911570988354037,0.24417669048718993,0.21804511278195493,"age_years,sex",225
within_project,IBD,PRJNA610934,Bacteria.Actinomycetota.Actinobacteria.Actinomycetales.Actinomycetaceae.Varibaculum,Varibaculum,19,21,0.23896216416693217,0.3857322483620896,0.6195026865957464,0.5394865558049091,0.9170110668571175,0.0985097082180179,0.30827067669172936,"age_years,sex",225
within_project,IBD,PRJNA610934,Bacteria.Bacillota.Bacilli.Erysipelotrichales.Erysipelatoclostridiaceae.Coprobacillus,Coprobacillus,19,21,-0.44423896609493146,0.4359117127823189,-1.019103073095838,0.31495423720073445,0.8778753899441584,0.3431606204893868,0.17794486215538852,"age_years,sex",225
within_project,IBD,PRJNA610934,Bacteria.Bacillota.Clostridia.Lachnospirales.Lachnospiraceae.Eisenbergiella,Eisenbergiella,19,21,-0.6631243738005647,0.8709916652210729,-0.7613441095699258,0.4514103376868508,0.9170110668571175,0.5512772859588848,-0.1127819548872181,"age_years,sex",225
within_project,IBD,PRJNA610934,Bacteria.Bacillota.Clostridia.Oscillospirales.Oscillospiraceae.Flavonifractor,Flavonifractor,19,21,-0.06603754535186694,0.6753563837665193,-0.09778177409617424,0.9226479803122711,0.9911570988354037,0.6452094654316003,0.08771929824561409,"age_years,sex",225
within_project,IBD,PRJNA610934,Bacteria.Bacteroidota.Bacteroidia.Bacteroidales.Barnesiellaceae.Coprobacter,Coprobacter,19,21,0.655178753231265,0.5127298305499542,1.2778245270584705,0.20948994909456622,0.7564499664345419,0.06165153596080839,0.3483709273182958,"age_years,sex",225
within_project,IBD,PRJNA610934,Bacteria.Bacillota.Clostridia.Oscillospirales.NA.NA,Oscillospirales,19,21,-1.042645332308817,0.631650760412457,-1.6506674220228716,0.10750537275502263,0.5497433834063656,0.4482408685024878,-0.1428571428571429,"age_years,sex",225
within_project,IBD,PRJNA610934,Bacteria.Bacillota.Clostridia.Oscillospirales.Ruminococcaceae.Hydrogenoanaerobacterium,Hydrogenoanaerobacterium,19,21,-0.47399217340042077,0.4747936665297262,-0.998311912761677,0.32479142565509167,0.8791570480814125,0.9568013710189004,0.012531328320801949,"age_years,sex",225
within_project,IBD,PRJNA610934,Bacteria.Bacillota.Clostridia.Oscillospirales.Ruminococcaceae.Phocea,Phocea,19,21,0.1881131610479664,0.36825922730905214,0.5108172371471829,0.6125975238572112,0.945380207740724,0.06165153596080839,0.3483709273182958,"age_years,sex",225
within_project,IBD,PRJNA610934,Bacteria.Bacillota.Incertae Sedis.DTU014.Incertae Sedis.Incertae Sedis,Incertae Sedis,19,21,-0.232573611123571,0.38823734040415536,-0.5990500833368106,0.5528908721746802,0.9170110668571175,0.5333297346765966,0.1177944862155389,"age_years,sex",225
within_project,IBD,PRJNA610934,Bacteria.Actinomycetota.Coriobacteriia.Coriobacteriales.Atopobiaceae.Olsenella,Olsenella,19,21,0.43135148679710644,0.2837172236468085,1.5203570698058275,0.13715657197459358,0.6051025234173246,0.05448488162988541,0.3583959899749374,"age_years,sex",225
within_project,IBD,PRJNA610934,Bacteria.Bacillota.Clostridia.Peptostreptococcales-Tissierellales.Anaerovoracaceae.Incertae Sedis,Incertae Sedis,19,21,-0.4423656734169138,0.6137908727815177,-0.7207107388421143,0.47574176777194477,0.9170110668571175,0.5156824263113139,0.12280701754385959,"age_years,sex",225
within_project,IBD,PRJNA610934,Bacteria.Bacillota.Clostridia.Christensenellales.Christensenellaceae.Christensenella,Christensenella,19,21,-0.5526543598195611,0.6168196769612806,-0.8959739458088862,0.3762189678349853,0.8887748115246358,0.6845519562136833,-0.07769423558897248,"age_years,sex",225
within_project,IBD,PRJNA610934,Bacteria.Bacillota.Clostridia.Christensenellales.Christensenellaceae.NA,Christensenellaceae,19,21,-2.1180458783726146,0.7863499422647028,-2.6935156531869286,0.010668873250825835,0.35683876203856824,0.015931854820559234,-0.4486215538847118,"age_years,sex",225
within_project,IBD,PRJNA610934,Bacteria.Bacillota.Clostridia.Lachnospirales.Lachnospiraceae.Lactonifactor,Lactonifactor,19,21,0.17877790407078564,0.3785598648039724,0.47225794568412904,0.6395930158820053,0.9505061601011292,0.09311193395315111,0.31328320802005005,"age_years,sex",225
within_project,IBD,PRJNA610934,Bacteria.Bacillota.Clostridia.Oscillospirales.Ruminococcaceae.Anaerofilum,Anaerofilum,19,21,-0.7295886733336241,0.6018977862799361,-1.2121471285729242,0.23335167714950494,0.7886729783153877,0.6068358232257332,-0.09774436090225569,"age_years,sex",225
within_project,IBD,PRJNA610934,Bacteria.Verrucomicrobiota.Lentisphaeria.Victivallales.Victivallaceae.Victivallis,Victivallis,19,21,-0.379760074371504,0.31738367783773774,-1.1965330950813928,0.2393094790271954,0.789773881369668,1.0,-0.0025062656641604564,"age_years,sex",225
within_project,IBD,PRJNA610934,Bacteria.Bacillota.Clostridia.Oscillospirales.Oscillospiraceae.UCG-007,UCG-007,19,21,-0.1893918445502527,0.33508996585551754,-0.5651970033382431,0.5754454537475369,0.9314764539078835,0.18447087764848236,0.24812030075187974,"age_years,sex",225
within_project,IBD,PRJNA610934,Bacteria.Bacillota.Clostridia.Oscillospirales.Ruminococcaceae.[Clostridium] methylpentosum group,[Clostridium] methylpentosum group,19,21,1.322960090217881,0.5575663808448049,2.3727400640859635,0.023119198689328036,0.35683876203856824,0.007333398615540424,0.4987468671679198,"age_years,sex",225
within_project,IBD,PRJNA610934,Bacteria.Bacillota.Clostridia.Oscillospirales.Oscillospiraceae.Pseudoflavonifractor,Pseudoflavonifractor,19,21,0.290372474097339,0.46713343724199297,0.6216049868143243,0.538118410496828,0.9170110668571175,0.06551763448058548,0.34335839598997486,"age_years,sex",225
within_project,IBD,PRJNA610934,Bacteria.Cyanobacteriota.Cyanobacteriia.Chloroplast.Incertae Sedis.Incertae Sedis,Incertae Sedis,19,21,0.3374298027689556,0.5394883052939196,0.6254626828011034,0.5356126084108779,0.9170110668571175,0.17567313428503284,0.25313283208020043,"age_years,sex",225
within_project,IBD,PRJNA610934,Bacteria.Actinomycetota.Coriobacteriia.Coriobacteriales.Atopobiaceae.Lancefieldella,Lancefieldella,19,21,0.4006110478870405,0.3464852142499825,1.1562139780025569,0.25520918991330716,0.808761517330903,0.05117069698454882,0.36340852130325807,"age_years,sex",225
within_project,IBD,PRJNA610934,Bacteria.Bacillota.Bacilli.Lactobacillales.Aerococcaceae.Abiotrophia,Abiotrophia,19,21,-0.4364812776766407,0.5377872966683901,-0.8116243733919646,0.4223413596458744,0.9050171992411594,0.9568013710189004,0.012531328320801949,"age_years,sex",225
within_project,IBD,PRJNA610934,Bacteria.Bacteroidota.Bacteroidia.Bacteroidales.Prevotellaceae.Prevotellaceae UCG-003,Prevotellaceae UCG-003,19,21,0.05751947002579797,0.2731766395768249,0.21055779189209145,0.834419625659899,0.9824149145398584,0.17567313428503284,0.25313283208020043,"age_years,sex",225
within_project,IBD,PRJNA610934,Bacteria.Bacillota.Bacilli.Erysipelotrichales.Erysipelotrichaceae.Dielma,Dielma,19,21,-0.23808973418388316,0.4882637213170934,-0.4876252807430278,0.6287718114233575,0.945380207740724,0.9352416292303105,-0.01754385964912286,"age_years,sex",225
within_project,IBD,PRJNA610934,Bacteria.Bacillota.Clostridia.Lachnospirales.Lachnospiraceae.GCA-900066755,GCA-900066755,19,21,0.07066809046137351,0.4937001357370054,0.14313970231318404,0.8869780527973008,0.9824149145398584,0.3162920566495764,0.18796992481203012,"age_years,sex",225
within_project,IBD,PRJNA610934,Bacteria.Bacillota.Bacilli.Erysipelotrichales.Erysipelatoclostridiaceae.Longibaculum,Longibaculum,19,21,0.46971129590374694,0.4396190958285523,1.0684506209141795,0.2924296872659111,0.8545023329198702,0.08302925628769299,0.32330827067669166,"age_years,sex",225
within_project,IBD,PRJNA610934,Bacteria.Bacillota.Clostridia.Peptostreptococcales-Tissierellales.Family XI.Murdochiella,Murdochiella,19,21,0.18461263312423637,0.34153980558865776,0.5405303572333215,0.5921601509570563,0.9317205172401236,0.0985097082180179,0.30827067669172936,"age_years,sex",225
within_project,IBD,PRJNA610934,Bacteria.Bacillota.Clostridia.Lachnospirales.Lachnospiraceae.Lachnospiraceae UCG-009,Lachnospiraceae UCG-009,19,21,0.03773740390401083,0.5547654803771147,0.0680240664548161,0.94614289674175,0.9911570988354037,0.7045575343964623,0.07268170426065157,"age_years,sex",225
within_project,IBD,PRJNA610934,Bacteria.Pseudomonadota.Gammaproteobacteria.Enterobacterales.Pasteurellaceae.Mannheimia,Mannheimia,19,21,0.07025843184183396,0.41471091525580916,0.16941543918248678,0.8664182879504171,0.9824149145398584,0.12264018028724906,0.28822055137844615,"age_years,sex",225
within_project,HIV,PRJEB4335,Bacteria.Actinomycetota.Coriobacteriia.Coriobacteriales.Atopobiaceae.Tractidigestivibacter,Tractidigestivibacter,29,20,0.6515944687570967,0.2639153010149446,2.468952979426529,0.017325690920443167,0.061427449627025774,0.1895022932200039,0.22413793103448265,age_years,195
within_project,HIV,PRJEB4335,Bacteria.Actinomycetota.Coriobacteriia.Coriobacteriales.Coriobacteriaceae.Collinsella,Collinsella,29,20,0.39978320139951784,0.437826063373915,0.9131096452293487,0.36594604045391566,0.5897477511447401,0.12965293348611176,0.2586206896551724,age_years,195
within_project,HIV,PRJEB4335,Bacteria.Actinomycetota.Coriobacteriia.Coriobacteriales.Eggerthellaceae.Adlercreutzia,Adlercreutzia,29,20,0.8840622564862078,0.4235180311929086,2.0874253074800624,0.0424171774187724,0.12485247159318637,0.12458404539587965,0.26206896551724146,age_years,195
within_project,HIV,PRJEB4335,Bacteria.Actinomycetota.Coriobacteriia.Coriobacteriales.Eggerthellaceae.Senegalimassilia,Senegalimassilia,29,20,0.6226108389869126,0.41137126769302035,1.5135010339407726,0.13699351415297553,0.28724446515946483,0.08940417830111676,0.289655172413793,age_years,195
within_project,HIV,PRJEB4335,Bacteria.Bacillota.Bacilli.Erysipelotrichales.Erysipelotrichaceae.Holdemanella,Holdemanella,29,20,2.647309534961533,0.7110012755529783,3.7233541288693175,0.0005350477976487449,0.00417337282166021,0.0022026283351249216,0.5206896551724138,age_years,195
within_project,HIV,PRJEB4335,Bacteria.Bacillota.Bacilli.Lactobacillales.Streptococcaceae.Streptococcus,Streptococcus,29,20,0.2791536668577819,0.3443008864851347,0.810784049113491,0.4216648496620098,0.6374003541402474,0.3139711521236854,0.17241379310344818,age_years,195
within_project,HIV,PRJEB4335,Bacteria.Bacillota.Bacilli.RF39.Incertae Sedis.Incertae Sedis,Incertae Sedis,29,20,-0.5778185139346721,0.6129693158267681,-0.9426548752368056,0.3507821432032412,0.5796823552934919,0.34420031398129713,-0.16206896551724137,age_years,195
within_project,HIV,PRJEB4335,Bacteria.Bacillota.Clostridia.Christensenellales.Christensenellaceae.Christensenellaceae R-7 group,Christensenellaceae R-7 group,29,20,-0.946753987999733,0.5487435264328183,-1.7253123588614077,0.09118445192214998,0.21684107469291763,0.08199380693256228,-0.29655172413793107,age_years,195
within_project,HIV,PRJEB4335,Bacteria.Bacillota.Clostridia.Clostridia UCG-014.Incertae Sedis.Incertae Sedis,Incertae Sedis,29,20,-1.9995432612890138,0.6887391717051422,-2.9031937537960206,0.005655604628561744,0.027571072564238505,0.004544047220242871,-0.48275862068965514,age_years,195
within_project,HIV,PRJEB4335,Bacteria.Bacillota.Clostridia.Clostridiales.Clostridiaceae.Clostridium,Clostridium,29,20,-0.33812534554045026,0.5990962652182112,-0.5643923442208298,0.5752290139264395,0.7682853268195596,0.8627251633336139,-0.03103448275862064,age_years,195
within_project,HIV,PRJEB4335,Bacteria.Bacillota.Clostridia.Lachnospirales.Lachnospiraceae.Agathobacter,Agathobacter,29,20,-0.020212188573531645,0.4447186419923908,-0.04544938454340189,0.9639458538835921,0.9739349300896396,0.376225200672869,-0.15172413793103445,age_years,195
within_project,HIV,PRJEB4335,Bacteria.Bacillota.Clostridia.Lachnospirales.Lachnospiraceae.Blautia,Blautia,29,20,-0.3071629625776715,0.2594370596263748,-1.1839594660070099,0.24251114317521963,0.4461289898034701,0.32384740290445135,-0.16896551724137931,age_years,195
within_project,HIV,PRJEB4335,Bacteria.Bacillota.Clostridia.Lachnospirales.Lachnospiraceae.Coprococcus,Coprococcus,29,20,-0.6789473857274615,0.4464295463730911,-1.5208388227065286,0.13514502636243542,0.286448697181249,0.12458404539587965,-0.26206896551724135,age_years,195
within_project,HIV,PRJEB4335,Bacteria.Bacillota.Clostridia.Lachnospirales.Lachnospiraceae.Dorea,Dorea,29,20,0.37454812934459736,0.38694371937195216,0.9679653928807165,0.3381236399304044,0.5776253178713382,0.09734466422855859,0.28275862068965507,age_years,195
within_project,HIV,PRJEB4335,Bacteria.Bacillota.Clostridia.Lachnospirales.Lachnospiraceae.Howardella,Howardella,29,20,0.5093480984375626,0.3831440407254468,1.329390631975276,0.19027474569501107,0.3710357541052716,0.5085405440351959,0.11379310344827576,age_years,195
within_project,HIV,PRJEB4335,Bacteria.Bacillota.Clostridia.Lachnospirales.Lachnospiraceae.Lachnospiraceae NK4A136 group,Lachnospiraceae NK4A136 group,29,20,-1.4649421298210263,0.5037597885372089,-2.908017200171629,0.005582625890837567,0.027571072564238505,0.006614693697692294,-0.4620689655172414,age_years,195
within_project,HIV,PRJEB4335,Bacteria.Bacillota.Clostridia.Lachnospirales.Lachnospiraceae.Mediterraneibacter,Mediterraneibacter,29,20,-0.08360741937810917,0.3645956726211212,-0.22931544627791547,0.8196403141626795,0.9144183943123639,0.7066751139640279,0.06551724137931036,age_years,195
within_project,HIV,PRJEB4335,Bacteria.Bacillota.Clostridia.Lachnospirales.Lachnospiraceae.Roseburia,Roseburia,29,20,-0.5705802802711621,0.519594829657838,-1.0981254002217438,0.2778645501960551,0.4963341849883501,0.22614716836647875,-0.2068965517241379,age_years,195
within_project,HIV,PRJEB4335,Bacteria.Bacillota.Clostridia.Lachnospirales.Lachnospiraceae.[Eubacterium] eligens group,[Eubacterium] eligens group,29,20,-0.4737472373726179,0.6291506518239476,-0.7529949082929417,0.4552895705662009,0.67080355442547,0.1761397647662326,-0.2310344827586207,age_years,195
within_project,HIV,PRJEB4335,Bacteria.Bacillota.Clostridia.Lachnospirales.Lachnospiraceae.[Eubacterium] ruminantium group,[Eubacterium] ruminantium group,29,20,0.29688989968396984,0.7129320825772847,0.41643503910035606,0.6790284424477345,0.8180821240438287,0.783611488499106,-0.0482758620689655,age_years,195
within_project,HIV,PRJEB4335,Bacteria.Bacillota.Clostridia.NA.NA.NA,Clostridia,29,20,-0.8821282099879231,0.5063981761009245,-1.7419656144498357,0.0881980823371523,0.21498282569680874,0.09734466422855859,-0.2827586206896552,age_years,195
within_project,HIV,PRJEB4335,Bacteria.Bacillota.Clostridia.Oscillospirales.Oscillospiraceae.Colidextribacter,Colidextribacter,29,20,-0.4341474082825721,0.5322689116449829,-0.8156542656997094,0.4189014354952031,0.6374003541402474,0.23404582258748152,-0.20344827586206893,age_years,195
within_project,HIV,PRJEB4335,Bacteria.Bacillota.Clostridia.Oscillospirales.Oscillospiraceae.UCG-002,UCG-002,29,20,-0.09082260723790235,0.6402920939127545,-0.14184558594640048,0.8878214032498382,0.9307805034070883,0.5216721197781073,0.1103448275862069,age_years,195
within_project,HIV,PRJEB4335,Bacteria.Bacillota.Clostridia.Oscillospirales.Ruminococcaceae.Faecalibacterium,Faecalibacterium,29,20,-0.6304151483231548,0.3669291627224925,-1.7180840673597155,0.09250656477990679,0.21733470038652802,0.038951075672260645,-0.3517241379310345,age_years,195
within_project,HIV,PRJEB4335,Bacteria.Bacillota.Clostridia.Oscillospirales.Ruminococcaceae.Gemmiger,Gemmiger,29,20,0.4294900074916396,0.5825955329327189,0.7372009965981653,0.46474389607535704,0.67080355442547,0.9918848939041194,-0.0034482758620689724,age_years,195
within_project,HIV,PRJEB4335,Bacteria.Bacillota.Clostridia.Oscillospirales.Ruminococcaceae.NA,Ruminococcaceae,29,20,-0.45912237493650204,0.6956377462035724,-0.6600021023041838,0.5125438166546876,0.7190362895515402,0.4702098638612733,-0.12413793103448278,age_years,195
within_project,HIV,PRJEB4335,Bacteria.Bacillota.Clostridia.Oscillospirales.Ruminococcaceae.Ruminococcus,Ruminococcus,29,20,-0.5868710194254634,0.6976152553536716,-0.8412531333305434,0.4045582234721343,0.6311108286165295,0.1574316754015498,-0.24137931034482762,age_years,195
within_project,HIV,PRJEB4335,Bacteria.Bacillota.Clostridia.Oscillospirales.Ruminococcaceae.[Eubacterium] siraeum group,[Eubacterium] siraeum group,29,20,-0.8576409874272994,0.6659655177226476,-1.2878159072861761,0.20425123124288105,0.39048029502315496,0.12965293348611176,-0.2586206896551724,age_years,195
within_project,HIV,PRJEB4335,Bacteria.Bacillota.Clostridia.Oscillospirales.UCG-010.Incertae Sedis,Incertae Sedis,29,20,-0.1796937888482468,0.5191039375407697,-0.3461614829961368,0.7307997088965816,0.8517047159179989,0.34420031398129713,-0.16206896551724137,age_years,195
within_project,HIV,PRJEB4335,Bacteria.Bacillota.Clostridia.Peptostreptococcales-Tissierellales.Peptostreptococcaceae.Romboutsia,Romboutsia,29,20,-1.2998697987413441,0.5410414766317898,-2.4025326243628844,0.020374519123646184,0.07094698623412511,0.0750895947055034,-0.303448275862069,age_years,195
within_project,HIV,PRJEB4335,Bacteria.Bacillota.NA.NA.NA.NA,Bacteria.Bacillota.NA.NA.NA.NA,29,20,-1.3826317670115633,0.3206538476878816,-4.311913850344285,8.466825526335568e-05,0.001153461300500414,9.009867244118432e-05,-0.6655172413793103,age_years,195
within_project,HIV,PRJEB4335,Bacteria.Bacillota.Negativicutes.Acidaminococcales.Acidaminococcaceae.Phascolarctobacterium,Phascolarctobacterium,29,20,0.5166399925530785,0.6647883311303189,0.7771496104250981,0.4410489233743038,0.6615733850614557,0.8948083973146685,0.024137931034482696,age_years,195
within_project,HIV,PRJEB4335,Bacteria.Bacteroidota.Bacteroidia.Bacteroidales.Bacteroidaceae.Bacteroides,Bacteroides,29,20,-2.003130697551124,0.46054205673091453,-4.349506561398611,7.50120450071018e-05,0.001125180675106527,0.00017467403905657098,-0.6379310344827587,age_years,195
within_project,HIV,PRJEB4335,Bacteria.Bacteroidota.Bacteroidia.Bacteroidales.Prevotellaceae.Incertae Sedis,Incertae Sedis,29,20,5.119574207004427,0.7583561943164613,6.75088335187783,2.1559429267073633e-08,2.1020443535396792e-06,2.0358284549900995e-06,0.806896551724138,age_years,195
within_project,HIV,PRJEB4335,Bacteria.Bacteroidota.Bacteroidia.Bacteroidales.Prevotellaceae.Segatella,Segatella,29,20,4.003096587523345,0.8568672164392718,4.6717817075068995,2.6206581143086046e-05,0.0005110283322901779,0.00028229229723001107,0.6172413793103448,age_years,195
within_project,HIV,PRJEB4335,Bacteria.Bacteroidota.Bacteroidia.Bacteroidales.Rikenellaceae.Alistipes,Alistipes,29,20,-3.476253497582718,0.5831192003347244,-5.961480080894721,3.307415086892654e-07,9.213513456343823e-06,2.513763059453029e-07,-0.8758620689655172,age_years,195
within_project,HIV,PRJEB4335,Bacteria.Bacteroidota.Bacteroidia.Bacteroidales.Tannerellaceae.Parabacteroides,Parabacteroides,29,20,-1.5858411968828767,0.47273826418120085,-3.354586072336685,0.0015998239392072,0.009748927129543875,0.00011582852844708725,-0.6551724137931034,age_years,195
within_project,HIV,PRJEB4335,Bacteria.NA.NA.NA.NA.NA,Bacteria.NA.NA.NA.NA.NA,29,20,-0.8195491324661867,0.41024137637991265,-1.9977242171380245,0.05167992657920673,0.14092353616037423,0.018799147051088157,-0.4,age_years,195
within_project,HIV,PRJEB4335,Bacteria.Pseudomonadota.Gammaproteobacteria.Burkholderiales.Oxalobacteraceae.Oxalobacter,Oxalobacter,29,20,-0.011713222509371369,0.38247222522466606,-0.030625027745455148,0.9757010736791074,0.9807304606568348,0.3653516146977044,-0.15517241379310343,age_years,195
within_project,HIV,PRJEB4335,Bacteria.Pseudomonadota.Gammaproteobacteria.Enterobacterales.Enterobacteriaceae.Klebsiella,Klebsiella,29,20,-0.08322176305118487,0.4480300314717867,-0.18575041226098143,0.853457168024873,0.9144183943123639,0.4216827624924292,-0.13793103448275867,age_years,195
within_project,HIV,PRJEB4335,Bacteria.Pseudomonadota.Gammaproteobacteria.Enterobacterales.Enterobacteriaceae.NA,Enterobacteriaceae,29,20,-0.09254297446458891,0.3725155346702696,-0.24842715498161141,0.8049096845027262,0.9123931300583016,0.43353119583553923,-0.1344827586206897,age_years,195
within_project,HIV,PRJEB4335,Bacteria.Pseudomonadota.Gammaproteobacteria.Enterobacterales.Pasteurellaceae.Haemophilus,Haemophilus,29,20,0.2888068903954864,0.503659342984456,0.5734171209535164,0.5691552378874416,0.7654156647451801,0.5758871303046516,0.096551724137931,age_years,195
within_project,HIV,PRJEB4335,Bacteria.Pseudomonadota.Gammaproteobacteria.Enterobacterales.Succinivibrionaceae.Succinivibrio,Succinivibrio,29,20,2.6326872357047937,0.7565123813675616,3.480031920886259,0.0011087207215750494,0.007455191058866712,0.06270403662942024,0.3172413793103448,age_years,195
within_project,HIV,PRJEB4335,Archaea.Methanobacteriota.Methanobacteria.Methanobacteriales.Methanobacteriaceae.Methanobrevibacter,Methanobrevibacter,29,20,0.6726528987340797,0.39820801652291,1.6891997921276911,0.09794933432936166,0.22455172880128307,0.09734466422855859,0.28275862068965507,age_years,195
within_project,HIV,PRJEB4335,Bacteria.Actinomycetota.Actinobacteria.Micrococcales.Micrococcaceae.Rothia,Rothia,29,20,-0.3406025147141815,0.3122676178409524,-1.0907391457018158,0.28106828189972616,0.4963341849883501,0.13488051112999844,-0.2551724137931034,age_years,195
within_project,HIV,PRJEB4335,Bacteria.Actinomycetota.Coriobacteriia.Coriobacteriales.Eggerthellaceae.Eggerthella,Eggerthella,29,20,-0.6382126026440861,0.33958282955719604,-1.879401863387182,0.06653303759584023,0.17298589774918458,0.06270403662942024,-0.3172413793103448,age_years,195
within_project,HIV,PRJEB4335,Bacteria.Bacillota.Bacilli.Erysipelotrichales.Erysipelatoclostridiaceae.Catenibacterium,Catenibacterium,29,20,4.919001416019196,0.7512610786791186,6.547659070356575,4.3562617877175566e-08,2.1022287181159984e-06,1.1053779459927836e-06,0.8275862068965518,age_years,195
within_project,HIV,PRJEB4335,Bacteria.Bacillota.Bacilli.Lactobacillales.Lactobacillaceae.Lactobacillus,Lactobacillus,29,20,-0.03337623162238902,0.50726668157783,-0.06579622284391667,0.9478251929564052,0.9676749352172723,0.38729627646180076,-0.14827586206896548,age_years,195
within_project,HIV,PRJEB4335,Bacteria.Bacillota.Bacilli.Staphylococcales.Gemellaceae.Gemella,Gemella,29,20,-0.22172843194191083,0.349287315037154,-0.6348024173689943,0.5287022134959112,0.736406654512162,0.32384740290445135,-0.16896551724137931,age_years,195
within_project,HIV,PRJEB4335,Bacteria.Bacillota.Bacilli.Staphylococcales.Staphylococcaceae.Staphylococcus,Staphylococcus,29,20,0.31083641329106276,0.32483211111584986,0.9569140569979069,0.343613009605514,0.5776253178713382,0.975658039224175,-0.006896551724137945,age_years,195
within_project,HIV,PRJEB4335,Bacteria.Bacillota.Clostridia.Lachnospirales.Lachnospiraceae.NA,Lachnospiraceae,29,20,-0.6879775969222598,0.33851696338819404,-2.032328276953501,0.04791744611957572,0.1338654069892084,0.11491116085989052,-0.2689655172413793,age_years,195
within_project,HIV,PRJEB4335,Bacteria.Bacillota.Clostridia.Oscillospirales.Butyricicoccaceae.Agathobaculum,Agathobaculum,29,20,-0.45213263679840254,0.46191468890353177,-0.9788228165500661,0.33278754497853014,0.5742793917771095,0.16349267016342994,-0.23793103448275865,age_years,195
within_project,HIV,PRJEB4335,Bacteria.Bacillota.Clostridia.Oscillospirales.Oscillospiraceae.Intestinimonas,Intestinimonas,29,20,0.2110790351260139,0.5522641735955701,0.38220664170873714,0.7040682711332836,0.8371543467743311,0.910918175630822,0.020689655172413834,age_years,195
within_project,HIV,PRJEB4335,Bacteria.Bacillota.Clostridia.Oscillospirales.Oscillospiraceae.NA,Oscillospiraceae,29,20,-0.2250410106014357,0.5567475504176745,-0.40420655723156557,0.6879340603405443,0.8229885997939026,0.8627251633336139,-0.03103448275862064,age_years,195
within_project,HIV,PRJEB4335,Bacteria.Bacillota.Clostridia.Oscillospirales.Oscillospiraceae.NK4A214 group,NK4A214 group,29,20,0.1238224155371339,0.5805053862127608,0.21330106227774395,0.8320346991884298,0.9144183943123639,0.8627251633336139,-0.03103448275862064,age_years,195
within_project,HIV,PRJEB4335,Bacteria.Bacillota.Clostridia.Oscillospirales.Ruminococcaceae.Acutalibacter,Acutalibacter,29,20,-0.4441298075348152,0.4743326036725211,-0.9363257007765,0.3539954499063459,0.5800765775776255,0.29481919796559963,-0.17931034482758623,age_years,195
within_project,HIV,PRJEB4335,Bacteria.Bacillota.Clostridia.Oscillospirales.Ruminococcaceae.Incertae Sedis,Incertae Sedis,29,20,-0.08571431576256379,0.5265024826155611,-0.16279945222053252,0.8713894309933824,0.9184915623984301,0.9918848939041194,0.0034482758620688614,age_years,195
within_project,HIV,PRJEB4335,Bacteria.Bacillota.Clostridia.Peptostreptococcales-Tissierellales.Anaerovoracaceae.Mogibacterium,Mogibacterium,29,20,2.182728247506835,0.535967545297401,4.072500782292087,0.00018148219299505042,0.0017694513817017416,0.0007610504233655051,0.5724137931034483,age_years,195
within_project,HIV,PRJEB4335,Bacteria.Bacteroidota.Bacteroidia.Bacteroidales.Prevotellaceae.Massiliprevotella,Massiliprevotella,29,20,2.061588123718284,0.8133772024835471,2.5346027862884264,0.014724339232904836,0.054644298663512975,0.03186731544051836,0.3655172413793104,age_years,195
within_project,HIV,PRJEB4335,Bacteria.Pseudomonadota.Gammaproteobacteria.Enterobacterales.Enterobacteriaceae.Escherichia-Shigella,Escherichia-Shigella,29,20,0.37111386914137195,0.7254656675665383,0.5115526285154413,0.6114111540232801,0.7904081326643565,0.43353119583553923,0.1344827586206896,age_years,195
within_project,HIV,PRJEB4335,Bacteria.Verrucomicrobiota.Verrucomicrobiia.Verrucomicrobiales.Akkermansiaceae.Akkermansia,Akkermansia,29,20,-1.9011437180490665,0.7003718153209605,-2.71447776232661,0.00931406949337055,0.03864347981292037,0.0032884275748537406,-0.5,age_years,195
within_project,HIV,PRJEB4335,Bacteria.Actinomycetota.Coriobacteriia.Coriobacteriales.Eggerthellaceae.Incertae Sedis,Incertae Sedis,29,20,-0.07053416085639683,0.37359784883232616,-0.18879702085236885,0.8510824164308441,0.9144183943123639,0.8150378408005211,-0.04137931034482756,age_years,195
within_project,HIV,PRJEB4335,Bacteria.Actinomycetota.Coriobacteriia.Coriobacteriales.Eggerthellaceae.Slackia,Slackia,29,20,0.1796896887369932,0.3559659992506179,0.5047945284529343,0.6161130059742677,0.7904081326643565,0.7992840286171512,0.04482758620689653,age_years,195
within_project,HIV,PRJEB4335,Bacteria.Bacillota.Bacilli.Erysipelotrichales.Erysipelatoclostridiaceae.Erysipelotrichaceae UCG-003,Erysipelotrichaceae UCG-003,29,20,-2.7360843640240238,0.6690031350044288,-4.089793038123672,0.0001718504277630717,0.0017637280744104728,6.410037971179143e-05,-0.6793103448275862,age_years,195
within_project,HIV,PRJEB4335,Bacteria.Bacillota.Bacilli.Erysipelotrichales.Erysipelatoclostridiaceae.Massiliomicrobiota,Massiliomicrobiota,29,20,-0.22747776682448737,0.2364239820405186,-0.9621602887371298,0.34099983406271595,0.5776253178713382,0.049646889460636036,-0.33448275862068966,age_years,195
within_project,HIV,PRJEB4335,Bacteria.Bacillota.Clostridia.Oscillospirales.Ruminococcaceae.Fournierella,Fournierella,29,20,0.2060679736133255,0.4067279275047022,0.5066482030815136,0.6148217065295745,0.7904081326643565,0.3139711521236854,-0.1724137931034483,age_years,195
within_project,HIV,PRJEB4335,Bacteria.Bacillota.Clostridia.Oscillospirales.[Eubacterium] coprostanoligenes group.Incertae Sedis,Incertae Sedis,29,20,0.8693068871658456,0.43583297147857236,1.9945872479925142,0.05203330565921511,0.14092353616037423,0.18273049500721728,0.22758620689655173,age_years,195
within_project,HIV,PRJEB4335,Bacteria.Bacillota.Clostridia.Peptococcales.Peptococcaceae.Peptococcus,Peptococcus,29,20,1.4124607325015301,0.5467008707530125,2.583607980276382,0.013019980973243937,0.05181420999556261,0.010682737493350771,0.43448275862068964,age_years,195
within_project,HIV,PRJEB4335,Bacteria.Bacillota.Clostridia.Peptostreptococcales-Tissierellales.Anaerovoracaceae.Family XIII AD3011 group,Family XIII AD3011 group,29,20,1.0672500345560616,0.4790715377714948,2.2277466942006336,0.030829163997518987,0.10019478299193671,0.018799147051088157,0.3999999999999999,age_years,195
within_project,HIV,PRJEB4335,Bacteria.Bacillota.Clostridia.Peptostreptococcales-Tissierellales.Family XI.Parvimonas,Parvimonas,29,20,1.1705757651571995,0.5134839647851271,2.2796734570806696,0.027311808940477477,0.09026784310835777,0.08940417830111676,0.289655172413793,age_years,195
within_project,HIV,PRJEB4335,Bacteria.Bacillota.Clostridia.Peptostreptococcales-Tissierellales.Peptostreptococcaceae.Intestinibacter,Intestinibacter,29,20,-1.2679636648154062,0.6108580285868267,-2.0757092572700455,0.04353829778634191,0.12485247159318637,0.06562999825873787,-0.3137931034482758,age_years,195
within_project,HIV,PRJEB4335,Bacteria.Bacteroidota.Bacteroidia.Bacteroidales.Muribaculaceae.Incertae Sedis,Incertae Sedis,29,20,1.8740870898303403,0.7404114942292468,2.5311426206061625,0.014852040149570192,0.054644298663512975,0.06270403662942024,0.3172413793103448,age_years,195
within_project,HIV,PRJEB4335,Bacteria.Elusimicrobiota.Elusimicrobia.Elusimicrobiales.Elusimicrobiaceae.Elusimicrobium,Elusimicrobium,29,20,0.9291227335508684,0.48659754793238297,1.9094274878671977,0.06245543963100293,0.16457852335196718,0.8948083973146685,0.024137931034482696,age_years,195
within_project,HIV,PRJEB4335,Bacteria.Actinomycetota.Actinobacteria.Actinomycetales.Actinomycetaceae.Schaalia,Schaalia,29,20,0.9594247163947239,0.49571489882846137,1.9354365153481619,0.05909773548365371,0.15786381396318458,0.11491116085989052,0.2689655172413794,age_years,195
within_project,HIV,PRJEB4335,Bacteria.Bacillota.Clostridia.Lachnospirales.Lachnospiraceae.Anaerostipes,Anaerostipes,29,20,-1.2538800421971787,0.31414045305103555,-3.991463149744271,0.0002340513138851495,0.0020745457367092796,0.00026084312831879805,-0.6206896551724138,age_years,195
within_project,HIV,PRJEB4335,Bacteria.Bacillota.Clostridia.Lachnospirales.Lachnospiraceae.Fusicatenibacter,Fusicatenibacter,29,20,-1.3330740782655097,0.4714589481146808,-2.8275506989449353,0.006922675011577958,0.03214099112518337,0.007473805046219469,-0.45517241379310347,age_years,195
within_project,HIV,PRJEB4335,Bacteria.Bacillota.Clostridia.Lachnospirales.Lachnospiraceae.Marvinbryantia,Marvinbryantia,29,20,0.10682406695594245,0.49158926784100654,0.21730349693169518,0.8289328234260582,0.9144183943123639,0.975658039224175,-0.006896551724137945,age_years,195
within_project,HIV,PRJEB4335,Bacteria.Bacillota.Negativicutes.Veillonellales-Selenomonadales.Veillonellaceae.Dialister,Dialister,29,20,3.061312438872724,0.7188364427041098,4.258705119841612,0.00010043585871631223,0.0012240620281050553,0.00017467403905657098,0.6379310344827587,age_years,195
within_project,HIV,PRJEB4335,Bacteria.Bacillota.Negativicutes.Veillonellales-Selenomonadales.Veillonellaceae.Megasphaera,Megasphaera,29,20,4.574579196702347,0.7052857943262691,6.486135455304692,5.390330046451278e-08,2.1022287181159984e-06,2.2508128403030312e-06,0.8034482758620689,age_years,195
within_project,HIV,PRJEB4335,Bacteria.Bacillota.Bacilli.Erysipelotrichales.Erysipelotrichaceae.Erysipelotrichaceae UCG-006,Erysipelotrichaceae UCG-006,29,20,0.41195103487643325,0.2796342019246797,1.4731782880671853,0.1475132859613467,0.30279042907855375,0.6471731148352031,0.07931034482758625,age_years,195
within_project,HIV,PRJEB4335,Bacteria.Bacillota.Bacilli.Erysipelotrichales.Erysipelotrichaceae.Turicibacter,Turicibacter,29,20,-0.4000648341179219,0.5464881367419387,-0.7320649932183971,0.4678424789839175,0.67080355442547,0.910918175630822,-0.020689655172413834,age_years,195
within_project,HIV,PRJEB4335,Bacteria.Bacillota.Clostridia.Lachnospirales.Lachnospiraceae.Faecalimonas,Faecalimonas,29,20,0.09738970517330006,0.48467790487584095,0.20093696080131443,0.8416337104863736,0.9144183943123639,0.8150378408005211,0.04137931034482767,age_years,195
within_project,HIV,PRJEB4335,Bacteria.Bacillota.Clostridia.Peptostreptococcales-Tissierellales.Peptostreptococcaceae.Terrisporobacter,Terrisporobacter,29,20,-0.6492783780804263,0.35020355370898765,-1.8540028255109142,0.07015706551688695,0.18000826020780206,0.10152116177231046,-0.2793103448275862,age_years,195
within_project,HIV,PRJEB4335,Bacteria.Bacteroidota.Bacteroidia.Bacteroidales.Prevotellaceae.Leyella,Leyella,29,20,4.845368048259183,0.6508734055320521,7.444409323036282,1.9718379458895235e-09,3.845083994484571e-07,8.00507388014864e-06,0.7586206896551724,age_years,195
within_project,HIV,PRJEB4335,Bacteria.Cyanobacteriota.Vampirivibrionia.Gastranaerophilales.Gastranaerophilaceae.Zag_111,Zag_111,29,20,-0.12303417447688555,0.6379580108301673,-0.19285622625348434,0.8479205420646607,0.9144183943123639,0.5484487885948235,-0.10344827586206895,age_years,195
within_project,HIV,PRJEB4335,Bacteria.Bacillota.Bacilli.Lactobacillales.Streptococcaceae.Lactococcus,Lactococcus,29,20,-0.1504776678026018,0.24245336133476786,-0.6206458304978066,0.5378957883495371,0.7438984306961683,0.3546764137285142,-0.1586206896551724,age_years,195
within_project,HIV,PRJEB4335,Bacteria.Bacillota.Clostridia.Lachnospirales.Lachnospiraceae.CAG-56,CAG-56,29,20,-1.5723858413311904,0.5629535647517234,-2.7931004256534937,0.007582993442673284,0.034387993519099776,0.005491889883463653,-0.4724137931034482,age_years,195
within_project,HIV,PRJEB4335,Bacteria.Bacillota.Clostridia.Lachnospirales.Lachnospiraceae.Lachnoclostridium,Lachnoclostridium,29,20,-0.22156680213763336,0.42124029564660753,-0.5259867216585402,0.601424242711214,0.7870988411321257,0.8787418890381609,-0.02758620689655178,age_years,195
within_project,HIV,PRJEB4335,Bacteria.Bacillota.Clostridia.Lachnospirales.Lachnospiraceae.Lachnospira,Lachnospira,29,20,-0.5332409779817002,0.6406992375002722,-0.8322797137423995,0.4095512167098413,0.6338292639557067,0.3985637657292329,-0.1448275862068965,age_years,195
within_project,HIV,PRJEB4335,Bacteria.Bacillota.Clostridia.Lachnospirales.Lachnospiraceae.Lachnospiraceae FCS020 group,Lachnospiraceae FCS020 group,29,20,-0.07968813502929879,0.4530430717877061,-0.1758952735218966,0.8611482802481976,0.9145499320205595,0.830866795454782,-0.037931034482758585,age_years,195
within_project,HIV,PRJEB4335,Bacteria.Bacillota.Clostridia.Oscillospirales.Ruminococcaceae.Ruthenibacterium,Ruthenibacterium,29,20,-0.38263297365043775,0.5366678242563916,-0.7129791583473726,0.4794600927010201,0.6774979570775284,0.19645725549639304,-0.2206896551724138,age_years,195
within_project,HIV,PRJEB4335,Bacteria.Actinomycetota.Actinobacteria.Bifidobacteriales.Bifidobacteriaceae.Bifidobacterium,Bifidobacterium,29,20,0.3743947430670234,0.7607780585478686,0.4921208476775047,0.6249744313111052,0.7965360399063105,0.5898451198299993,0.09310344827586214,age_years,195
within_project,HIV,PRJEB4335,Bacteria.Actinomycetota.Coriobacteriia.Coriobacteriales.Atopobiaceae.Parolsenella,Parolsenella,29,20,0.9774165495650773,0.3103247692414782,3.149656896399732,0.0028710263739875545,0.015995718369359233,0.014238098933574656,0.4172413793103449,age_years,195
within_project,HIV,PRJEB4335,Bacteria.Bacillota.Bacilli.Erysipelotrichales.Erysipelotrichaceae.Solobacterium,Solobacterium,29,20,1.6634238924475166,0.503533670770862,3.3035008163425763,0.0018540323707214015,0.010633420949725686,0.010682737493350771,0.43448275862068964,age_years,195
within_project,HIV,PRJEB4335,Bacteria.Bacillota.Clostridia.Peptostreptococcales-Tissierellales.Family XI.Anaerococcus,Anaerococcus,29,20,1.234759199704149,0.7334008576013653,1.6836075209163353,0.09903307013800176,0.22455172880128307,0.05988678326692667,0.3206896551724139,age_years,195
within_project,HIV,PRJEB4335,Bacteria.Bacillota.Negativicutes.Veillonellales-Selenomonadales.Selenomonadaceae.Mitsuokella,Mitsuokella,29,20,2.6468253146649507,0.6725642397384979,3.9354237978725606,0.00027874104675802545,0.0022647710049089565,0.0008191445946448896,0.5689655172413792,age_years,195
within_project,HIV,PRJEB4335,Bacteria.Bacteroidota.Bacteroidia.Bacteroidales.Incertae Sedis.Incertae Sedis,Incertae Sedis,29,20,2.9845309918936054,0.45320946866364736,6.585323560635041,3.823726636877575e-08,2.1022287181159984e-06,2.7479955492257153e-06,0.796551724137931,age_years,195
within_project,HIV,PRJEB4335,Bacteria.Thermodesulfobacteriota.Desulfovibrionia.Desulfovibrionales.Desulfovibrionaceae.Bilophila,Bilophila,29,20,-1.3443743046563668,0.6203804480221315,-2.167015915705337,0.03544770738672481,0.11148875710340868,0.027307303989735885,-0.3758620689655172,age_years,195
within_project,HIV,PRJEB4335,Bacteria.Bacillota.Bacilli.Lactobacillales.Carnobacteriaceae.Granulicatella,Granulicatella,29,20,1.1393205044421568,0.5349514562089376,2.1297642827560956,0.03857332648197138,0.11752810412475655,0.2035973810264169,0.21724137931034493,age_years,195
within_project,HIV,PRJEB4335,Bacteria.Bacillota.Clostridia.Lachnospirales.Lachnospiraceae.Anaerobutyricum,Anaerobutyricum,29,20,-0.7044284396048386,0.3904010723595864,-1.804371169749276,0.07772262259581965,0.19430655648954911,0.07181981437290869,-0.3068965517241379,age_years,195
within_project,HIV,PRJEB4335,Bacteria.Bacillota.Clostridia.Lachnospirales.Lachnospiraceae.Lachnospiraceae UCG-004,Lachnospiraceae UCG-004,29,20,-0.24238338191728118,0.5148215305880284,-0.47081049939856096,0.640001087451475,0.8044010976205526,0.23404582258748152,-0.20344827586206893,age_years,195
within_project,HIV,PRJEB4335,Bacteria.Bacillota.Clostridia.Lachnospirales.Lachnospiraceae.[Eubacterium] ventriosum group,[Eubacterium] ventriosum group,29,20,-2.014862445505947,0.508378305363246,-3.9633131946224367,0.00025555556175558777,0.002166666719232157,0.00026084312831879805,-0.6206896551724138,age_years,195
within_project,HIV,PRJEB4335,Bacteria.Bacillota.Clostridia.Lachnospirales.Lachnospiraceae.[Ruminococcus] gnavus group,[Ruminococcus] gnavus group,29,20,-0.40751044366946254,0.7601028042138543,-0.536125431205237,0.5944550729064345,0.783234724437532,0.3546764137285142,-0.1586206896551724,age_years,195
within_project,HIV,PRJEB4335,Bacteria.Bacillota.Clostridia.Monoglobales.Monoglobaceae.Monoglobus,Monoglobus,29,20,-1.6674758542757255,0.4067319393275119,-4.099692433873573,0.00016656183870988593,0.0017637280744104728,0.0003302389794727232,-0.6103448275862069,age_years,195
within_project,HIV,PRJEB4335,Bacteria.Bacillota.Clostridia.Oscillospirales.Oscillospiraceae.UCG-005,UCG-005,29,20,-0.5724582322899594,0.6528441366848631,-0.8768681529360092,0.3851148206299466,0.6155523772363901,0.4828065644179471,-0.12068965517241381,age_years,195
within_project,HIV,PRJEB4335,Bacteria.Bacillota.Clostridia.Peptostreptococcales-Tissierellales.Anaerovoracaceae.Family XIII UCG-001,Family XIII UCG-001,29,20,-0.021270262206947856,0.36862343933276925,-0.05770187117088463,0.9542360320887094,0.9691459700900955,0.8150378408005211,-0.04137931034482756,age_years,195
within_project,HIV,PRJEB4335,Bacteria.Bacillota.Clostridia.Peptostreptococcales-Tissierellales.Family XI.Fenollaria,Fenollaria,29,20,0.3182484154183748,0.7005717078408756,0.4542695799109549,0.6517711457643451,0.8044010976205526,0.7525342424425665,0.05517241379310356,age_years,195
within_project,HIV,PRJEB4335,Bacteria.Bacteroidota.Bacteroidia.Bacteroidales.Rikenellaceae.Rikenellaceae RC9 gut group,Rikenellaceae RC9 gut group,29,20,2.8829452614282194,0.6962998048294455,4.140379246744697,0.00014643790907405894,0.0016797289570259703,0.0022026283351249216,0.5206896551724138,age_years,195
within_project,HIV,PRJEB4335,Bacteria.Bacillota.Clostridia.Lachnospirales.Lachnospiraceae.Butyribacter,Butyribacter,29,20,-0.11848327432254549,0.4739953135992217,-0.24996718516657512,0.8037257147334371,0.9123931300583016,0.25042502745779305,-0.19655172413793098,age_years,195
within_project,HIV,PRJEB4335,Bacteria.Bacillota.Clostridia.Lachnospirales.Lachnospiraceae.[Eubacterium] xylanophilum group,[Eubacterium] xylanophilum group,29,20,-1.6218396889129134,0.5206755173383693,-3.114876031052052,0.0031647489175192704,0.017142389969896046,0.004544047220242871,-0.48275862068965514,age_years,195
within_project,HIV,PRJEB4335,Bacteria.Bacillota.Clostridia.Lachnospirales.Lachnospiraceae.[Ruminococcus] gauvreauii group,[Ruminococcus] gauvreauii group,29,20,0.2294662695471261,0.6226097494180779,0.3685555354081697,0.7141498617044344,0.8439952911052406,0.8150378408005211,0.04137931034482767,age_years,195
within_project,HIV,PRJEB4335,Bacteria.Bacillota.Clostridia.Oscillospirales.Oscillospiraceae.UCG-003,UCG-003,29,20,-0.24755535914998328,0.5372857295289409,-0.46075178539922246,0.6471476869680274,0.8044010976205526,0.5216721197781073,-0.1103448275862069,age_years,195
within_project,HIV,PRJEB4335,Bacteria.Bacteroidota.Bacteroidia.Bacteroidales.Prevotellaceae.Hoylesella,Hoylesella,29,20,0.657242232340801,0.7081077607158973,0.9281669666723167,0.3581658707837463,0.5820195400235877,0.23404582258748152,0.20344827586206904,age_years,195
within_project,HIV,PRJEB4335,Bacteria.Bacillota.Bacilli.Erysipelotrichales.Erysipelatoclostridiaceae.Thomasclavelia,Thomasclavelia,29,20,-2.3530062268508662,0.38584024675563394,-6.098394987656918,2.0615417265825318e-07,6.700010611393228e-06,2.222415235804899e-05,-0.7206896551724138,age_years,195
within_project,HIV,PRJEB4335,Bacteria.Bacillota.Bacilli.Erysipelotrichales.Erysipelotrichaceae.[Clostridium] innocuum group,[Clostridium] innocuum group,29,20,0.20861245534345912,0.4586732169136629,0.45481717190111565,0.6513800351251178,0.8044010976205526,0.5758871303046516,-0.096551724137931,age_years,195
within_project,HIV,PRJEB4335,Bacteria.Bacillota.Clostridia.Lachnospirales.Lachnospiraceae.Lachnospiraceae NC2004 group,Lachnospiraceae NC2004 group,29,20,-0.7807836361166846,0.47973741115478735,-1.6275229280894348,0.11045741752272292,0.24201344288686483,0.023321746251301626,-0.38620689655172413,age_years,195
within_project,HIV,PRJEB4335,Bacteria.Bacillota.Negativicutes.Veillonellales-Selenomonadales.Veillonellaceae.Veillonella,Veillonella,29,20,-0.4378180646228996,0.4305449423686091,-1.0168928293856572,0.3145232572850653,0.5476074568802477,0.4100264090930761,-0.14137931034482754,age_years,195
within_project,HIV,PRJEB4335,Bacteria.Bacteroidota.Bacteroidia.Bacteroidales.Barnesiellaceae.Barnesiella,Barnesiella,29,20,-2.959666206543893,0.6887197037923061,-4.297345045084445,8.87277923461857e-05,0.001153461300500414,0.000125846021203548,-0.6517241379310346,age_years,195
within_project,HIV,PRJEB4335,Bacteria.Bacillota.Clostridia.Lachnospirales.Lachnospiraceae.Hungatella,Hungatella,29,20,-0.026038782337631437,0.3536166352582041,-0.07363562610287952,0.9416195964126708,0.9663990594761621,0.5216721197781073,-0.1103448275862069,age_years,195
within_project,HIV,PRJEB4335,Bacteria.Bacillota.Clostridia.Lachnospirales.Lachnospiraceae.Incertae Sedis,Incertae Sedis,29,20,-0.7394948775079894,0.4366478619071539,-1.6935726520635774,0.09710874407369946,0.22455172880128307,0.04732993885793202,-0.33793103448275863,age_years,195
within_project,HIV,PRJEB4335,Bacteria.Bacillota.Clostridia.Oscillospirales.Ruminococcaceae.DTU089,DTU089,29,20,-0.3818367896462344,0.281865083950568,-1.3546792823519742,0.18213627416255768,0.3587532672898863,0.11967106295137679,-0.2655172413793103,age_years,195
within_project,HIV,PRJEB4335,Bacteria.Pseudomonadota.Gammaproteobacteria.Pseudomonadales.Moraxellaceae.Acinetobacter,Acinetobacter,29,20,0.1572560002859723,0.2628983931792527,0.5981626528190686,0.5526653292512854,0.7536345398881166,0.6618568433569798,0.07586206896551717,age_years,195
within_project,HIV,PRJEB4335,Bacteria.Bacillota.Clostridia.Lachnospirales.Lachnospiraceae.GCA-900066575,GCA-900066575,29,20,-0.2822961840650851,0.38503079048365124,-0.7331782055935905,0.46716986908531766,0.67080355442547,0.21092456698398687,-0.21379310344827585,age_years,195
within_project,HIV,PRJEB4335,Bacteria.Bacillota.Clostridia.Lachnospirales.Lachnospiraceae.Lachnospiraceae UCG-010,Lachnospiraceae UCG-010,29,20,-0.3847660716818532,0.5355470313539129,-0.718454307755434,0.4761108090770817,0.6774979570775284,0.5085405440351959,-0.11379310344827587,age_years,195
within_project,HIV,PRJEB4335,Bacteria.Bacillota.Clostridia.Lachnospirales.Lachnospiraceae.Oribacterium,Oribacterium,29,20,1.3187251898550945,0.49420815085864045,2.668359855182341,0.010492057747967513,0.04262398460111802,0.10152116177231046,0.2793103448275862,age_years,195
within_project,HIV,PRJEB4335,Bacteria.Bacillota.Clostridia.Oscillospirales.Butyricicoccaceae.UCG-009,UCG-009,29,20,-0.0879431269269881,0.3478968280585406,-0.2527850783169253,0.8015605340840165,0.9123931300583016,0.28554305834951865,-0.1827586206896552,age_years,195
within_project,HIV,PRJEB4335,Bacteria.Bacillota.Negativicutes.Veillonellales-Selenomonadales.Selenomonadaceae.Anaerovibrio,Anaerovibrio,29,20,1.574067508320854,0.6165594376360581,2.5529858311081313,0.01406250223258113,0.05448414592088934,0.4100264090930761,0.14137931034482754,age_years,195
within_project,HIV,PRJEB4335,Bacteria.Thermodesulfobacteriota.Desulfovibrionia.Desulfovibrionales.Desulfovibrionaceae.Desulfovibrio,Desulfovibrio,29,20,1.617443666604964,0.6348623436615184,2.5477076767169486,0.014249699702386443,0.05448414592088934,0.006614693697692294,0.4620689655172414,age_years,195
within_project,HIV,PRJEB4335,Bacteria.Actinomycetota.Coriobacteriia.Coriobacteriales.Coriobacteriales Incertae Sedis.Incertae Sedis,Incertae Sedis,29,20,-0.8107468607755252,0.23684922126885527,-3.423050565385731,0.0013106935631565602,0.008244685316629976,0.006614693697692294,-0.4620689655172414,age_years,195
within_project,HIV,PRJEB4335,Bacteria.Bacillota.Clostridia.Clostridia vadinBB60 group.Incertae Sedis.Incertae Sedis,Incertae Sedis,29,20,0.011435720431089707,0.5768963669221503,0.019822833158235003,0.9842704384508687,0.9842704384508687,0.830866795454782,-0.037931034482758585,age_years,195
within_project,HIV,PRJEB4335,Bacteria.Pseudomonadota.Alphaproteobacteria.Rhodospirillales.Incertae Sedis.Incertae Sedis,Incertae Sedis,29,20,-1.6041543557363913,0.5847605428989385,-2.743267094910044,0.00864179310455391,0.03744777011973361,0.004544047220242871,-0.48275862068965514,age_years,195
within_project,HIV,PRJEB4335,Bacteria.Pseudomonadota.Gammaproteobacteria.Burkholderiales.Sutterellaceae.Sutterella,Sutterella,29,20,0.9617501487680947,0.6464122989837033,1.48782773824101,0.14361990307673983,0.2979349053187688,0.3546764137285142,0.1586206896551725,age_years,195
within_project,HIV,PRJEB4335,Bacteria.Actinomycetota.Actinobacteria.Mycobacteriales.Corynebacteriaceae.Corynebacterium,Corynebacterium,29,20,0.27206255743291946,0.47100297248659084,0.5776238650822207,0.5663348993967202,0.7654156647451801,0.8150378408005211,0.04137931034482767,age_years,195
within_project,HIV,PRJEB4335,Bacteria.Bacillota.Clostridia.Lachnospirales.Lachnospiraceae.Lachnospiraceae ND3007 group,Lachnospiraceae ND3007 group,29,20,-0.8697870370688976,0.5277393241324885,-1.6481376264667713,0.10613905986353214,0.23789789279757204,0.040917851383169564,-0.34827586206896555,age_years,195
within_project,HIV,PRJEB4335,Bacteria.Bacillota.Clostridia.Oscillospirales.Oscillospiraceae.Oscillibacter,Oscillibacter,29,20,-0.8394339601183416,0.4846357129340909,-1.7320926578774483,0.08995857927276617,0.21656695010110372,0.0750895947055034,-0.303448275862069,age_years,195
within_project,HIV,PRJEB4335,Bacteria.Bacillota.Clostridia.Peptococcales.Peptococcaceae.Incertae Sedis,Incertae Sedis,29,20,-0.7547376407243599,0.22837870969002808,-3.3047635734028966,0.001847310811117473,0.010633420949725686,0.005157762517802895,-0.4758620689655172,age_years,195
within_project,HIV,PRJEB4335,Bacteria.Bacillota.Negativicutes.Veillonellales-Selenomonadales.Veillonellaceae.Incertae Sedis,Incertae Sedis,29,20,-0.06836169812303859,0.39384201155924636,-0.17357644973523811,0.8629599358552971,0.9145499320205595,0.38729627646180076,-0.14827586206896548,age_years,195
within_project,HIV,PRJEB4335,Bacteria.Bacteroidota.Bacteroidia.Bacteroidales.Prevotellaceae.Paraprevotella,Paraprevotella,29,20,2.580437616036524,0.7367615176381344,3.502405533216142,0.0010378444934944092,0.007227845579693208,0.013453194655746984,0.42068965517241375,age_years,195
within_project,HIV,PRJEB4335,Bacteria.Pseudomonadota.Gammaproteobacteria.Burkholderiales.NA.NA,Burkholderiales,29,20,0.5290243734213868,0.323812808192054,1.6337351705607068,0.10914124122209987,0.2418470686171531,0.7371412747064352,0.05862068965517242,age_years,195
within_project,HIV,PRJEB4335,Bacteria.Thermodesulfobacteriota.Desulfovibrionia.Desulfovibrionales.Desulfovibrionaceae.Incertae Sedis,Incertae Sedis,29,20,0.7104534008158013,0.3053341968993073,2.326805867244846,0.024433595936244064,0.08358861767662443,0.06866760568102534,0.31034482758620685,age_years,195
within_project,HIV,PRJEB4335,Bacteria.Bacillota.Clostridia.Peptostreptococcales-Tissierellales.Family XI.Ezakiella,Ezakiella,29,20,-0.3399664887212263,0.44618336075930126,-0.7619434488607592,0.4499829241183204,0.6698219099471182,0.5484487885948235,-0.10344827586206895,age_years,195
within_project,HIV,PRJEB4335,Bacteria.Bacillota.Clostridia.Peptostreptococcales-Tissierellales.Family XI.Peptoniphilus,Peptoniphilus,29,20,1.0492796032343474,0.7470648714979862,1.4045361296809094,0.16687593404846698,0.33547223855104186,0.23404582258748152,0.20344827586206904,age_years,195
within_project,HIV,PRJEB4335,Bacteria.Bacteroidota.Bacteroidia.Bacteroidales.Marinifilaceae.Odoribacter,Odoribacter,29,20,-2.235406710953613,0.5056112563113987,-4.421196488507088,5.948711552099844e-05,0.0009666656272162246,8.27962523728316e-05,-0.6689655172413793,age_years,195
within_project,HIV,PRJEB4335,Bacteria.Bacteroidota.Bacteroidia.Bacteroidales.Porphyromonadaceae.Porphyromonas,Porphyromonas,29,20,0.5956785168566314,0.6988370212894095,0.8523854614307032,0.39841649354626074,0.6265420664638778,0.5349759732141863,0.10689655172413803,age_years,195
within_project,HIV,PRJEB4335,Bacteria.Bacteroidota.Bacteroidia.Bacteroidales.Prevotellaceae.Prevotella,Prevotella,29,20,0.8526543847409311,0.704262655155992,1.2107050948939937,0.2321924678514042,0.4353608772213829,0.16972791464137604,0.23448275862068968,age_years,195
within_project,HIV,PRJEB4335,Bacteria.Bacillota.Clostridia.Lachnospirales.Lachnospiraceae.Enterocloster,Enterocloster,29,20,-0.2603296815018819,0.5483561275927058,-0.47474564138588976,0.6372145265538882,0.8044010976205526,0.6766717847098431,-0.07241379310344831,age_years,195
within_project,HIV,PRJEB4335,Bacteria.Pseudomonadota.Alphaproteobacteria.Rickettsiales.Mitochondria.Incertae Sedis,Incertae Sedis,29,20,0.015882463106547316,0.21144992178763783,0.07511217300188126,0.9404511737445704,0.9663990594761621,0.4828065644179471,-0.12068965517241381,age_years,195
within_project,HIV,PRJEB4335,Bacteria.Bacillota.Clostridia.Oscillospirales.Oscillospiraceae.Incertae Sedis,Incertae Sedis,29,20,-0.38819881265423745,0.45026536859307836,-0.8621556080744625,0.3930743454499336,0.6231666452255045,0.06270403662942024,-0.3172413793103448,age_years,195
within_project,HIV,PRJEB4335,Bacteria.Bacillota.Clostridia.Peptostreptococcales-Tissierellales.Peptostreptococcaceae.Peptostreptococcus,Peptostreptococcus,29,20,1.0272550557734643,0.4874878024437112,2.1072425825302132,0.04057819285838208,0.12173457857514625,0.11030147717671479,0.27241379310344827,age_years,195
within_project,HIV,PRJEB4335,Bacteria.Bacillota.Clostridia.Oscillospirales.Ruminococcaceae.Angelakisella,Angelakisella,29,20,-0.6484081289241406,0.3019481850556046,-2.1474152222664773,0.037063348179658194,0.11471988722275155,0.01684039912543696,-0.40689655172413797,age_years,195
within_project,HIV,PRJEB4335,Bacteria.Bacillota.Bacilli.Erysipelotrichales.Erysipelotrichaceae.Holdemania,Holdemania,29,20,-0.4734353593694641,0.3607788695826266,-1.3122591129496197,0.19594331601849463,0.37830640221392525,0.10152116177231046,-0.2793103448275862,age_years,195
within_project,HIV,PRJEB4335,Bacteria.Bacillota.Negativicutes.Veillonellales-Selenomonadales.Veillonellaceae.Allisonella,Allisonella,29,20,2.176510162647306,0.4280553201439731,5.084646914130756,6.613044364084756e-06,0.00014328262788850305,0.0008191445946448896,0.5689655172413792,age_years,195
within_project,HIV,PRJEB4335,Bacteria.Bacillota.Negativicutes.Acidaminococcales.Acidaminococcaceae.Acidaminococcus,Acidaminococcus,29,20,2.135488780712915,0.7324282895141065,2.9156284803384636,0.005469249634348432,0.027571072564238505,0.01506313089025365,0.4137931034482758,age_years,195
within_project,HIV,PRJEB4335,Bacteria.Bacillota.Clostridia.Peptostreptococcales-Tissierellales.Anaerovoracaceae.[Eubacterium] brachy group,[Eubacterium] brachy group,29,20,-0.29286327340845514,0.26833017134463905,-1.091428786933938,0.28076806346853056,0.4963341849883501,0.12965293348611176,-0.2586206896551724,age_years,195
within_project,HIV,PRJEB4335,Bacteria.Bacteroidota.Bacteroidia.Bacteroidales.Marinifilaceae.Butyricimonas,Butyricimonas,29,20,0.18656177307007757,0.6662170571773149,0.28003151684605365,0.7807087869973087,0.9008178311507408,0.910918175630822,0.020689655172413834,age_years,195
within_project,HIV,PRJEB4335,Bacteria.Fusobacteriota.Fusobacteriia.Fusobacteriales.Fusobacteriaceae.Fusobacterium,Fusobacterium,29,20,1.3004668211426815,0.7178270817234407,1.8116714376676528,0.07656848121813588,0.19390719269527917,0.010682737493350771,0.43448275862068964,age_years,195
within_project,HIV,PRJEB4335,Bacteria.Bacteroidota.Bacteroidia.Bacteroidales.NA.NA,Bacteroidales,29,20,-0.33213531644900157,0.35105436497535975,-0.946107923974436,0.3490371159763125,0.5796823552934919,0.11491116085989052,-0.2689655172413793,age_years,195
within_project,HIV,PRJEB4335,Bacteria.Actinomycetota.Actinobacteria.Mycobacteriales.Corynebacteriaceae.Lawsonella,Lawsonella,29,20,0.11281730547538733,0.31552179180864615,0.3575578879312634,0.7223095808200927,0.8484961943368559,0.5484487885948235,-0.10344827586206895,age_years,195
within_project,HIV,PRJEB4335,Bacteria.Bacillota.Clostridia.Christensenellales.Christensenellaceae.Incertae Sedis,Incertae Sedis,29,20,-0.8757945909613909,0.32120213130474956,-2.7266151298680397,0.009024971454352717,0.038258031165190866,0.011997247413671919,-0.4275862068965517,age_years,195
within_project,HIV,PRJEB4335,Bacteria.Bacillota.Clostridia.Oscillospirales.Ruminococcaceae.Anaerotruncus,Anaerotruncus,29,20,-0.8787456694213572,0.2895593208331951,-3.0347690652568273,0.0039522692878373455,0.020829527327791416,0.0035108483051216393,-0.496551724137931,age_years,195
within_project,HIV,PRJEB4335,Bacteria.Bacillota.Clostridia.Oscillospirales.Oscillospiraceae.Oscillospira,Oscillospira,29,20,-1.402411872205655,0.3895730832353262,-3.5998685036422593,0.0007765637227937685,0.005608515775732772,0.0032884275748537406,-0.5,age_years,195
within_project,HIV,PRJEB4335,Bacteria.Pseudomonadota.Gammaproteobacteria.Burkholderiales.Sutterellaceae.Parasutterella,Parasutterella,29,20,-2.4972436061586123,0.5554056853403504,-4.496251428590097,4.660382035729336e-05,0.0008261586336065641,0.00013667613047967764,-0.6482758620689655,age_years,195
within_project,HIV,PRJEB4335,Bacteria.Verrucomicrobiota.Lentisphaeria.Victivallales.vadinBE97.Incertae Sedis,Incertae Sedis,29,20,0.30132781679768333,0.3668258605866693,0.8214464932100641,0.4156292290256992,0.6374003541402474,1.0,0.0,age_years,195
within_project,HIV,PRJEB4335,Bacteria.Bacillota.Bacilli.Erysipelotrichales.Erysipelatoclostridiaceae.UCG-004,UCG-004,29,20,1.070302959854886,0.4917658406036998,2.1764483652239135,0.03469256850075112,0.11090247307617161,0.25042502745779305,0.1965517241379311,age_years,195
within_project,HIV,PRJEB4335,Bacteria.Bacillota.Clostridia.Peptostreptococcales-Tissierellales.Anaerovoracaceae.S5-A14a,S5-A14a,29,20,0.09560820221212192,0.5101559918051993,0.18740974083987524,0.8521635932867253,0.9144183943123639,0.618218573733123,-0.08620689655172409,age_years,195
within_project,HIV,PRJEB4335,Bacteria.Pseudomonadota.Gammaproteobacteria.Burkholderiales.Neisseriaceae.Neisseria,Neisseria,29,20,-0.21930657764769082,0.3965123812857337,-0.5530888516937752,0.582880747912115,0.7732091553936219,0.376225200672869,-0.15172413793103445,age_years,195
within_project,HIV,PRJEB4335,Bacteria.Bacillota.Bacilli.Erysipelotrichales.Erysipelotrichaceae.Faecalitalea,Faecalitalea,29,20,-0.5592140664196958,0.4674840337845445,-1.196220674944865,0.23774002264711638,0.4415171849160733,0.06866760568102534,-0.31034482758620685,age_years,195
within_project,HIV,PRJEB4335,Bacteria.Bacillota.Clostridia.Lachnospirales.Lachnospiraceae.Shuttleworthia,Shuttleworthia,29,20,-0.4953736025985915,0.44087457404661395,-1.1236157214777718,0.26700593804624756,0.4865996067197969,0.11491116085989052,-0.2689655172413793,age_years,195
within_project,HIV,PRJEB4335,Bacteria.Bacteroidota.Bacteroidia.Bacteroidales.Prevotellaceae.NA,Prevotellaceae,29,20,1.6398198189158617,0.592164651332126,2.769195721539514,0.008074945264383493,0.03578668923988139,0.24213800494870374,0.19999999999999996,age_years,195
within_project,HIV,PRJEB4335,Bacteria.Bacillota.Clostridia.Lachnospirales.Lachnospiraceae.Lachnospiraceae AC2044 group,Lachnospiraceae AC2044 group,29,20,-0.21758365795410856,0.3635062697466343,-0.5985692024122871,0.5523964464129172,0.7536345398881166,0.4702098638612733,-0.12413793103448278,age_years,195
within_project,HIV,PRJEB4335,Bacteria.Bacillota.Clostridia.Lachnospirales.Lachnospiraceae.Lachnospiraceae NK3A20 group,Lachnospiraceae NK3A20 group,29,20,1.0218913157605398,0.4107429887731506,2.4879093342842684,0.016534758016675373,0.05970884839354995,0.08199380693256228,0.29655172413793096,age_years,195
within_project,HIV,PRJEB4335,Bacteria.Bacteroidota.Bacteroidia.Bacteroidales.Prevotellaceae.Prevotellaceae NK3B31 group,Prevotellaceae NK3B31 group,29,20,3.2861653315478447,0.6142679615711538,5.349726075803469,2.6951557729589714e-06,6.569442196587493e-05,3.8013102187998545e-05,0.7,age_years,195
within_project,HIV,PRJEB4335,Bacteria.Campylobacterota.Campylobacteria.Campylobacterales.Campylobacteraceae.Campylobacter,Campylobacter,29,20,0.9772216106231787,0.71610942597788,1.3646260964778367,0.1790092177567495,0.3561918108425118,0.07847992874803808,0.30000000000000004,age_years,195
within_project,HIV,PRJEB4335,Bacteria.Actinomycetota.Coriobacteriia.Coriobacteriales.Atopobiaceae.Incertae Sedis,Incertae Sedis,29,20,0.6927739590675572,0.29986418699073447,2.310292422779261,0.02540958297685977,0.08542877035323543,0.4577968457394056,0.12758620689655165,age_years,195
within_project,HIV,PRJEB4335,Bacteria.Bacillota.Clostridia.Peptostreptococcales-Tissierellales.Anaerovoracaceae.NA,Anaerovoracaceae,29,20,-0.11683737412310627,0.2811315618387883,-0.41559678806218614,0.6796374568979501,0.8180821240438287,0.24213800494870374,-0.19999999999999996,age_years,195
within_project,HIV,PRJEB4335,Bacteria.Actinomycetota.Coriobacteriia.Coriobacteriales.Eggerthellaceae.Asaccharobacter,Asaccharobacter,29,20,-0.8915438274593626,0.2592268060369786,-3.4392424189810993,0.001249988359910492,0.008124924339418199,0.00949788751565565,-0.4413793103448276,age_years,195
within_project,HIV,PRJEB4335,Bacteria.Bacillota.Clostridia.Oscillospirales.Ruminococcaceae.Negativibacillus,Negativibacillus,29,20,0.3948914146896495,0.5283874976589849,0.7473519272110178,0.45865458950399507,0.67080355442547,0.5758871303046516,0.096551724137931,age_years,195
within_project,HIV,PRJEB4335,Bacteria.Actinomycetota.Actinobacteria.Actinomycetales.Actinomycetaceae.Varibaculum,Varibaculum,29,20,0.922477350253753,0.5725325161330308,1.611222636723415,0.11397256429680362,0.24422692349315062,0.7525342424425665,0.05517241379310356,age_years,195
within_project,HIV,PRJEB4335,Bacteria.Bacillota.Bacilli.Erysipelotrichales.Erysipelatoclostridiaceae.Coprobacillus,Coprobacillus,29,20,0.1463471469681029,0.34117490953551133,0.42895049687957865,0.6699615138437717,0.8165155949970968,0.3546764137285142,-0.1586206896551724,age_years,195
within_project,HIV,PRJEB4335,Bacteria.Bacillota.Clostridia.Lachnospirales.Lachnospiraceae.Eisenbergiella,Eisenbergiella,29,20,-0.13652770533510458,0.39899758356315457,-0.34217677239013794,0.7337763706370453,0.8517047159179989,0.376225200672869,-0.15172413793103445,age_years,195
within_project,HIV,PRJEB4335,Bacteria.Bacillota.Clostridia.Oscillospirales.Oscillospiraceae.Flavonifractor,Flavonifractor,29,20,-0.8087158768388475,0.5654947279076329,-1.4301033005756723,0.15944497504660787,0.32387260556342223,0.07847992874803808,-0.30000000000000004,age_years,195
within_project,HIV,PRJEB4335,Bacteria.Bacteroidota.Bacteroidia.Bacteroidales.Barnesiellaceae.Coprobacter,Coprobacter,29,20,-1.3394978872147605,0.3353367452867651,-3.9944858594881434,0.0002318492491381279,0.0020745457367092796,0.00048549045917230574,-0.5931034482758621,age_years,195
within_project,HIV,PRJEB4335,Bacteria.Campylobacterota.Campylobacteria.Campylobacterales.Helicobacteraceae.Helicobacter,Helicobacter,29,20,0.6096329364284392,0.37619286445820194,1.6205329606834538,0.11195381961473069,0.24256660916524983,0.6039570028422234,0.08965517241379306,age_years,195
within_project,HIV,PRJEB4335,Bacteria.Bacillota.Clostridia.Oscillospirales.NA.NA,Oscillospirales,29,20,-0.6656622558635075,0.3793259475312589,-1.7548555805259078,0.08594287709058432,0.21213748142612585,0.07847992874803808,-0.30000000000000004,age_years,195
within_project,HIV,PRJEB4335,Bacteria.Bacillota.Clostridia.Oscillospirales.Ruminococcaceae.Hydrogenoanaerobacterium,Hydrogenoanaerobacterium,29,20,-0.9031419552597102,0.2481794464579,-3.6390682957418674,0.0006903671972613714,0.005177753979460286,0.000947869493451164,-0.5620689655172414,age_years,195
within_project,HIV,PRJEB4335,Bacteria.Bacillota.Clostridia.Christensenellales.Christensenellaceae.NA,Christensenellaceae,29,20,-0.20795056904460027,0.46752588800027445,-0.4447894210394574,0.6585578374797298,0.8076652723808008,0.23404582258748152,-0.20344827586206893,age_years,195
within_project,HIV,PRJEB4335,Bacteria.Verrucomicrobiota.Lentisphaeria.Victivallales.Victivallaceae.Victivallis,Victivallis,29,20,-0.37499322811410446,0.3448556891178732,-1.0873917407983666,0.2825286899164454,0.4963341849883501,0.04296813940120016,-0.3448275862068966,age_years,195
within_project,HIV,PRJEB4335,Bacteria.Bacillota.Bacilli.Erysipelotrichales.Erysipelotrichaceae.Catenisphaera,Catenisphaera,29,20,1.0211668924012511,0.35850710425138554,2.848386769164853,0.006549612930460148,0.031150598083895826,0.1574316754015498,0.24137931034482762,age_years,195
within_project,HIV,PRJEB4335,Bacteria.Bacteroidota.Bacteroidia.Bacteroidales.Prevotellaceae.Prevotellaceae UCG-003,Prevotellaceae UCG-003,29,20,0.8880338811034563,0.43723337547467167,2.0310294934355917,0.04805424866279276,0.1338654069892084,0.7371412747064352,0.05862068965517242,age_years,195
within_project,HIV,PRJEB4335,Bacteria.Bacillota.Bacilli.Erysipelotrichales.Erysipelotrichaceae.Dielma,Dielma,29,20,-0.23728053170665256,0.19589657170385674,-1.2112541309061666,0.23198406843223057,0.4353608772213829,0.03525761893663379,-0.35862068965517246,age_years,195
within_project,HIV,PRJEB4335,Bacteria.Actinomycetota.Coriobacteriia.Coriobacteriales.Atopobiaceae.Atopobium,Atopobium,29,20,-0.06514883792002966,0.32199761959251133,-0.2023270793196411,0.8405532333330255,0.9144183943123639,0.3653516146977044,-0.15517241379310343,age_years,195
within_project,HIV,PRJEB4335,Bacteria.Bacillota.Clostridia.Peptostreptococcales-Tissierellales.Family XI.Finegoldia,Finegoldia,29,20,1.4553637823233818,0.6999298161188229,2.0792995937700036,0.043192018669071644,0.12485247159318637,0.038951075672260645,0.3517241379310345,age_years,195
within_project,HIV,PRJEB4335,Bacteria.Actinomycetota.Actinobacteria.Actinomycetales.Actinomycetaceae.Mobiluncus,Mobiluncus,29,20,0.04692529741480655,0.35931762937563794,0.13059558891208728,0.8966646940447531,0.9350246809557585,0.7371412747064352,-0.05862068965517242,age_years,195
within_project,HIV,PRJEB4335,Bacteria.Bacillota.Clostridia.Peptostreptococcales-Tissierellales.Family XI.Murdochiella,Murdochiella,29,20,-0.11888449926528775,0.4902078707525622,-0.24251854439378434,0.8094564692312111,0.9123931300583016,0.5216721197781073,-0.1103448275862069,age_years,195
within_project,HIV,PRJEB4335,Bacteria.Bacillota.Negativicutes.Veillonellales-Selenomonadales.Veillonellaceae.Negativicoccus,Negativicoccus,29,20,0.019914522307633797,0.24454297504543437,0.08143567527929935,0.9354487826193604,0.9663990594761621,0.2675881785339077,-0.18965517241379315,age_years,195
within_project,HIV,PRJNA307231,Bacteria.Actinomycetota.Coriobacteriia.Coriobacteriales.Atopobiaceae.Tractidigestivibacter,Tractidigestivibacter,248,44,-0.7116717973006642,0.23387933007098638,-3.0429016411354506,0.0025592332145394944,0.12229671104958047,0.020030814067729205,-0.22012463343108502,"age_years,sex",149
within_project,HIV,PRJNA307231,Bacteria.Actinomycetota.Coriobacteriia.Coriobacteriales.Coriobacteriaceae.Collinsella,Collinsella,248,44,0.3155675774342078,0.4211367629134279,0.7493232726848839,0.4542739848150513,0.6538739802437215,0.16747862996137075,0.13068181818181812,"age_years,sex",149
within_project,HIV,PRJNA307231,Bacteria.Actinomycetota.Coriobacteriia.Coriobacteriales.Eggerthellaceae.Adlercreutzia,Adlercreutzia,248,44,-0.4164583511457701,0.21841600092387214,-1.9067208875915858,0.057551752343348375,0.2745950642424255,0.2599285303056166,-0.10667155425219943,"age_years,sex",149
within_project,HIV,PRJNA307231,Bacteria.Actinomycetota.Coriobacteriia.Coriobacteriales.Eggerthellaceae.Senegalimassilia,Senegalimassilia,248,44,-0.12189048889877023,0.25396646215485835,-0.4799471861936101,0.6316292481637342,0.7975657455626813,0.5895090030392243,0.051136363636363535,"age_years,sex",149
within_project,HIV,PRJNA307231,Bacteria.Bacillota.Bacilli.Erysipelotrichales.Erysipelotrichaceae.Holdemanella,Holdemanella,248,44,-0.5423560990259793,0.5091425182413805,-1.0652343491156882,0.28766213056080786,0.5227031396775655,0.09783276165873747,-0.15670821114369504,"age_years,sex",149
within_project,HIV,PRJNA307231,Bacteria.Bacillota.Bacilli.Lactobacillales.Streptococcaceae.Streptococcus,Streptococcus,248,44,-0.010353896146559216,0.48765531811311613,-0.021231996785396553,0.9830752926406279,0.9830752926406279,0.8760681489761611,0.014846041055718517,"age_years,sex",149
within_project,HIV,PRJNA307231,Bacteria.Bacillota.Bacilli.RF39.Incertae Sedis.Incertae Sedis,Incertae Sedis,248,44,-0.5220605001508349,0.28785710228443506,-1.8136099335669011,0.07077852080140096,0.30131427426882124,0.13500485885227326,-0.1414956011730205,"age_years,sex",149
within_project,HIV,PRJNA307231,Bacteria.Bacillota.Clostridia.Christensenellales.Christensenellaceae.Christensenellaceae R-7 group,Christensenellaceae R-7 group,248,44,-0.9185264340975167,0.44971851396449386,-2.042447454520487,0.042017662779782694,0.24966857145289592,0.07422015391680829,-0.16898826979472137,"age_years,sex",149
within_project,HIV,PRJNA307231,Bacteria.Bacillota.Clostridia.Clostridia UCG-014.Incertae Sedis.Incertae Sedis,Incertae Sedis,248,44,-1.5674136432767083,0.5858774598832207,-2.675326754487416,0.007892772926204663,0.12573760814823784,0.012347033566592083,-0.2368035190615836,"age_years,sex",149
within_project,HIV,PRJNA307231,Bacteria.Bacillota.Clostridia.Clostridiales.Clostridiaceae.Clostridium,Clostridium,248,44,-0.824907539851334,0.4886211908634125,-1.688235294080657,0.09244854734559803,0.33102676148476823,0.04281775939789043,-0.1917155425219942,"age_years,sex",149
within_project,HIV,PRJNA307231,Bacteria.Bacillota.Clostridia.Lachnospirales.Lachnospiraceae.Agathobacter,Agathobacter,248,44,-0.8425224374143558,0.6387652036065593,-1.3189861198721442,0.18822152292122038,0.418582192765102,0.17784622205244305,-0.12756598240469208,"age_years,sex",149
within_project,HIV,PRJNA307231,Bacteria.Bacillota.Clostridia.Lachnospirales.Lachnospiraceae.Blautia,Blautia,248,44,-0.09407557281394568,0.6335821496850372,-0.14848204429482745,0.8820662643356846,0.9321125772057943,0.5182138907481232,0.061217008797654016,"age_years,sex",149
within_project,HIV,PRJNA307231,Bacteria.Bacillota.Clostridia.Lachnospirales.Lachnospiraceae.Coprococcus,Coprococcus,248,44,-0.48944106602456505,0.5530007330902666,-0.88506404555647,0.3768604216353224,0.630923627232169,0.2139414894578202,-0.11766862170087977,"age_years,sex",149
within_project,HIV,PRJNA307231,Bacteria.Bacillota.Clostridia.Lachnospirales.Lachnospiraceae.Dorea,Dorea,248,44,-0.4972323578022072,0.540940160501034,-0.9192002999770928,0.3587600303458476,0.6144280979486355,0.29503992450296757,-0.09915689149560114,"age_years,sex",149
within_project,HIV,PRJNA307231,Bacteria.Bacillota.Clostridia.Lachnospirales.Lachnospiraceae.Howardella,Howardella,248,44,-0.2803734702214725,0.279353746817291,-1.0036502943518721,0.31638970651937587,0.5612150746593692,0.1570031455120787,-0.13398093841642233,"age_years,sex",149
within_project,HIV,PRJNA307231,Bacteria.Bacillota.Clostridia.Lachnospirales.Lachnospiraceae.Lachnospiraceae NK4A136 group,Lachnospiraceae NK4A136 group,248,44,-0.7905816755711562,0.5404199943329594,-1.4629023423660916,0.14458454549977792,0.3827636580488056,0.06584179548215556,-0.17412023460410553,"age_years,sex",149
within_project,HIV,PRJNA307231,Bacteria.Bacillota.Clostridia.Lachnospirales.Lachnospiraceae.Mediterraneibacter,Mediterraneibacter,248,44,-0.41139929463564945,0.518244888304045,-0.7938318426679567,0.42794690443575834,0.6538739802437215,0.44239619291433774,-0.07276392961876832,"age_years,sex",149
within_project,HIV,PRJNA307231,Bacteria.Bacillota.Clostridia.Lachnospirales.Lachnospiraceae.Roseburia,Roseburia,248,44,-0.19280149512622458,0.5779801998304803,-0.33357802772962225,0.7389407382558137,0.8652380889485407,0.8004056388804286,-0.024010263929618803,"age_years,sex",149
within_project,HIV,PRJNA307231,Bacteria.Bacillota.Clostridia.Lachnospirales.Lachnospiraceae.[Eubacterium] eligens group,[Eubacterium] eligens group,248,44,-0.6314087471156576,0.5331599328877525,-1.1842764397087386,0.23728009937945937,0.47032567777279993,0.2526252628812685,-0.10832111436950143,"age_years,sex",149
within_project,HIV,PRJNA307231,Bacteria.Bacillota.Clostridia.Lachnospirales.Lachnospiraceae.[Eubacterium] ruminantium group,[Eubacterium] ruminantium group,248,44,-0.9151779983374911,0.4774381154973725,-1.916851563859961,0.056246169072197594,0.2745950642424255,0.029801341039041748,-0.20564516129032262,"age_years,sex",149
within_project,HIV,PRJNA307231,Bacteria.Bacillota.Clostridia.NA.NA.NA,Clostridia,248,44,0.1702540261939043,0.17723509778022997,0.9606112351686564,0.33755346155048926,0.5917113620120342,0.16217706583504132,0.13233137829912023,"age_years,sex",149
within_project,HIV,PRJNA307231,Bacteria.Bacillota.Clostridia.Oscillospirales.Oscillospiraceae.Colidextribacter,Colidextribacter,248,44,-0.17424547828599554,0.38931977529506334,-0.4475639033592266,0.6548044056343341,0.8130488036626315,0.5722553610063535,-0.053519061583577665,"age_years,sex",149
within_project,HIV,PRJNA307231,Bacteria.Bacillota.Clostridia.Oscillospirales.Oscillospiraceae.UCG-002,UCG-002,248,44,-1.251487088300705,0.6112628213734447,-2.047379694202147,0.04152791887314577,0.24966857145289592,0.01444971104152145,-0.23148826979472137,"age_years,sex",149
within_project,HIV,PRJNA307231,Bacteria.Bacillota.Clostridia.Oscillospirales.Ruminococcaceae.CAG-352,CAG-352,248,44,-0.747806402545816,0.3843091676245596,-1.945845859384664,0.052645857241826716,0.27049078375973035,0.4861334194045748,-0.06598240469208216,"age_years,sex",149
within_project,HIV,PRJNA307231,Bacteria.Bacillota.Clostridia.Oscillospirales.Ruminococcaceae.Faecalibacterium,Faecalibacterium,248,44,-0.09771740767155483,0.5677530352588429,-0.17211252358519707,0.8634699467046499,0.9189787289928061,0.9420845998531107,0.006964809384164328,"age_years,sex",149
within_project,HIV,PRJNA307231,Bacteria.Bacillota.Clostridia.Oscillospirales.Ruminococcaceae.Gemmiger,Gemmiger,248,44,-0.12976934969892878,0.5610453011363016,-0.23129923632922883,0.8172465810592139,0.8888302231957873,0.8501789347662164,0.01796187683284467,"age_years,sex",149
within_project,HIV,PRJNA307231,Bacteria.Bacillota.Clostridia.Oscillospirales.Ruminococcaceae.NA,Ruminococcaceae,248,44,-0.8665931394536543,0.30926362510570615,-2.8021178991142373,0.005421069306497194,0.12229671104958047,0.03284490438577212,-0.2019794721407625,"age_years,sex",149
within_project,HIV,PRJNA307231,Bacteria.Bacillota.Clostridia.Oscillospirales.Ruminococcaceae.Ruminococcus,Ruminococcus,248,44,-0.1324751052463,0.5997169890088259,-0.22089603542038458,0.825329906050801,0.8911170724751403,0.706313635073826,0.035740469208211056,"age_years,sex",149
within_project,HIV,PRJNA307231,Bacteria.Bacillota.Clostridia.Oscillospirales.Ruminococcaceae.[Eubacterium] siraeum group,[Eubacterium] siraeum group,248,44,-1.170489092714709,0.4710841233301621,-2.4846710698725136,0.0135352169430864,0.1680622770433228,0.011752042411894642,-0.23845307917888559,"age_years,sex",149
within_project,HIV,PRJNA307231,Bacteria.Bacillota.Clostridia.Oscillospirales.UCG-010.Incertae Sedis,Incertae Sedis,248,44,-0.43059977918207865,0.5760683500173507,-0.747480362649865,0.4553835123338519,0.6538739802437215,0.3945146762880053,-0.08064516129032262,"age_years,sex",149
within_project,HIV,PRJNA307231,Bacteria.Bacillota.Clostridia.Peptostreptococcales-Tissierellales.Peptostreptococcaceae.Romboutsia,Romboutsia,248,44,-1.3398073796503767,0.48146086875740535,-2.7827959998249994,0.005745483069443378,0.12229671104958047,0.0007005421427519948,-0.3207478005865103,"age_years,sex",149
within_project,HIV,PRJNA307231,Bacteria.Bacillota.Negativicutes.Acidaminococcales.Acidaminococcaceae.Phascolarctobacterium,Phascolarctobacterium,248,44,0.32391447974375487,0.5884776744311373,0.5504278136921213,0.5824526419006683,0.7818605614347758,0.4610276004118564,0.06983137829912023,"age_years,sex",149
within_project,HIV,PRJNA307231,Bacteria.Bacteroidota.Bacteroidia.Bacteroidales.Bacteroidaceae.Bacteroides,Bacteroides,248,44,0.7311687462771379,0.6107028382340074,1.1972578159149978,0.23219059717787818,0.4675189051284304,0.002198947960135492,0.2897727272727273,"age_years,sex",149
within_project,HIV,PRJNA307231,Bacteria.Bacteroidota.Bacteroidia.Bacteroidales.Prevotellaceae.Incertae Sedis,Incertae Sedis,248,44,-0.6701001706168574,0.6395477711068532,-1.04777188021018,0.2956222285837908,0.5306953260118654,0.13249376374282695,-0.1424120234604106,"age_years,sex",149
within_project,HIV,PRJNA307231,Bacteria.Bacteroidota.Bacteroidia.Bacteroidales.Prevotellaceae.Segatella,Segatella,248,44,-0.2683630752433182,0.6890636310608793,-0.38946051300102374,0.6972233426326143,0.8377925649375768,0.43780655279097946,-0.07349706744868034,"age_years,sex",149
within_project,HIV,PRJNA307231,Bacteria.Bacteroidota.Bacteroidia.Bacteroidales.Rikenellaceae.Alistipes,Alistipes,248,44,0.7398647725569668,0.5969021450370607,1.2395076457817549,0.2161666392915619,0.4474278185367798,0.023587927562950358,0.21425953079178894,"age_years,sex",149
within_project,HIV,PRJNA307231,Bacteria.Bacteroidota.Bacteroidia.Bacteroidales.Tannerellaceae.Parabacteroides,Parabacteroides,248,44,0.05314303095789475,0.6174578233245037,0.08606746720247731,0.9314725894232003,0.9507899758287947,0.3160680608633908,0.09494134897360706,"age_years,sex",149
within_project,HIV,PRJNA307231,Bacteria.NA.NA.NA.NA.NA,Bacteria.NA.NA.NA.NA.NA,248,44,-0.021902414747819475,0.27103919972266033,-0.08080902972791768,0.9356499531282094,0.9507899758287947,0.9236015333485179,0.009164222873900396,"age_years,sex",149
within_project,HIV,PRJNA307231,Bacteria.Pseudomonadota.Gammaproteobacteria.Enterobacterales.Pasteurellaceae.Haemophilus,Haemophilus,248,44,-0.02460771383879199,0.3162256052108809,-0.07781695546880804,0.9380276942740458,0.9507899758287947,0.6805713457009195,0.03903958944281527,"age_years,sex",149
within_project,HIV,PRJNA307231,Bacteria.Pseudomonadota.Gammaproteobacteria.Enterobacterales.Succinivibrionaceae.Succinivibrio,Succinivibrio,248,44,0.5223573642509738,0.6359155948241079,0.8214256239390639,0.41208332792840163,0.6531959134184239,0.9143748173800832,0.01026392961876832,"age_years,sex",149
within_project,HIV,PRJNA307231,Archaea.Methanobacteriota.Methanobacteria.Methanobacteriales.Methanobacteriaceae.Methanobrevibacter,Methanobrevibacter,248,44,-0.0629426861829006,0.21284322754105678,-0.29572322741985835,0.7676545608418418,0.8652380889485407,0.9251403532218894,0.008980938416422335,"age_years,sex",149
within_project,HIV,PRJNA307231,Bacteria.Bacillota.Bacilli.Erysipelotrichales.Erysipelatoclostridiaceae.Catenibacterium,Catenibacterium,248,44,-0.9768180940688082,0.46422135243611223,-2.1042075917937044,0.036227008774090394,0.24966857145289592,0.004153181455440353,-0.27126099706744866,"age_years,sex",149
within_project,HIV,PRJNA307231,Bacteria.Bacillota.Clostridia.Lachnospirales.Lachnospiraceae.NA,Lachnospiraceae,248,44,-0.2453766093396604,0.48558018050383844,-0.505326657041598,0.613715915805481,0.7874955970639229,0.7019988819037074,-0.03629032258064513,"age_years,sex",149
within_project,HIV,PRJNA307231,Bacteria.Bacillota.Clostridia.Oscillospirales.Butyricicoccaceae.Agathobaculum,Agathobaculum,248,44,-0.37326390830351275,0.4293798445790544,-0.8693093376784946,0.3854018496270736,0.6380541732714885,0.6042929191968383,-0.04912023460410553,"age_years,sex",149
within_project,HIV,PRJNA307231,Bacteria.Bacillota.Clostridia.Oscillospirales.Oscillospiraceae.Intestinimonas,Intestinimonas,248,44,-0.5036459863894531,0.38035754214109535,-1.3241382924980185,0.18650704125097592,0.418582192765102,0.19262341017163875,-0.1233504398826979,"age_years,sex",149
within_project,HIV,PRJNA307231,Bacteria.Bacillota.Clostridia.Oscillospirales.Oscillospiraceae.NA,Oscillospiraceae,248,44,-0.2859898615014022,0.17865450237091307,-1.6007985116862329,0.11051786244857156,0.3503651384007907,0.41638327780785445,-0.0769794721407625,"age_years,sex",149
within_project,HIV,PRJNA307231,Bacteria.Bacillota.Clostridia.Oscillospirales.Oscillospiraceae.NK4A214 group,NK4A214 group,248,44,-0.4562071661687947,0.48901729629230395,-0.9329059925440809,0.3516499462162258,0.609253976583926,0.19528291411748455,-0.12261730205278587,"age_years,sex",149
within_project,HIV,PRJNA307231,Bacteria.Bacillota.Clostridia.Oscillospirales.Ruminococcaceae.Acutalibacter,Acutalibacter,248,44,-0.1511868523525005,0.3692171638729053,-0.4094794802241187,0.6824922011281742,0.826758845269089,1.0,0.0,"age_years,sex",149
within_project,HIV,PRJNA307231,Bacteria.Bacillota.Clostridia.Oscillospirales.Ruminococcaceae.Incertae Sedis,Incertae Sedis,248,44,-0.37220881844167364,0.4731119484521084,-0.7867246212221823,0.4320899714706281,0.6538739802437215,0.3469222129777132,-0.08907624633431088,"age_years,sex",149
within_project,HIV,PRJNA307231,Bacteria.Bacteroidota.Bacteroidia.Bacteroidales.Prevotellaceae.Massiliprevotella,Massiliprevotella,248,44,-0.9623894399477054,0.3439434147079117,-2.7981039868578352,0.005487061777322454,0.12229671104958047,0.012347033566592083,-0.2368035190615836,"age_years,sex",149
within_project,HIV,PRJNA307231,Bacteria.Pseudomonadota.Gammaproteobacteria.Enterobacterales.Enterobacteriaceae.Escherichia-Shigella,Escherichia-Shigella,248,44,0.20862656293030893,0.41132061347837634,0.5072115427574522,0.612394550289234,0.7874955970639229,0.33222797893548206,0.09182551319648091,"age_years,sex",149
within_project,HIV,PRJNA307231,Bacteria.Actinomycetota.Coriobacteriia.Coriobacteriales.Eggerthellaceae.Incertae Sedis,Incertae Sedis,248,44,-0.5489952842845546,0.2708015487731758,-2.0272974315386754,0.04355280618340736,0.24966857145289592,0.14975192448169303,-0.13636363636363635,"age_years,sex",149
within_project,HIV,PRJNA307231,Bacteria.Actinomycetota.Coriobacteriia.Coriobacteriales.Eggerthellaceae.Slackia,Slackia,248,44,-0.3031413821034589,0.2574062213150843,-1.1776769829210594,0.2398976611458577,0.47032567777279993,0.8365361652550305,-0.019611436950146666,"age_years,sex",149
within_project,HIV,PRJNA307231,Bacteria.Bacillota.Bacilli.Erysipelotrichales.Erysipelatoclostridiaceae.Erysipelotrichaceae UCG-003,Erysipelotrichaceae UCG-003,248,44,0.612262153239278,0.37419664756126186,1.6362042718168421,0.10288914676087017,0.33894720069995166,0.001278249524217502,0.30480205278592365,"age_years,sex",149
within_project,HIV,PRJNA307231,Bacteria.Bacillota.Clostridia.Oscillospirales.Ruminococcaceae.Caproiciproducens,Caproiciproducens,248,44,0.06396940466078892,0.21018970424282452,0.3043412848941801,0.761087682535412,0.8652380889485407,0.46693861254013913,0.06891495601173014,"age_years,sex",149
within_project,HIV,PRJNA307231,Bacteria.Bacillota.Clostridia.Oscillospirales.Ruminococcaceae.Fournierella,Fournierella,248,44,-0.426196816852682,0.2785340761046952,-1.5301424616084798,0.12707908392691206,0.3767914487275473,0.6454322662656716,-0.04362170087976536,"age_years,sex",149
within_project,HIV,PRJNA307231,Bacteria.Bacillota.Clostridia.Oscillospirales.[Eubacterium] coprostanoligenes group.Incertae Sedis,Incertae Sedis,248,44,-0.77767686251175,0.5821646659988274,-1.3358365904558631,0.1826573286680624,0.418582192765102,0.11772420354805456,-0.14809384164222872,"age_years,sex",149
within_project,HIV,PRJNA307231,Bacteria.Bacillota.Clostridia.Peptococcales.Peptococcaceae.Peptococcus,Peptococcus,248,44,-0.2082661695570766,0.26025860958979047,-0.800227780688361,0.4242384212319902,0.6538739802437215,0.8169174645449562,-0.021994134897360684,"age_years,sex",149
within_project,HIV,PRJNA307231,Bacteria.Bacillota.Clostridia.Peptostreptococcales-Tissierellales.Anaerovoracaceae.Family XIII AD3011 group,Family XIII AD3011 group,248,44,-0.6296686197183156,0.35895223971661516,-1.754184958465296,0.08046237992506507,0.3074075540726845,0.05282289919330117,-0.1832844574780058,"age_years,sex",149
within_project,HIV,PRJNA307231,Bacteria.Bacillota.Clostridia.Peptostreptococcales-Tissierellales.Peptostreptococcaceae.Intestinibacter,Intestinibacter,248,44,-0.12989469977274154,0.4867038215583208,-0.2668865417100007,0.7897475174295405,0.8652380889485407,0.9113017456080963,-0.01063049853372433,"age_years,sex",149
within_project,HIV,PRJNA307231,Bacteria.Bacteroidota.Bacteroidia.Bacteroidales.Muribaculaceae.Incertae Sedis,Incertae Sedis,248,44,-1.3850951446667465,0.5708399693244549,-2.4264158417391477,0.015862692039619965,0.16882436527881248,0.02265077347370176,-0.21572580645161288,"age_years,sex",149
within_project,HIV,PRJNA307231,Bacteria.Elusimicrobiota.Elusimicrobia.Elusimicrobiales.Elusimicrobiaceae.Elusimicrobium,Elusimicrobium,248,44,-0.9581317242522711,0.42626783613990343,-2.2477223074785475,0.02535058020875061,0.24966857145289592,0.5908460828180372,-0.050953079178885585,"age_years,sex",149
within_project,HIV,PRJNA307231,Bacteria.Bacillota.Clostridia.Lachnospirales.Lachnospiraceae.Anaerostipes,Anaerostipes,248,44,-0.05554110969833622,0.5232243603399488,-0.10615161278471459,0.9155359610869196,0.9507899758287947,0.9051596259727833,0.011363636363636465,"age_years,sex",149
within_project,HIV,PRJNA307231,Bacteria.Bacillota.Clostridia.Lachnospirales.Lachnospiraceae.Fusicatenibacter,Fusicatenibacter,248,44,-0.40300581417348447,0.5290694085197909,-0.7617257918975091,0.4468469902987323,0.6538739802437215,0.7440908125354261,-0.03097507331378302,"age_years,sex",149
within_project,HIV,PRJNA307231,Bacteria.Bacillota.Clostridia.Lachnospirales.Lachnospiraceae.Marvinbryantia,Marvinbryantia,248,44,-0.8216239759651405,0.3196569342273199,-2.5703305262286387,0.010662884142728495,0.14443361247877687,0.04936495861848419,-0.18603372434017595,"age_years,sex",149
within_project,HIV,PRJNA307231,Bacteria.Bacillota.Negativicutes.Veillonellales-Selenomonadales.Veillonellaceae.Dialister,Dialister,248,44,-1.2519648431358505,0.5945702951930616,-2.105663288693775,0.036099212278596346,0.24966857145289592,0.0363232719225897,-0.19813049853372433,"age_years,sex",149
within_project,HIV,PRJNA307231,Bacteria.Bacillota.Negativicutes.Veillonellales-Selenomonadales.Veillonellaceae.Megasphaera,Megasphaera,248,44,-0.7925699500728913,0.5512212958930944,-1.4378434867774137,0.15156413305288274,0.3827636580488056,0.08139783447331389,-0.16495601173020524,"age_years,sex",149
within_project,HIV,PRJNA307231,Bacteria.Bacillota.Bacilli.Erysipelotrichales.Erysipelotrichaceae.Turicibacter,Turicibacter,248,44,-0.4108824319361485,0.31008589630000183,-1.3250600457449637,0.18620153772414774,0.418582192765102,0.4275806213597666,-0.07514662756598245,"age_years,sex",149
within_project,HIV,PRJNA307231,Bacteria.Bacillota.Clostridia.Lachnospirales.Lachnospiraceae.Faecalimonas,Faecalimonas,248,44,0.02588774937470112,0.29816432420539973,0.08682376553161182,0.930871930573219,0.9507899758287947,0.4575011646455114,0.07038123167155419,"age_years,sex",149
within_project,HIV,PRJNA307231,Bacteria.Bacillota.Clostridia.Peptostreptococcales-Tissierellales.Peptostreptococcaceae.Terrisporobacter,Terrisporobacter,248,44,-0.44238600869323064,0.39339403571266446,-1.1245366440083753,0.26172180405902196,0.4874568600599284,0.23157790404844192,-0.11326979472140764,"age_years,sex",149
within_project,HIV,PRJNA307231,Bacteria.Bacteroidota.Bacteroidia.Bacteroidales.Prevotellaceae.Leyella,Leyella,248,44,-1.054183224490681,0.62608491441837,-1.6837703643922044,0.09330955692859239,0.33102676148476823,0.028936924192823038,-0.20674486803519065,"age_years,sex",149
within_project,HIV,PRJNA307231,Bacteria.Cyanobacteriota.Vampirivibrionia.Gastranaerophilales.Gastranaerophilaceae.Zag_111,Zag_111,248,44,-0.6601554201416561,0.44593276101020657,-1.4803922874967832,0.13986168770037108,0.3827636580488056,0.49221815134184477,-0.06506598240469208,"age_years,sex",149
within_project,HIV,PRJNA307231,Bacteria.Bacillota.Clostridia.Lachnospirales.Lachnospiraceae.CAG-56,CAG-56,248,44,-0.10326117686141859,0.3452290118573269,-0.29910920958199605,0.7650724448533353,0.8652380889485407,0.5245063477524141,0.06030058651026393,"age_years,sex",149
within_project,HIV,PRJNA307231,Bacteria.Bacillota.Clostridia.Lachnospirales.Lachnospiraceae.Lachnoclostridium,Lachnoclostridium,248,44,-0.03593889705017015,0.43088731351618276,-0.08340671893283857,0.9335860888690152,0.9507899758287947,0.9729542174673393,0.0032991202346042137,"age_years,sex",149
within_project,HIV,PRJNA307231,Bacteria.Bacillota.Clostridia.Lachnospirales.Lachnospiraceae.Lachnospira,Lachnospira,248,44,-0.42174096541806516,0.5428725660749415,-0.7768691803074931,0.43787355424420893,0.6538739802437215,0.6042929191968383,-0.04912023460410553,"age_years,sex",149
within_project,HIV,PRJNA307231,Bacteria.Bacillota.Clostridia.Lachnospirales.Lachnospiraceae.Lachnospiraceae FCS020 group,Lachnospiraceae FCS020 group,248,44,-0.29125096122877664,0.3448622185137317,-0.8445429669970635,0.3990670637053323,0.6394144241417878,0.6233455935846776,-0.04655425219941345,"age_years,sex",149
within_project,HIV,PRJNA307231,Bacteria.Bacillota.Clostridia.Oscillospirales.Ruminococcaceae.Ruthenibacterium,Ruthenibacterium,248,44,0.3172544747031987,0.24427873785972484,1.2987396180398623,0.19507219005135734,0.4269227518872877,0.027680798111870204,0.20839442815249276,"age_years,sex",149
within_project,HIV,PRJNA307231,Bacteria.Actinomycetota.Actinobacteria.Bifidobacteriales.Bifidobacteriaceae.Bifidobacterium,Bifidobacterium,248,44,0.3526789933771957,0.49386649100503816,0.7141180861642987,0.47573252046596115,0.6750871004707449,0.5359305860696822,0.058651026392961825,"age_years,sex",149
within_project,HIV,PRJNA307231,Bacteria.Bacillota.Bacilli.Erysipelotrichales.Erysipelotrichaceae.Solobacterium,Solobacterium,248,44,-0.44360368896840885,0.34358440292731524,-1.2911054319955628,0.19770248241760302,0.4269227518872877,0.1464926297668574,-0.1374633431085044,"age_years,sex",149
within_project,HIV,PRJNA307231,Bacteria.Bacillota.Bacilli.Lactobacillales.Lactobacillaceae.Ligilactobacillus,Ligilactobacillus,248,44,0.25597095474203074,0.33161891758855294,0.7718828485521434,0.4408167127262417,0.6538739802437215,0.35090950045423375,0.08834310850439886,"age_years,sex",149
within_project,HIV,PRJNA307231,Bacteria.Bacillota.Clostridia.Oscillospirales.Ruminococcaceae.Candidatus Soleaferrea,Candidatus Soleaferrea,248,44,-0.3168632875211345,0.27656509152896136,-1.1457096257860628,0.25286642852339986,0.48303284499653815,0.891361134646607,-0.01301319648093846,"age_years,sex",149
within_project,HIV,PRJNA307231,Bacteria.Bacillota.Negativicutes.Veillonellales-Selenomonadales.Selenomonadaceae.Mitsuokella,Mitsuokella,248,44,-0.7194413342576926,0.45407005367496617,-1.5844280600206357,0.11419375107751832,0.3521060955395075,0.0338083533402264,-0.20087976539589447,"age_years,sex",149
within_project,HIV,PRJNA307231,Bacteria.Bacteroidota.Bacteroidia.Bacteroidales.Incertae Sedis.Incertae Sedis,Incertae Sedis,248,44,-0.828255699786958,0.4086926912608313,-2.0265977774933046,0.04362483748207947,0.24966857145289592,0.025182597237305534,-0.21187683284457481,"age_years,sex",149
within_project,HIV,PRJNA307231,Bacteria.Pseudomonadota.Alphaproteobacteria.Rickettsiales.NA.NA,Rickettsiales,248,44,0.3885842209588244,0.22148883767261715,1.7544189812995952,0.08042222196898519,0.3074075540726845,0.02335053870903967,0.21462609970674484,"age_years,sex",149
within_project,HIV,PRJNA307231,Bacteria.Thermodesulfobacteriota.Desulfovibrionia.Desulfovibrionales.Desulfovibrionaceae.Bilophila,Bilophila,248,44,0.8890999468602125,0.32715362683595894,2.7176832959459265,0.006972409282112319,0.12573760814823784,0.00014240320825589282,0.3599706744868034,"age_years,sex",149
within_project,HIV,PRJNA307231,Bacteria.Bacillota.Clostridia.Lachnospirales.Lachnospiraceae.Anaerobutyricum,Anaerobutyricum,248,44,-0.7232727309171728,0.5105687845865239,-1.4166019403299477,0.15768006844797233,0.3915721699791313,0.312342005778826,-0.09567448680351909,"age_years,sex",149
within_project,HIV,PRJNA307231,Bacteria.Bacillota.Clostridia.Lachnospirales.Lachnospiraceae.Lachnospiraceae UCG-004,Lachnospiraceae UCG-004,248,44,0.11094094794081047,0.4119555724017723,0.26930318552072385,0.7878892168964364,0.8652380889485407,0.7810065901887303,0.02639296187683282,"age_years,sex",149
within_project,HIV,PRJNA307231,Bacteria.Bacillota.Clostridia.Lachnospirales.Lachnospiraceae.[Eubacterium] ventriosum group,[Eubacterium] ventriosum group,248,44,-0.1778435150520154,0.38701449292811113,-0.4595267575290785,0.6462026162236513,0.8091108388010424,0.6650189235616999,0.04105571847507328,"age_years,sex",149
within_project,HIV,PRJNA307231,Bacteria.Bacillota.Clostridia.Monoglobales.Monoglobaceae.Monoglobus,Monoglobus,248,44,-0.11515523315161438,0.40182956539109316,-0.28657730309002016,0.7746420452017948,0.8652380889485407,0.8259587897311159,0.02089442815249276,"age_years,sex",149
within_project,HIV,PRJNA307231,Bacteria.Bacillota.Clostridia.Oscillospirales.Oscillospiraceae.UCG-005,UCG-005,248,44,-0.8742755743175764,0.4762704756995124,-1.8356703153465523,0.06743736670799921,0.2984191779314631,0.08554439090342715,-0.16275659824046917,"age_years,sex",149
within_project,HIV,PRJNA307231,Bacteria.Bacillota.Clostridia.Peptostreptococcales-Tissierellales.Anaerovoracaceae.Family XIII UCG-001,Family XIII UCG-001,248,44,-0.592269712903149,0.2944941190424138,-2.011142751607372,0.04524195590086033,0.24966857145289592,0.11546794779722196,-0.1490102639296188,"age_years,sex",149
within_project,HIV,PRJNA307231,Bacteria.Bacteroidota.Bacteroidia.Bacteroidales.Rikenellaceae.Rikenellaceae RC9 gut group,Rikenellaceae RC9 gut group,248,44,-1.6940772200693268,0.574890193353818,-2.946783993976919,0.0034734991816346545,0.12229671104958047,0.001648421364428793,-0.29783724340175954,"age_years,sex",149
within_project,HIV,PRJNA307231,Bacteria.Bacillota.Clostridia.Lachnospirales.Lachnospiraceae.Butyribacter,Butyribacter,248,44,-0.2983461871017551,0.3465862310680506,-0.8608137322200091,0.3900567053579821,0.6386642758059267,0.9683200564359217,0.0038489736070381753,"age_years,sex",149
within_project,HIV,PRJNA307231,Bacteria.Bacillota.Clostridia.Lachnospirales.Lachnospiraceae.[Eubacterium] xylanophilum group,[Eubacterium] xylanophilum group,248,44,-0.24189629635827492,0.387757581698447,-0.6238338275649601,0.533230509172161,0.7356606098764074,0.9482530560853519,-0.006231671554252194,"age_years,sex",149
within_project,HIV,PRJNA307231,Bacteria.Bacillota.Clostridia.Lachnospirales.Lachnospiraceae.[Ruminococcus] gauvreauii group,[Ruminococcus] gauvreauii group,248,44,-0.11798900381040997,0.4270126655017633,-0.27631265614045997,0.782506116936108,0.8652380889485407,0.7974128156952682,-0.024376832844574814,"age_years,sex",149
within_project,HIV,PRJNA307231,Bacteria.Bacillota.Clostridia.Oscillospirales.Oscillospiraceae.UCG-003,UCG-003,248,44,-0.5947615406563526,0.4134810614810562,-1.438425108337403,0.15139926209054322,0.3827636580488056,0.07052842971748106,-0.17118768328445744,"age_years,sex",149
within_project,HIV,PRJNA307231,Bacteria.Bacillota.Clostridia.Oscillospirales.Ruminococcaceae.Paludicola,Paludicola,248,44,-0.4000369833407374,0.2274997130815259,-1.7584065400442142,0.07974047468861689,0.3074075540726845,0.4470132350308872,-0.0720307917888563,"age_years,sex",149
within_project,HIV,PRJNA307231,Bacteria.Bacillota.Negativicutes.Veillonellales-Selenomonadales.Veillonellaceae.Veillonella,Veillonella,248,44,0.19053909404701772,0.38206897511220256,0.4987033924726862,0.6183690258824093,0.7874955970639229,0.6565956275528075,0.04215542521994142,"age_years,sex",149
within_project,HIV,PRJNA307231,Bacteria.Bacteroidota.Bacteroidia.Bacteroidales.Barnesiellaceae.Barnesiella,Barnesiella,248,44,-0.31597208094005513,0.49552384113249776,-0.637652630835915,0.5242064470142479,0.7299697252815228,0.9590550992626952,-0.0049486803519062095,"age_years,sex",149
within_project,HIV,PRJNA307231,Bacteria.Bacillota.Clostridia.Lachnospirales.Lachnospiraceae.GCA-900066575,GCA-900066575,248,44,-0.2259577582930123,0.27779523245701937,-0.8133968185648132,0.41666252278575633,0.6535022725797652,0.6329684052847715,-0.045271260997067464,"age_years,sex",149
within_project,HIV,PRJNA307231,Bacteria.Bacillota.Clostridia.Lachnospirales.Lachnospiraceae.Lachnospiraceae UCG-010,Lachnospiraceae UCG-010,248,44,-0.42854078936426726,0.39070869360252436,-1.0968294189026422,0.2736322193156349,0.503348156518884,0.29148081043817875,-0.09989002932551316,"age_years,sex",149
within_project,HIV,PRJNA307231,Bacteria.Bacillota.Clostridia.Lachnospirales.Lachnospiraceae.Oribacterium,Oribacterium,248,44,-1.0208040562295038,0.32057674043501366,-3.184273615248259,0.0016102840215288148,0.1199661596038967,0.0022858751898254463,-0.28867302052785926,"age_years,sex",149
within_project,HIV,PRJNA307231,Bacteria.Bacillota.Clostridia.Oscillospirales.Butyricicoccaceae.UCG-009,UCG-009,248,44,-0.6443721670584196,0.2982752118612986,-2.1603275814889376,0.03157205429590961,0.24966857145289592,0.05004093022092471,-0.18548387096774188,"age_years,sex",149
within_project,HIV,PRJNA307231,Bacteria.Bacillota.Negativicutes.Veillonellales-Selenomonadales.Selenomonadaceae.Anaerovibrio,Anaerovibrio,248,44,-0.35725484032763144,0.42304301332145716,-0.8444882176937517,0.39909759359185415,0.6394144241417878,0.3274205879764821,-0.092741935483871,"age_years,sex",149
within_project,HIV,PRJNA307231,Bacteria.Thermodesulfobacteriota.Desulfovibrionia.Desulfovibrionales.Desulfovibrionaceae.Desulfovibrio,Desulfovibrio,248,44,-0.5478412377629982,0.4420216288751002,-1.23939916505262,0.21620673110502114,0.4474278185367798,0.2241078139007222,-0.11510263929618769,"age_years,sex",149
within_project,HIV,PRJNA307231,Bacteria.Bacillota.Bacilli.Erysipelotrichales.Erysipelatoclostridiaceae.Asteroleplasma,Asteroleplasma,248,44,-0.21986824437352895,0.41931806408286115,-0.5243471798774711,0.6004404117717606,0.7847861522280029,0.769135267692485,-0.027859237536656867,"age_years,sex",149
within_project,HIV,PRJNA307231,Bacteria.Bacillota.Clostridia.Clostridia vadinBB60 group.Incertae Sedis.Incertae Sedis,Incertae Sedis,248,44,-1.4129935338532889,0.579982691269195,-2.4362684527036302,0.015445767304678502,0.16882436527881248,0.011306998832883669,-0.23973607038123168,"age_years,sex",149
within_project,HIV,PRJNA307231,Bacteria.Bacillota.Clostridia.Lachnospirales.Lachnospiraceae.Butyrivibrio,Butyrivibrio,248,44,-0.7597078253422609,0.481609694015693,-1.5774346629274996,0.11579327974118032,0.3521060955395075,0.5270342453815471,-0.05993401759530792,"age_years,sex",149
within_project,HIV,PRJNA307231,Bacteria.Pseudomonadota.Alphaproteobacteria.Rhodospirillales.Incertae Sedis.Incertae Sedis,Incertae Sedis,248,44,-0.914170805064447,0.5596990966084895,-1.6333254968676698,0.10349326894605969,0.33894720069995166,0.4097487419793907,-0.07807917888563054,"age_years,sex",149
within_project,HIV,PRJNA307231,Bacteria.Pseudomonadota.Gammaproteobacteria.Burkholderiales.Sutterellaceae.Sutterella,Sutterella,248,44,-0.7235154702948421,0.6194648183427336,-1.1679686220606962,0.24378539999234705,0.47174057920597023,0.2423305416187096,-0.11070381231671556,"age_years,sex",149
within_project,HIV,PRJNA307231,Bacteria.Bacillota.Bacilli.Acholeplasmatales.Acholeplasmataceae.Anaeroplasma,Anaeroplasma,248,44,-0.5067595100733397,0.37532816045964984,-1.350177160841678,0.17801926467948112,0.418582192765102,0.6777332670859895,-0.03940615835777128,"age_years,sex",149
within_project,HIV,PRJNA307231,Bacteria.Bacillota.Bacilli.Izemoplasmatales.Incertae Sedis.Incertae Sedis,Incertae Sedis,248,44,-0.789475222430725,0.3816487832538794,-2.068590958681381,0.03947676722337922,0.24966857145289592,0.19328577722032836,-0.12316715542521994,"age_years,sex",149
within_project,HIV,PRJNA307231,Bacteria.Bacillota.Clostridia.Lachnospirales.Lachnospiraceae.Lachnospiraceae ND3007 group,Lachnospiraceae ND3007 group,248,44,-0.1729104765367827,0.4550519289873536,-0.37997965841298104,0.7042405771704698,0.8394547679872001,0.8304882021576847,-0.02034457478005869,"age_years,sex",149
within_project,HIV,PRJNA307231,Bacteria.Bacillota.Clostridia.Oscillospirales.Oscillospiraceae.Oscillibacter,Oscillibacter,248,44,-0.12575709774283717,0.38916687831679453,-0.3231444008975162,0.7468203833935796,0.8652380889485407,0.8289777642461905,0.02052785923753664,"age_years,sex",149
within_project,HIV,PRJNA307231,Bacteria.Bacillota.Clostridia.Peptococcales.Peptococcaceae.Incertae Sedis,Incertae Sedis,248,44,-0.09152672619562267,0.17226403762232223,-0.5313165037747989,0.595609003439523,0.7847861522280029,0.7558445604007529,0.029508797653958974,"age_years,sex",149
within_project,HIV,PRJNA307231,Bacteria.Bacteroidota.Bacteroidia.Bacteroidales.Prevotellaceae.Paraprevotella,Paraprevotella,248,44,-0.16336579004193186,0.5344783518251905,-0.3056546434183048,0.7600884199624361,0.8652380889485407,0.8714889952948094,-0.015395894428152479,"age_years,sex",149
within_project,HIV,PRJNA307231,Bacteria.Pseudomonadota.Gammaproteobacteria.Burkholderiales.NA.NA,Burkholderiales,248,44,0.25166688420091593,0.16529316575169162,1.5225486368805927,0.1289688851349323,0.3767914487275473,0.07516735413626205,0.1684384164222874,"age_years,sex",149
within_project,HIV,PRJNA307231,Bacteria.Thermodesulfobacteriota.Desulfovibrionia.Desulfovibrionales.Desulfovibrionaceae.Incertae Sedis,Incertae Sedis,248,44,-0.372420921594625,0.26729091563902324,-1.3933167938171904,0.164598399392133,0.39833769709826566,0.9791344923933151,-0.00256598240469208,"age_years,sex",149
within_project,HIV,PRJNA307231,Bacteria.Verrucomicrobiota.Verrucomicrobiia.Opitutales.Puniceicoccaceae.Incertae Sedis,Incertae Sedis,248,44,-0.5185538616916617,0.3555961627511904,-1.458266190725158,0.14585683006452319,0.3827636580488056,0.720763758708713,-0.03390762463343111,"age_years,sex",149
within_project,HIV,PRJNA307231,Bacteria.Bacillota.Clostridia.Lachnospirales.Defluviitaleaceae.Defluviitaleaceae UCG-011,Defluviitaleaceae UCG-011,248,44,-0.394926950484747,0.21970680715118554,-1.7975180450962918,0.073300838108797,0.30338402439474316,0.39883191577821975,-0.0799120234604106,"age_years,sex",149
within_project,HIV,PRJNA307231,Bacteria.Bacteroidota.Bacteroidia.Bacteroidales.Marinifilaceae.Odoribacter,Odoribacter,248,44,0.4597926370154621,0.5106928949362585,0.9003309847748138,0.3686963538232101,0.6242699627233897,0.06992803900719058,0.17155425219941356,"age_years,sex",149
within_project,HIV,PRJNA307231,Bacteria.Bacillota.Clostridia.Lachnospirales.Lachnospiraceae.Enterocloster,Enterocloster,248,44,0.1688137441600179,0.4104439212437539,0.4112955154713158,0.6811617480760364,0.826758845269089,0.6165111864796635,0.04747067448680342,"age_years,sex",149
within_project,HIV,PRJNA307231,Bacteria.Bacteroidota.Bacteroidia.Bacteroidales.Tannerellaceae.Incertae Sedis,Incertae Sedis,248,44,-0.057164823637370646,0.3145749386313823,-0.181720844915609,0.8559296378635298,0.917507309652273,0.08241886537603611,0.16440615835777117,"age_years,sex",149
within_project,HIV,PRJNA307231,Bacteria.Pseudomonadota.Alphaproteobacteria.Rickettsiales.Mitochondria.Incertae Sedis,Incertae Sedis,248,44,0.3829271530324141,0.264086208769414,1.450008142480343,0.14814437531101204,0.3827636580488056,0.20480313097846736,0.1200513196480939,"age_years,sex",149
within_project,HIV,PRJNA307231,Bacteria.Bacillota.Clostridia.Oscillospirales.Oscillospiraceae.Incertae Sedis,Incertae Sedis,248,44,0.17433022971991197,0.2932250328647546,0.5945271043769276,0.552626381452929,0.7554250535457468,0.13551146295037114,0.14131231671554256,"age_years,sex",149
within_project,HIV,PRJNA307231,Bacteria.Bacillota.Negativicutes.Veillonellales-Selenomonadales.Veillonellaceae.Allisonella,Allisonella,248,44,-0.4647322099615242,0.28293659819922884,-1.6425312699712484,0.10157130838673642,0.33894720069995166,0.20898493862956424,-0.11895161290322576,"age_years,sex",149
within_project,HIV,PRJNA307231,Bacteria.Bacillota.Negativicutes.Acidaminococcales.Acidaminococcaceae.Acidaminococcus,Acidaminococcus,248,44,-0.158141117769534,0.5001866991620354,-0.31616418036398886,0.7521069105823511,0.8652380889485407,0.6412663434941883,-0.04417155425219943,"age_years,sex",149
within_project,HIV,PRJNA307231,Bacteria.Bacteroidota.Bacteroidia.Bacteroidales.Marinifilaceae.Butyricimonas,Butyricimonas,248,44,-0.9144111992560472,0.46937925203424424,-1.9481287153044742,0.05237080221350394,0.27049078375973035,0.07297241726734181,-0.1697214076246334,"age_years,sex",149
within_project,HIV,PRJNA307231,Bacteria.Fusobacteriota.Fusobacteriia.Fusobacteriales.Fusobacteriaceae.Fusobacterium,Fusobacterium,248,44,0.7344657691840548,0.33524132469229784,2.190856899453509,0.029263421524939763,0.24966857145289592,0.012212554697936365,0.2371700879765395,"age_years,sex",149
within_project,HIV,PRJNA307231,Bacteria.Bacillota.Clostridia.Christensenellales.Christensenellaceae.Incertae Sedis,Incertae Sedis,248,44,-0.4428071673531679,0.23355972802501965,-1.8959054760747667,0.058973436615822925,0.2745950642424255,0.11062392433484824,-0.1510263929618768,"age_years,sex",149
within_project,HIV,PRJNA307231,Bacteria.Bacillota.Clostridia.Oscillospirales.Oscillospiraceae.Oscillospira,Oscillospira,248,44,-0.576304282895724,0.28239965637631803,-2.0407400288326016,0.04218834150347286,0.24966857145289592,0.19662271893197747,-0.12225073313782986,"age_years,sex",149
within_project,HIV,PRJNA307231,Bacteria.Pseudomonadota.Gammaproteobacteria.Burkholderiales.Sutterellaceae.Parasutterella,Parasutterella,248,44,-0.18054601337986578,0.33263754780688926,-0.5427709967507357,0.5877072676556704,0.7818605614347758,0.646823391655865,0.04343841642228741,"age_years,sex",149
within_project,HIV,PRJNA307231,NA.NA.NA.NA.NA.NA,NA.NA.NA.NA.NA.NA,248,44,0.3432269270585099,0.18742730657140058,1.831253584854549,0.06809565134006541,0.2984191779314631,0.13001899484304877,0.14332844574780057,"age_years,sex",149
within_project,HIV,PRJNA307231,Bacteria.Verrucomicrobiota.Lentisphaeria.Victivallales.vadinBE97.Incertae Sedis,Incertae Sedis,248,44,-1.0579147857392972,0.47619886248900894,-2.2215819252691196,0.027088870920830215,0.24966857145289592,0.03955002441824626,-0.19483137829912023,"age_years,sex",149
within_project,HIV,PRJNA307231,Bacteria.Bacillota.Clostridia.Lachnospirales.Lachnospiraceae.Moryella,Moryella,248,44,-0.12263198471370727,0.18874568595169094,-0.6497207292202412,0.5163904985206944,0.7258696630149384,0.7005627546031716,-0.03647360703812319,"age_years,sex",149
within_project,HIV,PRJNA307231,Bacteria.Bacillota.Bacilli.Erysipelotrichales.Erysipelatoclostridiaceae.UCG-004,UCG-004,248,44,-0.6853550914338895,0.42100794367150346,-1.6278911163933907,0.10464141766575688,0.33894720069995166,0.050724644642794005,-0.18493401759530792,"age_years,sex",149
within_project,HIV,PRJNA307231,Bacteria.Bacteroidota.Bacteroidia.Bacteroidales.Prevotellaceae.NA,Prevotellaceae,248,44,-0.22899046761278674,0.15318234837684783,-1.4948880862528717,0.13603853350811967,0.38244795269263837,0.4287099199334544,-0.07496334310850439,"age_years,sex",149
within_project,HIV,PRJNA307231,Bacteria.Bacillota.Clostridia.Lachnospirales.Lachnospiraceae.Lachnospiraceae NK3A20 group,Lachnospiraceae NK3A20 group,248,44,-0.7877241255036375,0.2970012272758735,-2.652258823065231,0.00843876564753274,0.12573760814823784,0.035298791351849275,-0.19923020527859236,"age_years,sex",149
within_project,HIV,PRJNA307231,Bacteria.Bacteroidota.Bacteroidia.Bacteroidales.Prevotellaceae.Prevotellaceae NK3B31 group,Prevotellaceae NK3B31 group,248,44,-1.6511870946513587,0.44822115909875276,-3.6838669061751426,0.00027434124020827525,0.04087684479103301,9.58661417592582e-05,-0.3691348973607038,"age_years,sex",149
within_project,HIV,PRJNA307231,Bacteria.Campylobacterota.Campylobacteria.Campylobacterales.Campylobacteraceae.Campylobacter,Campylobacter,248,44,-0.14895787963102683,0.3419652357290319,-0.43559363370216614,0.6634578765747439,0.8169853190879077,0.9405430138732073,-0.007148093841642278,"age_years,sex",149
within_project,HIV,PRJNA307231,Bacteria.Bacillota.Clostridia.Peptostreptococcales-Tissierellales.Anaerovoracaceae.NA,Anaerovoracaceae,248,44,0.3816457089451668,0.274662262615573,1.3895090840321649,0.16575125651068773,0.39833769709826566,0.03546780585125903,0.1990469208211143,"age_years,sex",149
within_project,HIV,PRJNA307231,Bacteria.Pseudomonadota.NA.NA.NA.NA,Bacteria.Pseudomonadota.NA.NA.NA.NA,248,44,0.3376448206349332,0.1965014974336142,1.7182811583866053,0.08682007468443222,0.32340477819951,0.09473133895584901,0.1581744868035191,"age_years,sex",149
within_project,HIV,PRJNA307231,Bacteria.Bacillota.Clostridia.Oscillospirales.Ruminococcaceae.Negativibacillus,Negativibacillus,248,44,0.19396939650326742,0.3551228844931777,0.5462035959189044,0.5853488601651033,0.7818605614347758,0.1570031455120787,0.13398093841642233,"age_years,sex",149
within_project,HIV,PRJNA307231,Bacteria.Bacillota.Clostridia.Oscillospirales.Oscillospiraceae.Flavonifractor,Flavonifractor,248,44,0.42557644752548146,0.28320743075362814,1.5027022645309933,0.13401152102511182,0.38244795269263837,0.052115563478273876,0.18383431085043989,"age_years,sex",149
within_project,HIV,PRJNA307231,Bacteria.Bacteroidota.Bacteroidia.Bacteroidales.Barnesiellaceae.Coprobacter,Coprobacter,248,44,0.02276534347614343,0.3747698777969159,0.060744859245277304,0.9516045364820397,0.958034296863675,0.31700411542427354,0.094758064516129,"age_years,sex",149
within_project,HIV,PRJNA307231,Bacteria.Bacteroidota.Bacteroidia.Bacteroidales.Barnesiellaceae.Incertae Sedis,Incertae Sedis,248,44,-0.37724857453370886,0.33152819833502534,-1.137907956029975,0.25610466278339944,0.48303284499653815,0.4287099199334544,0.07496334310850439,"age_years,sex",149
within_project,HIV,PRJNA307231,Bacteria.Verrucomicrobiota.Lentisphaeria.Victivallales.Victivallaceae.Victivallis,Victivallis,248,44,-0.44238084845341735,0.34808461202575647,-1.2709003304652935,0.2047896825336068,0.43590946710724876,0.2139414894578202,-0.11766862170087977,"age_years,sex",149
within_project,HIV,PRJNA307231,Bacteria.Bacillota.Bacilli.Erysipelotrichales.Erysipelotrichaceae.Catenisphaera,Catenisphaera,248,44,0.24610059816806168,0.32998111219465665,0.7458020749469029,0.456395261378168,0.6538739802437215,0.7484916522927765,0.030425219941349058,"age_years,sex",149
within_project,HIV,PRJNA307231,Bacteria.Bacteroidota.Bacteroidia.Bacteroidales.Prevotellaceae.Prevotellaceae UCG-003,Prevotellaceae UCG-003,248,44,-0.504643071379515,0.4190365165472273,-1.2042937821688375,0.2294648380707147,0.4675189051284304,0.5696223952926724,-0.053885630498533676,"age_years,sex",149
within_project,HIV,PRJNA589036,Bacteria.Actinomycetota.Coriobacteriia.Coriobacteriales.Atopobiaceae.Tractidigestivibacter,Tractidigestivibacter,82,84,-0.7139290493405048,0.4180321910506847,-1.7078327091177146,0.08958293177278111,0.25991667528440715,0.2469005773023727,-0.10423925667828104,"age_years,sex",206
within_project,HIV,PRJNA589036,Bacteria.Actinomycetota.Coriobacteriia.Coriobacteriales.Coriobacteriaceae.Collinsella,Collinsella,82,84,-0.6975481052702891,0.3481879655272092,-2.003366498362733,0.04680526436014816,0.15551426545468583,0.6828484354484359,-0.03687572590011612,"age_years,sex",206
within_project,HIV,PRJNA589036,Bacteria.Actinomycetota.Coriobacteriia.Coriobacteriales.Eggerthellaceae.Adlercreutzia,Adlercreutzia,82,84,-0.6006952525364373,0.360978483428178,-1.664074952145879,0.09803057252221788,0.2713896113114848,0.22892651161608224,-0.10830429732868763,"age_years,sex",206
within_project,HIV,PRJNA589036,Bacteria.Actinomycetota.Coriobacteriia.Coriobacteriales.Eggerthellaceae.Senegalimassilia,Senegalimassilia,82,84,-1.38953878026583,0.3900859602301741,-3.5621348162490105,0.0004833113680356014,0.018215949759653766,0.04899797601973627,-0.17711962833914052,"age_years,sex",206
within_project,HIV,PRJNA589036,Bacteria.Bacillota.Bacilli.Erysipelotrichales.Erysipelotrichaceae.Holdemanella,Holdemanella,82,84,-1.6115017208249138,0.4557869505959865,-3.53564690414615,0.0005305616434850612,0.018215949759653766,0.029125693481192618,-0.19628339140534268,"age_years,sex",206
within_project,HIV,PRJNA589036,Bacteria.Bacillota.Bacilli.Erysipelotrichales.Erysipelotrichaceae.NA,Erysipelotrichaceae,82,84,0.21245987170428315,0.2191161443451258,0.9696221715623178,0.33368027939717204,0.5733240077226843,0.1723717254702133,0.12282229965156799,"age_years,sex",206
within_project,HIV,PRJNA589036,Bacteria.Bacillota.Bacilli.Lactobacillales.Streptococcaceae.Streptococcus,Streptococcus,82,84,0.2660665631781976,0.295130806007303,0.9015208096291167,0.3686498245952555,0.6019246303827539,0.2857578746996088,0.0961091753774681,"age_years,sex",206
within_project,HIV,PRJNA589036,Bacteria.Bacillota.Bacilli.RF39.Incertae Sedis.Incertae Sedis,Incertae Sedis,82,84,-1.1950896894866672,0.4486147366330105,-2.6639554876332805,0.008503289051118032,0.07152519752875827,0.027046228620451848,-0.19889663182346107,"age_years,sex",206
within_project,HIV,PRJNA589036,Bacteria.Bacillota.Clostridia.Christensenellales.Christensenellaceae.Christensenellaceae R-7 group,Christensenellaceae R-7 group,82,84,-1.0121071437062876,0.31914702569427184,-3.171288034110773,0.001815487421470046,0.04098173880601372,0.0009255290416306738,-0.2979094076655052,"age_years,sex",206
within_project,HIV,PRJNA589036,Bacteria.Bacillota.Clostridia.Clostridia UCG-014.Incertae Sedis.Incertae Sedis,Incertae Sedis,82,84,-0.7999555179421056,0.4704702892038433,-1.7003316389985774,0.09098751989470982,0.26032540414319755,0.31748158708316565,-0.09001161440185834,"age_years,sex",206
within_project,HIV,PRJNA589036,Bacteria.Bacillota.Clostridia.Clostridiales.Clostridiaceae.Clostridium,Clostridium,82,84,-1.0842327937434366,0.3888338308467735,-2.7884219626216034,0.005930965757540535,0.06656539373916749,0.012940979108799818,-0.22357723577235777,"age_years,sex",206
within_project,HIV,PRJNA589036,Bacteria.Bacillota.Clostridia.Lachnospirales.Lachnospiraceae.Agathobacter,Agathobacter,82,84,0.34862690577337946,0.2880915082058735,1.2101255880275605,0.22799346850629768,0.4604573971793855,0.19693424153497274,0.11614401858304291,"age_years,sex",206
within_project,HIV,PRJNA589036,Bacteria.Bacillota.Clostridia.Lachnospirales.Lachnospiraceae.Blautia,Blautia,82,84,0.24172801168665692,0.1348128733037354,1.793063271799275,0.07482844371088379,0.22668616771238323,0.04610308603173811,0.17944250871080136,"age_years,sex",206
within_project,HIV,PRJNA589036,Bacteria.Bacillota.Clostridia.Lachnospirales.Lachnospiraceae.Coprococcus,Coprococcus,82,84,-0.5768406961506541,0.24098511826578492,-2.3936776689855623,0.0178237121279157,0.09952481242014145,0.03857092059993868,-0.18612078977932633,"age_years,sex",206
within_project,HIV,PRJNA589036,Bacteria.Bacillota.Clostridia.Lachnospirales.Lachnospiraceae.Dorea,Dorea,82,84,0.18477878725633828,0.19452651026460277,0.9498900021647165,0.34358308639276636,0.5764278726561656,0.09786136161939468,0.14895470383275256,"age_years,sex",206
within_project,HIV,PRJNA589036,Bacteria.Bacillota.Clostridia.Lachnospirales.Lachnospiraceae.Howardella,Howardella,82,84,-0.7836171294394393,0.3125860229277923,-2.5068847355995048,0.013165770365647759,0.08556980980711194,0.08903135508792853,-0.15301974448315914,"age_years,sex",206
within_project,HIV,PRJNA589036,Bacteria.Bacillota.Clostridia.Lachnospirales.Lachnospiraceae.Lachnospiraceae NK4A136 group,Lachnospiraceae NK4A136 group,82,84,-0.20006829122703287,0.25972771282543217,-0.7703001310511001,0.4422437516451051,0.6461149846729904,0.06729112708760034,-0.16463414634146345,"age_years,sex",206
within_project,HIV,PRJNA589036,Bacteria.Bacillota.Clostridia.Lachnospirales.Lachnospiraceae.Mediterraneibacter,Mediterraneibacter,82,84,0.2892982776406657,0.18579153125369013,1.5571122951004783,0.12139526361648184,0.29770743220232454,0.10458671706511159,0.14605110336817662,"age_years,sex",206
within_project,HIV,PRJNA589036,Bacteria.Bacillota.Clostridia.Lachnospirales.Lachnospiraceae.Roseburia,Roseburia,82,84,-0.23934941594254985,0.25228754277711984,-0.9487167432361097,0.34417780745974935,0.5764278726561656,0.3598401197062462,-0.0824622531939605,"age_years,sex",206
within_project,HIV,PRJNA589036,Bacteria.Bacillota.Clostridia.Lachnospirales.Lachnospiraceae.[Eubacterium] eligens group,[Eubacterium] eligens group,82,84,-0.7757206718788104,0.37798873983177617,-2.052232223171634,0.04175629311720933,0.14711612042761554,0.07381857234297066,-0.16085946573751453,"age_years,sex",206
within_project,HIV,PRJNA589036,Bacteria.Bacillota.Clostridia.Lachnospirales.Lachnospiraceae.[Eubacterium] ruminantium group,[Eubacterium] ruminantium group,82,84,-0.7959172063050836,0.458296441595857,-1.736686419675397,0.08434344064039916,0.2482106967417461,0.22029734029262138,-0.1103368176538908,"age_years,sex",206
within_project,HIV,PRJNA589036,Bacteria.Bacillota.Clostridia.NA.NA.NA,Clostridia,82,84,-0.3022402318039934,0.290044174378102,-1.0420489653068936,0.2989415719994212,0.5647547952503519,0.4372855558654162,-0.06997677119628343,"age_years,sex",206
within_project,HIV,PRJNA589036,Bacteria.Bacillota.Clostridia.Oscillospirales.Oscillospiraceae.Colidextribacter,Colidextribacter,82,84,-0.23964585526572468,0.25820133044973786,-0.9281356329508719,0.3547180144427451,0.589289604638754,0.6875960580028131,-0.03629500580720091,"age_years,sex",206
within_project,HIV,PRJNA589036,Bacteria.Bacillota.Clostridia.Oscillospirales.Oscillospiraceae.UCG-002,UCG-002,82,84,-0.5813818238568331,0.3002553993596939,-1.9362909879277843,0.05457265192943036,0.1729533276532716,0.16146806199616537,-0.1260162601626016,"age_years,sex",206
within_project,HIV,PRJNA589036,Bacteria.Bacillota.Clostridia.Oscillospirales.Ruminococcaceae.CAG-352,CAG-352,82,84,-0.3580895456693346,0.4743481980715237,-0.7549086243505467,0.4513998804801148,0.6502683592930325,0.9163988499917878,-0.009581881533101022,"age_years,sex",206
within_project,HIV,PRJNA589036,Bacteria.Bacillota.Clostridia.Oscillospirales.Ruminococcaceae.Faecalibacterium,Faecalibacterium,82,84,-0.14038980060782522,0.21091502598912143,-0.6656225650564424,0.5065989998657172,0.6870414685694267,0.427815984918432,-0.0714285714285714,"age_years,sex",206
within_project,HIV,PRJNA589036,Bacteria.Bacillota.Clostridia.Oscillospirales.Ruminococcaceae.Gemmiger,Gemmiger,82,84,-0.712728155943461,0.28761199003867693,-2.4780891639726703,0.0142340784772278,0.08885515655481596,0.7381591194872178,-0.030197444831591147,"age_years,sex",206
within_project,HIV,PRJNA589036,Bacteria.Bacillota.Clostridia.Oscillospirales.Ruminococcaceae.NA,Ruminococcaceae,82,84,-0.2642908635604493,0.33234022708206956,-0.7952418696975379,0.42763642251309186,0.6461149846729904,0.2857578746996088,-0.0961091753774681,"age_years,sex",206
within_project,HIV,PRJNA589036,Bacteria.Bacillota.Clostridia.Oscillospirales.Ruminococcaceae.Ruminococcus,Ruminococcus,82,84,-0.5639382906864632,0.3456478089270608,-1.6315401866339225,0.10471884682628195,0.274297980180141,0.3143644376230391,-0.09059233449477355,"age_years,sex",206
within_project,HIV,PRJNA589036,Bacteria.Bacillota.Clostridia.Oscillospirales.Ruminococcaceae.Subdoligranulum,Subdoligranulum,82,84,-0.3555075623412749,0.37145236304725965,-0.9570744399761535,0.3399557775738574,0.5764278726561656,0.9266571544287369,-0.008420441347270602,"age_years,sex",206
within_project,HIV,PRJNA589036,Bacteria.Bacillota.Clostridia.Oscillospirales.Ruminococcaceae.[Eubacterium] siraeum group,[Eubacterium] siraeum group,82,84,-0.7785945966329892,0.385240689892621,-2.0210601243861563,0.044920221926166175,0.15169779863590546,0.08722534300692648,-0.1538908246225319,"age_years,sex",206
within_project,HIV,PRJNA589036,Bacteria.Bacillota.Clostridia.Oscillospirales.UCG-010.Incertae Sedis,Incertae Sedis,82,84,-1.1298054799995443,0.3594727340009778,-3.142951810071,0.001989404796408433,0.04098173880601372,0.006379109936913986,-0.24535423925667832,"age_years,sex",206
within_project,HIV,PRJNA589036,Bacteria.Bacillota.Clostridia.Peptostreptococcales-Tissierellales.Peptostreptococcaceae.Romboutsia,Romboutsia,82,84,-1.0960038703454313,0.38766612489443686,-2.827185043944394,0.0052883395798607145,0.06408223255595924,0.0028563365057735412,-0.2682926829268293,"age_years,sex",206
within_project,HIV,PRJNA589036,Bacteria.Bacillota.NA.NA.NA.NA,Bacteria.Bacillota.NA.NA.NA.NA,82,84,-0.12160514422896067,0.22479413173138252,-0.5409622719790239,0.5892766587844014,0.7493271093184364,0.9446375365384111,0.006387921022067422,"age_years,sex",206
within_project,HIV,PRJNA589036,Bacteria.Bacillota.Negativicutes.Acidaminococcales.Acidaminococcaceae.Phascolarctobacterium,Phascolarctobacterium,82,84,-0.7288489430404363,0.48047435175592934,-1.5169362118431577,0.13123174651252653,0.31434581141372636,0.22029734029262138,-0.1103368176538908,"age_years,sex",206
within_project,HIV,PRJNA589036,Bacteria.Bacteroidota.Bacteroidia.Bacteroidales.Bacteroidaceae.Bacteroides,Bacteroides,82,84,0.08181910601146078,0.2981087638496228,0.2744605859783894,0.784080369445145,0.8793936369833076,0.6852206927968248,0.03658536585365857,"age_years,sex",206
within_project,HIV,PRJNA589036,Bacteria.Bacteroidota.Bacteroidia.Bacteroidales.Prevotellaceae.Incertae Sedis,Incertae Sedis,82,84,-0.06366434268187357,0.47222559053968965,-0.13481764639039126,0.892923411122865,0.927625512559103,0.8450739581845839,0.017711962833913963,"age_years,sex",206
within_project,HIV,PRJNA589036,Bacteria.Bacteroidota.Bacteroidia.Bacteroidales.Prevotellaceae.Segatella,Segatella,82,84,-1.0828204056490767,0.47242539491068447,-2.2920452992451685,0.02319024755420772,0.09952481242014145,0.021193675027511256,-0.20731707317073167,"age_years,sex",206
within_project,HIV,PRJNA589036,Bacteria.Bacteroidota.Bacteroidia.Bacteroidales.Rikenellaceae.Alistipes,Alistipes,82,84,0.15184579166571466,0.36526104603857906,0.41571854790580826,0.678166115618543,0.8122222082408131,0.7479280152626668,0.029036004645760727,"age_years,sex",206
within_project,HIV,PRJNA589036,Bacteria.Bacteroidota.Bacteroidia.Bacteroidales.Tannerellaceae.Parabacteroides,Parabacteroides,82,84,-0.12248277446538544,0.2782754159989051,-0.4401494613734307,0.6604155487181516,0.8050035682599954,0.9574984971674456,-0.004936120789779341,"age_years,sex",206
within_project,HIV,PRJNA589036,Bacteria.Pseudomonadota.Gammaproteobacteria.Burkholderiales.Oxalobacteraceae.Oxalobacter,Oxalobacter,82,84,-0.1996195111397311,0.26393317736876476,-0.7563259501128375,0.4505522400217151,0.6502683592930325,0.8526660243392934,-0.016840882694541204,"age_years,sex",206
within_project,HIV,PRJNA589036,Bacteria.Pseudomonadota.Gammaproteobacteria.Enterobacterales.Enterobacteriaceae.Klebsiella,Klebsiella,82,84,0.17472731159013058,0.2785335334868562,0.6273115822098161,0.531338168440584,0.7053382132713443,0.21427817126966864,0.11178861788617889,"age_years,sex",206
within_project,HIV,PRJNA589036,Bacteria.Pseudomonadota.Gammaproteobacteria.Enterobacterales.Pasteurellaceae.Haemophilus,Haemophilus,82,84,-0.7384642802628809,0.29420802711875765,-2.5100072472352983,0.013054337785972068,0.08556980980711194,0.023073370591270754,-0.20441347270615562,"age_years,sex",206
within_project,HIV,PRJNA589036,Bacteria.Pseudomonadota.Gammaproteobacteria.Enterobacterales.Succinivibrionaceae.Succinivibrio,Succinivibrio,82,84,0.17383748071639193,0.4167676095987011,0.41710890364963166,0.6771509657068753,0.8122222082408131,0.4430247402659856,0.06910569105691056,"age_years,sex",206
within_project,HIV,PRJNA589036,Archaea.Methanobacteriota.Methanobacteria.Methanobacteriales.Methanobacteriaceae.Methanobrevibacter,Methanobrevibacter,82,84,-0.943150502427797,0.46043391153220475,-2.0483949570292,0.04213519953994814,0.14711612042761554,0.12144773785311055,-0.13937282229965153,"age_years,sex",206
within_project,HIV,PRJNA589036,Bacteria.Actinomycetota.Coriobacteriia.Coriobacteriales.Eggerthellaceae.Eggerthella,Eggerthella,82,84,1.4540587765236528,0.3235320091923538,4.494327408757727,1.3227541085792976e-05,0.0013624367318366766,0.000824202259710849,0.30081300813008127,"age_years,sex",206
within_project,HIV,PRJNA589036,Bacteria.Bacillota.Bacilli.Erysipelotrichales.Erysipelatoclostridiaceae.Catenibacterium,Catenibacterium,82,84,-1.3940119722995106,0.5376009941351764,-2.593023427239041,0.010384327142864625,0.07639897826536117,0.10667436385256725,-0.14518002322880375,"age_years,sex",206
within_project,HIV,PRJNA589036,Bacteria.Bacillota.Bacilli.Erysipelotrichales.Erysipelotrichaceae.Incertae Sedis,Incertae Sedis,82,84,0.0638592559898305,0.1777785851218942,0.35920668367365666,0.719908236192765,0.8238949814206089,0.29015378567233074,0.09523809523809534,"age_years,sex",206
within_project,HIV,PRJNA589036,Bacteria.Bacillota.Bacilli.Lactobacillales.Enterococcaceae.Enterococcus,Enterococcus,82,84,-0.05103989922779692,0.270003536131841,-0.1890341880666128,0.8503026395695317,0.91230387370481,0.33986689215552146,0.08594657375145176,"age_years,sex",206
within_project,HIV,PRJNA589036,Bacteria.Bacillota.Bacilli.Lactobacillales.Lactobacillaceae.Lactobacillus,Lactobacillus,82,84,0.22531592183612537,0.3616442349281169,0.6230319747276237,0.5341396178171345,0.7053382132713443,0.27710169378585137,0.09785133565621362,"age_years,sex",206
within_project,HIV,PRJNA589036,Bacteria.Bacillota.Bacilli.Staphylococcales.Gemellaceae.Gemella,Gemella,82,84,0.1920441574675186,0.15740060863634722,1.2200979343809948,0.22420090344437243,0.4572810505895121,0.08312618240062002,0.1559233449477353,"age_years,sex",206
within_project,HIV,PRJNA589036,Bacteria.Bacillota.Clostridia.Lachnospirales.Lachnospiraceae.NA,Lachnospiraceae,82,84,0.05162927993065033,0.1394858912237832,0.37013980036030497,0.7117617944517469,0.8191225120506138,0.9574984971674456,-0.004936120789779341,"age_years,sex",206
within_project,HIV,PRJNA589036,Bacteria.Bacillota.Clostridia.Oscillospirales.Butyricicoccaceae.Agathobaculum,Agathobaculum,82,84,0.3477273161513184,0.17515895494934375,1.9852100410845779,0.04880903333870065,0.15959779155194184,0.07486729386349683,0.16027874564459932,"age_years,sex",206
within_project,HIV,PRJNA589036,Bacteria.Bacillota.Clostridia.Oscillospirales.Oscillospiraceae.Intestinimonas,Intestinimonas,82,84,-0.2772167920483001,0.3194227294619659,-0.8678680835119112,0.3867503337776982,0.6135753440158238,0.7651204958804785,0.027003484320557547,"age_years,sex",206
within_project,HIV,PRJNA589036,Bacteria.Bacillota.Clostridia.Oscillospirales.Oscillospiraceae.NA,Oscillospiraceae,82,84,-0.7853787741017072,0.2747273473204857,-2.8587571705612413,0.0048125566095908205,0.06408223255595924,0.029125693481192618,-0.19628339140534268,"age_years,sex",206
within_project,HIV,PRJNA589036,Bacteria.Bacillota.Clostridia.Oscillospirales.Oscillospiraceae.NK4A214 group,NK4A214 group,82,84,-0.8659962311057421,0.375797245402132,-2.304424105554737,0.022468562518571253,0.09952481242014145,0.06214591384612064,-0.16782810685249705,"age_years,sex",206
within_project,HIV,PRJNA589036,Bacteria.Bacillota.Clostridia.Oscillospirales.Ruminococcaceae.Acutalibacter,Acutalibacter,82,84,0.4128975441752594,0.1759369949772986,2.3468489059309907,0.020142528848108868,0.09952481242014145,0.012365489819833568,0.22502903600464585,"age_years,sex",206
within_project,HIV,PRJNA589036,Bacteria.Bacillota.Clostridia.Oscillospirales.Ruminococcaceae.Incertae Sedis,Incertae Sedis,82,84,-0.8378492748270321,0.3051868235400315,-2.7453651671731856,0.006727425523347791,0.06929248289048225,0.008280249864253618,-0.23751451800232293,"age_years,sex",206
within_project,HIV,PRJNA589036,Bacteria.Bacillota.Clostridia.Peptostreptococcales-Tissierellales.Anaerovoracaceae.Mogibacterium,Mogibacterium,82,84,-0.3863551029535782,0.43075480197720506,-0.8969258176117177,0.3710894565951929,0.6019246303827539,0.7187490605142413,-0.03252032520325199,"age_years,sex",206
within_project,HIV,PRJNA589036,Bacteria.Bacteroidota.Bacteroidia.Bacteroidales.Prevotellaceae.Massiliprevotella,Massiliprevotella,82,84,-0.6101780308570961,0.39129798371056146,-1.559369217983085,0.1208604404741209,0.29770743220232454,0.19693424153497274,-0.11614401858304302,"age_years,sex",206
within_project,HIV,PRJNA589036,Bacteria.Pseudomonadota.Gammaproteobacteria.Enterobacterales.Enterobacteriaceae.Escherichia-Shigella,Escherichia-Shigella,82,84,1.1159307654374853,0.40983681548363543,2.722866085421366,0.007181129604774809,0.0704434618373148,0.006379109936913986,0.24535423925667832,"age_years,sex",206
within_project,HIV,PRJNA589036,Bacteria.Verrucomicrobiota.Verrucomicrobiia.Verrucomicrobiales.Akkermansiaceae.Akkermansia,Akkermansia,82,84,-0.30544736910904496,0.4489158858208093,-0.6804111388273933,0.4972154373989882,0.684944291939419,0.9677953991271785,-0.003774680603948921,"age_years,sex",206
within_project,HIV,PRJNA589036,Bacteria.Actinomycetota.Coriobacteriia.Coriobacteriales.Eggerthellaceae.Incertae Sedis,Incertae Sedis,82,84,-1.0154910172586218,0.38423771453465877,-2.642871792240538,0.009027452115280171,0.07152519752875827,0.07646316267974149,-0.15940766550522645,"age_years,sex",206
within_project,HIV,PRJNA589036,Bacteria.Actinomycetota.Coriobacteriia.Coriobacteriales.Eggerthellaceae.Slackia,Slackia,82,84,-1.9351360749739641,0.3816208758382772,-5.070833902163239,1.0726295269794548e-06,0.0002209616825577677,0.00016693596157271647,-0.33855981416957026,"age_years,sex",206
within_project,HIV,PRJNA589036,Bacteria.Bacillota.Bacilli.Erysipelotrichales.Erysipelatoclostridiaceae.Erysipelotrichaceae UCG-003,Erysipelotrichaceae UCG-003,82,84,0.2688755878852317,0.5160326496405889,0.521043751926357,0.6030477906080101,0.7574868589344517,0.3718246942800735,0.08042973286875732,"age_years,sex",206
within_project,HIV,PRJNA589036,Bacteria.Bacillota.Bacilli.Erysipelotrichales.Erysipelatoclostridiaceae.Massiliomicrobiota,Massiliomicrobiota,82,84,0.5851504023543634,0.27404518117846355,2.135233321155544,0.03424518601600424,0.12975653334159354,0.03134130412944398,0.19367015098722407,"age_years,sex",206
within_project,HIV,PRJNA589036,Bacteria.Bacillota.Clostridia.Oscillospirales.Ruminococcaceae.Caproiciproducens,Caproiciproducens,82,84,-0.1344788787432162,0.15510283392438845,-0.8670304425822014,0.3872077413692092,0.6135753440158238,0.7700543865123958,0.026422764227642226,"age_years,sex",206
within_project,HIV,PRJNA589036,Bacteria.Bacillota.Clostridia.Oscillospirales.Ruminococcaceae.Fournierella,Fournierella,82,84,-1.1530390654903626,0.2955574596657351,-3.9012348624000506,0.00014000673826949884,0.0072103470208791905,0.0011903585581443026,-0.2915214866434379,"age_years,sex",206
within_project,HIV,PRJNA589036,Bacteria.Bacillota.Clostridia.Oscillospirales.[Eubacterium] coprostanoligenes group.Incertae Sedis,Incertae Sedis,82,84,-0.14305182602200528,0.2597148842896232,-0.5508033411842498,0.5825272766816463,0.7493271093184364,0.09591256460209464,0.14982578397212554,"age_years,sex",206
within_project,HIV,PRJNA589036,Bacteria.Bacillota.Clostridia.Peptococcales.Peptococcaceae.Peptococcus,Peptococcus,82,84,-0.8940811713710126,0.3883347460124289,-2.302346572259586,0.022588289298010537,0.09952481242014145,0.07329873303364362,-0.16114982578397208,"age_years,sex",206
within_project,HIV,PRJNA589036,Bacteria.Bacillota.Clostridia.Peptostreptococcales-Tissierellales.Anaerovoracaceae.Family XIII AD3011 group,Family XIII AD3011 group,82,84,-0.3107168453589563,0.2445564660725783,-1.2705321202455682,0.20571675035812917,0.42377650573774606,0.49453182415801544,-0.061556329849012825,"age_years,sex",206
within_project,HIV,PRJNA589036,Bacteria.Bacillota.Clostridia.Peptostreptococcales-Tissierellales.Peptostreptococcaceae.Intestinibacter,Intestinibacter,82,84,0.09830495517807211,0.4101060841385996,0.2397061613571403,0.8108610831443452,0.8793936369833076,0.6154947127014401,0.04529616724738683,"age_years,sex",206
within_project,HIV,PRJNA589036,Bacteria.Bacteroidota.Bacteroidia.Bacteroidales.Muribaculaceae.Incertae Sedis,Incertae Sedis,82,84,-0.5769400640213376,0.4419360723584175,-1.3054830779991855,0.19357939654081022,0.4111067596639887,0.5172501076175516,-0.058362369337979114,"age_years,sex",206
within_project,HIV,PRJNA589036,Bacteria.Actinomycetota.Actinobacteria.Actinomycetales.Actinomycetaceae.Schaalia,Schaalia,82,84,0.3199650596707949,0.2728135041730421,1.1728343897076488,0.24258388775281195,0.475926484543612,0.23017862749837925,0.10801393728222997,"age_years,sex",206
within_project,HIV,PRJNA589036,Bacteria.Bacillota.Clostridia.Lachnospirales.Lachnospiraceae.Anaerostipes,Anaerostipes,82,84,0.5192624482367468,0.21947070426371296,2.365976133255618,0.019165095892774597,0.09952481242014145,0.0163319084708397,0.21602787456445993,"age_years,sex",206
within_project,HIV,PRJNA589036,Bacteria.Bacillota.Clostridia.Lachnospirales.Lachnospiraceae.Fusicatenibacter,Fusicatenibacter,82,84,-0.27927802756373427,0.3193470125983838,-0.8745283861946097,0.3831252191666985,0.6135753440158238,0.8908176036628396,-0.012485481997677073,"age_years,sex",206
within_project,HIV,PRJNA589036,Bacteria.Bacillota.Clostridia.Lachnospirales.Lachnospiraceae.Marvinbryantia,Marvinbryantia,82,84,-0.10832407437334776,0.2676939668756696,-0.40465639042085266,0.6862638878650997,0.8139752281223961,0.9292237042337548,-0.008130081300813052,"age_years,sex",206
within_project,HIV,PRJNA589036,Bacteria.Bacillota.Negativicutes.Veillonellales-Selenomonadales.Veillonellaceae.Dialister,Dialister,82,84,0.5366866194639358,0.5538394898452809,0.9690291669412435,0.333975150129719,0.5733240077226843,0.19359240202207284,0.11701509872241589,"age_years,sex",206
within_project,HIV,PRJNA589036,Bacteria.Bacillota.Negativicutes.Veillonellales-Selenomonadales.Veillonellaceae.Megasphaera,Megasphaera,82,84,0.4424108971671257,0.5313770569296459,0.8325743300311529,0.40631054346191586,0.634090696614808,0.2714311702891308,0.09901277584204404,"age_years,sex",206
within_project,HIV,PRJNA589036,Bacteria.Bacillota.Bacilli.Erysipelotrichales.Erysipelotrichaceae.Erysipelotrichaceae UCG-006,Erysipelotrichaceae UCG-006,82,84,-0.06650266500576424,0.2454127463437928,-0.2709829297643826,0.7867491295739555,0.8793936369833076,0.584060035930609,0.04936120789779319,"age_years,sex",206
within_project,HIV,PRJNA589036,Bacteria.Bacillota.Bacilli.Erysipelotrichales.Erysipelotrichaceae.Turicibacter,Turicibacter,82,84,-0.08027681495427051,0.3353126827931431,-0.23940882368530594,0.8110912185768372,0.8793936369833076,0.8349736612649623,-0.018873403019744495,"age_years,sex",206
within_project,HIV,PRJNA589036,Bacteria.Bacillota.Clostridia.Lachnospirales.Lachnospiraceae.Faecalimonas,Faecalimonas,82,84,0.4742691722329711,0.29806923088731246,1.5911376388000025,0.11352810388977,0.28520474879625146,0.0884260331620006,0.1533101045296168,"age_years,sex",206
within_project,HIV,PRJNA589036,Bacteria.Bacillota.Clostridia.Peptostreptococcales-Tissierellales.Peptostreptococcaceae.Terrisporobacter,Terrisporobacter,82,84,-0.2602549689226191,0.3323926800360312,-0.7829744292034579,0.4347852229732093,0.6461149846729904,0.8806153280823636,-0.013646922183507604,"age_years,sex",206
within_project,HIV,PRJNA589036,Bacteria.Bacteroidota.Bacteroidia.Bacteroidales.Prevotellaceae.Leyella,Leyella,82,84,-0.07319828605010659,0.4790495812223858,-0.15279897722345837,0.8787469539641416,0.9235809822276182,0.8425464270584769,0.018002322880371624,"age_years,sex",206
within_project,HIV,PRJNA589036,Bacteria.Cyanobacteriota.Vampirivibrionia.Gastranaerophilales.Gastranaerophilaceae.Zag_111,Zag_111,82,84,-0.28816098243053956,0.31257280247305963,-0.9219003705716715,0.3579514611780319,0.5899040080213966,0.8299335926878383,0.019454123112659705,"age_years,sex",206
within_project,HIV,PRJNA589036,Bacteria.Bacillota.Bacilli.Lactobacillales.Streptococcaceae.Lactococcus,Lactococcus,82,84,0.4478027124095408,0.28017616913750537,1.598289796694905,0.1119271236030416,0.284654166200328,0.011812785487790753,0.2264808362369337,"age_years,sex",206
within_project,HIV,PRJNA589036,Bacteria.Bacillota.Clostridia.Lachnospirales.Lachnospiraceae.CAG-56,CAG-56,82,84,-0.21562378468347035,0.41903259813783306,-0.5145752040335174,0.6075512076297684,0.7585184774044382,0.8123496942425233,-0.021486643437862996,"age_years,sex",206
within_project,HIV,PRJNA589036,Bacteria.Bacillota.Clostridia.Lachnospirales.Lachnospiraceae.Lachnoclostridium,Lachnoclostridium,82,84,0.2175250194614966,0.2926912196534562,0.7431894257676889,0.458443415156769,0.6558287744603779,0.6757505165746494,0.03774680603948899,"age_years,sex",206
within_project,HIV,PRJNA589036,Bacteria.Bacillota.Clostridia.Lachnospirales.Lachnospiraceae.Lachnospira,Lachnospira,82,84,0.03334948244488564,0.35706246210231274,0.09339957566116171,0.9257015388353287,0.9440322623766223,0.8173644313710808,0.020905923344947785,"age_years,sex",206
within_project,HIV,PRJNA589036,Bacteria.Bacillota.Clostridia.Lachnospirales.Lachnospiraceae.Lachnospiraceae FCS020 group,Lachnospiraceae FCS020 group,82,84,-0.16676315409607195,0.2459673160360375,-0.6779890791329322,0.498745843645208,0.684944291939419,0.24037105717351404,-0.10569105691056913,"age_years,sex",206
within_project,HIV,PRJNA589036,Bacteria.Bacillota.Clostridia.Oscillospirales.Ruminococcaceae.Ruthenibacterium,Ruthenibacterium,82,84,0.7705042423145823,0.30778742175288254,2.5033649456058913,0.013292397639939718,0.08556980980711194,0.007523852849835667,0.24041811846689898,"age_years,sex",206
within_project,HIV,PRJNA589036,Bacteria.Actinomycetota.Actinobacteria.Bifidobacteriales.Bifidobacteriaceae.Bifidobacterium,Bifidobacterium,82,84,-0.2342252103554403,0.4307097145375279,-0.5438122300235051,0.587318305890563,0.7493271093184364,0.7725248404872629,-0.026132404181184676,"age_years,sex",206
within_project,HIV,PRJNA589036,Bacteria.Actinomycetota.Coriobacteriia.Coriobacteriales.Atopobiaceae.Parolsenella,Parolsenella,82,84,-0.18641867543878363,0.4403640705932681,-0.42332853174791557,0.6726170511043146,0.8122222082408131,0.850133782242406,0.017131242740998864,"age_years,sex",206
within_project,HIV,PRJNA589036,Bacteria.Bacillota.Bacilli.Erysipelotrichales.Erysipelotrichaceae.Solobacterium,Solobacterium,82,84,-0.03244016648162973,0.41762032100620977,-0.07767861104907144,0.9381795668963393,0.952044289559832,0.7067083545685102,0.03397212543554007,"age_years,sex",206
within_project,HIV,PRJNA589036,Bacteria.Bacillota.Bacilli.Lactobacillales.Lactobacillaceae.Ligilactobacillus,Ligilactobacillus,82,84,0.15880330654214223,0.4204725376533689,0.37767818899282607,0.7061640333522016,0.8188178729359218,0.17441204419085354,0.12224157955865267,"age_years,sex",206
within_project,HIV,PRJNA589036,Bacteria.Bacillota.Clostridia.Oscillospirales.Ruminococcaceae.Candidatus Soleaferrea,Candidatus Soleaferrea,82,84,0.09639900133455281,0.2457982396137756,0.3921875172337491,0.6954351463569985,0.8139752281223961,0.2700260469972189,0.0993031358885017,"age_years,sex",206
within_project,HIV,PRJNA589036,Bacteria.Bacillota.Negativicutes.Veillonellales-Selenomonadales.Selenomonadaceae.Mitsuokella,Mitsuokella,82,84,0.09777899279867656,0.3984380946291079,0.2454057333290272,0.8064529012228555,0.8793936369833076,0.4166116194324079,0.07317073170731714,"age_years,sex",206
within_project,HIV,PRJNA589036,Bacteria.Bacteroidota.Bacteroidia.Bacteroidales.Incertae Sedis.Incertae Sedis,Incertae Sedis,82,84,-0.16007956318695094,0.3407156235646344,-0.4698333510866534,0.6391059046408585,0.7931073274458846,0.7357234171400999,-0.030487804878048808,"age_years,sex",206
within_project,HIV,PRJNA589036,Bacteria.Thermodesulfobacteriota.Desulfovibrionia.Desulfovibrionales.Desulfovibrionaceae.Bilophila,Bilophila,82,84,0.6745449056512789,0.35638627293485853,1.892735374166823,0.06017658312785055,0.18782388067177594,0.025732229484973165,0.2006387921022068,"age_years,sex",206
within_project,HIV,PRJNA589036,Bacteria.Actinomycetota.Coriobacteriia.Coriobacteriales.Eggerthellaceae.Gordonibacter,Gordonibacter,82,84,0.4936057005094068,0.30038939573979695,1.6432194595077434,0.10227701439712232,0.27362422033515843,0.07124924027635796,0.1623112659698025,"age_years,sex",206
within_project,HIV,PRJNA589036,Bacteria.Bacillota.Bacilli.Lactobacillales.Carnobacteriaceae.Granulicatella,Granulicatella,82,84,0.22084471318067792,0.22042517697462533,1.0019033043856913,0.3178844684653735,0.5694278304684082,0.16834473419416962,0.12398373983739841,"age_years,sex",206
within_project,HIV,PRJNA589036,Bacteria.Bacillota.Clostridia.Lachnospirales.Lachnospiraceae.Anaerobutyricum,Anaerobutyricum,82,84,0.2337427575378946,0.21927179876510713,1.0659955309086024,0.2880117971747952,0.5544900020374561,0.0440276430750185,0.1811846689895471,"age_years,sex",206
within_project,HIV,PRJNA589036,Bacteria.Bacillota.Clostridia.Lachnospirales.Lachnospiraceae.Extibacter,Extibacter,82,84,0.8728523577375991,0.380587004694086,2.2934371036635723,0.023108104149393544,0.09952481242014145,0.021193675027511256,0.20731707317073167,"age_years,sex",206
within_project,HIV,PRJNA589036,Bacteria.Bacillota.Clostridia.Lachnospirales.Lachnospiraceae.Lachnospiraceae UCG-004,Lachnospiraceae UCG-004,82,84,0.006519767578897459,0.34074715025828944,0.019133740587281258,0.9847579606794479,0.9847579606794479,0.8882652717381333,0.012775842044134622,"age_years,sex",206
within_project,HIV,PRJNA589036,Bacteria.Bacillota.Clostridia.Lachnospirales.Lachnospiraceae.[Eubacterium] ventriosum group,[Eubacterium] ventriosum group,82,84,0.368066712887619,0.36242741082555424,1.0155598111335433,0.31135338714547217,0.5647547952503519,0.3447923135698654,0.085075493612079,"age_years,sex",206
within_project,HIV,PRJNA589036,Bacteria.Bacillota.Clostridia.Lachnospirales.Lachnospiraceae.[Ruminococcus] gnavus group,[Ruminococcus] gnavus group,82,84,1.029400257721974,0.4445834114147499,2.315426602279704,0.0218437338756617,0.09952481242014145,0.035355419022500494,0.18931475029036005,"age_years,sex",206
within_project,HIV,PRJNA589036,Bacteria.Bacillota.Clostridia.Monoglobales.Monoglobaceae.Monoglobus,Monoglobus,82,84,-0.21694164921690606,0.319662890259507,-0.678657597823725,0.49832318008419274,0.684944291939419,0.7043088807808153,0.03426248548199773,"age_years,sex",206
within_project,HIV,PRJNA589036,Bacteria.Bacillota.Clostridia.Oscillospirales.Oscillospiraceae.UCG-005,UCG-005,82,84,-0.9621018687647231,0.33830897284785233,-2.843855605323862,0.0050320236045616785,0.06408223255595924,0.004929471402225207,-0.25290360046457605,"age_years,sex",206
within_project,HIV,PRJNA589036,Bacteria.Bacillota.Clostridia.Peptostreptococcales-Tissierellales.Anaerovoracaceae.Family XIII UCG-001,Family XIII UCG-001,82,84,-0.6025396413111358,0.27632977073507714,-2.180509323003067,0.03066217587348155,0.12050470080303254,0.18381699959703413,-0.11962833914053428,"age_years,sex",206
within_project,HIV,PRJNA589036,Bacteria.Bacteroidota.Bacteroidia.Bacteroidales.Rikenellaceae.Rikenellaceae RC9 gut group,Rikenellaceae RC9 gut group,82,84,-0.3995078180428086,0.394350999396553,-1.0130767226510056,0.3125342070802918,0.5647547952503519,0.7923695519423111,-0.023809523809523836,"age_years,sex",206
within_project,HIV,PRJNA589036,Bacteria.Bacillota.Clostridia.Lachnospirales.Lachnospiraceae.Butyribacter,Butyribacter,82,84,-0.4433487463523301,0.40686151242929824,-1.0896797382115921,0.2774724978655631,0.5392390052859056,0.6109587132823083,-0.04587688734030193,"age_years,sex",206
within_project,HIV,PRJNA589036,Bacteria.Bacillota.Clostridia.Lachnospirales.Lachnospiraceae.[Eubacterium] xylanophilum group,[Eubacterium] xylanophilum group,82,84,-0.5123981771849019,0.3613462444657871,-1.4180254673531458,0.15810403155149022,0.3502089301033009,0.30972657500293144,-0.09146341463414631,"age_years,sex",206
within_project,HIV,PRJNA589036,Bacteria.Bacillota.Clostridia.Lachnospirales.Lachnospiraceae.[Ruminococcus] gauvreauii group,[Ruminococcus] gauvreauii group,82,84,-0.06544912889225289,0.37931474852328384,-0.1725457002319417,0.8632239140624418,0.9166192077157888,0.6453315486714061,0.04152148664343791,"age_years,sex",206
within_project,HIV,PRJNA589036,Bacteria.Bacillota.Clostridia.Oscillospirales.Oscillospiraceae.UCG-003,UCG-003,82,84,-1.2669965098110232,0.31848664734620724,-3.9781777991896448,0.00010449912941798186,0.007175606886701421,0.0002993684075490818,-0.3252032520325203,"age_years,sex",206
within_project,HIV,PRJNA589036,Bacteria.Bacillota.Clostridia.Oscillospirales.Ruminococcaceae.Paludicola,Paludicola,82,84,-0.019280429683267822,0.2746197702050907,-0.07020772637333747,0.9441149164189976,0.9533709450113407,0.6663313768114674,0.03890824622531941,"age_years,sex",206
within_project,HIV,PRJNA589036,Bacteria.Bacillota.Bacilli.Erysipelotrichales.Erysipelatoclostridiaceae.Thomasclavelia,Thomasclavelia,82,84,0.7464273391307541,0.36773439507465305,2.0298001740610183,0.044013170066297756,0.15111188389428898,0.07329873303364362,0.16114982578397208,"age_years,sex",206
within_project,HIV,PRJNA589036,Bacteria.Bacillota.Bacilli.Erysipelotrichales.Erysipelotrichaceae.[Clostridium] innocuum group,[Clostridium] innocuum group,82,84,0.6106004332243816,0.27745179008963916,2.200744255523126,0.029168901549954444,0.1201758743858123,0.02509619196389138,0.20150987224157957,"age_years,sex",206
within_project,HIV,PRJNA589036,Bacteria.Bacillota.Negativicutes.Veillonellales-Selenomonadales.Veillonellaceae.Veillonella,Veillonella,82,84,0.12914765792952237,0.3828895354394904,0.33729743431426873,0.7363293095855531,0.8380322528984747,0.6523011724424592,0.04065040650406515,"age_years,sex",206
within_project,HIV,PRJNA589036,Bacteria.Bacteroidota.Bacteroidia.Bacteroidales.Barnesiellaceae.Barnesiella,Barnesiella,82,84,-0.6754193844681747,0.40723820765941465,-1.6585363842703285,0.09914418808972407,0.2713896113114848,0.2644554904807176,-0.10046457607433212,"age_years,sex",206
within_project,HIV,PRJNA589036,Bacteria.Bacillota.Clostridia.Lachnospirales.Lachnospiraceae.Hungatella,Hungatella,82,84,0.26101486295874315,0.21738569238370753,1.2006993657063032,0.2316205455551758,0.4632410911103516,0.04138354895064082,0.18350754936120794,"age_years,sex",206
within_project,HIV,PRJNA589036,Bacteria.Bacillota.Clostridia.Lachnospirales.Lachnospiraceae.Incertae Sedis,Incertae Sedis,82,84,-0.5086375332089215,0.3279774091210853,-1.550830999525149,0.12289358071329189,0.2978362073757427,0.2828524010450042,-0.09668989547038331,"age_years,sex",206
within_project,HIV,PRJNA589036,Bacteria.Bacillota.Clostridia.Oscillospirales.Ruminococcaceae.DTU089,DTU089,82,84,0.9286579896473627,0.2892086709176519,3.2110309372839825,0.0015952300309739936,0.04098173880601372,0.0016649373843267857,0.28281068524970965,"age_years,sex",206
within_project,HIV,PRJNA589036,Bacteria.Bacillota.Bacilli.Lactobacillales.Lactobacillaceae.Leuconostoc,Leuconostoc,82,84,-0.14109239069356413,0.21396203014101467,-0.6594272385645958,0.5105577724484129,0.6874176544076671,0.22273865689257732,0.10975609756097571,"age_years,sex",206
within_project,HIV,PRJNA589036,Bacteria.Bacillota.Clostridia.Oscillospirales.Butyricicoccaceae.UCG-008,UCG-008,82,84,-0.27747201014415385,0.3482424342021545,-0.7967782868847095,0.42674597513828916,0.6461149846729904,0.5319835537983919,-0.05632984901277582,"age_years,sex",206
within_project,HIV,PRJNA589036,Bacteria.Bacillota.Clostridia.Lachnospirales.Lachnospiraceae.GCA-900066575,GCA-900066575,82,84,-0.6605353505537458,0.2597917048496728,-2.5425575113568826,0.011941895741489362,0.0848286387154072,0.04268828862901676,-0.1823461091753774,"age_years,sex",206
within_project,HIV,PRJNA589036,Bacteria.Bacillota.Clostridia.Lachnospirales.Lachnospiraceae.Lachnospiraceae UCG-010,Lachnospiraceae UCG-010,82,84,-0.08033672668351985,0.30621677700231975,-0.2623524663474309,0.7933830324004103,0.8793936369833076,0.7973523748608403,0.023228803716608626,"age_years,sex",206
within_project,HIV,PRJNA589036,Bacteria.Bacillota.Clostridia.Lachnospirales.Lachnospiraceae.Oribacterium,Oribacterium,82,84,-0.8497085647227066,0.39883930094282577,-2.1304534500839316,0.03464373463003711,0.12975653334159354,0.16537113965879002,-0.12485481997677117,"age_years,sex",206
within_project,HIV,PRJNA589036,Bacteria.Bacillota.Clostridia.Oscillospirales.Butyricicoccaceae.UCG-009,UCG-009,82,84,-0.7497202299745199,0.2821283659151854,-2.6573727442915254,0.008663916153673392,0.07152519752875827,0.0508836271600431,-0.17566782810685244,"age_years,sex",206
within_project,HIV,PRJNA589036,Bacteria.Bacillota.Negativicutes.Veillonellales-Selenomonadales.Selenomonadaceae.Anaerovibrio,Anaerovibrio,82,84,0.3371777220968479,0.33019862161945196,1.0211360678708077,0.3087124627045025,0.5647547952503519,0.19581563380405997,0.11643437862950057,"age_years,sex",206
within_project,HIV,PRJNA589036,Bacteria.Thermodesulfobacteriota.Desulfovibrionia.Desulfovibrionales.Desulfovibrionaceae.Desulfovibrio,Desulfovibrio,82,84,0.30663388521865287,0.4316464387229104,0.7103820574215193,0.4784886399617725,0.6751278070693502,0.2700260469972189,0.0993031358885017,"age_years,sex",206
within_project,HIV,PRJNA589036,Bacteria.Actinomycetota.Coriobacteriia.Coriobacteriales.Coriobacteriales Incertae Sedis.Incertae Sedis,Incertae Sedis,82,84,0.021654813154630814,0.3438618408087791,0.06297533074242168,0.9498637830037442,0.9544972648720551,0.8704328292243191,0.014808362369338024,"age_years,sex",206
within_project,HIV,PRJNA589036,Bacteria.Actinomycetota.Coriobacteriia.Coriobacteriales.Incertae Sedis.Incertae Sedis,Incertae Sedis,82,84,-0.13744778081854478,0.3469602437404935,-0.39614850202073265,0.6925167587103142,0.8139752281223961,0.5952008147715468,0.04790940766550533,"age_years,sex",206
within_project,HIV,PRJNA589036,Bacteria.Bacillota.Bacilli.Erysipelotrichales.Erysipelatoclostridiaceae.Asteroleplasma,Asteroleplasma,82,84,0.06286621663790228,0.1577521155084913,0.398512669292973,0.6907770690777857,0.8139752281223961,0.01814459494353656,0.21254355400696867,"age_years,sex",206
within_project,HIV,PRJNA589036,Bacteria.Bacillota.Clostridia.Clostridia vadinBB60 group.Incertae Sedis.Incertae Sedis,Incertae Sedis,82,84,-0.29256841892961727,0.2871562143654315,-1.0188475968599386,0.30979447242046737,0.5647547952503519,0.8198746197670075,-0.020615563298490125,"age_years,sex",206
within_project,HIV,PRJNA589036,Bacteria.Pseudomonadota.Alphaproteobacteria.Rhodospirillales.Incertae Sedis.Incertae Sedis,Incertae Sedis,82,84,0.21916005187771492,0.2783028310265606,0.7874876840789261,0.4321470790902545,0.6461149846729904,0.23523576795087764,0.10685249709639955,"age_years,sex",206
within_project,HIV,PRJNA589036,Bacteria.Pseudomonadota.Gammaproteobacteria.Burkholderiales.Sutterellaceae.Sutterella,Sutterella,82,84,-0.23731894195071845,0.35682612875347375,-0.6650828592058594,0.5069432195269556,0.6870414685694267,0.48438449644647885,-0.0630081300813008,"age_years,sex",206
within_project,HIV,PRJNA589036,Bacteria.Patescibacteria.Saccharimonadia.Saccharimonadales.Saccharimonadaceae.TM7x,TM7x,82,84,0.21550291076972233,0.1212261996732976,1.777692539653134,0.07733046608588556,0.2308706668651076,0.03316310501490896,0.19163763066202089,"age_years,sex",206
within_project,HIV,PRJNA589036,Bacteria.Bacillota.Bacilli.Acholeplasmatales.Acholeplasmataceae.Anaeroplasma,Anaeroplasma,82,84,-0.2757777325927426,0.171771129585264,-1.6054952497465624,0.11033244103368754,0.2841060356617454,0.8628099312181334,-0.015679442508710784,"age_years,sex",206
within_project,HIV,PRJNA589036,Bacteria.Bacillota.Bacilli.Izemoplasmatales.Incertae Sedis.Incertae Sedis,Incertae Sedis,82,84,-0.045825198540338584,0.18728332672890124,-0.24468381324020402,0.8070109111071054,0.8793936369833076,0.8098451949552522,0.021777003484320545,"age_years,sex",206
within_project,HIV,PRJNA589036,Bacteria.Bacillota.Clostridia.Lachnospirales.Lachnospiraceae.Lachnospiraceae ND3007 group,Lachnospiraceae ND3007 group,82,84,-0.6092104702728629,0.29317836310613715,-2.077951673576658,0.03929105367699703,0.14199924662212962,0.024269343285213154,-0.20267131242741,"age_years,sex",206
within_project,HIV,PRJNA589036,Bacteria.Bacillota.Clostridia.Oscillospirales.Oscillospiraceae.Oscillibacter,Oscillibacter,82,84,0.13268186718189598,0.2951979382833295,0.4494674588633088,0.6536952468343024,0.8015548859992041,0.3317586309610753,0.08739837398373984,"age_years,sex",206
within_project,HIV,PRJNA589036,Bacteria.Bacillota.Clostridia.Peptococcales.Peptococcaceae.Incertae Sedis,Incertae Sedis,82,84,-0.16813403457554804,0.2658441559286202,-0.6324533785150892,0.5279822993174086,0.7053382132713443,0.8984812859859796,-0.011614401858304313,"age_years,sex",206
within_project,HIV,PRJNA589036,Bacteria.Bacteroidota.Bacteroidia.Bacteroidales.Prevotellaceae.Paraprevotella,Paraprevotella,82,84,-0.5238225527718265,0.4078906343880807,-1.2842230456153214,0.20089745679700977,0.4180290515170102,0.32219517471103143,-0.08914053426248547,"age_years,sex",206
within_project,HIV,PRJNA589036,Bacteria.Thermodesulfobacteriota.Desulfovibrionia.Desulfovibrionales.Desulfovibrionaceae.Incertae Sedis,Incertae Sedis,82,84,0.7497911268053848,0.28351575833346276,2.644618878374665,0.008982936326170525,0.07152519752875827,0.0011505246875781407,0.29239256678281067,"age_years,sex",206
within_project,HIV,PRJNA589036,Bacteria.Verrucomicrobiota.Verrucomicrobiia.Opitutales.Puniceicoccaceae.Incertae Sedis,Incertae Sedis,82,84,-0.15315258247223476,0.1565567437016681,-0.9782560549680296,0.3294063012894941,0.5733240077226843,0.511001074746728,0.059233449477351874,"age_years,sex",206
within_project,HIV,PRJNA589036,Bacteria.Bacillota.Clostridia.Lachnospirales.Defluviitaleaceae.Defluviitaleaceae UCG-011,Defluviitaleaceae UCG-011,82,84,-0.23964024873090045,0.242629409020627,-0.9876801402526088,0.32478219735435676,0.5733240077226843,0.45853793840067636,-0.06678281068524972,"age_years,sex",206
within_project,HIV,PRJNA589036,Bacteria.Bacteroidota.Bacteroidia.Bacteroidales.Marinifilaceae.Odoribacter,Odoribacter,82,84,0.25919378760304423,0.33198357040851684,0.7807428159294078,0.43609313335012323,0.6461149846729904,0.5319835537983919,0.056329849012775934,"age_years,sex",206
within_project,HIV,PRJNA589036,Bacteria.Bacillota.Clostridia.Incertae Sedis.Incertae Sedis.Incertae Sedis,Incertae Sedis,82,84,0.24715932402312393,0.16909354160310625,1.4616721707991218,0.14576811496562167,0.32998056794415453,0.019958587161512272,0.20934959349593485,"age_years,sex",206
within_project,HIV,PRJNA589036,Bacteria.Bacillota.Clostridia.Lachnospirales.Lachnospiraceae.Enterocloster,Enterocloster,82,84,0.5774466518168525,0.26423223388373496,2.1853755059684934,0.0302971420382,0.12050470080303254,0.006830008062233173,0.24332171893147514,"age_years,sex",206
within_project,HIV,PRJNA589036,Bacteria.Bacteroidota.Bacteroidia.Bacteroidales.Tannerellaceae.Incertae Sedis,Incertae Sedis,82,84,0.19983770183446112,0.2585259925938083,0.7729888195360021,0.440655374779078,0.6461149846729904,0.0884260331620006,0.1533101045296168,"age_years,sex",206
within_project,HIV,PRJNA589036,Bacteria.Bacillota.Clostridia.Eubacteriales.Anaerofustaceae.Anaerofustis,Anaerofustis,82,84,0.2860162314838742,0.20970278514241159,1.3639124119865038,0.17448718581428954,0.37836168713414364,0.1352233150505783,0.1344367015098722,"age_years,sex",206
within_project,HIV,PRJNA589036,Bacteria.Bacillota.Clostridia.Oscillospirales.Oscillospiraceae.Incertae Sedis,Incertae Sedis,82,84,0.1950699865138284,0.35623250814692975,0.5475917611465455,0.5847258955486327,0.7493271093184364,0.7187490605142413,0.03252032520325199,"age_years,sex",206
within_project,HIV,PRJNA589036,Bacteria.Cyanobacteriota.Vampirivibrionia.Gastranaerophilales.Gastranaerophilaceae.CAG-196,CAG-196,82,84,-0.3509412907777489,0.27012407374887987,-1.299185540582364,0.19572621923954475,0.41142450166679817,0.7357234171400999,-0.030487804878048808,"age_years,sex",206
within_project,HIV,PRJNA589036,Bacteria.Bacillota.Clostridia.Eubacteriales.Eubacteriaceae.Eubacterium,Eubacterium,82,84,0.18297259970212762,0.17767193982458723,1.0298339731235762,0.30462304680242663,0.5647547952503519,0.10185380381373665,0.14721254355400704,"age_years,sex",206
within_project,HIV,PRJNA589036,Bacteria.Bacillota.Clostridia.Oscillospirales.Ruminococcaceae.Angelakisella,Angelakisella,82,84,-0.35418409055382055,0.25650035836160257,-1.3808327318377773,0.16923239239605462,0.37087098759135373,0.4372855558654162,-0.06997677119628343,"age_years,sex",206
within_project,HIV,PRJNA589036,Bacteria.Actinomycetota.Coriobacteriia.Coriobacteriales.Coriobacteriales Incertae Sedis.Raoultibacter,Raoultibacter,82,84,0.23467646096880004,0.19878098712182174,1.1805780037956044,0.23950088904790845,0.4743959917679725,0.07918450586556025,0.15795586527293848,"age_years,sex",206
within_project,HIV,PRJNA589036,Bacteria.Bacillota.Bacilli.Erysipelotrichales.Erysipelotrichaceae.Holdemania,Holdemania,82,84,0.48631641859212144,0.21622622497708027,2.2491093235506954,0.025853170958801918,0.10868884117373867,0.0037457762637950888,0.26074332171893144,"age_years,sex",206
within_project,HIV,PRJNA589036,Bacteria.Bacillota.Negativicutes.Veillonellales-Selenomonadales.Veillonellaceae.Allisonella,Allisonella,82,84,-0.6590366865016124,0.33702488336192366,-1.9554540897025912,0.05224998069138888,0.16817962535040798,0.2154724170895993,-0.11149825783972123,"age_years,sex",206
within_project,HIV,PRJNA589036,Bacteria.Bacillota.Negativicutes.Acidaminococcales.Acidaminococcaceae.Acidaminococcus,Acidaminococcus,82,84,1.327880074272582,0.4394856256684131,3.021441423147824,0.0029246115936817137,0.054769998936221184,0.008201661252196778,0.23780487804878048,"age_years,sex",206
within_project,HIV,PRJNA589036,Bacteria.Bacillota.Clostridia.Peptostreptococcales-Tissierellales.Anaerovoracaceae.[Eubacterium] brachy group,[Eubacterium] brachy group,82,84,0.8748691880241486,0.30394620984260373,2.8783684734124275,0.0045370484021759255,0.06408223255595924,0.018624412217694827,0.2116724738675959,"age_years,sex",206
within_project,HIV,PRJNA589036,Bacteria.Bacteroidota.Bacteroidia.Bacteroidales.Marinifilaceae.Butyricimonas,Butyricimonas,82,84,-0.08738424100241099,0.33433323867026055,-0.26136869115964434,0.7941401911888114,0.8793936369833076,0.9497803779317385,-0.005807200929152101,"age_years,sex",206
within_project,HIV,PRJNA589036,Bacteria.Fusobacteriota.Fusobacteriia.Fusobacteriales.Fusobacteriaceae.Fusobacterium,Fusobacterium,82,84,0.49943989974228054,0.22952173547399377,2.1760026287308643,0.03100363661437245,0.12050470080303254,0.039489851017686546,0.18524970963995346,"age_years,sex",206
within_project,HIV,PRJNA589036,Bacteria.Bacillota.Clostridia.Christensenellales.Christensenellaceae.Incertae Sedis,Incertae Sedis,82,84,-0.2156898677139571,0.2787424403061597,-0.7737962955230351,0.4401789933835557,0.6461149846729904,0.3858205795229267,-0.07810685249709637,"age_years,sex",206
within_project,HIV,PRJNA589036,Bacteria.Bacillota.Clostridia.Lachnospirales.Lachnospiraceae.Faecalicatena,Faecalicatena,82,84,0.38387620687018126,0.20462017595300852,1.8760427953025478,0.0624482980337587,0.19200521485006403,0.043353596099870655,0.1817653890824622,"age_years,sex",206
within_project,HIV,PRJNA589036,Bacteria.Bacillota.Clostridia.Oscillospirales.Ruminococcaceae.Anaerotruncus,Anaerotruncus,82,84,0.5075802650295624,0.21281127148684462,2.385119272504979,0.018228987573185834,0.09952481242014145,0.00473505533581514,0.2540650406504066,"age_years,sex",206
within_project,HIV,PRJNA589036,Bacteria.Bacillota.Clostridia.Lachnospirales.Lachnospiraceae.Sellimonas,Sellimonas,82,84,0.7757790598201004,0.33167309688031293,2.338986993871399,0.020556850872326064,0.09952481242014145,0.011812785487790753,0.2264808362369337,"age_years,sex",206
within_project,HIV,PRJNA589036,Bacteria.Bacillota.Clostridia.Oscillospirales.Oscillospiraceae.Oscillospira,Oscillospira,82,84,-0.14668404676588495,0.2419502616389656,-0.6062570289126804,0.5451926630089609,0.7153483349034773,0.6995187727807979,0.03484320557491283,"age_years,sex",206
within_project,HIV,PRJNA589036,Bacteria.Pseudomonadota.Gammaproteobacteria.Burkholderiales.Sutterellaceae.Parasutterella,Parasutterella,82,84,0.275967001323794,0.3247098074745192,0.8498880999935605,0.3966415883068709,0.6237264671085145,0.5277524029585297,0.05691056910569103,"age_years,sex",206
within_project,HIV,PRJNA589036,Bacteria.Verrucomicrobiota.Lentisphaeria.Victivallales.vadinBE97.Incertae Sedis,Incertae Sedis,82,84,-0.4809223658476732,0.19913513062125612,-2.4150553664102627,0.016846001748056828,0.0991507531457059,0.7923695519423111,-0.023809523809523836,"age_years,sex",206
within_project,HIV,PRJNA589036,Bacteria.Bacillota.Clostridia.Lachnospirales.Lachnospiraceae.Shuttleworthia,Shuttleworthia,82,84,0.29495898418125144,0.30024936729057783,0.982380035778039,0.32737752075199655,0.5733240077226843,0.051654721557899574,0.17508710801393734,"age_years,sex",206
within_project,HIV,PRJNA589036,Bacteria.Bacteroidota.Bacteroidia.Bacteroidales.Prevotellaceae.NA,Prevotellaceae,82,84,0.07583350962212117,0.37803872838047836,0.20059719792993874,0.8412651649622608,0.9073331098545849,0.425936500006597,0.07171893147502906,"age_years,sex",206
within_project,HIV,PRJNA589036,Bacteria.Actinomycetota.Coriobacteriia.Coriobacteriales.NA.NA,Coriobacteriales,82,84,-0.4645128730044223,0.2781910489908478,-1.6697621102097513,0.09689759776784533,0.2713896113114848,0.4763486102167812,-0.06416957026713122,"age_years,sex",206
within_project,HIV,PRJNA589036,Bacteria.Bacillota.Clostridia.Lachnospirales.Lachnospiraceae.Lachnospiraceae AC2044 group,Lachnospiraceae AC2044 group,82,84,-0.5255223136470025,0.31778518637104536,-1.6537029924151458,0.1001243226197711,0.2713896113114848,0.23523576795087764,-0.10685249709639955,"age_years,sex",206
within_project,HIV,PRJNA589036,Bacteria.Bacillota.Clostridia.Lachnospirales.Lachnospiraceae.Lachnospiraceae NK3A20 group,Lachnospiraceae NK3A20 group,82,84,-0.04548846111662424,0.37434278250659314,-0.12151552866074844,0.9034333123460137,0.9305363117163941,0.7019123463951522,0.03455284552845539,"age_years,sex",206
within_project,HIV,PRJNA589036,Bacteria.Bacteroidota.Bacteroidia.Bacteroidales.Prevotellaceae.Prevotellaceae NK3B31 group,Prevotellaceae NK3B31 group,82,84,-0.16950780765698142,0.3723661959002815,-0.4552180340837788,0.649561886618335,0.8012559799004612,0.913836380047954,0.009872241579558683,"age_years,sex",206
within_project,HIV,PRJNA589036,Bacteria.Bacillota.Bacilli.Lactobacillales.Lactobacillaceae.Lacticaseibacillus,Lacticaseibacillus,82,84,0.2555171654955281,0.19056181782405665,1.3408623427986184,0.1818422367405383,0.3902031330057384,0.08085477595837517,0.15708478513356572,"age_years,sex",206
within_project,HIV,PRJNA589036,Bacteria.Actinomycetota.Coriobacteriia.Coriobacteriales.Atopobiaceae.Incertae Sedis,Incertae Sedis,82,84,-0.2714370829890791,0.4565600752298041,-0.5945265425419742,0.5529894106412254,0.7209861936208383,0.7577375549997853,-0.027874564459930307,"age_years,sex",206
within_project,HIV,PRJNA589036,Bacteria.Actinomycetota.Coriobacteriia.Coriobacteriales.Eggerthellaceae.Asaccharobacter,Asaccharobacter,82,84,0.2830061326026136,0.38919666054283847,0.7271545758072182,0.4681807803847986,0.6651395914432311,0.3081907158992663,0.09175377468060386,"age_years,sex",206
within_project,HIV,PRJNA589036,Bacteria.Bacillota.Clostridia.Oscillospirales.Ruminococcaceae.Negativibacillus,Negativibacillus,82,84,0.8946336412479664,0.33496948578957836,2.670791457732836,0.00833933211055953,0.07152519752875827,0.0027966318272607143,0.2688734030197444,"age_years,sex",206
within_project,HIV,PRJNA589036,Bacteria.Bacillota.Clostridia.Lachnospirales.Lachnospiraceae.Tyzzerella,Tyzzerella,82,84,0.6791140234300453,0.278706573284997,2.436663102077624,0.015906351499924906,0.09637377673483913,0.00723906714970356,0.2415795586527294,"age_years,sex",206
within_project,HIV,PRJNA589036,Bacteria.Actinomycetota.Coriobacteriia.Coriobacteriales.Eggerthellaceae.NA,Eggerthellaceae,82,84,-0.04529287840977462,0.280133094581554,-0.16168342579240916,0.8717566303022886,0.9209326453449818,0.8959256369516573,0.011904761904761862,"age_years,sex",206
within_project,HIV,PRJNA589036,Bacteria.Bacillota.Clostridia.Lachnospirales.Lachnospiraceae.Eisenbergiella,Eisenbergiella,82,84,0.6134193989803612,0.2899009252606035,2.115962197874788,0.03587655248364381,0.13197446092197546,0.04368952176441158,0.18147502903600454,"age_years,sex",206
within_project,HIV,PRJNA589036,Bacteria.Bacillota.Clostridia.Oscillospirales.Oscillospiraceae.Flavonifractor,Flavonifractor,82,84,0.7707568214155962,0.3317610152706265,2.323229029145781,0.02140993404980919,0.09952481242014145,0.025306675440314855,0.2012195121951219,"age_years,sex",206
within_project,HIV,PRJNA589036,Bacteria.Bacteroidota.Bacteroidia.Bacteroidales.Barnesiellaceae.Coprobacter,Coprobacter,82,84,0.04208572980684827,0.23916163368043356,0.17597191137723617,0.860535787133891,0.9166192077157888,0.4803573948263692,0.06358885017421612,"age_years,sex",206
within_project,HIV,PRJNA589036,Bacteria.Bacillota.Clostridia.Lachnospirales.Lachnospiraceae.UC5-1-2E3,UC5-1-2E3,82,84,0.31985955283458983,0.2170835034832605,1.4734401633574818,0.1425727963190995,0.32998056794415453,0.03263356632615127,0.1922183507549362,"age_years,sex",206
within_project,HIV,PRJNA589036,Bacteria.Bacillota.Clostridia.Oscillospirales.NA.NA,Oscillospirales,82,84,0.4813904488891152,0.20993607737934372,2.2930334552229787,0.023131900926553567,0.09952481242014145,0.006963993110619401,0.24274099883855982,"age_years,sex",206
within_project,HIV,PRJNA589036,Bacteria.Bacillota.Clostridia.Oscillospirales.Ruminococcaceae.Phocea,Phocea,82,84,0.3392514407799155,0.12217960676780432,2.7766617503086612,0.006139526607010594,0.06656539373916749,0.010283840987534262,0.23083623693379796,"age_years,sex",206
within_project,HIV,PRJNA589036,Bacteria.Bacillota.Incertae Sedis.DTU014.Incertae Sedis.Incertae Sedis,Incertae Sedis,82,84,0.13044978048737033,0.18547823975844663,0.7033158210756077,0.48286851170967793,0.6766728803550589,0.03857092059993868,0.18612078977932645,"age_years,sex",206
within_project,HIV,PRJNA589036,Bacteria.Bacillota.Clostridia.Peptostreptococcales-Tissierellales.Anaerovoracaceae.Incertae Sedis,Incertae Sedis,82,84,0.28062291262477945,0.19198654522790962,1.4616800999864261,0.14576594350671707,0.32998056794415453,0.09720827744238707,0.14924506387921022,"age_years,sex",206
within_project,HIV,PRJNA589036,Bacteria.Bacillota.Bacilli.Erysipelotrichales.Erysipelotrichaceae.Merdibacter,Merdibacter,82,84,0.3280045568877388,0.2173605297197533,1.5090345855829517,0.1332378021418199,0.3154826119679874,0.04681295794957768,0.17886178861788626,"age_years,sex",206
within_project,HIV,PRJNA589036,Bacteria.Bacillota.Clostridia.Christensenellales.Christensenellaceae.Christensenella,Christensenella,82,84,0.2701412894931217,0.1871319234261554,1.4435874144142107,0.15078608241023791,0.33762970626640226,0.04471051586124448,0.18060394889663178,"age_years,sex",206
within_project,HIV,PRJNA589036,Bacteria.Bacillota.Clostridia.Christensenellales.Christensenellaceae.NA,Christensenellaceae,82,84,-0.5845316520046894,0.39302477582551615,-1.4872641318271318,0.13888885110634763,0.32512617418076833,0.3143644376230391,-0.09059233449477355,"age_years,sex",206
within_project,HIV,PRJNA589036,Bacteria.Bacillota.Clostridia.Lachnospirales.Lachnospiraceae.Lactonifactor,Lactonifactor,82,84,0.4675109905701845,0.17805949394576442,2.6255886738203627,0.009478655114524137,0.0723186279108138,0.0055568010167753095,0.24941927990708468,"age_years,sex",206
within_project,HIV,PRJNA589036,Bacteria.Bacillota.Clostridia.Oscillospirales.Ruminococcaceae.Anaerofilum,Anaerofilum,82,84,0.3643564141295543,0.1539150923429789,2.367255923919634,0.019101215671411136,0.09952481242014145,0.01576408497836401,0.21718931475029035,"age_years,sex",206
within_project,HIV,PRJNA589036,Bacteria.Bacteroidota.Bacteroidia.Bacteroidales.Barnesiellaceae.Incertae Sedis,Incertae Sedis,82,84,-0.3437100149118366,0.21095528876349431,-1.62930266847766,0.10519194385549097,0.274297980180141,0.9909804540760635,0.0011614401858304202,"age_years,sex",206
within_project,HIV,PRJNA589036,Bacteria.Bacillota.Clostridia.Lachnospirales.Lachnospiraceae.Catenibacillus,Catenibacillus,82,84,0.6368014938364777,0.21275842864531658,2.993072932015638,0.0031946846827377085,0.054842087053663995,0.007969885053206824,0.23867595818815324,"age_years,sex",206
within_project,HIV,PRJNA589036,Bacteria.Bacillota.Clostridia.Oscillospirales.Oscillospiraceae.Papillibacter,Papillibacter,82,84,-0.016277943498043703,0.1730151776911605,-0.0940839047490997,0.9251587699555968,0.9440322623766223,0.8073426413850564,0.022067363530778206,"age_years,sex",206
within_project,HIV,PRJNA589036,Bacteria.Bacillota.Clostridia.Oscillospirales.Ruminococcaceae.[Clostridium] methylpentosum group,[Clostridium] methylpentosum group,82,84,0.2449871410827342,0.2340613043863155,1.0466793805369285,0.29680663659482004,0.5647547952503519,0.23523576795087764,0.10685249709639955,"age_years,sex",206
within_project,HIV,PRJNA589036,Archaea.Methanobacteriota.Methanobacteria.Methanobacteriales.Methanobacteriaceae.Methanosphaera,Methanosphaera,82,84,-0.28155555307626345,0.3505188599876282,-0.8032536482807263,0.4230051153582929,0.6461149846729904,0.8882652717381333,0.012775842044134622,"age_years,sex",206
within_project,HIV,PRJNA589036,Bacteria.Bacillota.Bacilli.Erysipelotrichales.Erysipelotrichaceae.Catenisphaera,Catenisphaera,82,84,-0.05424796052631463,0.4040249427781366,-0.1342688403178711,0.8933566565063114,0.927625512559103,0.8755215027106179,0.014227642276422703,"age_years,sex",206
within_project,HIV,PRJNA589036,Bacteria.Bacteroidota.Bacteroidia.Bacteroidales.Prevotellaceae.Prevotellaceae UCG-003,Prevotellaceae UCG-003,82,84,-0.02930799718682148,0.2240855798992782,-0.13078930469329983,0.8961042572779684,0.927625512559103,0.20721285107582965,0.1135307781649244,"age_years,sex",206
within_project,HIV,PRJNA589036,Bacteria.Bacillota.Bacilli.Erysipelotrichales.Erysipelotrichaceae.Dielma,Dielma,82,84,0.443450026946634,0.134171728052378,3.3050929087946144,0.0011689987731077706,0.034401963894314394,0.002917202729449562,0.26771196283391396,"age_years,sex",206
within_project,HIV,PRJNA589036,Bacteria.Actinomycetota.Coriobacteriia.Coriobacteriales.Coriobacteriaceae.Enorma,Enorma,82,84,0.1226156802917718,0.23375769703449112,0.5245417877028442,0.6006187828506222,0.7574868589344517,0.10458671706511159,0.14605110336817662,"age_years,sex",206
within_project,HIV,PRJNA589036,Bacteria.Bacillota.Bacilli.Lactobacillales.Lactobacillaceae.Latilactobacillus,Latilactobacillus,82,84,0.06158673097962552,0.2068524755987484,0.29773262708777637,0.7662887154645102,0.8673377768444455,0.2264368426432951,0.10888501742160273,"age_years,sex",206
within_project,HIV,PRJNA589036,Bacteria.Bacillota.Clostridia.Lachnospirales.Lachnospiraceae.Lachnotalea,Lachnotalea,82,84,-0.8909085501210428,0.304227999774833,-2.9284239148941817,0.00389795690454227,0.06176762479505443,0.008933607654941455,-0.23519163763066198,"age_years,sex",206
within_project,HIV,PRJNA589036,Bacteria.Bacillota.Clostridia.Lachnospirales.Lachnospiraceae.Syntrophococcus,Syntrophococcus,82,84,-0.0879280965214082,0.233946421208638,-0.3758471536651215,0.7075222397213304,0.8188178729359218,0.6899745103256022,0.03600464576074325,"age_years,sex",206
within_project,asthma,PRJEB15534,Bacteria.Bacillota.Bacilli.Lactobacillales.Lactobacillaceae.Limosilactobacillus,Limosilactobacillus,71,56,0.3664312896054517,0.25408011510100226,1.4421879864931084,0.15175024128657041,0.5500946246638178,0.6568203534122778,0.046277665995975825,,116
within_project,asthma,PRJEB15534,Bacteria.Bacillota.Bacilli.Lactobacillales.Streptococcaceae.Streptococcus,Streptococcus,71,56,0.10896919502818432,0.12574200326006457,0.8666093445545792,0.38781651949686646,0.813415567016396,0.33999843461729407,0.09909456740442657,,116
within_project,asthma,PRJEB15534,Bacteria.Bacillota.Bacilli.RF39.Incertae Sedis.Incertae Sedis,Incertae Sedis,71,56,0.1694061239465499,0.40518991977198654,0.4180906673144293,0.6765981950188609,0.9285372873571011,0.7504423712571753,0.03319919517102621,,116
within_project,asthma,PRJEB15534,Bacteria.Bacillota.Clostridia.Clostridia UCG-014.Incertae Sedis.Incertae Sedis,Incertae Sedis,71,56,0.05727735747933481,0.38839544791486147,0.14747175278915817,0.8829972784959113,0.9747275262767144,0.47085472430846254,0.07494969818913488,,116
within_project,asthma,PRJEB15534,Bacteria.Bacillota.Clostridia.Lachnospirales.Lachnospiraceae.Howardella,Howardella,71,56,0.28422131969535386,0.22689685334695361,1.2526454884799305,0.21267316652494575,0.6219104044267247,0.28869155796271995,0.11016096579476864,,116
within_project,asthma,PRJEB15534,Bacteria.Bacillota.NA.NA.NA.NA,Bacteria.Bacillota.NA.NA.NA.NA,71,56,-0.1588787035473153,0.12165287613972232,-1.3060003888838425,0.1939506859533241,0.6219104044267247,0.4077174705879659,-0.08601609657947684,,116
within_project,asthma,PRJEB15534,Bacteria.Bacteroidota.Bacteroidia.Bacteroidales.Bacteroidaceae.Bacteroides,Bacteroides,71,56,-0.22190609428904182,0.3043862125043684,-0.7290280741144184,0.46734823774169887,0.874393477065114,0.47085472430846254,0.07494969818913488,,116
within_project,asthma,PRJEB15534,Bacteria.Bacteroidota.Bacteroidia.Bacteroidales.Prevotellaceae.Incertae Sedis,Incertae Sedis,71,56,-0.4477999266724251,0.24131107915358152,-1.8556956781392724,0.06585222366146605,0.3542709640987149,0.12432598674229037,-0.1594567404426559,,116
within_project,asthma,PRJEB15534,Bacteria.Bacteroidota.Bacteroidia.Bacteroidales.Prevotellaceae.Segatella,Segatella,71,56,0.41970896265156254,0.21107458849638222,1.9884390899037867,0.048947688972789234,0.3154406622690862,0.01839845983229557,0.24446680080482897,,116
within_project,asthma,PRJEB15534,Bacteria.NA.NA.NA.NA.NA,Bacteria.NA.NA.NA.NA.NA,71,56,0.7344655021125637,0.6025603221340406,1.2189078423075796,0.22517445677519343,0.6219104044267247,0.21116322136689014,0.12977867203219318,,116
within_project,asthma,PRJEB15534,Bacteria.Pseudomonadota.Gammaproteobacteria.Enterobacterales.Enterobacteriaceae.Klebsiella,Klebsiella,71,56,0.1815891424325151,0.2913375926301129,0.623294579985988,0.5342265882455568,0.9239937179444402,0.5915660873840729,0.05583501006036218,,116
within_project,asthma,PRJEB15534,Bacteria.Pseudomonadota.Gammaproteobacteria.Enterobacterales.Pasteurellaceae.Haemophilus,Haemophilus,71,56,-0.4664534723734725,0.19698099144010972,-2.368012613619591,0.019417375944784612,0.3154406622690862,0.0241002244194862,-0.23390342052313884,,116
within_project,asthma,PRJEB15534,Bacteria.Actinomycetota.Actinobacteria.Micrococcales.Micrococcaceae.Rothia,Rothia,71,56,-0.013590370505390562,0.2570647674685108,-0.0528674957646824,0.9579218792719435,0.9747275262767144,0.7430872713513352,-0.03420523138832998,,116
within_project,asthma,PRJEB15534,Bacteria.Bacillota.Bacilli.Lactobacillales.Lactobacillaceae.Lactobacillus,Lactobacillus,71,56,0.5551861160597811,0.38091090064451516,1.4575222581458969,0.14747999667378478,0.5500946246638178,0.5454784294709765,0.06287726358148893,,116
within_project,asthma,PRJEB15534,Bacteria.Bacillota.Bacilli.Staphylococcales.Gemellaceae.Gemella,Gemella,71,56,-0.18814535939717583,0.18707842044141113,-1.0057031642305256,0.3165012413961634,0.7981335652598903,0.22943517669209734,-0.12474849094567408,,116
within_project,asthma,PRJEB15534,Bacteria.Bacillota.Bacilli.Staphylococcales.Staphylococcaceae.Staphylococcus,Staphylococcus,71,56,1.0797829817178501,0.39548436815652543,2.7302798003143627,0.007242384777065565,0.2100291585349014,0.008431553568387061,0.273138832997988,,116
within_project,asthma,PRJEB15534,Bacteria.Bacillota.Clostridia.Lachnospirales.Lachnospiraceae.NA,Lachnospiraceae,71,56,-1.231693873882775,0.5252871259932398,-2.34480118193231,0.02061314343075412,0.3154406622690862,0.33999843461729407,-0.09909456740442657,,116
within_project,asthma,PRJEB15534,Bacteria.Bacillota.Clostridia.Peptostreptococcales-Tissierellales.Anaerovoracaceae.Mogibacterium,Mogibacterium,71,56,0.36618883047305173,0.2850882664988045,1.284475278376942,0.20135109179653102,0.6219104044267247,0.3067100032307948,0.10613682092555332,,116
within_project,asthma,PRJEB15534,Bacteria.Pseudomonadota.Gammaproteobacteria.Enterobacterales.Enterobacteriaceae.Escherichia-Shigella,Escherichia-Shigella,71,56,-1.027783195392587,0.4922727644597186,-2.0878327415098905,0.03884331814690159,0.3154406622690862,0.0646545896045948,-0.19164989939637822,,116
within_project,asthma,PRJEB15534,Bacteria.Pseudomonadota.Gammaproteobacteria.Lysobacterales.Lysobacteraceae.Stenotrophomonas,Stenotrophomonas,71,56,0.23216145733742413,0.2641207950764697,0.8789972681636351,0.38108934939680994,0.813415567016396,0.20763873140021705,0.13078470824949706,,116
within_project,asthma,PRJEB15534,Bacteria.Actinomycetota.Coriobacteriia.Coriobacteriales.Eggerthellaceae.Slackia,Slackia,71,56,-0.12976429433050318,0.35224391257314,-0.36839329140587745,0.7132031484521196,0.9295681485443357,0.9400037191543738,-0.008048289738430636,,116
within_project,asthma,PRJEB15534,Bacteria.Bacillota.Clostridia.Peptococcales.Peptococcaceae.Peptococcus,Peptococcus,71,56,-1.3998117847461824,0.479113929923039,-2.92166789008,0.004132804631281611,0.15980177907622228,0.008311728965271046,-0.27364185110663986,,116
within_project,asthma,PRJEB15534,Bacteria.Bacillota.Clostridia.Peptostreptococcales-Tissierellales.Family XI.Parvimonas,Parvimonas,71,56,0.24811632177179563,0.40176049577090006,0.6175727190293032,0.5379804733670875,0.9239937179444402,0.5915660873840729,0.05583501006036218,,116
within_project,asthma,PRJEB15534,Bacteria.Bacteroidota.Bacteroidia.Bacteroidales.Muribaculaceae.Incertae Sedis,Incertae Sedis,71,56,0.5015800241043631,0.3106236490345657,1.6147515672528465,0.10888594798089363,0.4510989273494164,0.03790667612156884,0.21529175050301808,,116
within_project,asthma,PRJEB15534,Bacteria.Actinomycetota.Actinobacteria.Actinomycetales.Actinomycetaceae.Schaalia,Schaalia,71,56,-0.0122958647173444,0.13533744923962787,-0.09085338009861112,0.9277545220595536,0.9747275262767144,0.8100488448708996,-0.02515090543259557,,116
within_project,asthma,PRJEB15534,Bacteria.Bacillota.Negativicutes.Veillonellales-Selenomonadales.Veillonellaceae.Dialister,Dialister,71,56,0.19923599924839697,0.4131107195755398,0.4822823272489918,0.6304488351499351,0.9239937179444402,0.44729307823888076,0.0789738430583502,,116
within_project,asthma,PRJEB15534,Bacteria.Bacillota.Negativicutes.Veillonellales-Selenomonadales.Veillonellaceae.Megasphaera,Megasphaera,71,56,0.08824242570510489,0.28715110734628196,0.3073031008676953,0.7591240621334028,0.9571564261682035,0.43863335957574534,0.08048289738430592,,116
within_project,asthma,PRJEB15534,Bacteria.Bacteroidota.Bacteroidia.Flavobacteriales.Weeksellaceae.Chryseobacterium,Chryseobacterium,71,56,0.15906773096838722,0.18545207082996792,0.8577296023522367,0.3926833771803291,0.813415567016396,0.1458582572380219,0.15090543259557343,,116
within_project,asthma,PRJEB15534,Bacteria.Patescibacteria.Saccharimonadia.Saccharimonadales.Incertae Sedis.Incertae Sedis,Incertae Sedis,71,56,-0.45604423985215004,0.2024256114446806,-2.2528979243161578,0.02600905918589392,0.3154406622690862,0.2548327040680226,-0.11820925553319916,,116
within_project,asthma,PRJEB15534,Bacteria.Pseudomonadota.Alphaproteobacteria.Sphingomonadales.Sphingomonadaceae.NA,Sphingomonadaceae,71,56,0.03404134185141493,0.22768113589600045,0.1495132291810255,0.8813896348462668,0.9747275262767144,0.6428407191428569,0.048289738430583595,,116
within_project,asthma,PRJEB15534,Bacteria.Bacillota.Bacilli.Erysipelotrichales.Erysipelotrichaceae.Erysipelotrichaceae UCG-006,Erysipelotrichaceae UCG-006,71,56,-0.17086083909695293,0.23290766500259819,-0.7335990384646504,0.4645668265118741,0.874393477065114,0.6887109411552313,-0.041750503018108676,,116
within_project,asthma,PRJEB15534,Bacteria.Actinomycetota.Actinobacteria.Bifidobacteriales.Bifidobacteriaceae.Bifidobacterium,Bifidobacterium,71,56,1.0487814665110535,0.5035732060322655,2.08267924891114,0.03931929012654498,0.3154406622690862,0.07355538624087957,0.18561368209255535,,116
within_project,asthma,PRJEB15534,Bacteria.Bacillota.Bacilli.Erysipelotrichales.Erysipelotrichaceae.Solobacterium,Solobacterium,71,56,-0.21810630989266777,0.2732470150361482,-0.798201985349462,0.4262671338577778,0.858286902573689,0.08343405252890922,-0.17957746478873238,,116
within_project,asthma,PRJEB15534,Bacteria.Bacillota.Bacilli.Lactobacillales.Lactobacillaceae.Ligilactobacillus,Ligilactobacillus,71,56,0.3664800283504684,0.2690741130822231,1.3620040372983786,0.17564605382020204,0.5821412069469554,0.3375465718373356,0.0995975855130784,,116
within_project,asthma,PRJEB15534,Bacteria.Bacillota.Bacilli.Lactobacillales.NA.NA,Lactobacillales,71,56,0.016094337819028068,0.21400929612005662,0.07520391922601034,0.9401726901100689,0.9747275262767144,0.7987767987214145,0.026659959758551288,,116
within_project,asthma,PRJEB15534,Bacteria.Bacillota.Bacilli.Lactobacillales.Carnobacteriaceae.Granulicatella,Granulicatella,71,56,-0.3113279463779548,0.15135693428023106,-2.056912343385233,0.04177495886548922,0.3154406622690862,0.11963918463721195,-0.16146881287726356,,116
within_project,asthma,PRJEB15534,Bacteria.Bacillota.Clostridia.Peptostreptococcales-Tissierellales.Anaerovoracaceae.Family XIII UCG-001,Family XIII UCG-001,71,56,-0.7196773978726005,0.3303488671362946,-2.1785375082750855,0.03124215801630737,0.3154406622690862,0.1431859443783088,-0.15191146881287731,,116
within_project,asthma,PRJEB15534,Bacteria.Bacteroidota.Bacteroidia.Bacteroidales.Rikenellaceae.Rikenellaceae RC9 gut group,Rikenellaceae RC9 gut group,71,56,0.9557598786844573,0.43159927154120653,2.2144612878319165,0.02860960656764166,0.3154406622690862,0.0107188733808189,0.26458752515090533,,116
within_project,asthma,PRJEB15534,Bacteria.Actinomycetota.Actinobacteria.Bifidobacteriales.Bifidobacteriaceae.Gardnerella,Gardnerella,71,56,0.34631473542578994,0.21299045027896138,1.6259636757056894,0.10647592664677175,0.4510989273494164,0.079194602886936,0.18209255533199187,,116
within_project,asthma,PRJEB15534,Bacteria.Bacteroidota.Bacteroidia.Bacteroidales.Prevotellaceae.Hoylesella,Hoylesella,71,56,-0.5716812298211547,0.2916630287187115,-1.9600743787533694,0.052211899238164945,0.31876738482248074,0.016559429772294805,-0.24849094567404428,,116
within_project,asthma,PRJEB15534,Bacteria.Bacillota.Negativicutes.Veillonellales-Selenomonadales.Veillonellaceae.Veillonella,Veillonella,71,56,0.009421879256991535,0.16721767754512062,0.05634499530977646,0.9551569395181441,0.9747275262767144,0.8669563959886493,-0.017605633802816878,,116
within_project,asthma,PRJEB15534,Bacteria.Bacillota.Clostridia.Lachnospirales.Lachnospiraceae.Incertae Sedis,Incertae Sedis,71,56,-0.0437933075161166,0.26382917684618046,-0.16599114639109563,0.8684320992251316,0.9747275262767144,0.8593219375708915,0.018611670020120652,,116
within_project,asthma,PRJEB15534,Bacteria.Pseudomonadota.Gammaproteobacteria.Pseudomonadales.Moraxellaceae.Acinetobacter,Acinetobacter,71,56,0.6950839029951114,0.47962955919469497,1.4492098947407817,0.14978311732559188,0.5500946246638178,0.026314612285529344,0.23038229376257546,,116
within_project,asthma,PRJEB15534,Bacteria.Bacillota.Clostridia.Lachnospirales.Lachnospiraceae.Oribacterium,Oribacterium,71,56,-0.18555466078176977,0.15112293018977074,-1.227839220353667,0.22181441604647112,0.6219104044267247,0.5749018137761872,-0.05835010060362178,,116
within_project,asthma,PRJEB15534,Bacteria.Bacillota.Clostridia.Clostridia vadinBB60 group.Incertae Sedis.Incertae Sedis,Incertae Sedis,71,56,-0.4728257981404452,0.2818496177214415,-1.6775818323363838,0.09592752789352701,0.4420462968831631,0.6958760373160059,-0.04074446680080479,,116
within_project,asthma,PRJEB15534,Bacteria.Bacillota.Clostridia.Lachnospirales.Lachnospiraceae.Butyrivibrio,Butyrivibrio,71,56,-0.14061082653716403,0.43022816439445893,-0.32682850211601583,0.7443442317300639,0.9488344052822794,0.8100488448708996,0.02515090543259557,,116
within_project,asthma,PRJEB15534,Bacteria.Actinomycetota.Actinobacteria.Mycobacteriales.Corynebacteriaceae.Corynebacterium,Corynebacterium,71,56,0.6956959250767207,0.2738554882056774,2.5403760561271747,0.01229776458210831,0.2853081383049128,0.03014933046505309,0.22484909456740443,,116
within_project,asthma,PRJEB15534,Bacteria.Patescibacteria.Saccharimonadia.Saccharimonadales.Saccharimonadaceae.TM7x,TM7x,71,56,-0.4838872490904224,0.350441518981756,-1.380793150584459,0.16980641122323253,0.5793395206439699,0.252812270316196,-0.11871227364185111,,116
within_project,asthma,PRJEB15534,Bacteria.Bacillota.Negativicutes.Veillonellales-Selenomonadales.Veillonellaceae.Incertae Sedis,Incertae Sedis,71,56,0.19781715913077905,0.45572320624618534,0.4340730435042113,0.6649836999184708,0.9285372873571011,0.5012457945401898,0.06991951710261568,,116
within_project,asthma,PRJEB15534,Bacteria.Pseudomonadota.Gammaproteobacteria.Burkholderiales.Comamonadaceae.Comamonas,Comamonas,71,56,0.31458398762723067,0.3644289684896488,0.8632244273307984,0.3896673395188578,0.813415567016396,0.08695638634750669,0.17756539235412472,,116
within_project,asthma,PRJEB15534,Bacteria.Pseudomonadota.Gammaproteobacteria.Burkholderiales.Comamonadaceae.NA,Comamonadaceae,71,56,0.03705534956584758,0.27308510750182036,0.13569157946703692,0.8922833797786024,0.9747275262767144,0.5782168537921675,0.057847082494969726,,116
within_project,asthma,PRJEB15534,Bacteria.Bacillota.Clostridia.Lachnospirales.Defluviitaleaceae.Defluviitaleaceae UCG-011,Defluviitaleaceae UCG-011,71,56,-1.0807906079819984,0.35555417954231927,-3.039735348838331,0.0028846072933545026,0.15980177907622228,0.03052063688792672,-0.22434607645875249,,116
within_project,asthma,PRJEB15534,Bacteria.Bacillota.Clostridia.Peptostreptococcales-Tissierellales.Family XI.Peptoniphilus,Peptoniphilus,71,56,0.49212309315620795,0.2414102800780165,2.0385341212361325,0.043605723727400514,0.3154406622690862,0.04363370717906286,0.2092555331991952,,116
within_project,asthma,PRJEB15534,Bacteria.Bacteroidota.Bacteroidia.Bacteroidales.Porphyromonadaceae.Porphyromonas,Porphyromonas,71,56,-0.6669404329788298,0.3311150001049871,-2.0142259721467224,0.04613220225404189,0.3154406622690862,0.055413428439469704,-0.19869215291750508,,116
within_project,asthma,PRJEB15534,Bacteria.Bacteroidota.Bacteroidia.Bacteroidales.Prevotellaceae.Prevotella,Prevotella,71,56,0.0696358040304943,0.15459243225546393,0.45044769019107717,0.6531679730296904,0.9239937179444402,0.5848737654496341,0.05684104627766606,,116
within_project,asthma,PRJEB15534,Bacteria.Pseudomonadota.Alphaproteobacteria.Rickettsiales.Mitochondria.Incertae Sedis,Incertae Sedis,71,56,0.12011850848644054,0.6458571204540174,0.1859830985559174,0.852759490313102,0.9747275262767144,0.5715957895456838,0.05885311871227361,,116
within_project,asthma,PRJEB15534,Bacteria.Bacillota.Clostridia.Peptostreptococcales-Tissierellales.Peptostreptococcaceae.Peptostreptococcus,Peptostreptococcus,71,56,-0.8661135271701299,0.5039095729856637,-1.7187876031773084,0.08812864885879786,0.4420462968831631,0.08967613342390211,-0.176056338028169,,116
within_project,asthma,PRJEB15534,Bacteria.Bacteroidota.Bacteroidia.Bacteroidales.Prevotellaceae.Prevotellaceae UCG-001,Prevotellaceae UCG-001,71,56,-0.019050058284755762,0.342893396358373,-0.05555679545617643,0.9557835860070596,0.9747275262767144,0.8251393505588177,0.023138832997988024,,116
within_project,asthma,PRJEB15534,Bacteria.Pseudomonadota.Alphaproteobacteria.Caulobacterales.Caulobacteraceae.Brevundimonas,Brevundimonas,71,56,0.020759878923715586,0.2898555570931781,0.07162146253777717,0.9430176265113179,0.9747275262767144,0.5390428384655312,0.06388329979879281,,116
within_project,asthma,PRJEB15534,Bacteria.Pseudomonadota.Gammaproteobacteria.Pseudomonadales.Pseudomonadaceae.Pseudomonas,Pseudomonas,71,56,0.2927848970896037,0.5093393936235528,0.574832618004799,0.5664376716714485,0.9239937179444402,0.6358976508119654,0.04929577464788726,,116
within_project,asthma,PRJEB15534,Bacteria.Pseudomonadota.Gammaproteobacteria.Enterobacterales.Pasteurellaceae.Actinobacillus,Actinobacillus,71,56,0.013498308867875184,0.6417376752600807,0.021033997828481314,0.9832520742337496,0.9914439596973597,0.8631375691703316,-0.01810865191146882,,116
within_project,asthma,PRJEB15534,Bacteria.Bacillota.Clostridia.Peptostreptococcales-Tissierellales.Anaerovoracaceae.[Eubacterium] brachy group,[Eubacterium] brachy group,71,56,0.4276261985811662,0.4984650193969264,0.8578860741292029,0.39259729424938505,0.813415567016396,0.2129416017648047,0.12927565392354134,,116
within_project,asthma,PRJEB15534,Bacteria.Fusobacteriota.Fusobacteriia.Fusobacteriales.Fusobacteriaceae.Fusobacterium,Fusobacterium,71,56,-0.255567344141679,0.22785355294078805,-1.1216298400582452,0.26416989769124,0.6809712918263076,0.13924812182910332,-0.15342052313883303,,116
within_project,asthma,PRJEB15534,Bacteria.Bacteroidota.Bacteroidia.Bacteroidales.NA.NA,Bacteroidales,71,56,-0.7645850677035707,0.3843524343973096,-1.989281189027699,0.048853491327788434,0.3154406622690862,0.07124124754648188,-0.18712273641851107,,116
within_project,asthma,PRJEB15534,Bacteria.Actinomycetota.Actinobacteria.Mycobacteriales.Corynebacteriaceae.Lawsonella,Lawsonella,71,56,0.33898964867565484,0.23988815930093504,1.4131153853675575,0.1601070714789183,0.5628006148955916,0.016125700154650684,0.24949698189134817,,116
within_project,asthma,PRJEB15534,Bacteria.Pseudomonadota.Alphaproteobacteria.Sphingomonadales.Sphingomonadaceae.Sphingomonas,Sphingomonas,71,56,0.15640239093745018,0.45292133139333673,0.34531910973657254,0.7304348994109745,0.9414494259074783,0.22755890592171024,0.12525150905432603,,116
within_project,asthma,PRJEB15534,Bacteria.Pseudomonadota.Gammaproteobacteria.Burkholderiales.Neisseriaceae.Neisseria,Neisseria,71,56,-1.2353554336837629,0.3754772286268779,-3.2900941508529398,0.0013015817707895609,0.15098348541158907,0.0033843170043241495,-0.3038229376257545,,116
within_project,asthma,PRJEB15534,Bacteria.Bacillota.Clostridia.Lachnospirales.Lachnospiraceae.Shuttleworthia,Shuttleworthia,71,56,-0.21366718359726297,0.30052146304298283,-0.7109880985994758,0.47841618447540024,0.8808932920499433,0.8555095884090478,-0.019114688128772594,,116
within_project,asthma,PRJEB15534,Bacteria.Bacteroidota.Bacteroidia.Bacteroidales.Prevotellaceae.NA,Prevotellaceae,71,56,-0.02310828060301488,0.2438727655989702,-0.09475547852282387,0.9246607784905538,0.9747275262767144,0.35494851600663013,0.09607645875251514,,116
within_project,asthma,PRJEB15534,Bacteria.Bacillota.Bacilli.Lactobacillales.Lactobacillaceae.Lacticaseibacillus,Lacticaseibacillus,71,56,-0.13362929329905696,0.29250751105960116,-0.45684055364933424,0.6485785458538325,0.9239937179444402,0.6744647762681628,0.043762575452716224,,116
within_project,asthma,PRJEB15534,Bacteria.Campylobacterota.Campylobacteria.Campylobacterales.Campylobacteraceae.Campylobacter,Campylobacter,71,56,0.05614695105873934,0.23161757860712273,0.24241230478442063,0.8088579888153968,0.9747275262767144,0.5848737654496341,-0.05684104627766595,,116
within_project,asthma,PRJEB15534,Bacteria.Actinomycetota.Actinobacteria.Actinomycetales.Actinomycetaceae.Actinomyces,Actinomyces,71,56,0.14740605401980678,0.2669686220997749,0.5521474878224315,0.5818331839770385,0.9239937179444402,0.9400037191543738,0.008048289738430636,,116
within_project,asthma,PRJEB15534,Bacteria.Bacillota.Negativicutes.Veillonellales-Selenomonadales.Selenomonadaceae.Incertae Sedis,Incertae Sedis,71,56,0.0045485014706789905,0.4233100465120101,0.010745082731103904,0.9914439596973597,0.9914439596973597,0.4828876177076107,0.07293762575452711,,116
within_project,asthma,PRJEB15534,Bacteria.Pseudomonadota.NA.NA.NA.NA,Bacteria.Pseudomonadota.NA.NA.NA.NA,71,56,0.5204209296156458,0.5399203328841002,0.9638846657907951,0.3369647654159692,0.813415567016396,0.10535789659753093,0.16800804828973837,,116
within_project,asthma,PRJEB15534,Bacteria.Spirochaetota.Spirochaetia.Spirochaetales.Spirochaetaceae.Treponema,Treponema,71,56,-0.17055885069507057,0.43137100400784645,-0.39538784273958333,0.6932306353420336,0.9285372873571011,0.7320986421702731,-0.0357142857142857,,116
within_project,asthma,PRJEB15534,Bacteria.Bacillota.Clostridia.Lachnospirales.Lachnospiraceae.Lachnoanaerobaculum,Lachnoanaerobaculum,71,56,0.1525710994448917,0.24989155926875856,0.6105492314000145,0.5426065523933128,0.9239937179444402,0.47685038852387496,0.073943661971831,,116
within_project,asthma,PRJEB15534,Bacteria.Campylobacterota.Campylobacteria.Campylobacterales.Helicobacteraceae.Helicobacter,Helicobacter,71,56,-0.11929922701577303,0.30275742391431304,-0.39404228465603974,0.6942212230854217,0.9285372873571011,0.9284202074692638,0.009557344064386353,,116
within_project,asthma,PRJEB15534,Bacteria.Pseudomonadota.Gammaproteobacteria.Enterobacterales.Pasteurellaceae.Conservatibacter,Conservatibacter,71,56,-0.6150261781570058,0.3662861061202077,-1.6790868337090752,0.0956331550715309,0.4420462968831631,0.18738492506336435,-0.13682092555331993,,116
within_project,asthma,PRJEB15534,Bacteria.Pseudomonadota.Alphaproteobacteria.NA.NA.NA,Alphaproteobacteria,71,56,0.23478921444363282,0.3080534790401472,0.7621703061923019,0.44739411896897474,0.874393477065114,0.47085472430846254,0.07494969818913488,,116
within_project,asthma,PRJEB15534,Bacteria.Actinomycetota.Coriobacteriia.Coriobacteriales.Atopobiaceae.Olsenella,Olsenella,71,56,0.18117120929467123,0.3754168011834884,0.48258684407180313,0.630233166860225,0.9239937179444402,0.9593366008533866,0.005533199195171035,,116
within_project,asthma,PRJEB15534,Bacteria.Bacillota.Clostridia.Peptostreptococcales-Tissierellales.Anaerovoracaceae.Incertae Sedis,Incertae Sedis,71,56,-0.09431798897038991,0.24804415787392542,-0.38024676645812944,0.7044075973053869,0.9285372873571011,0.594925388131648,0.055331991951710346,,116
within_project,asthma,PRJEB15534,Bacteria.Actinomycetota.Actinobacteria.NA.NA.NA,Actinobacteria,71,56,0.09665331415367343,0.1752111269756178,0.5516391328681061,0.5821804405334896,0.9239937179444402,0.43576834029250966,0.08098591549295775,,116
within_project,asthma,PRJEB15534,Bacteria.Bacillota.Clostridia.Peptostreptococcales-Tissierellales.Anaerovoracaceae.[Eubacterium] sulci group,[Eubacterium] sulci group,71,56,-0.4113903576339524,0.4774466229020692,-0.8616468059474245,0.39053181272741433,0.813415567016396,0.6463240376817525,-0.04778672032193154,,116
within_project,asthma,PRJEB15534,Bacteria.Bacillota.Clostridia.Lachnospirales.Lachnospiraceae.Stomatobaculum,Stomatobaculum,71,56,0.18421513100025322,0.23223244235578572,0.7932359886136459,0.4291434512868445,0.858286902573689,0.6221075668717208,0.05130784708249503,,116
within_project,asthma,PRJEB15534,Bacteria.Cyanobacteriota.Cyanobacteriia.Chloroplast.Incertae Sedis.Incertae Sedis,Incertae Sedis,71,56,-0.07111869295178287,0.3672105830952268,-0.19367277585608156,0.8467464755192643,0.9747275262767144,0.9477332708534852,0.007042253521126751,,116
within_project,asthma,PRJEB15534,Bacteria.Pseudomonadota.Gammaproteobacteria.Burkholderiales.Burkholderiaceae.Lautropia,Lautropia,71,56,-0.19328288393661167,0.37306788816961634,-0.5180903799705621,0.6053110135192946,0.9239937179444402,0.32785307528639296,-0.10160965794768617,,116
within_project,asthma,PRJEB15534,Bacteria.Pseudomonadota.Gammaproteobacteria.Enterobacterales.Pasteurellaceae.Aggregatibacter,Aggregatibacter,71,56,-0.5034463463025083,0.44006020301784105,-1.144039708317131,0.2547932399879015,0.6717276326953767,0.19230612004770875,-0.1353118712273642,,116
within_project,asthma,PRJEB15534,Bacteria.Actinomycetota.Coriobacteriia.Coriobacteriales.Atopobiaceae.Lancefieldella,Lancefieldella,71,56,0.4280467248658529,0.2318189518227187,1.8464699348360332,0.06718932077734248,0.3542709640987149,0.06824890443432302,0.18913480885311862,,116
within_project,asthma,PRJEB15534,Bacteria.Bacillota.Bacilli.Lactobacillales.Aerococcaceae.Abiotrophia,Abiotrophia,71,56,-0.23378495675637231,0.4132103521528305,-0.5657771049015353,0.5725595454151406,0.9239937179444402,0.9014551251215505,-0.013078470824949728,,116
within_project,asthma,PRJEB15534,Bacteria.Fusobacteriota.Fusobacteriia.Fusobacteriales.Leptotrichiaceae.Pseudoleptotrichia,Pseudoleptotrichia,71,56,-0.657560948649764,0.39571631993305295,-1.661697826263546,0.0990793424048469,0.4420462968831631,0.1431859443783088,-0.15191146881287731,,116
within_project,asthma,PRJEB15534,Bacteria.Pseudomonadota.Gammaproteobacteria.Enterobacterales.Pasteurellaceae.NA,Pasteurellaceae,71,56,0.06851930159258388,0.465719527121254,0.14712567887398095,0.8832698570240205,0.9747275262767144,0.3677189483963369,0.09356136820925554,,116
within_project,asthma,PRJEB15534,Bacteria.Bacillota.Negativicutes.Veillonellales-Selenomonadales.Selenomonadaceae.Selenomonas,Selenomonas,71,56,0.3020443685157904,0.3359874707699902,0.8989750951831281,0.37039438661245816,0.813415567016396,0.581540855803047,0.057344064386317894,,116
within_project,asthma,PRJEB15534,Bacteria.Actinomycetota.Actinobacteria.Actinomycetales.Actinomycetaceae.F0332,F0332,71,56,0.0761804300054936,0.3870341480261462,0.19683128838633435,0.8442792401929815,0.9747275262767144,0.8669563959886493,0.01760563380281699,,116
within_project,asthma,PRJEB15534,Bacteria.Actinomycetota.Actinobacteria.Bifidobacteriales.Bifidobacteriaceae.Scardovia,Scardovia,71,56,0.10038892055301357,0.3600492182200159,0.27881999313679595,0.7808437168863747,0.9739556038582737,0.8707783305833467,-0.017102615694164935,,116
within_project,asthma,PRJEB15534,Bacteria.Actinomycetota.Actinobacteria.Bifidobacteriales.Bifidobacteriaceae.Alloscardovia,Alloscardovia,71,56,0.24675425984550034,0.4234729001974973,0.5826919732772045,0.5611503354005153,0.9239937179444402,0.4859217304275111,0.07243460764587528,,116
within_project,asthma,PRJEB15534,Bacteria.Bacillota.Clostridia.Lachnospirales.Lachnospiraceae.Johnsonella,Johnsonella,71,56,-0.9171058153752354,0.395006006474168,-2.321751569201039,0.02186441044490233,0.3154406622690862,0.02835048674165373,-0.22736418511066403,,116
within_project,asthma,PRJEB15534,Bacteria.Bacillota.Negativicutes.Veillonellales-Selenomonadales.Veillonellaceae.Anaeroglobus,Anaeroglobus,71,56,0.2559474184809317,0.29141067114453406,0.8783048934882235,0.3814634147807331,0.813415567016396,0.31599282496712333,0.10412474849094577,,116
within_project,asthma,PRJEB15534,Bacteria.Bacillota.Bacilli.Lactobacillales.Lactobacillaceae.Latilactobacillus,Latilactobacillus,71,56,-0.4198581162892595,0.2679969731267152,-1.5666524565213682,0.11972404267268914,0.4788961706907566,0.44439575624257777,-0.07947686116700203,,116
within_project,asthma,PRJEB15534,Bacteria.Fusobacteriota.Fusobacteriia.Fusobacteriales.Leptotrichiaceae.Leptotrichia,Leptotrichia,71,56,0.4397884680171838,0.35514937142650105,1.2383197139015605,0.21791812240277983,0.6219104044267247,0.3524284277443206,0.09657947686116697,,116
within_project,asthma,PRJEB15534,Bacteria.Bacteroidota.Bacteroidia.Bacteroidales.Prevotellaceae.Alloprevotella,Alloprevotella,71,56,-0.19405857980311486,0.4124153384763738,-0.4705416159351502,0.6387881270029636,0.9239937179444402,0.7284478117061519,-0.03621730382293764,,116
within_project,asthma,PRJEB15534,Bacteria.Pseudomonadota.Gammaproteobacteria.Burkholderiales.Neisseriaceae.Eikenella,Eikenella,71,56,0.10905163504288115,0.4323557595250781,0.2522266273558356,0.8012801571608867,0.9747275262767144,0.8440931042542885,0.020623742454728422,,116
within_project,asthma,PRJEB15534,Bacteria.Actinomycetota.Actinobacteria.Actinomycetales.Actinomycetaceae.Mobiluncus,Mobiluncus,71,56,-0.1024106931413563,0.2667912148047503,-0.38386081496838265,0.7017337634945794,0.9285372873571011,0.6709211488327967,-0.044265593561368166,,116
within_project,asthma,PRJEB15534,Bacteria.Fusobacteriota.Fusobacteriia.Fusobacteriales.Leptotrichiaceae.Incertae Sedis,Incertae Sedis,71,56,-0.11986329416993775,0.5086928578511699,-0.23562999228309706,0.8141054137633887,0.9747275262767144,0.6780156385808946,-0.04325955734406439,,116
within_project,asthma,PRJEB15534,Bacteria.Pseudomonadota.Gammaproteobacteria.Burkholderiales.Burkholderiaceae.Ralstonia,Ralstonia,71,56,-0.030629234699536323,0.3799944968717395,-0.08060441651573362,0.9358854647273469,0.9747275262767144,0.6851387908633999,0.04225352112676051,,116
within_project,asthma,PRJEB15534,Bacteria.Pseudomonadota.Alphaproteobacteria.Hyphomicrobiales.Beijerinckiaceae.Methylobacterium,Methylobacterium,71,56,-0.2188890405164158,0.23939433973532395,-0.9143450958716111,0.3622959048608707,0.813415567016396,0.9438678343312313,-0.007545271629778694,,116
within_project,asthma,PRJEB15534,Bacteria.Bacillota.Negativicutes.Veillonellales-Selenomonadales.Selenomonadaceae.Centipeda,Centipeda,71,56,-0.19058338809061395,0.4195133666792752,-0.4542963424484113,0.6504034261272982,0.9239937179444402,0.9400037191543738,-0.008048289738430636,,116
within_project,asthma,PRJEB15534,Bacteria.Actinomycetota.Actinobacteria.Micrococcales.NA.NA,Micrococcales,71,56,0.5260569133928844,0.27953127078288204,1.8819250952480524,0.06217151628400293,0.3542709640987149,0.19230612004770875,0.1353118712273642,,116
within_project,asthma,PRJEB15534,Bacteria.Pseudomonadota.Gammaproteobacteria.Burkholderiales.Comamonadaceae.Delftia,Delftia,71,56,0.5634394489093805,0.47374930612023214,1.1893198399036515,0.2365680989682643,0.63818370884462,0.2777996770571848,0.11267605633802824,,116
within_project,asthma,PRJEB15534,Bacteria.Pseudomonadota.Gammaproteobacteria.Pseudomonadales.Moraxellaceae.Moraxella,Moraxella,71,56,0.32272290472893167,0.43814555026673563,0.736565519226347,0.46276673520252765,0.874393477065114,0.32307474707993933,0.10261569416498983,,116
within_project,asthma,PRJEB15534,Bacteria.Pseudomonadota.Alphaproteobacteria.Hyphomicrobiales.Xanthobacteraceae.Bradyrhizobium,Bradyrhizobium,71,56,0.38990383333691925,0.319379085354126,1.2208183040683322,0.22445265339965845,0.6219104044267247,0.04950938296618058,0.20372233400402417,,116
within_project,asthma,PRJEB15534,Bacteria.Bacteroidota.Bacteroidia.Flavobacteriales.Weeksellaceae.Bergeyella,Bergeyella,71,56,-0.07806030465983334,0.34707242022563645,-0.2249107105920006,0.8224159954519983,0.9747275262767144,0.27140057574091314,-0.11418511066398396,,116
within_project,asthma,PRJEB15534,Bacteria.Bacteroidota.Bacteroidia.Flavobacteriales.Flavobacteriaceae.Capnocytophaga,Capnocytophaga,71,56,-0.08691386673112439,0.3962029005750197,-0.21936706320166763,0.8267219325198274,0.9747275262767144,0.3941052295391495,-0.08853118712273644,,116
within_project,asthma,PRJEB15534,Bacteria.Pseudomonadota.Alphaproteobacteria.Caulobacterales.Caulobacteraceae.Incertae Sedis,Incertae Sedis,71,56,-0.13008478910510446,0.2466359102736802,-0.5274365316906022,0.5988253955351107,0.9239937179444402,0.9014551251215505,0.013078470824949617,,116
within_project,asthma,PRJEB15534,Bacteria.Pseudomonadota.Gammaproteobacteria.Burkholderiales.Comamonadaceae.Paucibacter,Paucibacter,71,56,0.2327748287461651,0.3646628958834019,0.6383288000339717,0.5244274235716171,0.9239937179444402,0.16713130663930942,0.14336016096579485,,116
within_project,asthma,PRJEB15534,Bacteria.Pseudomonadota.Alphaproteobacteria.Sphingomonadales.Sphingomonadaceae.Novosphingobium,Novosphingobium,71,56,0.11066904424931445,0.23664771801876483,0.4676531224380495,0.6408469503084216,0.9239937179444402,0.6084488622938091,0.053319919517102576,,116
within_project,asthma,PRJEB15534,Bacteria.Pseudomonadota.Gammaproteobacteria.Enterobacterales.Pasteurellaceae.Mannheimia,Mannheimia,71,56,-0.3214519820822567,0.6470609147210451,-0.49678782131484195,0.6202112655792298,0.9239937179444402,0.7689282940362783,-0.030684104627766606,,116
within_project,asthma,PRJEB22676,Bacteria.Bacillota.Bacilli.Lactobacillales.Streptococcaceae.Streptococcus,Streptococcus,40,32,-0.9108419016003628,0.5426666288782864,-1.6784557095082655,0.09771749456454679,0.5374462201050073,0.12464918346940891,-0.21250000000000002,,121
within_project,asthma,PRJEB22676,Bacteria.Bacillota.Bacilli.RF39.Incertae Sedis.Incertae Sedis,Incertae Sedis,40,32,0.30171730238944283,0.43361028213551567,0.695825986652105,0.48884163765029653,0.673006972651137,0.3213974325230382,0.13749999999999996,,121
within_project,asthma,PRJEB22676,Bacteria.Bacillota.Clostridia.Clostridia UCG-014.Incertae Sedis.Incertae Sedis,Incertae Sedis,40,32,-0.7544032353907829,0.7069835670951192,-1.0670732256062236,0.2896051979831101,0.5489738462354072,0.6381427659322603,-0.06562500000000004,,121
within_project,asthma,PRJEB22676,Bacteria.Bacillota.Clostridia.Lachnospirales.Lachnospiraceae.Blautia,Blautia,40,32,0.4237837351858616,0.4541561482480035,0.9331234132152357,0.35396379350234264,0.5867071097778556,0.028319551972328858,0.3031250000000001,,121
within_project,asthma,PRJEB22676,Bacteria.Bacillota.Clostridia.Lachnospirales.Lachnospiraceae.Howardella,Howardella,40,32,-0.09095880710519842,0.2822487598796744,-0.32226468291295635,0.7482126924521285,0.8622260551115005,0.4443066344074693,0.10624999999999996,,121
within_project,asthma,PRJEB22676,Bacteria.Bacteroidota.Bacteroidia.Bacteroidales.Bacteroidaceae.Bacteroides,Bacteroides,40,32,1.0696688443422315,0.5489053700374328,1.9487308791846674,0.055336456247027724,0.5374462201050073,0.008997947612197516,0.3609374999999999,,121
within_project,asthma,PRJEB22676,Bacteria.Bacteroidota.Bacteroidia.Bacteroidales.Prevotellaceae.Incertae Sedis,Incertae Sedis,40,32,-0.9616196777671587,0.8836541377713848,-1.0882308322489231,0.2802258484430416,0.5489738462354072,0.11652082608087132,-0.21718749999999998,,121
within_project,asthma,PRJEB22676,Bacteria.Bacteroidota.Bacteroidia.Bacteroidales.Prevotellaceae.Segatella,Segatella,40,32,-0.5208323679864417,0.9041458580479066,-0.576049055968628,0.5664295492332909,0.713937244346127,0.5671260330146122,-0.07968750000000002,,121
within_project,asthma,PRJEB22676,Bacteria.Bacteroidota.Bacteroidia.Bacteroidales.Tannerellaceae.Parabacteroides,Parabacteroides,40,32,0.754817197099328,0.3130239127202718,2.4113723151044275,0.018519660351690417,0.5374462201050073,0.006204203990232647,0.37812500000000004,,121
within_project,asthma,PRJEB22676,Bacteria.NA.NA.NA.NA.NA,Bacteria.NA.NA.NA.NA.NA,40,32,0.8383937664329997,1.0356003059492056,0.8095727295720995,0.4209292309773016,0.6452555971498458,0.4787721571701974,0.09843749999999996,,121
within_project,asthma,PRJEB22676,Bacteria.Pseudomonadota.Gammaproteobacteria.Enterobacterales.Enterobacteriaceae.Klebsiella,Klebsiella,40,32,-0.11793463118374353,0.577908984558009,-0.20407128861985285,0.8388899345610612,0.9062584558666008,0.5001324328418446,0.09375,,121
within_project,asthma,PRJEB22676,Bacteria.Pseudomonadota.Gammaproteobacteria.Enterobacterales.Enterobacteriaceae.NA,Enterobacteriaceae,40,32,0.14073598273098467,0.49865658138281327,0.28223027226616143,0.7785997382334648,0.8643171406077913,0.0706800824987683,0.25,,121
within_project,asthma,PRJEB22676,Bacteria.Pseudomonadota.Gammaproteobacteria.Enterobacterales.Pasteurellaceae.Haemophilus,Haemophilus,40,32,-1.0798025306314245,0.894484084906486,-1.20717914253814,0.23142655677483043,0.5489738462354072,0.07803592015547504,-0.24375000000000002,,121
within_project,asthma,PRJEB22676,Bacteria.Actinomycetota.Actinobacteria.Micrococcales.Micrococcaceae.Rothia,Rothia,40,32,-0.9693625766783966,0.7345669721569774,-1.319638117994833,0.19125566056654789,0.5489738462354072,0.099173659583761,-0.22812500000000002,,121
within_project,asthma,PRJEB22676,Bacteria.Bacillota.Bacilli.Lactobacillales.Lactobacillaceae.HT002,HT002,40,32,-0.19645203165709965,0.43308185018478035,-0.4536140952877168,0.6515097941343226,0.7881094788045915,0.31046099456711784,0.140625,,121
within_project,asthma,PRJEB22676,Bacteria.Bacillota.Bacilli.Lactobacillales.Lactobacillaceae.Lactobacillus,Lactobacillus,40,32,0.6780645493417977,0.5237792151820915,1.2945617727615806,0.19972563686232023,0.5489738462354072,0.020477155909116685,0.3203125,,121
within_project,asthma,PRJEB22676,Bacteria.Bacillota.Bacilli.Staphylococcales.Gemellaceae.Gemella,Gemella,40,32,-1.208715368434788,0.7438212399342014,-1.625007869554399,0.10865536485377433,0.5419386926548088,0.05060084724938929,-0.27031249999999996,,121
within_project,asthma,PRJEB22676,Bacteria.Bacillota.Bacilli.Staphylococcales.Staphylococcaceae.Staphylococcus,Staphylococcus,40,32,1.3227740878239262,0.9762631076204548,1.3549360592433508,0.17979462227112306,0.5489738462354072,0.22746795117109364,0.16718750000000004,,121
within_project,asthma,PRJEB22676,Bacteria.Bacillota.Clostridia.Lachnospirales.Lachnospiraceae.NA,Lachnospiraceae,40,32,-0.8770418200641876,0.7893227542642766,-1.1111320626777996,0.27031348350092743,0.5489738462354072,0.5443244362132332,-0.08437499999999998,,121
within_project,asthma,PRJEB22676,Bacteria.Bacillota.Clostridia.Peptostreptococcales-Tissierellales.Anaerovoracaceae.Mogibacterium,Mogibacterium,40,32,-0.5535917501896627,0.6287584466188224,-0.8804521882236778,0.3816272913507984,0.6156920300459547,0.582577069776675,-0.07656249999999998,,121
within_project,asthma,PRJEB22676,Bacteria.Pseudomonadota.Gammaproteobacteria.Enterobacterales.Enterobacteriaceae.Escherichia-Shigella,Escherichia-Shigella,40,32,0.6787500485777845,0.6362682431223826,1.06676713149619,0.2897424588629923,0.5489738462354072,0.32695886984592304,0.13593750000000004,,121
within_project,asthma,PRJEB22676,Bacteria.Pseudomonadota.Gammaproteobacteria.Lysobacterales.Lysobacteraceae.Stenotrophomonas,Stenotrophomonas,40,32,0.6326177733018994,0.4172693730815039,1.5160896392420637,0.13399977265064483,0.5489738462354072,0.09461547890568049,0.23124999999999996,,121
within_project,asthma,PRJEB22676,Bacteria.Actinomycetota.Coriobacteriia.Coriobacteriales.Eggerthellaceae.Slackia,Slackia,40,32,-0.41299531012773516,0.39272871244396534,-1.0516045734411676,0.2965978012297262,0.5521282145968749,0.8516719266965809,-0.026562500000000044,,121
within_project,asthma,PRJEB22676,Bacteria.Bacillota.Clostridia.Peptococcales.Peptococcaceae.Peptococcus,Peptococcus,40,32,-1.8259828861802818,0.5283460536192374,-3.456035819084988,0.0009357525522404435,0.11322605882109366,0.003273938754511652,-0.40625,,121
within_project,asthma,PRJEB22676,Bacteria.Bacillota.Clostridia.Peptostreptococcales-Tissierellales.Family XI.Parvimonas,Parvimonas,40,32,-1.2923433594405656,0.7068374947508282,-1.8283457924032986,0.07175840194600518,0.5374462201050073,0.08194111196486752,-0.24062499999999998,,121
within_project,asthma,PRJEB22676,Bacteria.Bacteroidota.Bacteroidia.Bacteroidales.Muribaculaceae.Incertae Sedis,Incertae Sedis,40,32,0.3334107149392367,0.29316471107294234,1.1372812018165472,0.2592987734062647,0.5489738462354072,0.08600333993075554,0.23750000000000004,,121
within_project,asthma,PRJEB22676,Bacteria.Actinomycetota.Actinobacteria.Actinomycetales.Actinomycetaceae.Schaalia,Schaalia,40,32,-0.833996790647508,0.8799506003600257,-0.9477768300928302,0.3465036146188607,0.5841368330541817,0.5001324328418446,-0.09375,,121
within_project,asthma,PRJEB22676,Bacteria.Bacillota.Negativicutes.Veillonellales-Selenomonadales.Veillonellaceae.Dialister,Dialister,40,32,-1.0079027071595197,0.6342967847618992,-1.5890080658975179,0.11656539957559378,0.5419386926548088,0.26919647244330014,-0.15312499999999996,,121
within_project,asthma,PRJEB22676,Bacteria.Bacillota.Negativicutes.Veillonellales-Selenomonadales.Veillonellaceae.Megasphaera,Megasphaera,40,32,-0.17149388156831358,0.7786007203558603,-0.22025908412970915,0.8263105017773518,0.9007528893248609,0.9503012074622557,0.009374999999999911,,121
within_project,asthma,PRJEB22676,Bacteria.Patescibacteria.Saccharimonadia.Saccharimonadales.Incertae Sedis.Incertae Sedis,Incertae Sedis,40,32,-0.1738080453127622,0.30053207484034,-0.5783344270494225,0.5648944245735228,0.713937244346127,0.7553121099997934,0.043749999999999956,,121
within_project,asthma,PRJEB22676,Bacteria.Pseudomonadota.Alphaproteobacteria.Rhodobacterales.Paracoccaceae.Paracoccus,Paracoccus,40,32,0.37093393020331866,0.3476207138302587,1.0670650955064882,0.28960884316141117,0.5489738462354072,0.05767143844775075,0.26249999999999996,,121
within_project,asthma,PRJEB22676,Bacteria.Bacillota.Bacilli.Erysipelotrichales.Erysipelotrichaceae.Erysipelotrichaceae UCG-006,Erysipelotrichaceae UCG-006,40,32,-0.09047296941280351,0.25433595184961494,-0.35572229861666915,0.7231183140044715,0.8494885048013693,0.11918269372736673,0.21562499999999996,,121
within_project,asthma,PRJEB22676,Bacteria.Actinomycetota.Actinobacteria.Bifidobacteriales.Bifidobacteriaceae.Bifidobacterium,Bifidobacterium,40,32,-0.016913847252727012,0.6022711686880925,-0.028083441698811336,0.9776755126682602,0.9776755126682602,0.7553121099997934,0.043749999999999956,,121
within_project,asthma,PRJEB22676,Bacteria.Bacillota.Bacilli.Erysipelotrichales.Erysipelotrichaceae.Solobacterium,Solobacterium,40,32,-0.7752551283687361,0.7199160187883333,-1.0768688404427258,0.2852361917558442,0.5489738462354072,0.3213974325230382,-0.13749999999999996,,121
within_project,asthma,PRJEB22676,Bacteria.Bacillota.Bacilli.Lactobacillales.Lactobacillaceae.Ligilactobacillus,Ligilactobacillus,40,32,-0.4547024741768837,0.4808414669960437,-0.945639062740454,0.34758555355290155,0.5841368330541817,0.31589813946601675,0.1390625000000001,,121
within_project,asthma,PRJEB22676,Bacteria.Bacillota.Bacilli.Lactobacillales.NA.NA,Lactobacillales,40,32,-0.05340563245117654,0.2745659914189194,-0.19450927689617914,0.8463405414291396,0.9062584558666008,0.26919647244330014,0.15312499999999996,,121
within_project,asthma,PRJEB22676,Bacteria.Bacillota.Clostridia.Peptostreptococcales-Tissierellales.Family XI.Anaerococcus,Anaerococcus,40,32,0.6132483968511219,1.023106994654278,0.5993981079743738,0.5508426148199377,0.713937244346127,0.437587496420353,0.10781250000000009,,121
within_project,asthma,PRJEB22676,Bacteria.Bacillota.Bacilli.Lactobacillales.Carnobacteriaceae.Granulicatella,Granulicatella,40,32,-1.2609060999006043,0.8034840344647577,-1.5692982633320887,0.12108809615379575,0.5419386926548088,0.12745478322746845,-0.2109375,,121
within_project,asthma,PRJEB22676,Bacteria.Bacillota.Bacilli.NA.NA.NA,Bacilli,40,32,0.46586850881576547,0.2544005030839167,1.831240517091642,0.07132021117581118,0.5374462201050073,0.04927760591809216,0.2718750000000001,,121
within_project,asthma,PRJEB22676,Bacteria.Bacillota.Clostridia.Peptostreptococcales-Tissierellales.Anaerovoracaceae.Family XIII UCG-001,Family XIII UCG-001,40,32,-0.8233667492866515,0.37168283667288426,-2.2152401672808244,0.02999895150695487,0.5374462201050073,0.1905685077636734,-0.18125000000000002,,121
within_project,asthma,PRJEB22676,Bacteria.Bacteroidota.Bacteroidia.Bacteroidales.Rikenellaceae.Rikenellaceae RC9 gut group,Rikenellaceae RC9 gut group,40,32,-0.02715354729443793,0.45891710572492134,-0.05916874083729184,0.9529863004193787,0.9609278529228735,0.15827666392651618,0.1953125,,121
within_project,asthma,PRJEB22676,Bacteria.Bacteroidota.Bacteroidia.Bacteroidales.Prevotellaceae.Hoylesella,Hoylesella,40,32,-1.0253251131623993,0.8038664864983873,-1.2754918016655696,0.2063519300987291,0.5489738462354072,0.14533149331956696,-0.20156249999999998,,121
within_project,asthma,PRJEB22676,Bacteria.Bacillota.Negativicutes.Veillonellales-Selenomonadales.Veillonellaceae.Veillonella,Veillonella,40,32,-0.5857660520821826,0.824375945954776,-0.7105569430507338,0.47971958801633174,0.673006972651137,0.3382680810737584,-0.1328125,,121
within_project,asthma,PRJEB22676,Bacteria.Bacillota.Bacilli.Lactobacillales.Carnobacteriaceae.Dolosigranulum,Dolosigranulum,40,32,1.4894552469253532,1.0740419955266487,1.386775613177965,0.16991072382579916,0.5489738462354072,0.06390281950029095,0.2562500000000001,,121
within_project,asthma,PRJEB22676,Bacteria.Bacillota.Clostridia.Lachnospirales.Lachnospiraceae.Incertae Sedis,Incertae Sedis,40,32,-0.25834800526499735,0.29769187650312084,-0.8678369336097385,0.38844906928293277,0.618451807674143,0.606114986772038,0.07187499999999991,,121
within_project,asthma,PRJEB22676,Bacteria.Pseudomonadota.Gammaproteobacteria.Pseudomonadales.Moraxellaceae.Acinetobacter,Acinetobacter,40,32,0.7149935394525526,0.5918592637449356,1.208046546282804,0.23109488048276444,0.5489738462354072,0.1685450434658362,0.19062500000000004,,121
within_project,asthma,PRJEB22676,Bacteria.Bacillota.Clostridia.Lachnospirales.Lachnospiraceae.Oribacterium,Oribacterium,40,32,-0.9755495443940172,0.8294843466429236,-1.1760915662148979,0.24354259920008822,0.5489738462354072,0.2594974196443466,-0.15625,,121
within_project,asthma,PRJEB22676,Bacteria.Bacillota.Clostridia.Clostridia vadinBB60 group.Incertae Sedis.Incertae Sedis,Incertae Sedis,40,32,-0.33816408477723586,0.31524483142592274,-1.0727030265576258,0.28708861908522787,0.5489738462354072,0.5293807762997913,0.08749999999999991,,121
within_project,asthma,PRJEB22676,Bacteria.Bacillota.Clostridia.Lachnospirales.Lachnospiraceae.Butyrivibrio,Butyrivibrio,40,32,-0.40502445586025737,0.5212141837156642,-0.7770787298474761,0.43973051785685013,0.6475467797722352,0.6708605396163027,-0.059374999999999956,,121
within_project,asthma,PRJEB22676,Bacteria.Actinomycetota.Actinobacteria.Mycobacteriales.Corynebacteriaceae.Corynebacterium,Corynebacterium,40,32,0.4917784363031371,0.8179694700222964,0.601218571506993,0.5496364592179857,0.713937244346127,0.5671260330146122,0.07968749999999991,,121
within_project,asthma,PRJEB22676,Bacteria.Patescibacteria.Saccharimonadia.Saccharimonadales.Saccharimonadaceae.TM7x,TM7x,40,32,-0.6549296602606774,0.4856730394179054,-1.3484991076416997,0.18184486787511447,0.5489738462354072,0.437587496420353,-0.10781249999999998,,121
within_project,asthma,PRJEB22676,Bacteria.Bacillota.Negativicutes.Veillonellales-Selenomonadales.Veillonellaceae.Incertae Sedis,Incertae Sedis,40,32,-0.8813324663788082,0.6067307961811736,-1.4525922730904808,0.1508050189134875,0.5489738462354072,0.41778448781485844,-0.11250000000000004,,121
within_project,asthma,PRJEB22676,Bacteria.Pseudomonadota.Gammaproteobacteria.Burkholderiales.Comamonadaceae.Comamonas,Comamonas,40,32,0.34343623593449574,0.5101698408302326,0.6731802008829051,0.5030491770476063,0.6839207912669704,0.29452225013082056,0.14531249999999996,,121
within_project,asthma,PRJEB22676,Bacteria.Pseudomonadota.Gammaproteobacteria.Burkholderiales.Comamonadaceae.NA,Comamonadaceae,40,32,0.672479809448123,0.3745449730578179,1.7954581100313243,0.07689686416079276,0.5374462201050073,0.04671811631690868,0.2749999999999999,,121
within_project,asthma,PRJEB22676,Bacteria.Bacillota.Clostridia.Lachnospirales.Defluviitaleaceae.Defluviitaleaceae UCG-011,Defluviitaleaceae UCG-011,40,32,-0.6280039399862289,0.36225993837626946,-1.733572701417341,0.08739670323581522,0.5374462201050073,0.2997730854216406,-0.14375000000000004,,121
within_project,asthma,PRJEB22676,Bacteria.Bacillota.Clostridia.Peptostreptococcales-Tissierellales.Family XI.Peptoniphilus,Peptoniphilus,40,32,0.577719042450189,0.9422337452216264,0.6131377117196132,0.5417723927908747,0.713937244346127,0.2643162739418038,0.1546875000000001,,121
within_project,asthma,PRJEB22676,Bacteria.Bacteroidota.Bacteroidia.Bacteroidales.Porphyromonadaceae.Porphyromonas,Porphyromonas,40,32,-0.9567475672811281,0.8452184922738524,-1.1319529518423506,0.2615170221625436,0.5489738462354072,0.09461547890568049,-0.23124999999999996,,121
within_project,asthma,PRJEB22676,Bacteria.Bacteroidota.Bacteroidia.Bacteroidales.Prevotellaceae.Prevotella,Prevotella,40,32,-1.166684431582691,0.9292439090236049,-1.2555201279807955,0.21346491754266073,0.5489738462354072,0.4443066344074693,-0.10624999999999996,,121
within_project,asthma,PRJEB22676,Bacteria.Pseudomonadota.Alphaproteobacteria.Rickettsiales.Mitochondria.Incertae Sedis,Incertae Sedis,40,32,1.2616917192935935,1.2360975771560683,1.0207056001164654,0.3109086831892664,0.5614918009836005,0.254739749487771,0.1578124999999999,,121
within_project,asthma,PRJEB22676,Bacteria.Bacillota.Clostridia.Peptostreptococcales-Tissierellales.Peptostreptococcaceae.Peptostreptococcus,Peptostreptococcus,40,32,-1.4467632606625562,0.7595364698305774,-1.9047976208242798,0.060915490947215795,0.5374462201050073,0.11133737457067981,-0.22031250000000002,,121
within_project,asthma,PRJEB22676,Bacteria.Bacteroidota.Bacteroidia.Bacteroidales.Prevotellaceae.Prevotellaceae UCG-001,Prevotellaceae UCG-001,40,32,-0.479938805103302,0.4261807946711258,-1.1261389792884968,0.26395273636264405,0.5489738462354072,0.8516719266965809,-0.026562500000000044,,121
within_project,asthma,PRJEB22676,Bacteria.Pseudomonadota.Alphaproteobacteria.Caulobacterales.Caulobacteraceae.Brevundimonas,Brevundimonas,40,32,-0.23265255093574522,0.49196249194137937,-0.47290709098096717,0.6377507598020188,0.7881094788045915,0.1983613214160559,0.1781250000000001,,121
within_project,asthma,PRJEB22676,Bacteria.Pseudomonadota.Gammaproteobacteria.Pseudomonadales.Pseudomonadaceae.Pseudomonas,Pseudomonas,40,32,1.1142627090215673,0.937250690973045,1.1888630435308083,0.23851103881304966,0.5489738462354072,0.21885744014095987,0.1703125000000001,,121
within_project,asthma,PRJEB22676,Bacteria.Pseudomonadota.Gammaproteobacteria.Enterobacterales.Pasteurellaceae.Actinobacillus,Actinobacillus,40,32,-0.29417985714972067,0.8823046338310518,-0.3334220924040298,0.7398123714611018,0.8607432398730126,0.8162930233028695,0.03281249999999991,,121
within_project,asthma,PRJEB22676,Bacteria.Bacillota.Clostridia.Peptostreptococcales-Tissierellales.Anaerovoracaceae.[Eubacterium] brachy group,[Eubacterium] brachy group,40,32,-0.7143353503197434,0.4990533613344224,-1.4313807012734607,0.1567708500730394,0.5489738462354072,0.254739749487771,-0.15781250000000002,,121
within_project,asthma,PRJEB22676,Bacteria.Fusobacteriota.Fusobacteriia.Fusobacteriales.Fusobacteriaceae.Fusobacterium,Fusobacterium,40,32,-0.7298990737646831,0.9234233474640906,-0.790427354657141,0.4319479617284092,0.6452555971498458,0.12189198262373632,-0.21406250000000004,,121
within_project,asthma,PRJEB22676,Bacteria.Bacteroidota.Bacteroidia.Bacteroidales.NA.NA,Bacteroidales,40,32,-0.5313345900736749,0.30202592471745615,-1.7592350410672062,0.08290731518269856,0.5374462201050073,0.22746795117109364,-0.16718750000000004,,121
within_project,asthma,PRJEB22676,Bacteria.Actinomycetota.Actinobacteria.Mycobacteriales.Corynebacteriaceae.Lawsonella,Lawsonella,40,32,0.8991502497345204,0.9164734851865759,0.9810979414766933,0.3299232448632422,0.582010768297879,0.07246351519943739,0.2484375000000001,,121
within_project,asthma,PRJEB22676,Bacteria.Pseudomonadota.Alphaproteobacteria.Sphingomonadales.Sphingomonadaceae.Sphingomonas,Sphingomonas,40,32,0.4182415667921304,0.49031661826781625,0.853003041727789,0.3965669727055535,0.6231766713944412,0.047983522264809064,0.2734375,,121
within_project,asthma,PRJEB22676,Bacteria.Actinomycetota.Actinobacteria.Propionibacteriales.Propionibacteriaceae.Cutibacterium,Cutibacterium,40,32,0.6336532339453694,0.5947689419854701,1.0653771392804994,0.29036633189310795,0.5489738462354072,0.08395233735613733,0.23906249999999996,,121
within_project,asthma,PRJEB22676,Bacteria.Bacteroidota.Bacteroidia.NA.NA.NA,Bacteroidia,40,32,-0.2729368213564156,0.22626905544970882,-1.2062489977427748,0.23178260750314422,0.5489738462354072,0.6708605396163027,0.059374999999999956,,121
within_project,asthma,PRJEB22676,Bacteria.Pseudomonadota.Gammaproteobacteria.Burkholderiales.Neisseriaceae.Neisseria,Neisseria,40,32,-1.1524007532745613,0.8261852124127923,-1.3948455333751237,0.1674729158991981,0.5489738462354072,0.08809463779680658,-0.23593750000000002,,121
within_project,asthma,PRJEB22676,Bacteria.Pseudomonadota.Gammaproteobacteria.Burkholderiales.Oxalobacteraceae.Massilia,Massilia,40,32,-0.1752566888928413,0.4438874146894552,-0.3948223875990071,0.6941744505204952,0.8234814560096071,0.20638464807884016,0.17500000000000004,,121
within_project,asthma,PRJEB22676,Bacteria.Bacillota.Clostridia.Lachnospirales.Lachnospiraceae.Shuttleworthia,Shuttleworthia,40,32,-0.8954313220456241,0.3653340213828516,-2.4509935282136164,0.016746796457757174,0.5374462201050073,0.14848915243156646,-0.19999999999999996,,121
within_project,asthma,PRJEB22676,Bacteria.Bacteroidota.Bacteroidia.Bacteroidales.Prevotellaceae.NA,Prevotellaceae,40,32,-0.18761654053814703,0.2960916146131035,-0.6336435457089911,0.5283785178385472,0.7103755628718246,0.9503012074622557,-0.009375000000000022,,121
within_project,asthma,PRJEB22676,Bacteria.Campylobacterota.Campylobacteria.Campylobacterales.Campylobacteraceae.Campylobacter,Campylobacter,40,32,-1.0403523061424504,0.6707548745967336,-1.5510171383665659,0.12540730077962517,0.5419386926548088,0.12189198262373632,-0.21406250000000004,,121
within_project,asthma,PRJEB22676,Bacteria.Actinomycetota.Actinobacteria.Actinomycetales.Actinomycetaceae.Actinomyces,Actinomyces,40,32,-0.1744275715202105,0.6010323199072352,-0.2902132975929349,0.7725110661650287,0.8643171406077913,0.3382680810737584,-0.1328125,,121
within_project,asthma,PRJEB22676,Bacteria.Bacillota.Negativicutes.Veillonellales-Selenomonadales.Selenomonadaceae.Incertae Sedis,Incertae Sedis,40,32,-0.06727772839367391,0.45236332756543923,-0.14872498342373136,0.8821982709835232,0.9282260068609244,0.13616678418832168,0.20625000000000004,,121
within_project,asthma,PRJEB22676,Bacteria.Pseudomonadota.NA.NA.NA.NA,Bacteria.Pseudomonadota.NA.NA.NA.NA,40,32,1.3394744213670486,0.9554543894113251,1.401923981104243,0.16535679313697116,0.5489738462354072,0.04927760591809216,0.2718750000000001,,121
within_project,asthma,PRJEB22676,Bacteria.Spirochaetota.Spirochaetia.Spirochaetales.Spirochaetaceae.Treponema,Treponema,40,32,-1.1040024679154161,0.6497470740406863,-1.6991264940214028,0.09373582987450318,0.5374462201050073,0.14848915243156646,-0.19999999999999996,,121
within_project,asthma,PRJEB22676,Bacteria.Bacillota.Clostridia.Lachnospirales.Lachnospiraceae.Lachnoanaerobaculum,Lachnoanaerobaculum,40,32,-0.7757490817457445,0.8126373792010341,-0.9546066937118285,0.34306167054383063,0.5841368330541817,0.5903755656552129,-0.07499999999999996,,121
within_project,asthma,PRJEB22676,Bacteria.Pseudomonadota.Alphaproteobacteria.NA.NA.NA,Alphaproteobacteria,40,32,1.1859549582004545,0.6142917266898507,1.9306054544980555,0.05758316949696431,0.5374462201050073,0.015542703266534296,0.3343750000000001,,121
within_project,asthma,PRJEB22676,Bacteria.Actinomycetota.Coriobacteriia.Coriobacteriales.Atopobiaceae.Olsenella,Olsenella,40,32,-0.415983808413148,0.5188116765479146,-0.8018011683565684,0.4253815372396933,0.6452555971498458,0.8339404492850289,-0.029687499999999978,,121
within_project,asthma,PRJEB22676,Bacteria.Bacillota.Clostridia.Peptostreptococcales-Tissierellales.Anaerovoracaceae.Incertae Sedis,Incertae Sedis,40,32,-0.3978009849786758,0.33514070145763186,-1.1869670954572653,0.23925320928913352,0.5489738462354072,0.8516719266965809,0.026562500000000044,,121
within_project,asthma,PRJEB22676,Bacteria.Actinomycetota.Actinobacteria.NA.NA.NA,Actinobacteria,40,32,-0.07871177382767189,0.26834870049810394,-0.29331900501686253,0.7701461728170926,0.8643171406077913,0.5594748519651709,0.08125000000000004,,121
within_project,asthma,PRJEB22676,Bacteria.Bacillota.Clostridia.Peptostreptococcales-Tissierellales.Anaerovoracaceae.[Eubacterium] sulci group,[Eubacterium] sulci group,40,32,-1.0174269098788504,0.6164651525322117,-1.6504207994557933,0.10333713950723906,0.5419386926548088,0.11390588550101996,-0.21875,,121
within_project,asthma,PRJEB22676,Bacteria.Bacillota.Clostridia.Lachnospirales.Lachnospiraceae.Stomatobaculum,Stomatobaculum,40,32,-0.08862752281129446,0.7756479644737967,-0.11426256094337822,0.9093567653344194,0.9485531776333168,0.49295664476904166,0.09531249999999991,,121
within_project,asthma,PRJEB22676,Bacteria.Cyanobacteriota.Cyanobacteriia.Chloroplast.Incertae Sedis.Incertae Sedis,Incertae Sedis,40,32,-0.11779495403170605,0.7379184682754325,-0.15963139438290677,0.8736311647400815,0.9272751836276304,0.26919647244330014,0.15312499999999996,,121
within_project,asthma,PRJEB22676,Bacteria.Pseudomonadota.Gammaproteobacteria.Burkholderiales.Burkholderiaceae.Lautropia,Lautropia,40,32,-1.4723528314381842,0.5728270942248604,-2.5703267989279492,0.012289979890088879,0.5374462201050073,0.017056715179457022,-0.3296875,,121
within_project,asthma,PRJEB22676,Bacteria.Pseudomonadota.Gammaproteobacteria.Enterobacterales.Pasteurellaceae.Aggregatibacter,Aggregatibacter,40,32,-0.7192129027098425,0.7991784663169971,-0.8999402924659935,0.37123762761580936,0.6070236883988235,0.38597860235071835,-0.12031250000000004,,121
within_project,asthma,PRJEB22676,Bacteria.Actinomycetota.Coriobacteriia.Coriobacteriales.Atopobiaceae.Lancefieldella,Lancefieldella,40,32,-0.8090945921838291,0.7893374018273728,-1.0250300952554852,0.30887823515814533,0.5614918009836005,0.8339404492850289,-0.029687499999999978,,121
within_project,asthma,PRJEB22676,Bacteria.Bacillota.Bacilli.Lactobacillales.Aerococcaceae.Abiotrophia,Abiotrophia,40,32,-1.2236712258309128,0.58330457755442,-2.0978255150359235,0.039532254585314335,0.5374462201050073,0.08809463779680658,-0.23593750000000002,,121
within_project,asthma,PRJEB22676,Bacteria.Fusobacteriota.Fusobacteriia.Fusobacteriales.Leptotrichiaceae.Pseudoleptotrichia,Pseudoleptotrichia,40,32,-1.1955269556492574,0.8573273473512977,-1.3944813020870304,0.1675823635374188,0.5489738462354072,0.254739749487771,-0.15781250000000002,,121
within_project,asthma,PRJEB22676,Bacteria.Pseudomonadota.Gammaproteobacteria.Enterobacterales.Pasteurellaceae.NA,Pasteurellaceae,40,32,0.0517775256186722,0.6325944094766399,0.08184948340202525,0.9349999934430646,0.9510314938539174,0.22313297801919096,0.16874999999999996,,121
within_project,asthma,PRJEB22676,Bacteria.Bacillota.Negativicutes.Veillonellales-Selenomonadales.Selenomonadaceae.Selenomonas,Selenomonas,40,32,-0.948186161741615,0.7223547540316095,-1.3126322716775853,0.19359436782307876,0.5489738462354072,0.12464918346940891,-0.21250000000000002,,121
within_project,asthma,PRJEB22676,Bacteria.Actinomycetota.Actinobacteria.Actinomycetales.Actinomycetaceae.F0332,F0332,40,32,-0.21143004149198552,0.47534746445313064,-0.4447905107377144,0.6578434492501135,0.7881094788045915,0.6958194982117405,-0.0546875,,121
within_project,asthma,PRJEB22676,Bacteria.Actinomycetota.Actinobacteria.Bifidobacteriales.Bifidobacteriaceae.Scardovia,Scardovia,40,32,-0.1931292224675417,0.4176584095112651,-0.4624095147360671,0.6452218186779926,0.7881094788045915,0.6958194982117405,0.0546875,,121
within_project,asthma,PRJEB22676,Bacteria.Actinomycetota.Actinobacteria.Bifidobacteriales.Bifidobacteriaceae.Alloscardovia,Alloscardovia,40,32,-0.45911446958780294,0.46988047221710266,-0.9770877845199631,0.3318904381202781,0.582010768297879,0.878407569192072,-0.021874999999999978,,121
within_project,asthma,PRJEB22676,Bacteria.Bacillota.Clostridia.Lachnospirales.Lachnospiraceae.Johnsonella,Johnsonella,40,32,-0.7955395314842463,0.46244829519813063,-1.7202777905006799,0.08980020461629802,0.5374462201050073,0.1983613214160559,-0.17812499999999998,,121
within_project,asthma,PRJEB22676,Bacteria.Bacillota.Negativicutes.Veillonellales-Selenomonadales.Veillonellaceae.Anaeroglobus,Anaeroglobus,40,32,-0.8994139727205038,0.4786364644756564,-1.8791171159635882,0.06439192751101297,0.5374462201050073,0.31589813946601675,-0.13906249999999998,,121
within_project,asthma,PRJEB22676,Bacteria.Bacillota.Bacilli.Lactobacillales.Lactobacillaceae.Latilactobacillus,Latilactobacillus,40,32,0.020242717489600305,0.23488311173820778,0.08618209006087293,0.9315677080015572,0.9510314938539174,0.38597860235071835,0.12031250000000004,,121
within_project,asthma,PRJEB22676,Bacteria.Fusobacteriota.Fusobacteriia.Fusobacteriales.Leptotrichiaceae.Leptotrichia,Leptotrichia,40,32,-0.3796224180608999,0.8200942107348476,-0.4629009851450338,0.644871216974904,0.7881094788045915,0.5671260330146122,-0.07968750000000002,,121
within_project,asthma,PRJEB22676,Bacteria.Bacillota.Clostridia.Peptostreptococcales-Tissierellales.Family XI.Finegoldia,Finegoldia,40,32,0.5152587253600355,0.894368409226981,0.5761146302175219,0.5663854733628599,0.713937244346127,0.21464106415613926,0.171875,,121
within_project,asthma,PRJEB22676,Bacteria.Bacteroidota.Bacteroidia.Bacteroidales.Prevotellaceae.Alloprevotella,Alloprevotella,40,32,-0.613724062964321,0.8506049267448741,-0.7215148227661256,0.472995976090944,0.673006972651137,0.5903755656552129,-0.07499999999999996,,121
within_project,asthma,PRJEB22676,Bacteria.Pseudomonadota.Gammaproteobacteria.Burkholderiales.Neisseriaceae.Eikenella,Eikenella,40,32,-1.3055382121354346,0.6596622399733357,-1.9791010202254504,0.05173925695895186,0.5374462201050073,0.06554468877818204,-0.25468749999999996,,121
within_project,asthma,PRJEB22676,Bacteria.Actinomycetota.Actinobacteria.Actinomycetales.Actinomycetaceae.Mobiluncus,Mobiluncus,40,32,-0.47465521395206445,0.40468253304021834,-1.1729075885390192,0.2448087668975976,0.5489738462354072,0.9773980357651542,0.004687499999999956,,121
within_project,asthma,PRJEB22676,Bacteria.Fusobacteriota.Fusobacteriia.Fusobacteriales.Leptotrichiaceae.Incertae Sedis,Incertae Sedis,40,32,-0.6938958693295725,0.9242035738779123,-0.750804139847696,0.45528709140101375,0.6558302149943174,0.55187410731796,-0.08281249999999996,,121
within_project,asthma,PRJEB22676,Bacteria.Pseudomonadota.Gammaproteobacteria.Burkholderiales.Burkholderiaceae.Ralstonia,Ralstonia,40,32,0.2864645783789456,0.41227799208880284,0.6948335440550085,0.4894596164735542,0.673006972651137,0.08194111196486752,0.2406250000000001,,121
within_project,asthma,PRJEB22676,Bacteria.Pseudomonadota.Gammaproteobacteria.Pseudomonadales.Moraxellaceae.Enhydrobacter,Enhydrobacter,40,32,-0.034443126618862105,0.422844594592658,-0.0814557571725434,0.9353119650298858,0.9510314938539174,0.03455766542048207,0.29218750000000004,,121
within_project,asthma,PRJEB22676,Bacteria.Bacillota.Negativicutes.Veillonellales-Selenomonadales.Selenomonadaceae.Centipeda,Centipeda,40,32,-1.0494795821607115,0.5849114929432725,-1.7942536517443588,0.07709072435025205,0.5374462201050073,0.12745478322746845,-0.2109375,,121
within_project,asthma,PRJEB22676,Bacteria.Actinomycetota.Actinobacteria.Micrococcales.NA.NA,Micrococcales,40,32,-0.5646844260394573,0.4192717916827202,-1.3468218879527596,0.18238198117954557,0.5489738462354072,0.6958194982117405,-0.0546875,,121
within_project,asthma,PRJEB22676,Bacteria.Pseudomonadota.Gammaproteobacteria.Burkholderiales.Comamonadaceae.Delftia,Delftia,40,32,1.3344832383096212,0.95940518252759,1.3909485404215491,0.16864677028297057,0.5489738462354072,0.10151757957385504,0.2265625,,121
within_project,asthma,PRJEB22676,Bacteria.Pseudomonadota.Gammaproteobacteria.Pseudomonadales.Moraxellaceae.Moraxella,Moraxella,40,32,1.700470041856169,1.0868025347181838,1.5646541000174552,0.12217392794679657,0.5419386926548088,0.0622950654752538,0.2578125,,121
within_project,asthma,PRJEB22676,Bacteria.Pseudomonadota.Alphaproteobacteria.Hyphomicrobiales.Xanthobacteraceae.Bradyrhizobium,Bradyrhizobium,40,32,-0.7043073385022581,0.5504117874625748,-1.279600754462671,0.20491056896719242,0.5489738462354072,0.7296132504532233,-0.04843750000000002,,121
within_project,asthma,PRJEB22676,Bacteria.Bacteroidota.Bacteroidia.Flavobacteriales.Weeksellaceae.Bergeyella,Bergeyella,40,32,-1.226033672317863,0.7162485668129972,-1.7117432817676603,0.09137155959544972,0.5374462201050073,0.04927760591809216,-0.271875,,121
within_project,asthma,PRJEB22676,Bacteria.Bacteroidota.Bacteroidia.Flavobacteriales.Flavobacteriaceae.Capnocytophaga,Capnocytophaga,40,32,-1.3672542549669748,0.6657508220596281,-2.0537026912518277,0.043741589523912904,0.5374462201050073,0.05475036496471678,-0.265625,,121
within_project,asthma,PRJEB22676,Eukaryota.NA.NA.NA.NA.NA,Eukaryota.NA.NA.NA.NA.NA,40,32,0.916185804829001,0.7101022364448396,1.2902167572600933,0.20122127009894,0.5489738462354072,0.08600333993075554,0.23750000000000004,,121
within_project,asthma,PRJEB22676,Bacteria.Pseudomonadota.Alphaproteobacteria.Caulobacterales.Caulobacteraceae.Incertae Sedis,Incertae Sedis,40,32,0.12290425971150393,0.5090689995984722,0.24142947185635852,0.809928095526025,0.8909209050786275,0.08600333993075554,0.23750000000000004,,121
within_project,asthma,PRJEB22676,Bacteria.Pseudomonadota.Gammaproteobacteria.Burkholderiales.Comamonadaceae.Paucibacter,Paucibacter,40,32,0.6110391713678833,0.7647884582412762,0.7989649487821011,0.4270133712129687,0.6452555971498458,0.16506811795953236,0.19218749999999996,,121
within_project,asthma,PRJEB22676,Bacteria.Actinomycetota.Actinobacteria.Micrococcales.Micrococcaceae.Micrococcus,Micrococcus,40,32,-0.39651781171560285,0.5152922767947401,-0.7695007854223099,0.44418498116607874,0.6475467797722352,0.27914147299080894,0.1499999999999999,,121
within_project,asthma,PRJEB22676,Bacteria.Pseudomonadota.Gammaproteobacteria.Enterobacterales.Pasteurellaceae.Mannheimia,Mannheimia,40,32,-0.2495759341865783,0.8696447348983364,-0.2869860808342091,0.7749707733498202,0.8643171406077913,0.9683613128760775,0.006250000000000089,,121
within_project,asthma,PRJNA434133,Bacteria.Actinomycetota.Coriobacteriia.Coriobacteriales.Coriobacteriaceae.Collinsella,Collinsella,137,132,0.003177415794725073,0.3458518829326987,0.009187215543780585,0.9926766781058078,0.9999122707231933,0.9581161343479981,0.0037602300376022857,"age_years,sex",260
within_project,asthma,PRJNA434133,Bacteria.Actinomycetota.Coriobacteriia.Coriobacteriales.Eggerthellaceae.Adlercreutzia,Adlercreutzia,137,132,-0.2804442531707729,0.26996915842471536,-1.0388010793795124,0.2998441464776159,0.9673002662638166,0.479060671956815,-0.049988940499889445,"age_years,sex",260
within_project,asthma,PRJNA434133,Bacteria.Actinomycetota.Coriobacteriia.Coriobacteriales.Eggerthellaceae.Senegalimassilia,Senegalimassilia,137,132,-0.026672094588824736,0.19801521613636736,-0.13469719706013114,0.8929535370948529,0.9810875341717571,0.9893681797265129,0.0009953550099535136,"age_years,sex",260
within_project,asthma,PRJNA434133,Bacteria.Bacillota.Bacilli.Erysipelotrichales.Erysipelotrichaceae.Holdemanella,Holdemanella,137,132,-0.36072865631930945,0.19992279926112774,-1.804339763411107,0.07231338407326304,0.9673002662638166,0.21466842327823255,-0.08759124087591241,"age_years,sex",260
within_project,asthma,PRJNA434133,Bacteria.Bacillota.Bacilli.Lactobacillales.Lactobacillaceae.Limosilactobacillus,Limosilactobacillus,137,132,-0.03485065252363333,0.3422730146309081,-0.10182121006885311,0.9189755903921739,0.9810875341717571,0.9656125689151889,0.003096660030966536,"age_years,sex",260
within_project,asthma,PRJNA434133,Bacteria.Bacillota.Bacilli.Lactobacillales.Streptococcaceae.Streptococcus,Streptococcus,137,132,0.06621541333485992,0.3018261106447533,0.2193826544476627,0.8265208640755544,0.972377487147711,0.7026589296588313,0.02698518026985175,"age_years,sex",260
within_project,asthma,PRJNA434133,Bacteria.Bacillota.Bacilli.RF39.Incertae Sedis.Incertae Sedis,Incertae Sedis,137,132,-0.2665056067632437,0.2780930531795723,-0.9583324851741397,0.33876862895088966,0.9673002662638166,0.31381760617199006,-0.07111258571112589,"age_years,sex",260
within_project,asthma,PRJNA434133,Bacteria.Bacillota.Clostridia.Christensenellales.Christensenellaceae.Christensenellaceae R-7 group,Christensenellaceae R-7 group,137,132,-0.49966711160190586,0.34176059240726175,-1.4620384055469846,0.14491553411575833,0.9673002662638166,0.0926944519914655,-0.11866843618668432,"age_years,sex",260
within_project,asthma,PRJNA434133,Bacteria.Bacillota.Clostridia.Clostridia UCG-014.Incertae Sedis.Incertae Sedis,Incertae Sedis,137,132,-0.5186882617991327,0.3308928070107275,-1.5675416654866026,0.11818142363667042,0.9673002662638166,0.10688057802137435,-0.11380225613802253,"age_years,sex",260
within_project,asthma,PRJNA434133,Bacteria.Bacillota.Clostridia.Clostridiales.Clostridiaceae.Clostridium,Clostridium,137,132,-0.07012778106554764,0.2590539087424539,-0.27070728793853965,0.786826896838947,0.972377487147711,0.9493750196365849,-0.00453439504534392,"age_years,sex",260
within_project,asthma,PRJNA434133,Bacteria.Bacillota.Clostridia.Lachnospirales.Lachnospiraceae.Agathobacter,Agathobacter,137,132,-0.4086162048176893,0.38204136531709904,-1.0695601102737469,0.28579060184493926,0.9673002662638166,0.23501912723988694,-0.08383101083831013,"age_years,sex",260
within_project,asthma,PRJNA434133,Bacteria.Bacillota.Clostridia.Lachnospirales.Lachnospiraceae.Blautia,Blautia,137,132,-0.10756965756527208,0.2945589348421926,-0.3651889141400569,0.7152616875589592,0.9695999001292286,0.7844206817768057,-0.019354125193541294,"age_years,sex",260
within_project,asthma,PRJNA434133,Bacteria.Bacillota.Clostridia.Lachnospirales.Lachnospiraceae.Coprococcus,Coprococcus,137,132,0.03755101864772822,0.33371764138126714,0.1125233250849534,0.9104936655355226,0.9810875341717571,0.8674019267437779,0.011833665118336611,"age_years,sex",260
within_project,asthma,PRJNA434133,Bacteria.Bacillota.Clostridia.Lachnospirales.Lachnospiraceae.Dorea,Dorea,137,132,0.017587292913027252,0.29803194443925496,0.059011435657065625,0.9529874748160767,0.9871583404469321,0.7049862059190354,0.02676399026763998,"age_years,sex",260
within_project,asthma,PRJNA434133,Bacteria.Bacillota.Clostridia.Lachnospirales.Lachnospiraceae.Howardella,Howardella,137,132,-0.23162076602934714,0.184726672602611,-1.253856645421292,0.2109990880864841,0.9673002662638166,0.40826032464611905,-0.058394160583941646,"age_years,sex",260
within_project,asthma,PRJNA434133,Bacteria.Bacillota.Clostridia.Lachnospirales.Lachnospiraceae.Lachnospiraceae NK4A136 group,Lachnospiraceae NK4A136 group,137,132,0.2830815705247282,0.34294026925262633,0.825454447626262,0.40985610415562745,0.9673002662638166,0.3736448551296464,0.06281796062817957,"age_years,sex",260
within_project,asthma,PRJNA434133,Bacteria.Bacillota.Clostridia.Lachnospirales.Lachnospiraceae.Mediterraneibacter,Mediterraneibacter,137,132,-0.18874436162434072,0.3363144316405367,-0.5612139827115018,0.5751259281854789,0.9673002662638166,0.6476832597277091,-0.032293740322937414,"age_years,sex",260
within_project,asthma,PRJNA434133,Bacteria.Bacillota.Clostridia.Lachnospirales.Lachnospiraceae.Roseburia,Roseburia,137,132,0.09905829796496393,0.3487218448812829,0.28406106304779055,0.7765854086195433,0.972377487147711,0.8403476840267284,0.01426675514266762,"age_years,sex",260
within_project,asthma,PRJNA434133,Bacteria.Bacillota.Clostridia.Lachnospirales.Lachnospiraceae.[Eubacterium] eligens group,[Eubacterium] eligens group,137,132,-0.16209818475338666,0.37266415219722954,-0.4349712302555935,0.6639373277049384,0.9673002662638166,0.6275334099720044,-0.03428445034284455,"age_years,sex",260
within_project,asthma,PRJNA434133,Bacteria.Bacillota.Clostridia.Lachnospirales.Lachnospiraceae.[Eubacterium] ruminantium group,[Eubacterium] ruminantium group,137,132,-0.23844720523758522,0.296293427224238,-0.8047671103319003,0.4216755022670974,0.9673002662638166,0.3864071821366033,-0.06115903561159031,"age_years,sex",260
within_project,asthma,PRJNA434133,Bacteria.Bacillota.Clostridia.NA.NA.NA,Clostridia,137,132,-0.03311695208759222,0.24691756086302966,-0.13412149371572193,0.8934083067449126,0.9810875341717571,0.8970927257717527,0.009179385091793835,"age_years,sex",260
within_project,asthma,PRJNA434133,Bacteria.Bacillota.Clostridia.Oscillospirales.Oscillospiraceae.Colidextribacter,Colidextribacter,137,132,0.4123916450783697,0.30458572506396914,1.353942785702643,0.1769081503491079,0.9673002662638166,0.18242538701716415,0.09411634594116336,"age_years,sex",260
within_project,asthma,PRJNA434133,Bacteria.Bacillota.Clostridia.Oscillospirales.Oscillospiraceae.UCG-002,UCG-002,137,132,-0.7590720254599127,0.3863794263690705,-1.9645767182615084,0.05050807077457362,0.9673002662638166,0.14637120243478108,-0.10252156602521567,"age_years,sex",260
within_project,asthma,PRJNA434133,Bacteria.Bacillota.Clostridia.Oscillospirales.Ruminococcaceae.CAG-352,CAG-352,137,132,0.04282637078235132,0.12368726936464754,0.34624720072114396,0.7294316933921419,0.972377487147711,0.31911898293640084,0.07033842070338414,"age_years,sex",260
within_project,asthma,PRJNA434133,Bacteria.Bacillota.Clostridia.Oscillospirales.Ruminococcaceae.Faecalibacterium,Faecalibacterium,137,132,-0.30307038927163354,0.3927740801160344,-0.7716150444094979,0.44102997088591644,0.9673002662638166,0.41450866084532123,-0.0576199955761999,"age_years,sex",260
within_project,asthma,PRJNA434133,Bacteria.Bacillota.Clostridia.Oscillospirales.Ruminococcaceae.Gemmiger,Gemmiger,137,132,-0.43148744613290335,0.37361110657118507,-1.1549106505234232,0.24916735744725307,0.9673002662638166,0.2095006826480854,-0.08858659588586593,"age_years,sex",260
within_project,asthma,PRJNA434133,Bacteria.Bacillota.Clostridia.Oscillospirales.Ruminococcaceae.NA,Ruminococcaceae,137,132,-0.017484254471983776,0.3665476857272072,-0.047699808654626016,0.961991414979352,0.9925220604097764,0.8847015865577013,0.010285335102853344,"age_years,sex",260
within_project,asthma,PRJNA434133,Bacteria.Bacillota.Clostridia.Oscillospirales.Ruminococcaceae.Ruminococcus,Ruminococcus,137,132,-0.191672782427946,0.3622689318955418,-0.5290897605406962,0.5971860816607005,0.9673002662638166,0.5037367677504068,-0.04722406547224067,"age_years,sex",260
within_project,asthma,PRJNA434133,Bacteria.Bacillota.Clostridia.Oscillospirales.Ruminococcaceae.Subdoligranulum,Subdoligranulum,137,132,-0.3513252462438219,0.20201509571250806,-1.7391039268857424,0.08317772439827613,0.9673002662638166,0.39855564366590757,-0.05961070559610704,"age_years,sex",260
within_project,asthma,PRJNA434133,Bacteria.Bacillota.Clostridia.Oscillospirales.Ruminococcaceae.[Eubacterium] siraeum group,[Eubacterium] siraeum group,137,132,-0.001991685768800348,0.30309230505622164,-0.0065712185217995005,0.9947619079875629,0.9999122707231933,0.8896548327143785,0.009842955098429584,"age_years,sex",260
within_project,asthma,PRJNA434133,Bacteria.Bacillota.Clostridia.Oscillospirales.UCG-010.Incertae Sedis,Incertae Sedis,137,132,-0.1769736978905676,0.28010356195288827,-0.6318152352533579,0.5280522806388555,0.9673002662638166,0.4118239060324933,-0.057951780579517775,"age_years,sex",260
within_project,asthma,PRJNA434133,Bacteria.Bacillota.Clostridia.Peptostreptococcales-Tissierellales.Peptostreptococcaceae.Romboutsia,Romboutsia,137,132,-0.24927166950144092,0.2868012824100509,-0.8691441942196325,0.385554769255527,0.9673002662638166,0.5497895367432178,-0.04224729042247288,"age_years,sex",260
within_project,asthma,PRJNA434133,Bacteria.Bacillota.NA.NA.NA.NA,Bacteria.Bacillota.NA.NA.NA.NA,137,132,0.21330144170099286,0.2504076958651693,0.8518166383186716,0.3950849913693987,0.9673002662638166,0.446587916152299,0.05374917053749173,"age_years,sex",260
within_project,asthma,PRJNA434133,Bacteria.Bacillota.Negativicutes.Acidaminococcales.Acidaminococcaceae.Phascolarctobacterium,Phascolarctobacterium,137,132,0.37308509475702756,0.41594000021840044,0.8969685400806108,0.3705498386001216,0.9673002662638166,0.32370940418293637,0.06967485069674861,"age_years,sex",260
within_project,asthma,PRJNA434133,Bacteria.Bacteroidota.Bacteroidia.Bacteroidales.Bacteroidaceae.Bacteroides,Bacteroides,137,132,-0.05205682511275012,0.4386017920976589,-0.11868812679442761,0.9056123621645351,0.9810875341717571,0.835447953055915,-0.014709135147091379,"age_years,sex",260
within_project,asthma,PRJNA434133,Bacteria.Bacteroidota.Bacteroidia.Bacteroidales.Prevotellaceae.Incertae Sedis,Incertae Sedis,137,132,0.400397636608118,0.3803264964427707,1.0527734469017398,0.29340382638698476,0.9673002662638166,0.4172037385743178,0.057288210572882026,"age_years,sex",260
within_project,asthma,PRJNA434133,Bacteria.Bacteroidota.Bacteroidia.Bacteroidales.Prevotellaceae.Segatella,Segatella,137,132,-0.3595331450651808,0.37530530392274364,-0.9579751240051498,0.33894846524224276,0.9673002662638166,0.3160824886496588,-0.07078080070780801,"age_years,sex",260
within_project,asthma,PRJNA434133,Bacteria.Bacteroidota.Bacteroidia.Bacteroidales.Rikenellaceae.Alistipes,Alistipes,137,132,-0.2508962438598364,0.4391619331677206,-0.571306902786623,0.5682758270928623,0.9673002662638166,0.8207877630366286,-0.016036275160362767,"age_years,sex",260
within_project,asthma,PRJNA434133,Bacteria.Bacteroidota.Bacteroidia.Bacteroidales.Tannerellaceae.Parabacteroides,Parabacteroides,137,132,-0.38277925632316573,0.4154258780007012,-0.9214140875511844,0.3576723486613448,0.9673002662638166,0.6533273968872568,-0.03174076531740766,"age_years,sex",260
within_project,asthma,PRJNA434133,Bacteria.NA.NA.NA.NA.NA,Bacteria.NA.NA.NA.NA.NA,137,132,0.2086477709065714,0.23200419903521763,0.8993275629244074,0.3692946690458814,0.9673002662638166,0.28889651597726484,0.07487281574872817,"age_years,sex",260
within_project,asthma,PRJNA434133,Bacteria.Pseudomonadota.Gammaproteobacteria.Burkholderiales.Oxalobacteraceae.Oxalobacter,Oxalobacter,137,132,0.03173365111007181,0.2142598596696312,0.1481082418284141,0.8823699779201468,0.9810875341717571,0.8748087908878694,0.011170095111700862,"age_years,sex",260
within_project,asthma,PRJNA434133,Bacteria.Pseudomonadota.Gammaproteobacteria.Enterobacterales.Enterobacteriaceae.Klebsiella,Klebsiella,137,132,0.25108942937256856,0.5109226530200356,0.49144313310124893,0.6235198465620706,0.9673002662638166,0.7676039690679941,0.02090245520902445,"age_years,sex",260
within_project,asthma,PRJNA434133,Bacteria.Pseudomonadota.Gammaproteobacteria.Enterobacterales.Enterobacteriaceae.NA,Enterobacteriaceae,137,132,0.6179273047760452,0.4263889372096042,1.449210452831905,0.14846114088662432,0.9673002662638166,0.27144636424447466,0.07763769077637694,"age_years,sex",260
within_project,asthma,PRJNA434133,Bacteria.Pseudomonadota.Gammaproteobacteria.Enterobacterales.Pasteurellaceae.Haemophilus,Haemophilus,137,132,-0.17999815156209711,0.3641671048048258,-0.4942735057263521,0.6215225066857493,0.9673002662638166,0.6476832597277091,-0.032293740322937414,"age_years,sex",260
within_project,asthma,PRJNA434133,Archaea.Methanobacteriota.Methanobacteria.Methanobacteriales.Methanobacteriaceae.Methanobrevibacter,Methanobrevibacter,137,132,-0.13121983820298105,0.279466596417694,-0.4695367528177084,0.6390721281969607,0.9673002662638166,0.6669540094660691,-0.03041362530413627,"age_years,sex",260
within_project,asthma,PRJNA434133,Bacteria.Actinomycetota.Actinobacteria.Micrococcales.Micrococcaceae.Rothia,Rothia,137,132,0.2173172259511942,0.3785794949112419,0.5740332714061661,0.5664321849021245,0.9673002662638166,0.5249718438878995,0.04490157044901566,"age_years,sex",260
within_project,asthma,PRJNA434133,Bacteria.Actinomycetota.Coriobacteriia.Coriobacteriales.Eggerthellaceae.Eggerthella,Eggerthella,137,132,0.180989646304238,0.18876986310273086,0.9587846456494024,0.3385411747001089,0.9673002662638166,0.27764334832327164,0.07664233576642343,"age_years,sex",260
within_project,asthma,PRJNA434133,Bacteria.Bacillota.Bacilli.Erysipelotrichales.Erysipelatoclostridiaceae.Catenibacterium,Catenibacterium,137,132,0.05290310374133436,0.15367613531883198,0.3442506127029825,0.7309308384532446,0.972377487147711,0.930665903357038,0.006193320061933294,"age_years,sex",260
within_project,asthma,PRJNA434133,Bacteria.Bacillota.Bacilli.Lactobacillales.Enterococcaceae.Enterococcus,Enterococcus,137,132,0.11239286515938382,0.28195104914393393,0.39862545466893473,0.6904902040287542,0.9683116042844419,0.48590274447934956,0.0492147754921477,"age_years,sex",260
within_project,asthma,PRJNA434133,Bacteria.Bacillota.Bacilli.Lactobacillales.Lactobacillaceae.HT002,HT002,137,132,-0.38614281986713733,0.24552669435329136,-1.5727121683620753,0.11697861912259153,0.9673002662638166,0.2853473574310278,-0.07542579075425793,"age_years,sex",260
within_project,asthma,PRJNA434133,Bacteria.Bacillota.Bacilli.Lactobacillales.Lactobacillaceae.Lactobacillus,Lactobacillus,137,132,-0.34215552303541913,0.30629827656233505,-1.1170664323531927,0.26497768415023965,0.9673002662638166,0.18397295327832475,-0.0937845609378456,"age_years,sex",260
within_project,asthma,PRJNA434133,Bacteria.Bacillota.Bacilli.Lactobacillales.Lactobacillaceae.NA,Lactobacillaceae,137,132,0.13752555300038558,0.16766137383205848,0.8202578200160815,0.41280633828071767,0.9673002662638166,0.28393598323794234,0.07564698075646992,"age_years,sex",260
within_project,asthma,PRJNA434133,Bacteria.Bacillota.Bacilli.Staphylococcales.Gemellaceae.Gemella,Gemella,137,132,0.2617213616932624,0.34218592298012007,0.7648513399204547,0.44504064727451653,0.9673002662638166,0.4512832929536992,0.053196195531961976,"age_years,sex",260
within_project,asthma,PRJNA434133,Bacteria.Bacillota.Bacilli.Staphylococcales.Staphylococcaceae.Staphylococcus,Staphylococcus,137,132,-0.11106903621658255,0.42103128789097555,-0.2638023334867775,0.79213725929967,0.972377487147711,0.7497068935302567,0.022561380225613714,"age_years,sex",260
within_project,asthma,PRJNA434133,Bacteria.Bacillota.Clostridia.Lachnospirales.Lachnospiraceae.NA,Lachnospiraceae,137,132,0.2828133795986467,0.27401690835766146,1.0321019286499782,0.3029653820397399,0.9673002662638166,0.14856165276553285,0.10196859101968592,"age_years,sex",260
within_project,asthma,PRJNA434133,Bacteria.Bacillota.Clostridia.Oscillospirales.Butyricicoccaceae.Agathobaculum,Agathobaculum,137,132,0.10086327535137084,0.2987112021548935,0.3376615092562523,0.7358855991817672,0.972377487147711,0.9356516858145374,0.005750940057509313,"age_years,sex",260
within_project,asthma,PRJNA434133,Bacteria.Bacillota.Clostridia.Oscillospirales.Oscillospiraceae.Intestinimonas,Intestinimonas,137,132,0.4207680190042029,0.32151012621245045,1.3087240018255721,0.19176167691127755,0.9673002662638166,0.14637120243478108,0.10252156602521567,"age_years,sex",260
within_project,asthma,PRJNA434133,Bacteria.Bacillota.Clostridia.Oscillospirales.Oscillospiraceae.NA,Oscillospiraceae,137,132,0.03510764476358842,0.29284832278953227,0.11988337317137378,0.9046663725316674,0.9810875341717571,0.8378970328076518,0.014487945144879388,"age_years,sex",260
within_project,asthma,PRJNA434133,Bacteria.Bacillota.Clostridia.Oscillospirales.Oscillospiraceae.NK4A214 group,NK4A214 group,137,132,0.20208777113175375,0.3452072885775209,0.5854099198324784,0.5587702944588135,0.9673002662638166,0.5666498296614966,0.040477770404777624,"age_years,sex",260
within_project,asthma,PRJNA434133,Bacteria.Bacillota.Clostridia.Oscillospirales.Ruminococcaceae.Acutalibacter,Acutalibacter,137,132,-0.03130568392993126,0.30039301244657335,-0.10421575280649764,0.9170769634104079,0.9810875341717571,0.9008151080245101,0.00884760008847607,"age_years,sex",260
within_project,asthma,PRJNA434133,Bacteria.Bacillota.Clostridia.Oscillospirales.Ruminococcaceae.Incertae Sedis,Incertae Sedis,137,132,0.0786398150283361,0.30385533362267036,0.25880676205602354,0.7959852520103551,0.972377487147711,0.8477088352782811,0.01360318513603187,"age_years,sex",260
within_project,asthma,PRJNA434133,Bacteria.Bacillota.Clostridia.Peptostreptococcales-Tissierellales.Anaerovoracaceae.Mogibacterium,Mogibacterium,137,132,0.1761342807999256,0.25930118747858194,0.679265230185165,0.49756267519372466,0.9673002662638166,0.7354851142854528,0.023888520238885214,"age_years,sex",260
within_project,asthma,PRJNA434133,Bacteria.Bacteroidota.Bacteroidia.Bacteroidales.Prevotellaceae.Massiliprevotella,Massiliprevotella,137,132,-0.2938430572705477,0.35839375535528917,-0.819888887235912,0.4130162691372752,0.9673002662638166,0.1999863617968597,-0.09046671090466707,"age_years,sex",260
within_project,asthma,PRJNA434133,Bacteria.Pseudomonadota.Gammaproteobacteria.Enterobacterales.Enterobacteriaceae.Escherichia-Shigella,Escherichia-Shigella,137,132,-0.6141364033282251,0.33043234360435436,-1.8585844128611269,0.06419472659186796,0.9673002662638166,0.09735034034734562,-0.11700951117009506,"age_years,sex",260
within_project,asthma,PRJNA434133,Bacteria.Pseudomonadota.Gammaproteobacteria.Enterobacterales.NA.NA,Enterobacterales,137,132,-0.11882209132710207,0.154483151035502,-0.7691589052310008,0.44248397475021817,0.9673002662638166,0.37028613143172995,-0.06326034063260344,"age_years,sex",260
within_project,asthma,PRJNA434133,Bacteria.Pseudomonadota.Gammaproteobacteria.Lysobacterales.Lysobacteraceae.Stenotrophomonas,Stenotrophomonas,137,132,0.20611806698962995,0.14276506877492162,1.4437569971306388,0.14998849151618832,0.9673002662638166,0.21236041551329754,0.08803362088033628,"age_years,sex",260
within_project,asthma,PRJNA434133,Bacteria.Verrucomicrobiota.Verrucomicrobiia.Verrucomicrobiales.Akkermansiaceae.Akkermansia,Akkermansia,137,132,0.15718969615374268,0.34872005724658806,0.45076184431396266,0.6525297986536139,0.9673002662638166,0.4868844808231423,0.049104180491041705,"age_years,sex",260
within_project,asthma,PRJNA434133,Bacteria.Actinomycetota.Coriobacteriia.Coriobacteriales.Eggerthellaceae.Incertae Sedis,Incertae Sedis,137,132,-0.07012806836235813,0.18190660519170646,-0.3855168881220781,0.7001637754056733,0.9683116042844419,0.841573591720001,-0.014156160141561624,"age_years,sex",260
within_project,asthma,PRJNA434133,Bacteria.Actinomycetota.Coriobacteriia.Coriobacteriales.Eggerthellaceae.Slackia,Slackia,137,132,-0.29219501327836506,0.26403869008959546,-1.1066371113234026,0.26945440375000984,0.9673002662638166,0.31532633848358904,-0.070891395708914,"age_years,sex",260
within_project,asthma,PRJNA434133,Bacteria.Bacillota.Bacilli.Erysipelotrichales.Erysipelatoclostridiaceae.Erysipelotrichaceae UCG-003,Erysipelotrichaceae UCG-003,137,132,0.2563875537445567,0.20533926135415403,1.2486046363162782,0.21291165360453562,0.9673002662638166,0.12159857785060345,0.10926786109267872,"age_years,sex",260
within_project,asthma,PRJNA434133,Bacteria.Bacillota.Clostridia.Oscillospirales.Ruminococcaceae.Fournierella,Fournierella,137,132,-0.3073772509219113,0.20940984133586857,-1.4678261965201274,0.1433373216469271,0.9673002662638166,0.19779428354120365,-0.09090909090909094,"age_years,sex",260
within_project,asthma,PRJNA434133,Bacteria.Bacillota.Clostridia.Oscillospirales.[Eubacterium] coprostanoligenes group.Incertae Sedis,Incertae Sedis,137,132,-0.2054608321541361,0.3501601316708459,-0.5867624939873833,0.5578627477385241,0.9673002662638166,0.5249718438878995,-0.04490157044901566,"age_years,sex",260
within_project,asthma,PRJNA434133,Bacteria.Bacillota.Clostridia.Peptococcales.Peptococcaceae.Peptococcus,Peptococcus,137,132,0.20575745907407444,0.2053920365580791,1.0017791464660413,0.3173641267244358,0.9673002662638166,0.32989655556236375,0.06879009068790087,"age_years,sex",260
within_project,asthma,PRJNA434133,Bacteria.Bacillota.Clostridia.Peptostreptococcales-Tissierellales.Anaerovoracaceae.Family XIII AD3011 group,Family XIII AD3011 group,137,132,0.21445179276991966,0.23300064938806722,0.9203913951876843,0.35820534140577875,0.9673002662638166,0.27695007511628933,0.0767529307675292,"age_years,sex",260
within_project,asthma,PRJNA434133,Bacteria.Bacillota.Clostridia.Peptostreptococcales-Tissierellales.Family XI.Parvimonas,Parvimonas,137,132,0.10134038721901222,0.2754777004657303,0.36787147216520005,0.7132627271822742,0.9695999001292286,0.3322363510970082,0.06845830568458311,"age_years,sex",260
within_project,asthma,PRJNA434133,Bacteria.Bacillota.Clostridia.Peptostreptococcales-Tissierellales.Peptostreptococcaceae.Intestinibacter,Intestinibacter,137,132,-0.3270386569680554,0.2316109671582913,-1.4120171465997349,0.15911808096853267,0.9673002662638166,0.09798500944955327,-0.11678832116788318,"age_years,sex",260
within_project,asthma,PRJNA434133,Bacteria.Bacteroidota.Bacteroidia.Bacteroidales.Muribaculaceae.Incertae Sedis,Incertae Sedis,137,132,-0.11857860846494153,0.4818811603479731,-0.24607438144980448,0.8058151425609668,0.972377487147711,0.6230924458541849,-0.03472683034726831,"age_years,sex",260
within_project,asthma,PRJNA434133,Bacteria.Actinomycetota.Actinobacteria.Actinomycetales.Actinomycetaceae.Schaalia,Schaalia,137,132,0.29174187604197205,0.37090027872616665,0.7865776673016825,0.4322319706655584,0.9673002662638166,0.4419204683647667,0.054302145543021485,"age_years,sex",260
within_project,asthma,PRJNA434133,Bacteria.Bacillota.Bacilli.Bacillales.Bacillaceae.Bacillus,Bacillus,137,132,-0.20753191490450346,0.28894907159251343,-0.718230080341537,0.47324816814884285,0.9673002662638166,0.9032979137122041,-0.00862641008626408,"age_years,sex",260
within_project,asthma,PRJNA434133,Bacteria.Bacillota.Clostridia.Lachnospirales.Lachnospiraceae.Anaerostipes,Anaerostipes,137,132,0.11673480645952315,0.27079512518896554,0.4310816392210295,0.6667594587740664,0.9673002662638166,0.41810438833149,0.05717761557177625,"age_years,sex",260
within_project,asthma,PRJNA434133,Bacteria.Bacillota.Clostridia.Lachnospirales.Lachnospiraceae.Fusicatenibacter,Fusicatenibacter,137,132,-0.03368530502782386,0.2807328642783359,-0.11999060072434616,0.9045815128484521,0.9810875341717571,0.9493750196365849,0.004534395045344031,"age_years,sex",260
within_project,asthma,PRJNA434133,Bacteria.Bacillota.Clostridia.Lachnospirales.Lachnospiraceae.Marvinbryantia,Marvinbryantia,137,132,-0.07511996609192759,0.15808874718454635,-0.4751759213085268,0.6350529931099553,0.9673002662638166,0.6968529608003915,-0.027538155275381504,"age_years,sex",260
within_project,asthma,PRJNA434133,Bacteria.Bacillota.Negativicutes.Veillonellales-Selenomonadales.Veillonellaceae.Dialister,Dialister,137,132,-0.3196400084588728,0.35514275780457866,-0.9000324557786938,0.36892013191701634,0.9673002662638166,0.31759835706421125,-0.07055961070559613,"age_years,sex",260
within_project,asthma,PRJNA434133,Bacteria.Bacillota.Negativicutes.Veillonellales-Selenomonadales.Veillonellaceae.Megasphaera,Megasphaera,137,132,-0.44277879258250624,0.37839460947963,-1.170150899325489,0.24299152614426942,0.9673002662638166,0.23255640002775868,-0.08427339084273389,"age_years,sex",260
within_project,asthma,PRJNA434133,Bacteria.Patescibacteria.Saccharimonadia.Saccharimonadales.Incertae Sedis.Incertae Sedis,Incertae Sedis,137,132,-0.04759807606526177,0.1170326387256178,-0.40670770635920744,0.6845509576636241,0.9673002662638166,0.9157256500644672,0.007520460075204571,"age_years,sex",260
within_project,asthma,PRJNA434133,Bacteria.Bacillota.Bacilli.Erysipelotrichales.Erysipelotrichaceae.Turicibacter,Turicibacter,137,132,0.21155801552499925,0.2997490349550211,0.7057838086342618,0.48094256830087534,0.9673002662638166,0.5300945233105715,0.044348595443485905,"age_years,sex",260
within_project,asthma,PRJNA434133,Bacteria.Bacillota.Clostridia.Lachnospirales.Lachnospiraceae.Faecalimonas,Faecalimonas,137,132,0.0012242187555317565,0.18046487931353636,0.0067836953106250744,0.9945925396887784,0.9999122707231933,0.9008151080245101,-0.00884760008847596,"age_years,sex",260
within_project,asthma,PRJNA434133,Bacteria.Bacillota.Clostridia.Peptostreptococcales-Tissierellales.Peptostreptococcaceae.Terrisporobacter,Terrisporobacter,137,132,-0.17292692994678843,0.14143387049162895,-1.222669855146356,0.22254069580434171,0.9673002662638166,0.39768034233538174,-0.059721300597213034,"age_years,sex",260
within_project,asthma,PRJNA434133,Bacteria.Bacteroidota.Bacteroidia.Bacteroidales.Prevotellaceae.Leyella,Leyella,137,132,-0.4334925001417187,0.19907226287838833,-2.17756353333129,0.030320774829531032,0.9673002662638166,0.0839195072085401,-0.12198628621986285,"age_years,sex",260
within_project,asthma,PRJNA434133,Bacteria.Cyanobacteriota.Vampirivibrionia.Gastranaerophilales.Gastranaerophilaceae.Zag_111,Zag_111,137,132,-0.15771263066653665,0.2809148901819357,-0.5614249588706153,0.5749823370304668,0.9673002662638166,0.893372607049113,-0.00951117009511171,"age_years,sex",260
within_project,asthma,PRJNA434133,Bacteria.Bacillota.Bacilli.Lactobacillales.Streptococcaceae.Lactococcus,Lactococcus,137,132,0.03541265594603704,0.1999316792611161,0.1771237858698079,0.859546460756244,0.9810875341717571,0.4684159574969716,-0.05120548551205484,"age_years,sex",260
within_project,asthma,PRJNA434133,Bacteria.Bacillota.Clostridia.Lachnospirales.Lachnospiraceae.CAG-56,CAG-56,137,132,0.08989133194108365,0.2300337611095625,0.3907745172164942,0.6962778811459069,0.9683116042844419,0.5219104461924393,0.045233355452333646,"age_years,sex",260
within_project,asthma,PRJNA434133,Bacteria.Bacillota.Clostridia.Lachnospirales.Lachnospiraceae.Lachnoclostridium,Lachnoclostridium,137,132,0.02305339775161561,0.3383895057530934,0.06812681055315163,0.94573606285248,0.9835655053665792,0.8748087908878694,0.011170095111700862,"age_years,sex",260
within_project,asthma,PRJNA434133,Bacteria.Bacillota.Clostridia.Lachnospirales.Lachnospiraceae.Lachnospira,Lachnospira,137,132,0.3223050584157956,0.3704790603733099,0.869968354192617,0.38510502479264663,0.9673002662638166,0.2989918560490843,0.0733244857332449,"age_years,sex",260
within_project,asthma,PRJNA434133,Bacteria.Bacillota.Clostridia.Lachnospirales.Lachnospiraceae.Lachnospiraceae FCS020 group,Lachnospiraceae FCS020 group,137,132,0.07474885749541511,0.25166793906751583,0.29701382612491606,0.7666886287115283,0.972377487147711,0.7178351074496021,-0.025547445255474477,"age_years,sex",260
within_project,asthma,PRJNA434133,Bacteria.Bacillota.Clostridia.Oscillospirales.Ruminococcaceae.Ruthenibacterium,Ruthenibacterium,137,132,0.14493039773862992,0.2775065943875418,0.5222592928232639,0.601926100075435,0.9673002662638166,0.4839424887145818,0.04943596549435969,"age_years,sex",260
within_project,asthma,PRJNA434133,Bacteria.Actinomycetota.Actinobacteria.Bifidobacteriales.Bifidobacteriaceae.Bifidobacterium,Bifidobacterium,137,132,-0.3140355006660356,0.3127688685046537,-1.0040497386055,0.316270559496533,0.9673002662638166,0.33067529896701686,-0.06867949568679499,"age_years,sex",260
within_project,asthma,PRJNA434133,Bacteria.Bacillota.Bacilli.Erysipelotrichales.Erysipelotrichaceae.Solobacterium,Solobacterium,137,132,0.04418098191125247,0.17237095516422213,0.25631337871951887,0.797907731926836,0.972377487147711,0.6669540094660691,0.03041362530413627,"age_years,sex",260
within_project,asthma,PRJNA434133,Bacteria.Bacillota.Bacilli.Lactobacillales.Lactobacillaceae.Ligilactobacillus,Ligilactobacillus,137,132,-0.31669064867899116,0.22036429001454258,-1.4371232682849462,0.15186261509622165,0.9673002662638166,0.24251791084427265,-0.08250387082503874,"age_years,sex",260
within_project,asthma,PRJNA434133,Bacteria.Bacillota.Clostridia.Oscillospirales.Ruminococcaceae.Candidatus Soleaferrea,Candidatus Soleaferrea,137,132,0.14269776557718672,0.15433929010255779,0.9245718668419731,0.3560297909503204,0.9673002662638166,0.38985489315496247,0.06071665560716655,"age_years,sex",260
within_project,asthma,PRJNA434133,Bacteria.Bacillota.Clostridia.Peptostreptococcales-Tissierellales.Family XI.Anaerococcus,Anaerococcus,137,132,-0.008839474966139417,0.3351856617358187,-0.026371876769318292,0.9789805735895682,0.9999122707231933,0.9506234020102468,0.004423800044238035,"age_years,sex",260
within_project,asthma,PRJNA434133,Bacteria.Bacillota.Negativicutes.Veillonellales-Selenomonadales.Selenomonadaceae.Mitsuokella,Mitsuokella,137,132,0.09021520823729455,0.19074891322062135,0.4729526722542901,0.6366362594983876,0.9673002662638166,0.8921330844614166,0.009621765096217594,"age_years,sex",260
within_project,asthma,PRJNA434133,Bacteria.Bacteroidota.Bacteroidia.Bacteroidales.Incertae Sedis.Incertae Sedis,Incertae Sedis,137,132,-0.2218320846745192,0.30698358948105214,-0.722618707565185,0.47055140781902915,0.9673002662638166,0.913238355424286,-0.007741650077416451,"age_years,sex",260
within_project,asthma,PRJNA434133,Bacteria.Thermodesulfobacteriota.Desulfovibrionia.Desulfovibrionales.Desulfovibrionaceae.Bilophila,Bilophila,137,132,0.029528034203510817,0.3694258956578076,0.07992951915547927,0.9363536392338611,0.9816610733903381,0.930665903357038,0.006193320061933294,"age_years,sex",260
within_project,asthma,PRJNA434133,Bacteria.Actinomycetota.Coriobacteriia.Coriobacteriales.Eggerthellaceae.Gordonibacter,Gordonibacter,137,132,0.20487722403541783,0.13243310839005745,1.5470242035850243,0.12305077768975443,0.9673002662638166,0.08335927424410643,0.12220747622207484,"age_years,sex",260
within_project,asthma,PRJNA434133,Bacteria.Bacillota.Bacilli.Lactobacillales.Carnobacteriaceae.Granulicatella,Granulicatella,137,132,0.08625294443771314,0.3819136854706503,0.2258440786991426,0.8214967766656668,0.972377487147711,0.9943712693793586,0.0005529750055297544,"age_years,sex",260
within_project,asthma,PRJNA434133,Bacteria.Bacillota.Clostridia.Lachnospirales.Lachnospiraceae.Anaerobutyricum,Anaerobutyricum,137,132,-0.09650563719612044,0.2224426257709968,-0.43384507291094626,0.664753931621652,0.9673002662638166,0.7868315115686254,-0.019132935191329303,"age_years,sex",260
within_project,asthma,PRJNA434133,Bacteria.Bacillota.Clostridia.Lachnospirales.Lachnospiraceae.Extibacter,Extibacter,137,132,0.11794264010575016,0.1890537797408391,0.6238576148407594,0.5332577383826334,0.9673002662638166,0.30783024594992137,0.0719973457199734,"age_years,sex",260
within_project,asthma,PRJNA434133,Bacteria.Bacillota.Clostridia.Lachnospirales.Lachnospiraceae.Lachnospiraceae UCG-004,Lachnospiraceae UCG-004,137,132,0.35802263756005676,0.31874531637952835,1.123224779038827,0.262358587004086,0.9673002662638166,0.28323207142113094,0.07575757575757569,"age_years,sex",260
within_project,asthma,PRJNA434133,Bacteria.Bacillota.Clostridia.Lachnospirales.Lachnospiraceae.[Eubacterium] ventriosum group,[Eubacterium] ventriosum group,137,132,-0.13065058755094205,0.2808172959996282,-0.4652512128423708,0.6421336607687732,0.9673002662638166,0.6612625681161328,-0.030966600309666026,"age_years,sex",260
within_project,asthma,PRJNA434133,Bacteria.Bacillota.Clostridia.Lachnospirales.Lachnospiraceae.[Ruminococcus] gnavus group,[Ruminococcus] gnavus group,137,132,-0.4156904987905017,0.2925308314355808,-1.42101431411698,0.1564882289099152,0.9673002662638166,0.32989655556236375,-0.06879009068790087,"age_years,sex",260
within_project,asthma,PRJNA434133,Bacteria.Bacillota.Clostridia.Monoglobales.Monoglobaceae.Monoglobus,Monoglobus,137,132,0.319103587110107,0.29448344497349677,1.08360450326444,0.279525112566887,0.9673002662638166,0.1902604824828661,0.09245742092457432,"age_years,sex",260
within_project,asthma,PRJNA434133,Bacteria.Bacillota.Clostridia.Oscillospirales.Oscillospiraceae.UCG-005,UCG-005,137,132,-0.3038981431347377,0.31477938371170777,-0.9654321688775662,0.3352085967666033,0.9673002662638166,0.3322363510970082,-0.06845830568458311,"age_years,sex",260
within_project,asthma,PRJNA434133,Bacteria.Bacillota.Clostridia.Peptostreptococcales-Tissierellales.Anaerovoracaceae.Family XIII UCG-001,Family XIII UCG-001,137,132,-0.08958170413138035,0.24463659842262667,-0.3661827572366002,0.7145208761300181,0.9695999001292286,0.6465568452941772,-0.0324043353240433,"age_years,sex",260
within_project,asthma,PRJNA434133,Bacteria.Bacillota.Clostridia.Peptostreptococcales-Tissierellales.Family XI.Fenollaria,Fenollaria,137,132,0.15048312522772586,0.13151682597012052,1.144211960087254,0.253568206204077,0.9673002662638166,0.2095006826480854,0.08858659588586604,"age_years,sex",260
within_project,asthma,PRJNA434133,Bacteria.Bacteroidota.Bacteroidia.Bacteroidales.Rikenellaceae.Rikenellaceae RC9 gut group,Rikenellaceae RC9 gut group,137,132,0.15740935192522776,0.2882404021558735,0.5461044001739374,0.5854536230155736,0.9673002662638166,0.6521969681299462,0.031851360318513544,"age_years,sex",260
within_project,asthma,PRJNA434133,Bacteria.Bacillota.Clostridia.Lachnospirales.Lachnospiraceae.Butyribacter,Butyribacter,137,132,0.23489434315616567,0.2585251742921985,0.9085936942089669,0.36439019726878774,0.9673002662638166,0.30634529614937067,0.0722185357221854,"age_years,sex",260
within_project,asthma,PRJNA434133,Bacteria.Bacillota.Clostridia.Lachnospirales.Lachnospiraceae.[Eubacterium] xylanophilum group,[Eubacterium] xylanophilum group,137,132,-0.20190871466812332,0.3065137831639841,-0.6587263795576288,0.5106434185227009,0.9673002662638166,0.47323815817128556,-0.050652510506525084,"age_years,sex",260
within_project,asthma,PRJNA434133,Bacteria.Bacillota.Clostridia.Lachnospirales.Lachnospiraceae.[Ruminococcus] gauvreauii group,[Ruminococcus] gauvreauii group,137,132,-0.1732792992845621,0.18658901685701046,-0.928668268922559,0.35390613648098124,0.9673002662638166,0.258676836027515,-0.07973899579738997,"age_years,sex",260
within_project,asthma,PRJNA434133,Bacteria.Bacillota.Clostridia.Oscillospirales.Oscillospiraceae.UCG-003,UCG-003,137,132,0.023341470897829675,0.3281374792448052,0.07113320597070807,0.9433453934580502,0.9835655053665792,0.966862288164825,0.0029860650298605407,"age_years,sex",260
within_project,asthma,PRJNA434133,Bacteria.Bacillota.Clostridia.Oscillospirales.Ruminococcaceae.Paludicola,Paludicola,137,132,0.09382036870175524,0.1779901448335991,0.5271099070651738,0.598558247853447,0.9673002662638166,0.39593321969059814,0.0599424905994248,"age_years,sex",260
within_project,asthma,PRJNA434133,Bacteria.Bacteroidota.Bacteroidia.Bacteroidales.Prevotellaceae.Hoylesella,Hoylesella,137,132,0.10186327550570688,0.3954568754092609,0.2575837767399743,0.7969280587793457,0.972377487147711,0.9818643905368549,-0.0016589250165892633,"age_years,sex",260
within_project,asthma,PRJNA434133,Bacteria.Bacillota.Bacilli.Erysipelotrichales.Erysipelatoclostridiaceae.Thomasclavelia,Thomasclavelia,137,132,-0.13992721460537497,0.16400962283789053,-0.8531646630495641,0.39433847411404566,0.9673002662638166,0.8921330844614166,-0.009621765096217705,"age_years,sex",260
within_project,asthma,PRJNA434133,Bacteria.Bacillota.Clostridia.Lachnospirales.Lachnospiraceae.Lachnospiraceae NC2004 group,Lachnospiraceae NC2004 group,137,132,-0.03705606665930861,0.1654025500726601,-0.22403564299964032,0.8229021954514062,0.972377487147711,0.9956220840603235,0.00044238000442375913,"age_years,sex",260
within_project,asthma,PRJNA434133,Bacteria.Bacillota.Negativicutes.Veillonellales-Selenomonadales.Veillonellaceae.Veillonella,Veillonella,137,132,0.19414194698176576,0.308031331637106,0.6302668821056354,0.5290630879527994,0.9673002662638166,0.6510673378277704,0.03196195531961954,"age_years,sex",260
within_project,asthma,PRJNA434133,Bacteria.Bacillota.Bacilli.Lactobacillales.Carnobacteriaceae.Dolosigranulum,Dolosigranulum,137,132,-0.36735238441149576,0.33103519592563985,-1.1097079372007737,0.26813088309028515,0.9673002662638166,0.8723385840664315,-0.011391285113912852,"age_years,sex",260
within_project,asthma,PRJNA434133,Bacteria.Bacteroidota.Bacteroidia.Bacteroidales.Barnesiellaceae.Barnesiella,Barnesiella,137,132,-0.4593810980447787,0.39545636404604806,-1.1616480092637658,0.2464236893293779,0.9673002662638166,0.2860548203095501,-0.07531519575315193,"age_years,sex",260
within_project,asthma,PRJNA434133,Bacteria.Bacillota.Clostridia.Lachnospirales.Lachnospiraceae.Hungatella,Hungatella,137,132,0.13954141263723333,0.19895067579109543,0.7013869748487623,0.48367702038761773,0.9673002662638166,0.7449565649005347,0.023003760230037695,"age_years,sex",260
within_project,asthma,PRJNA434133,Bacteria.Bacillota.Clostridia.Lachnospirales.Lachnospiraceae.Incertae Sedis,Incertae Sedis,137,132,0.16202888235126145,0.327216168935915,0.49517382615342176,0.6208877542228441,0.9673002662638166,0.8526237021213563,0.013160805131608111,"age_years,sex",260
within_project,asthma,PRJNA434133,Bacteria.Bacillota.Clostridia.Oscillospirales.Ruminococcaceae.DTU089,DTU089,137,132,-0.02917685782512652,0.2274473213432102,-0.12827962823576033,0.8980249830735554,0.9810875341717571,0.966862288164825,0.0029860650298605407,"age_years,sex",260
within_project,asthma,PRJNA434133,Bacteria.Pseudomonadota.Gammaproteobacteria.Pseudomonadales.Moraxellaceae.Acinetobacter,Acinetobacter,137,132,-0.06306725177801041,0.2633541002560611,-0.23947700725635054,0.8109208413468734,0.972377487147711,0.9431350326389321,0.005087370050873785,"age_years,sex",260
within_project,asthma,PRJNA434133,Bacteria.Bacillota.Bacilli.Lactobacillales.Lactobacillaceae.Leuconostoc,Leuconostoc,137,132,-0.046517079436916894,0.11342601863641584,-0.4101094263568061,0.6820570299061666,0.9673002662638166,0.670378123160797,-0.030081840300818397,"age_years,sex",260
within_project,asthma,PRJNA434133,Bacteria.Bacillota.Clostridia.Lachnospirales.Lachnospiraceae.GCA-900066575,GCA-900066575,137,132,0.02343174582433001,0.26034129559636415,0.0900039533515222,0.9283520614800451,0.9810875341717571,0.9319121016172007,-0.006082725060827299,"age_years,sex",260
within_project,asthma,PRJNA434133,Bacteria.Bacillota.Clostridia.Lachnospirales.Lachnospiraceae.Lachnospiraceae UCG-010,Lachnospiraceae UCG-010,137,132,0.17659706403617972,0.31151585012250527,0.5668959186722986,0.5712647481798258,0.9673002662638166,0.5666498296614966,0.040477770404777624,"age_years,sex",260
within_project,asthma,PRJNA434133,Bacteria.Bacillota.Clostridia.Lachnospirales.Lachnospiraceae.Oribacterium,Oribacterium,137,132,0.16245537022249187,0.27623385956560365,0.5881080997020564,0.5569605928721164,0.9673002662638166,0.6186651472923592,0.03516921035169207,"age_years,sex",260
within_project,asthma,PRJNA434133,Bacteria.Bacillota.Clostridia.Oscillospirales.Butyricicoccaceae.UCG-009,UCG-009,137,132,0.4090644099823509,0.21509447296902812,1.901789498985652,0.058283067113919604,0.9673002662638166,0.038001000420617624,0.14642778146427782,"age_years,sex",260
within_project,asthma,PRJNA434133,Bacteria.Bacillota.Negativicutes.Veillonellales-Selenomonadales.Selenomonadaceae.Anaerovibrio,Anaerovibrio,137,132,0.08746071421148283,0.1509102063474926,0.5795546658394454,0.5627073362704271,0.9673002662638166,0.9956220840603235,-0.00044238000442375913,"age_years,sex",260
within_project,asthma,PRJNA434133,Bacteria.Thermodesulfobacteriota.Desulfovibrionia.Desulfovibrionales.Desulfovibrionaceae.Desulfovibrio,Desulfovibrio,137,132,-0.6940001650678211,0.3016844472174214,-2.300417444349265,0.02220162727856924,0.9673002662638166,0.0241252432183635,-0.15914620659146206,"age_years,sex",260
within_project,asthma,PRJNA434133,Bacteria.Actinomycetota.Coriobacteriia.Coriobacteriales.Coriobacteriales Incertae Sedis.Incertae Sedis,Incertae Sedis,137,132,-0.1088892820551871,0.17250889005473924,-0.6312096844437127,0.5284474829114035,0.9673002662638166,0.9793634512113569,-0.0018801150188011428,"age_years,sex",260
within_project,asthma,PRJNA434133,Bacteria.Bacillota.Clostridia.Clostridia vadinBB60 group.Incertae Sedis.Incertae Sedis,Incertae Sedis,137,132,-0.2911846024803818,0.3479572525727315,-0.8368401587477103,0.4034364287195161,0.9673002662638166,0.5352424758952499,-0.04379562043795615,"age_years,sex",260
within_project,asthma,PRJNA434133,Bacteria.Bacillota.Clostridia.Lachnospirales.Lachnospiraceae.Butyrivibrio,Butyrivibrio,137,132,0.09051616831081877,0.1311526125616909,0.6901590943774928,0.4906981265104381,0.9673002662638166,0.5137918366396521,0.046118115461181164,"age_years,sex",260
within_project,asthma,PRJNA434133,Bacteria.Pseudomonadota.Alphaproteobacteria.Rhodospirillales.Incertae Sedis.Incertae Sedis,Incertae Sedis,137,132,-0.48554828314875614,0.2876999716889739,-1.6876897147340415,0.09264735320598165,0.9673002662638166,0.17137041988706359,-0.09654943596549437,"age_years,sex",260
within_project,asthma,PRJNA434133,Bacteria.Pseudomonadota.Gammaproteobacteria.Burkholderiales.Sutterellaceae.Sutterella,Sutterella,137,132,-0.4507940184618385,0.3825531367916033,-1.1783827528969122,0.2397010941603515,0.9673002662638166,0.27764334832327164,-0.07664233576642332,"age_years,sex",260
within_project,asthma,PRJNA434133,Bacteria.Actinomycetota.Actinobacteria.Mycobacteriales.Corynebacteriaceae.Corynebacterium,Corynebacterium,137,132,-0.14894011111170385,0.4811497560737982,-0.3095504242318676,0.7571461244981549,0.972377487147711,0.893372607049113,0.009511170095111598,"age_years,sex",260
within_project,asthma,PRJNA434133,Bacteria.Bacillota.Negativicutes.Veillonellales-Selenomonadales.Selenomonadaceae.Megamonas,Megamonas,137,132,-0.4252051133190072,0.37864961743353687,-1.12295138762062,0.26247447547807873,0.9673002662638166,0.27008222290003603,-0.07785888077858882,"age_years,sex",260
within_project,asthma,PRJNA434133,Bacteria.Patescibacteria.Saccharimonadia.Saccharimonadales.Saccharimonadaceae.TM7x,TM7x,137,132,0.08055205707265502,0.17819345558214178,0.4520483471713301,0.6516039418305155,0.9673002662638166,0.5539813410546228,0.041804910418049124,"age_years,sex",260
within_project,asthma,PRJNA434133,Bacteria.Bacillota.Bacilli.Acholeplasmatales.Acholeplasmataceae.Anaeroplasma,Anaeroplasma,137,132,0.4389634133748842,0.2996469162420054,1.4649355277207723,0.14412388255912156,0.9673002662638166,0.27008222290003603,0.07785888077858871,"age_years,sex",260
within_project,asthma,PRJNA434133,Bacteria.Bacillota.Bacilli.Izemoplasmatales.Incertae Sedis.Incertae Sedis,Incertae Sedis,137,132,-0.3213000588310215,0.1579766627646441,-2.0338450832430794,0.04296328628755275,0.9673002662638166,0.06674029033082782,-0.12939615129396154,"age_years,sex",260
within_project,asthma,PRJNA434133,Bacteria.Bacillota.Clostridia.Lachnospirales.Lachnospiraceae.Lachnospiraceae ND3007 group,Lachnospiraceae ND3007 group,137,132,-0.16044407395569302,0.21942505265986678,-0.7312021668027086,0.4653017205946315,0.9673002662638166,0.6010952161918688,-0.03693873036938733,"age_years,sex",260
within_project,asthma,PRJNA434133,Bacteria.Bacillota.Clostridia.Oscillospirales.Oscillospiraceae.Oscillibacter,Oscillibacter,137,132,0.4063913230832012,0.32094911819959204,1.266217291273174,0.206547227659772,0.9673002662638166,0.09453489119478439,0.11800486618004857,"age_years,sex",260
within_project,asthma,PRJNA434133,Bacteria.Bacillota.Clostridia.Peptococcales.Peptococcaceae.Incertae Sedis,Incertae Sedis,137,132,0.48743333853858967,0.30091160391502664,1.6198555728553234,0.10645267810877815,0.9673002662638166,0.10485042511430069,0.11446582614465828,"age_years,sex",260
within_project,asthma,PRJNA434133,Bacteria.Bacillota.Negativicutes.Veillonellales-Selenomonadales.Veillonellaceae.Incertae Sedis,Incertae Sedis,137,132,0.301066328664138,0.2591801344516936,1.1616103576034345,0.24643896289411835,0.9673002662638166,0.49082212017510407,0.048661800486617945,"age_years,sex",260
within_project,asthma,PRJNA434133,Bacteria.Bacteroidota.Bacteroidia.Bacteroidales.Prevotellaceae.Paraprevotella,Paraprevotella,137,132,0.008265658214577287,0.39810211894759273,0.020762658175314565,0.9834506102241916,0.9999122707231933,0.8489370047093023,-0.013492590134925875,"age_years,sex",260
within_project,asthma,PRJNA434133,Bacteria.Pseudomonadota.Gammaproteobacteria.Burkholderiales.Comamonadaceae.NA,Comamonadaceae,137,132,0.03480221356738824,0.15435441200535172,0.22546950952190203,0.8217878245009349,0.972377487147711,0.6109506522460285,0.035943375359433816,"age_years,sex",260
within_project,asthma,PRJNA434133,Bacteria.Thermodesulfobacteriota.Desulfovibrionia.Desulfovibrionales.Desulfovibrionaceae.Incertae Sedis,Incertae Sedis,137,132,-0.20057753317309657,0.18111489422370985,-1.1074601789809004,0.2690992215521987,0.9673002662638166,0.5352424758952499,-0.04379562043795615,"age_years,sex",260
within_project,asthma,PRJNA434133,Bacteria.Bacillota.Clostridia.Lachnospirales.Defluviitaleaceae.Defluviitaleaceae UCG-011,Defluviitaleaceae UCG-011,137,132,0.288103833359149,0.21554102585830404,1.3366542736441624,0.18248194725838926,0.9673002662638166,0.22467916792606346,0.08571112585711127,"age_years,sex",260
within_project,asthma,PRJNA434133,Bacteria.Bacillota.Clostridia.Peptostreptococcales-Tissierellales.Family XI.Peptoniphilus,Peptoniphilus,137,132,-0.09114043576051507,0.30280233007821167,-0.3009898759265629,0.763658238794255,0.972377487147711,0.7977052342258706,0.0181375801813759,"age_years,sex",260
within_project,asthma,PRJNA434133,Bacteria.Bacteroidota.Bacteroidia.Bacteroidales.Marinifilaceae.Odoribacter,Odoribacter,137,132,-0.4173098440984181,0.3684623028287035,-1.1325713401200328,0.2584180181709189,0.9673002662638166,0.2997218536835501,-0.07321389073213891,"age_years,sex",260
within_project,asthma,PRJNA434133,Bacteria.Bacteroidota.Bacteroidia.Bacteroidales.Porphyromonadaceae.Porphyromonas,Porphyromonas,137,132,0.03457224272442189,0.34956262315997777,0.09890142833892128,0.9212913057699449,0.9810875341717571,0.9368985335446179,0.0056403450564035396,"age_years,sex",260
within_project,asthma,PRJNA434133,Bacteria.Bacteroidota.Bacteroidia.Bacteroidales.Prevotellaceae.Prevotella,Prevotella,137,132,0.23866306673911136,0.4793322129841715,0.49790742260627596,0.6189622282139535,0.9673002662638166,0.6120501096206021,0.03583278035832782,"age_years,sex",260
within_project,asthma,PRJNA434133,Bacteria.Bacillota.Clostridia.Lachnospirales.Lachnospiraceae.Enterocloster,Enterocloster,137,132,0.14751090631755276,0.35424686962873553,0.41640708490141326,0.6774492047904812,0.9673002662638166,0.4839424887145818,0.04943596549435969,"age_years,sex",260
within_project,asthma,PRJNA434133,Bacteria.Actinomycetota.Coriobacteriia.Coriobacteriales.Eggerthellaceae.CHKCI002,CHKCI002,137,132,0.4106013092130229,0.14800400271422975,2.7742581395303434,0.005926248006958287,0.9673002662638166,0.05431132201494869,0.1358106613581067,"age_years,sex",260
within_project,asthma,PRJNA434133,Bacteria.Pseudomonadota.Alphaproteobacteria.Rickettsiales.Mitochondria.Incertae Sedis,Incertae Sedis,137,132,-0.026652162118280694,0.21247692603952859,-0.12543555959258562,0.9002738444319287,0.9810875341717571,0.9968729095006319,-0.00033178500331787486,"age_years,sex",260
within_project,asthma,PRJNA434133,Bacteria.Bacillota.Clostridia.Oscillospirales.Oscillospiraceae.Incertae Sedis,Incertae Sedis,137,132,0.7819192441485541,0.2941161348497513,2.6585390990126947,0.008325423801732656,0.9673002662638166,0.010209027952190216,0.18126520681265212,"age_years,sex",260
within_project,asthma,PRJNA434133,Bacteria.Bacillota.Clostridia.Peptostreptococcales-Tissierellales.Peptostreptococcaceae.Peptostreptococcus,Peptostreptococcus,137,132,-0.05969673776980209,0.26313934790049665,-0.22686359241254858,0.8207047191281854,0.972377487147711,0.8098332638802883,0.017031630170316392,"age_years,sex",260
within_project,asthma,PRJNA434133,Bacteria.Cyanobacteriota.Vampirivibrionia.Gastranaerophilales.Gastranaerophilaceae.CAG-196,CAG-196,137,132,-2.6865624489916784e-05,0.24410840929481561,-0.00011005612042422726,0.9999122707231933,0.9999122707231933,0.4829639717613361,-0.049546560495465575,"age_years,sex",260
within_project,asthma,PRJNA434133,Bacteria.Bacteroidota.Bacteroidia.Bacteroidales.Prevotellaceae.Prevotellaceae UCG-001,Prevotellaceae UCG-001,137,132,0.16798172755943716,0.3819760133597694,0.4397703564731989,0.660461872587186,0.9673002662638166,0.5709033186619534,0.040035390400353865,"age_years,sex",260
within_project,asthma,PRJNA434133,Bacteria.Pseudomonadota.Alphaproteobacteria.Caulobacterales.Caulobacteraceae.Brevundimonas,Brevundimonas,137,132,-0.33362919892309795,0.13608422601245956,-2.4516375534409964,0.014866715082939803,0.9673002662638166,0.19616179871452866,-0.09124087591240881,"age_years,sex",260
within_project,asthma,PRJNA434133,Bacteria.Bacillota.Clostridia.Oscillospirales.Ethanoligenenaceae.Acetanaerobacterium,Acetanaerobacterium,137,132,0.07057488704237092,0.13734184527886628,0.5138629592392024,0.6077760104910457,0.9673002662638166,0.4868844808231423,0.049104180491041705,"age_years,sex",260
within_project,asthma,PRJNA434133,Bacteria.Bacillota.Clostridia.Oscillospirales.Ruminococcaceae.Angelakisella,Angelakisella,137,132,-0.07296331695831497,0.22515866471870577,-0.3240528942089312,0.746153606533684,0.972377487147711,0.7248776643008752,-0.024883875248838727,"age_years,sex",260
within_project,asthma,PRJNA434133,Bacteria.Pseudomonadota.Gammaproteobacteria.Pseudomonadales.Pseudomonadaceae.Pseudomonas,Pseudomonas,137,132,-0.30273773883855387,0.28315035351843415,-1.0691766232205835,0.2859630115949039,0.9673002662638166,0.27625798251187894,-0.07686352576863531,"age_years,sex",260
within_project,asthma,PRJNA434133,Bacteria.Bacillota.Bacilli.Erysipelotrichales.Erysipelotrichaceae.Holdemania,Holdemania,137,132,0.10527735948694325,0.15518098771259073,0.6784166091398159,0.49809956713849357,0.9673002662638166,0.3505297728255825,0.0659146206591461,"age_years,sex",260
within_project,asthma,PRJNA434133,Bacteria.Bacillota.Negativicutes.Veillonellales-Selenomonadales.Veillonellaceae.Allisonella,Allisonella,137,132,-0.2584894034374382,0.23291422892629363,-1.1098051185152709,0.26808907156246214,0.9673002662638166,0.4011885002876362,-0.059278920592789164,"age_years,sex",260
within_project,asthma,PRJNA434133,Bacteria.Bacillota.Clostridia.Oscillospirales.UCG-011.Incertae Sedis,Incertae Sedis,137,132,0.27365886931737526,0.13457942107836238,2.0334377063342415,0.04300469049059724,0.9673002662638166,0.1149527595467044,0.11125857111258575,"age_years,sex",260
within_project,asthma,PRJNA434133,Bacteria.Bacillota.Negativicutes.Acidaminococcales.Acidaminococcaceae.Acidaminococcus,Acidaminococcus,137,132,-0.5267721143248669,0.33701276268372005,-1.5630628054855962,0.11923119942125143,0.9673002662638166,0.2077982858348869,-0.0889183808891838,"age_years,sex",260
within_project,asthma,PRJNA434133,Bacteria.Bacillota.Clostridia.Peptostreptococcales-Tissierellales.Anaerovoracaceae.[Eubacterium] brachy group,[Eubacterium] brachy group,137,132,0.2678700593160635,0.23844363870331112,1.1234103823141488,0.2622799314919819,0.9673002662638166,0.2521259113736042,0.08084494580844948,"age_years,sex",260
within_project,asthma,PRJNA434133,Bacteria.Bacteroidota.Bacteroidia.Bacteroidales.Marinifilaceae.Butyricimonas,Butyricimonas,137,132,-0.3823030674263878,0.3305784952601852,-1.1564668389136816,0.24853172824121364,0.9673002662638166,0.31381760617199006,-0.07111258571112589,"age_years,sex",260
within_project,asthma,PRJNA434133,Bacteria.Fusobacteriota.Fusobacteriia.Fusobacteriales.Fusobacteriaceae.Fusobacterium,Fusobacterium,137,132,-0.27568439133140366,0.3665298576054946,-0.7521471596677665,0.45263010724016994,0.9673002662638166,0.19185680951196316,-0.09212563592125633,"age_years,sex",260
within_project,asthma,PRJNA434133,Bacteria.Bacteroidota.Bacteroidia.Bacteroidales.NA.NA,Bacteroidales,137,132,0.2161965699369734,0.18349804326364194,1.1781955060215636,0.2397755875177125,0.9673002662638166,0.6010952161918688,0.03693873036938733,"age_years,sex",260
within_project,asthma,PRJNA434133,Bacteria.Actinomycetota.Actinobacteria.Mycobacteriales.Corynebacteriaceae.Lawsonella,Lawsonella,137,132,-0.03110418297058288,0.2742594977886362,-0.11341150706311717,0.9097901871652003,0.9810875341717571,0.7319435738356126,0.024220305242202977,"age_years,sex",260
within_project,asthma,PRJNA434133,Bacteria.Bacillota.Clostridia.Christensenellales.Christensenellaceae.Incertae Sedis,Incertae Sedis,137,132,0.20009008041207804,0.1810679111644516,1.105055440940885,0.27013785717522437,0.9673002662638166,0.20498329246040192,0.08947135589471356,"age_years,sex",260
within_project,asthma,PRJNA434133,Bacteria.Bacillota.Clostridia.Lachnospirales.Lachnospiraceae.Faecalicatena,Faecalicatena,137,132,0.09558776485732903,0.15117298699202206,0.6323071784139156,0.5277313339750889,0.9673002662638166,0.3160824886496588,0.0707808007078079,"age_years,sex",260
within_project,asthma,PRJNA434133,Bacteria.Bacillota.Clostridia.Oscillospirales.Ruminococcaceae.Anaerotruncus,Anaerotruncus,137,132,0.3108081097458801,0.24514001353285397,1.267879956709822,0.20595366769886228,0.9673002662638166,0.19346296494689508,0.09179385091793857,"age_years,sex",260
within_project,asthma,PRJNA434133,Bacteria.Bacillota.Clostridia.Lachnospirales.Lachnospiraceae.Sellimonas,Sellimonas,137,132,-0.03747996114206121,0.16624818624226684,-0.22544583486428635,0.8218062210185761,0.972377487147711,0.9806138970565191,0.0017695200176952586,"age_years,sex",260
within_project,asthma,PRJNA434133,Bacteria.Bacillota.Clostridia.Oscillospirales.Oscillospiraceae.Oscillospira,Oscillospira,137,132,0.5265113865146256,0.29059636351541174,1.8118306098028722,0.07114428183230778,0.9673002662638166,0.03977946972903701,0.14510064145100632,"age_years,sex",260
within_project,asthma,PRJNA434133,Bacteria.Pseudomonadota.Gammaproteobacteria.Burkholderiales.Sutterellaceae.Parasutterella,Parasutterella,137,132,-0.3512082474976705,0.37061817269612446,-0.9476282421413575,0.34418207022363867,0.9673002662638166,0.3401128863082482,-0.0673523556735236,"age_years,sex",260
within_project,asthma,PRJNA434133,Bacteria.Pseudomonadota.Alphaproteobacteria.Sphingomonadales.Sphingomonadaceae.Sphingomonas,Sphingomonas,137,132,-0.15030676260228976,0.1437866558177507,-1.0453457015705496,0.2968158042738932,0.9673002662638166,0.9543692640793204,0.0040920150409200495,"age_years,sex",260
within_project,asthma,PRJNA434133,NA.NA.NA.NA.NA.NA,NA.NA.NA.NA.NA.NA,137,132,-0.12539662203860374,0.3249643572969661,-0.38587807931197526,0.6998965662600176,0.9683116042844419,0.9481267615150786,0.004644990046449804,"age_years,sex",260
within_project,asthma,PRJNA434133,Bacteria.Pseudomonadota.Gammaproteobacteria.Enterobacterales.Enterobacteriaceae.Salmonella,Salmonella,137,132,-0.24184859628869024,0.32803550318938535,-0.7372634789139374,0.46161440171173596,0.9673002662638166,0.9082663389477091,-0.008184030081840321,"age_years,sex",260
within_project,asthma,PRJNA434133,Bacteria.Actinomycetota.Actinobacteria.Propionibacteriales.Propionibacteriaceae.Cutibacterium,Cutibacterium,137,132,-0.20449689773536406,0.2500355286880454,-0.8178713593559049,0.41416541125864603,0.9673002662638166,0.2960837402232339,-0.07376686573766866,"age_years,sex",260
within_project,asthma,PRJNA434133,Bacteria.Bacteroidota.Bacteroidia.NA.NA.NA,Bacteroidia,137,132,0.3486662029676114,0.21981426783251426,1.5861854938064115,0.11388973886936102,0.9673002662638166,0.11640435228374874,0.11081619110816199,"age_years,sex",260
within_project,asthma,PRJNA434133,Bacteria.Pseudomonadota.Gammaproteobacteria.Burkholderiales.Neisseriaceae.Neisseria,Neisseria,137,132,0.2404349195934472,0.37207816819269895,0.6461946444246258,0.5187125157139864,0.9673002662638166,0.4947768091549237,0.048219420482194186,"age_years,sex",260
within_project,asthma,PRJNA434133,Bacteria.Bacillota.Clostridia.Lachnospirales.Lachnospiraceae.Shuttleworthia,Shuttleworthia,137,132,0.20319352516062963,0.18662040611721306,1.0888065747376376,0.27722837582527476,0.9673002662638166,0.18973055324187194,0.09256801592568009,"age_years,sex",260
within_project,asthma,PRJNA434133,Bacteria.Bacteroidota.Bacteroidia.Bacteroidales.Prevotellaceae.NA,Prevotellaceae,137,132,-0.04311752647898772,0.33817213179394345,-0.12750171414260794,0.8986400140947217,0.9810875341717571,0.6623993042871223,0.03085600530856003,"age_years,sex",260
within_project,asthma,PRJNA434133,Bacteria.Bacillota.Clostridia.Lachnospirales.Lachnospiraceae.Lachnospiraceae AC2044 group,Lachnospiraceae AC2044 group,137,132,-0.17924168005829597,0.20082552832658462,-0.8925243795042392,0.3729216777618022,0.9673002662638166,0.5978260968097036,-0.037270515372705204,"age_years,sex",260
within_project,asthma,PRJNA434133,Bacteria.Bacteroidota.Bacteroidia.Bacteroidales.Prevotellaceae.Prevotellaceae NK3B31 group,Prevotellaceae NK3B31 group,137,132,-0.3304969121008068,0.35255789706643287,-0.9374259230918061,0.349393064653163,0.9673002662638166,0.4118239060324933,-0.057951780579517775,"age_years,sex",260
within_project,asthma,PRJNA434133,Bacteria.Campylobacterota.Campylobacteria.Campylobacterales.Campylobacteraceae.Campylobacter,Campylobacter,137,132,0.05125462458388924,0.3463438980083641,0.14798766451098685,0.8824650424991783,0.9810875341717571,0.9793634512113569,0.0018801150188012539,"age_years,sex",260
within_project,asthma,PRJNA434133,Bacteria.Actinomycetota.Actinobacteria.Actinomycetales.Actinomycetaceae.Actinomyces,Actinomyces,137,132,0.15441410895020777,0.3723114314420518,0.4147444744098368,0.678664521699199,0.9673002662638166,0.8244471580900503,0.015704490157044892,"age_years,sex",260
within_project,asthma,PRJNA434133,Bacteria.Bacillota.Negativicutes.Veillonellales-Selenomonadales.Selenomonadaceae.Incertae Sedis,Incertae Sedis,137,132,0.39576230597980355,0.2700880457756315,1.4653084879905147,0.14402221220744335,0.9673002662638166,0.32911900073320577,0.06890068568900687,"age_years,sex",260
within_project,asthma,PRJNA434133,Bacteria.Patescibacteria.Saccharimonadia.Saccharimonadales.Saccharimonadaceae.Incertae Sedis,Incertae Sedis,137,132,0.0783515986169596,0.10735535424724027,0.7298341025126257,0.46613623613034416,0.9673002662638166,0.32911900073320577,0.06890068568900687,"age_years,sex",260
within_project,asthma,PRJNA434133,Bacteria.Bacillota.Clostridia.Peptostreptococcales-Tissierellales.Anaerovoracaceae.NA,Anaerovoracaceae,137,132,-0.06353245265765149,0.19860001859828477,-0.31990154435061163,0.7492950363884114,0.972377487147711,0.9045396728002366,-0.008515815085158196,"age_years,sex",260
within_project,asthma,PRJNA434133,Bacteria.Actinomycetota.Coriobacteriia.Coriobacteriales.Eggerthellaceae.Asaccharobacter,Asaccharobacter,137,132,0.19762040824401778,0.17910219845778821,1.1033946536987598,0.2708567834267184,0.9673002662638166,0.5270178706833911,0.04468038044680389,"age_years,sex",260
within_project,asthma,PRJNA434133,Bacteria.Pseudomonadota.NA.NA.NA.NA,Bacteria.Pseudomonadota.NA.NA.NA.NA,137,132,-0.0005415956689464747,0.135167603042075,-0.004006845255500215,0.9968060232201523,0.9999122707231933,0.7295857097301673,-0.024441495244414968,"age_years,sex",260
within_project,asthma,PRJNA434133,Bacteria.Bacillota.Clostridia.Oscillospirales.Ruminococcaceae.Negativibacillus,Negativibacillus,137,132,0.2511868569544329,0.2406364391420305,1.0438438079038197,0.2975089385888208,0.9673002662638166,0.36032296200240255,0.06458748064587483,"age_years,sex",260
within_project,asthma,PRJNA434133,Bacteria.Spirochaetota.Spirochaetia.Spirochaetales.Spirochaetaceae.Treponema,Treponema,137,132,0.24479126659293526,0.34535798199265066,0.708804427164346,0.47906892092802333,0.9673002662638166,0.5117725012109393,0.046339305463393154,"age_years,sex",260
within_project,asthma,PRJNA434133,Bacteria.Bacillota.Clostridia.Lachnospirales.Lachnospiraceae.Tyzzerella,Tyzzerella,137,132,0.49211822312830783,0.26927223799868444,1.8275861885572924,0.06873611951830795,0.9673002662638166,0.008582789404619824,0.18546781685467817,"age_years,sex",260
within_project,asthma,PRJNA434133,Bacteria.Bacillota.Clostridia.Lachnospirales.Lachnospiraceae.Eisenbergiella,Eisenbergiella,137,132,0.15310668946442693,0.2640364603525433,0.5798694970383932,0.5624953033403612,0.9673002662638166,0.4898361087546803,0.04877239548772394,"age_years,sex",260
within_project,asthma,PRJNA434133,Bacteria.Bacillota.Clostridia.Oscillospirales.Oscillospiraceae.Flavonifractor,Flavonifractor,137,132,0.21910018714369434,0.3274324580365808,0.6691462063886667,0.503984750030895,0.9673002662638166,0.4484627221909605,0.05352798053527974,"age_years,sex",260
within_project,asthma,PRJNA434133,Bacteria.Pseudomonadota.Gammaproteobacteria.NA.NA.NA,Gammaproteobacteria,137,132,0.08026721911597286,0.09206593510743856,0.8718449339845742,0.3840821781838232,0.9673002662638166,0.4645778667211813,0.05164786551647871,"age_years,sex",260
within_project,asthma,PRJNA434133,Bacteria.Bacillota.Clostridia.Lachnospirales.Lachnospiraceae.Lachnoanaerobaculum,Lachnoanaerobaculum,137,132,0.06823804530065727,0.26954826399404425,0.2531570572540026,0.800343126187627,0.972377487147711,0.6956938816378646,-0.0276487502764875,"age_years,sex",260
within_project,asthma,PRJNA434133,Bacteria.Bacteroidota.Bacteroidia.Bacteroidales.Barnesiellaceae.Coprobacter,Coprobacter,137,132,0.014232841190153247,0.33163931942956576,0.042916627662348245,0.9658003126295132,0.9925220604097764,0.841573591720001,0.014156160141561624,"age_years,sex",260
within_project,asthma,PRJNA434133,Bacteria.Bacillota.Clostridia.Lachnospirales.Lachnospiraceae.UC5-1-2E3,UC5-1-2E3,137,132,-0.06322066343600963,0.196548581453435,-0.32165413237025803,0.7479682956430675,0.972377487147711,0.9756124301974513,0.0022119000221190177,"age_years,sex",260
within_project,asthma,PRJNA434133,Bacteria.Bacillota.Clostridia.Oscillospirales.NA.NA,Oscillospirales,137,132,0.5140092297389397,0.24247902594878376,2.1198090339059195,0.03495178193599199,0.9673002662638166,0.04850196707947805,0.139239106392391,"age_years,sex",260
within_project,asthma,PRJNA434133,Bacteria.Bacillota.Clostridia.Oscillospirales.Oscillospiraceae.Ruminiclostridium,Ruminiclostridium,137,132,0.009785668073525395,0.11462900040347862,0.0853681706992224,0.9320331574631692,0.9810875341717571,0.780808319448082,0.01968591019685917,"age_years,sex",260
within_project,asthma,PRJNA434133,Bacteria.Bacillota.Clostridia.Oscillospirales.Ruminococcaceae.Hydrogenoanaerobacterium,Hydrogenoanaerobacterium,137,132,-0.07311942240413181,0.11861730472450797,-0.616431325715533,0.5381390543613672,0.9673002662638166,0.49874846540729645,-0.04777704047777043,"age_years,sex",260
within_project,asthma,PRJNA434133,Bacteria.Bacillota.Clostridia.Oscillospirales.Ruminococcaceae.Phocea,Phocea,137,132,0.18743995921379294,0.12159389430628595,1.541524434949387,0.12438244965715936,0.9673002662638166,0.19779428354120365,0.09090909090909083,"age_years,sex",260
within_project,asthma,PRJNA434133,Bacteria.Thermodesulfobacteriota.Desulfovibrionia.Desulfovibrionales.Desulfovibrionaceae.NA,Desulfovibrionaceae,137,132,0.4028629509928673,0.20174067792015826,1.9969346546575304,0.04685493770399893,0.9673002662638166,0.012104079761690315,0.17706259677062586,"age_years,sex",260
within_project,asthma,PRJNA434133,Bacteria.Actinomycetota.Coriobacteriia.Coriobacteriales.Atopobiaceae.Olsenella,Olsenella,137,132,-0.04046477311733723,0.2005274678192985,-0.20179167251940414,0.8402344084640657,0.9810875341717571,0.8281103729005018,0.015372705153727129,"age_years,sex",260
within_project,asthma,PRJNA434133,Bacteria.Bacillota.Clostridia.Peptostreptococcales-Tissierellales.Anaerovoracaceae.Incertae Sedis,Incertae Sedis,137,132,0.31294139397548026,0.1825806949578671,1.7139894995344147,0.08769995507241425,0.9673002662638166,0.18397295327832475,0.0937845609378456,"age_years,sex",260
within_project,asthma,PRJNA434133,Bacteria.Bacillota.Clostridia.Christensenellales.Christensenellaceae.Christensenella,Christensenella,137,132,0.05717498963871649,0.11545550585422083,0.49521232630436984,0.6208606168036318,0.9673002662638166,0.2853473574310278,0.07542579075425793,"age_years,sex",260
within_project,asthma,PRJNA434133,Bacteria.Bacillota.Clostridia.Christensenellales.Christensenellaceae.NA,Christensenellaceae,137,132,-0.3875054864688007,0.2429145033549935,-1.5952340478514078,0.11185178327171078,0.9673002662638166,0.08561851536655611,-0.12132271621322721,"age_years,sex",260
within_project,asthma,PRJNA434133,Bacteria.Bacillota.Clostridia.Oscillospirales.Ruminococcaceae.Anaerofilum,Anaerofilum,137,132,0.013751273893046336,0.15609623693873262,0.08809484560760857,0.9298678280309269,0.9810875341717571,0.677246871673679,0.029418270294182758,"age_years,sex",260
within_project,asthma,PRJNA434133,Bacteria.Bacteroidota.Bacteroidia.Bacteroidales.Barnesiellaceae.Incertae Sedis,Incertae Sedis,137,132,0.27132491095433064,0.2167987977785758,1.2515056067397765,0.21185368913636038,0.9673002662638166,0.12122165068562349,0.10937845609378449,"age_years,sex",260
within_project,asthma,PRJNA434133,Bacteria.Verrucomicrobiota.Lentisphaeria.Victivallales.Victivallaceae.Victivallis,Victivallis,137,132,-0.14989247712185974,0.1248616092116649,-1.200468887660759,0.23102929527821067,0.9673002662638166,0.9931204685316996,0.0006635700066357497,"age_years,sex",260
within_project,asthma,PRJNA434133,Bacteria.Bacillota.Clostridia.Oscillospirales.Oscillospiraceae.UCG-007,UCG-007,137,132,-0.09302543480129302,0.11210006568950959,-0.8298428214926409,0.4073745780604604,0.9673002662638166,0.9793634512113569,0.0018801150188012539,"age_years,sex",260
within_project,asthma,PRJNA434133,Bacteria.Bacillota.Clostridia.Peptostreptococcales-Tissierellales.Anaerovoracaceae.[Eubacterium] sulci group,[Eubacterium] sulci group,137,132,0.09434228775830565,0.22593891865794352,0.4175566047615444,0.6766094344487792,0.9673002662638166,0.6635368187749224,0.030745410307454035,"age_years,sex",260
within_project,asthma,PRJNA434133,Bacteria.Bacillota.Clostridia.Oscillospirales.Ruminococcaceae.[Clostridium] methylpentosum group,[Clostridium] methylpentosum group,137,132,-0.02609420573189762,0.19242709933714014,-0.13560567000066612,0.8922359723221753,0.9810875341717571,0.9843655081163422,0.0014377350143772727,"age_years,sex",260
within_project,asthma,PRJNA434133,Bacteria.Bacillota.Clostridia.Lachnospirales.Lachnospiraceae.Stomatobaculum,Stomatobaculum,137,132,0.032629928141317405,0.27132191061901745,0.120262783300002,0.9043661129950002,0.9810875341717571,0.7556581618396836,0.02200840522008396,"age_years,sex",260
within_project,asthma,PRJNA434133,Bacteria.Bacillota.Clostridia.Oscillospirales.Oscillospiraceae.Pseudoflavonifractor,Pseudoflavonifractor,137,132,0.1979117896051457,0.17702038261184067,1.1180169576241081,0.2645722549465993,0.9673002662638166,0.2694019182712166,0.07796947577969471,"age_years,sex",260
within_project,asthma,PRJNA434133,Bacteria.Cyanobacteriota.Cyanobacteriia.Chloroplast.Incertae Sedis.Incertae Sedis,Incertae Sedis,137,132,-0.09232467693132049,0.25351220163311633,-0.3641823799271526,0.7160122339415842,0.9695999001292286,0.7366668826555014,-0.02377792523777922,"age_years,sex",260
within_project,asthma,PRJNA434133,Bacteria.Pseudomonadota.Gammaproteobacteria.Burkholderiales.Burkholderiaceae.Lautropia,Lautropia,137,132,0.173052819750622,0.27516584343837563,0.6289037098072014,0.5299538229575849,0.9673002662638166,0.720179997964286,0.025326255253262486,"age_years,sex",260
within_project,asthma,PRJNA434133,Bacteria.Pseudomonadota.Gammaproteobacteria.Enterobacterales.Pasteurellaceae.Aggregatibacter,Aggregatibacter,137,132,0.04127401375787311,0.30817199389008265,0.1339317477778157,0.8935582019032988,0.9810875341717571,0.9107519103371156,0.00796284007962833,"age_years,sex",260
within_project,asthma,PRJNA434133,Bacteria.Actinomycetota.Coriobacteriia.Coriobacteriales.Atopobiaceae.Lancefieldella,Lancefieldella,137,132,0.19034311078541896,0.28688489655612553,0.663482508387055,0.5075983442312734,0.9673002662638166,0.6612625681161328,0.030966600309666026,"age_years,sex",260
within_project,asthma,PRJNA434133,Bacteria.Bacillota.Bacilli.Lactobacillales.Aerococcaceae.Abiotrophia,Abiotrophia,137,132,0.31254020647107517,0.1954394645872962,1.5991663051833322,0.1109752093363991,0.9673002662638166,0.05711920425537173,0.13426233134262322,"age_years,sex",260
within_project,asthma,PRJNA434133,Bacteria.Fusobacteriota.Fusobacteriia.Fusobacteriales.Leptotrichiaceae.Pseudoleptotrichia,Pseudoleptotrichia,137,132,0.1990538801891611,0.32387028687254477,0.6146098862953004,0.539339725152764,0.9673002662638166,0.4047151749486817,0.058836540588365516,"age_years,sex",260
within_project,asthma,PRJNA434133,Bacteria.Bacteroidota.Bacteroidia.Bacteroidales.Prevotellaceae.Prevotellaceae UCG-003,Prevotellaceae UCG-003,137,132,0.14282916417495378,0.13540521245851353,1.0548276656536753,0.29246489950036375,0.9673002662638166,0.28182779705093775,0.07597876575978768,"age_years,sex",260
within_project,asthma,PRJNA434133,Bacteria.Pseudomonadota.Gammaproteobacteria.Enterobacterales.Pasteurellaceae.NA,Pasteurellaceae,137,132,0.20329785831864702,0.29777412392100516,0.6827250657030857,0.49537697276161485,0.9673002662638166,0.7026589296588313,0.02698518026985175,"age_years,sex",260
within_project,asthma,PRJNA434133,Bacteria.Actinomycetota.Coriobacteriia.Coriobacteriales.Coriobacteriaceae.Enorma,Enorma,137,132,0.19365348670956972,0.16807394810690512,1.1521921683329202,0.25028046879745447,0.9673002662638166,0.17284767331949447,0.0962176509621766,"age_years,sex",260
within_project,asthma,PRJNA434133,Bacteria.Bacillota.Negativicutes.Veillonellales-Selenomonadales.Selenomonadaceae.Selenomonas,Selenomonas,137,132,0.29677515186418685,0.3758295019115754,0.7896536869902557,0.43043602588172913,0.9673002662638166,0.8391221634263664,0.014377350143773393,"age_years,sex",260
within_project,asthma,PRJNA434133,Bacteria.Actinomycetota.Actinobacteria.Actinomycetales.Actinomycetaceae.F0332,F0332,137,132,0.08119796549887102,0.18984018263352026,0.42771748516287944,0.6692041863566129,0.9673002662638166,0.7916592841339471,0.018690555186905655,"age_years,sex",260
within_project,asthma,PRJNA434133,Bacteria.Actinomycetota.Actinobacteria.Bifidobacteriales.Bifidobacteriaceae.Scardovia,Scardovia,137,132,0.3234827477308899,0.19881083448146267,1.6270881241185666,0.10490679982494695,0.9673002662638166,0.04008264395487915,0.14487945144879455,"age_years,sex",260
within_project,asthma,PRJNA434133,Bacteria.Actinomycetota.Actinobacteria.Bifidobacteriales.Bifidobacteriaceae.Alloscardovia,Alloscardovia,137,132,0.09122427143684152,0.17506862523971195,0.5210772136465519,0.6027481351994213,0.9673002662638166,0.3795678187173285,0.06204379562043805,"age_years,sex",260
within_project,asthma,PRJNA434133,Bacteria.Bacillota.Negativicutes.Veillonellales-Selenomonadales.Veillonellaceae.Anaeroglobus,Anaeroglobus,137,132,0.11469476119810725,0.24011763641323777,0.4776607121049609,0.6332854565184078,0.9673002662638166,0.7307643237908943,0.024330900243308973,"age_years,sex",260
within_project,asthma,PRJNA434133,Bacteria.Fusobacteriota.Fusobacteriia.Fusobacteriales.Leptotrichiaceae.Leptotrichia,Leptotrichia,137,132,0.09472029484467548,0.34922062547564664,0.2712333921161278,0.7864226932855337,0.972377487147711,0.9818643905368549,0.0016589250165892633,"age_years,sex",260
within_project,asthma,PRJNA434133,Bacteria.Bacillota.Clostridia.Peptostreptococcales-Tissierellales.Family XI.Finegoldia,Finegoldia,137,132,-0.05025922030335775,0.2724614625310718,-0.18446359289298073,0.8537908694333595,0.9810875341717571,0.5017382918738305,0.04744525547445266,"age_years,sex",260
within_project,asthma,PRJNA434133,Bacteria.Bacillota.Clostridia.Peptostreptococcales-Tissierellales.Peptostreptococcaceae.Clostridioides,Clostridioides,137,132,0.10603939286200612,0.31612224118539184,0.3354379383885826,0.7375601501503428,0.972377487147711,0.8896548327143785,0.009842955098429584,"age_years,sex",260
within_project,asthma,PRJNA434133,Bacteria.Bacteroidota.Bacteroidia.Bacteroidales.Prevotellaceae.Alloprevotella,Alloprevotella,137,132,0.20028723937849832,0.35071359760677207,0.5710848987471107,0.5684260790466451,0.9673002662638166,0.6319879066611533,0.03384207033842079,"age_years,sex",260
within_project,asthma,PRJNA434133,Bacteria.Bacillota.Clostridia.Oscillospirales.Ruminococcaceae.Harryflintia,Harryflintia,137,132,-0.010668800029540381,0.11846156846541449,-0.090061276139993,0.9283065531523853,0.9810875341717571,0.6658141736370631,0.030524220305242267,"age_years,sex",260
within_project,asthma,PRJNA434133,Bacteria.Pseudomonadota.Gammaproteobacteria.Burkholderiales.Neisseriaceae.Eikenella,Eikenella,137,132,0.09477472452395827,0.22090226471218746,0.42903464411032555,0.6682465863251354,0.9673002662638166,0.613150441471854,0.035722185357221825,"age_years,sex",260
within_project,asthma,PRJNA434133,Bacteria.Fusobacteriota.Fusobacteriia.Fusobacteriales.Leptotrichiaceae.Incertae Sedis,Incertae Sedis,137,132,0.05594291606826836,0.2342162669318785,0.23885154007914952,0.8114053132756948,0.972377487147711,0.8563136220044072,0.012829020128290125,"age_years,sex",260
within_project,asthma,PRJNA434133,Bacteria.Pseudomonadota.Gammaproteobacteria.Burkholderiales.Burkholderiaceae.Ralstonia,Ralstonia,137,132,0.15764077847371732,0.27351456687933623,0.576352405183824,0.5648662002835019,0.9673002662638166,0.6010952161918688,0.03693873036938733,"age_years,sex",260
within_project,asthma,PRJNA434133,Bacteria.Pseudomonadota.Gammaproteobacteria.Pseudomonadales.Moraxellaceae.Enhydrobacter,Enhydrobacter,137,132,-0.4089865226167039,0.18308710105046097,-2.2338358096782707,0.02632845047576534,0.9673002662638166,0.7319435738356126,-0.02422030524220309,"age_years,sex",260
within_project,asthma,PRJNA434133,Bacteria.Bacteroidota.Bacteroidia.Flavobacteriales.Flavobacteriaceae.Flavobacterium,Flavobacterium,137,132,-0.045372906427956765,0.15755170804627253,-0.2879873978556352,0.7735814886805648,0.972377487147711,0.9781130560726115,-0.001990710019907138,"age_years,sex",260
within_project,asthma,PRJNA434133,Bacteria.Bacillota.Negativicutes.Veillonellales-Selenomonadales.Selenomonadaceae.Centipeda,Centipeda,137,132,0.2851776315371351,0.3185721032232519,0.8951745261175166,0.3715061640261601,0.9673002662638166,0.5709033186619534,0.040035390400353865,"age_years,sex",260
within_project,asthma,PRJNA434133,Bacteria.Pseudomonadota.Gammaproteobacteria.Pseudomonadales.Moraxellaceae.Moraxella,Moraxella,137,132,-0.148162522305483,0.3499895489471991,-0.4233341331224591,0.6723948585580308,0.9673002662638166,0.7425850202080291,0.023224950232249464,"age_years,sex",260
within_project,asthma,PRJNA434133,Bacteria.Bacteroidota.Bacteroidia.Flavobacteriales.Weeksellaceae.Bergeyella,Bergeyella,137,132,0.08073841430324843,0.25383899282535083,0.3180693927461294,0.750682806324966,0.972377487147711,0.6761001955492558,0.029528865295288753,"age_years,sex",260
within_project,asthma,PRJNA434133,Bacteria.Bacteroidota.Bacteroidia.Flavobacteriales.Flavobacteriaceae.Capnocytophaga,Capnocytophaga,137,132,0.02961880592386395,0.29242256821476914,0.10128768824063702,0.9193986822084266,0.9810875341717571,0.7061508818648116,0.026653395266533986,"age_years,sex",260
within_project,asthma,PRJNA434133,Bacteria.Actinomycetota.Actinobacteria.Micrococcales.Micrococcaceae.Micrococcus,Micrococcus,137,132,-0.3472433388573727,0.23281565732030668,-1.4914947854200242,0.13702105903769082,0.9673002662638166,0.9756124301974513,-0.0022119000221190177,"age_years,sex",260
within_project,asthma,PRJNA434133,Bacteria.Pseudomonadota.Gammaproteobacteria.Enterobacterales.Pasteurellaceae.Mannheimia,Mannheimia,137,132,-0.14951079264279524,0.21625621845882412,-0.6913595072932553,0.4899448540880993,0.9673002662638166,0.8983332723499893,-0.00906879009068795,"age_years,sex",260
within_project,asthma,PRJNA434133,Bacteria.Bacillota.Clostridia.Lachnospirales.Lachnospiraceae.Syntrophococcus,Syntrophococcus,137,132,-0.18160697366664344,0.23184517637939084,-0.7833114171392648,0.4341437513702431,0.9673002662638166,0.6533273968872568,-0.03174076531740766,"age_years,sex",260
within_project,NAFLD,PRJNA246121,Bacteria.Actinomycetota.Coriobacteriia.Coriobacteriales.Coriobacteriaceae.Collinsella,Collinsella,53,31,-1.1240142075972042,0.8351037912593137,-1.3459574957769278,0.18211812982804654,0.4980696913736603,0.34440254094799816,-0.12477175897748027,"age_years,sex",171
within_project,NAFLD,PRJNA246121,Bacteria.Bacillota.Bacilli.Erysipelotrichales.Erysipelotrichaceae.Holdemanella,Holdemanella,53,31,-0.23511958703929706,0.6699188469049521,-0.3509672673422424,0.7265354741254011,0.8183878665141859,0.05384480979390577,0.2538040170419964,"age_years,sex",171
within_project,NAFLD,PRJNA246121,Bacteria.Bacillota.Bacilli.Erysipelotrichales.Erysipelotrichaceae.NA,Erysipelotrichaceae,53,31,0.9146875783731827,0.4199012936631065,2.178339510206537,0.03232493204454113,0.2512528808916606,0.03078632134139916,0.28423615337796715,"age_years,sex",171
within_project,NAFLD,PRJNA246121,Bacteria.Bacillota.Bacilli.Lactobacillales.Lactobacillaceae.Limosilactobacillus,Limosilactobacillus,53,31,0.7702676668802251,0.42925346068698395,1.7944355431578272,0.07652128253356774,0.3634760920344468,0.0031063620293599195,0.38892270237370674,"age_years,sex",171
within_project,NAFLD,PRJNA246121,Bacteria.Bacillota.Bacilli.Lactobacillales.Lactobacillaceae.Weissella,Weissella,53,31,0.9160591112813563,0.6892656455625877,1.3290363696186493,0.1876140370433634,0.4980696913736603,0.133179774789295,0.1978088861838101,"age_years,sex",171
within_project,NAFLD,PRJNA246121,Bacteria.Bacillota.Bacilli.Lactobacillales.Streptococcaceae.Streptococcus,Streptococcus,53,31,0.804154544567731,0.34085175894573866,2.3592500946892487,0.020750456669771756,0.21726264260609188,0.16722522013275143,0.18198417528910538,"age_years,sex",171
within_project,NAFLD,PRJNA246121,Bacteria.Bacillota.Bacilli.RF39.Incertae Sedis.Incertae Sedis,Incertae Sedis,53,31,-0.7569216271417659,0.8011126112228787,-0.9448379872416983,0.34758653463836675,0.6127556435377393,0.019982461973513874,-0.3061472915398661,"age_years,sex",171
within_project,NAFLD,PRJNA246121,Bacteria.Bacillota.Clostridia.Christensenellales.Christensenellaceae.Christensenellaceae R-7 group,Christensenellaceae R-7 group,53,31,-1.213041006099801,0.8655787330159473,-1.4014219155699288,0.16495560485748872,0.4980696913736603,0.03617665735931768,-0.27571515520389533,"age_years,sex",171
within_project,NAFLD,PRJNA246121,Bacteria.Bacillota.Clostridia.Clostridia UCG-014.Incertae Sedis.Incertae Sedis,Incertae Sedis,53,31,-0.9147884828844427,0.8999281036868798,-1.0165128515674553,0.3124496602475438,0.5857915047986605,0.1193998059312205,-0.2051125989044431,"age_years,sex",171
within_project,NAFLD,PRJNA246121,Bacteria.Bacillota.Clostridia.Clostridiales.Clostridiaceae.Clostridium,Clostridium,53,31,1.8276042492501525,0.7375316889971623,2.478000981537736,0.015317290176199002,0.20148127847154074,0.004430330971820785,0.3743152769324407,"age_years,sex",171
within_project,NAFLD,PRJNA246121,Bacteria.Bacillota.Clostridia.Lachnospirales.Lachnospiraceae.Blautia,Blautia,53,31,0.15666454378706823,0.3419392843053056,0.4581647999449749,0.6480761710263079,0.8149154958073035,0.7039047285148906,-0.05051734631771154,"age_years,sex",171
within_project,NAFLD,PRJNA246121,Bacteria.Bacillota.Clostridia.Lachnospirales.Lachnospiraceae.Dorea,Dorea,53,31,-0.31706353341360993,0.7946399343921299,-0.3990027680349991,0.6909542596714436,0.8149154958073035,0.11506336752041278,0.2075471698113207,"age_years,sex",171
within_project,NAFLD,PRJNA246121,Bacteria.Bacillota.Clostridia.Lachnospirales.Lachnospiraceae.Howardella,Howardella,53,31,-0.31327736628416913,0.4467208089471719,-0.7012822326824192,0.4851618887476091,0.7407382408557247,0.1193998059312205,0.2051125989044431,"age_years,sex",171
within_project,NAFLD,PRJNA246121,Bacteria.Bacillota.Clostridia.Lachnospirales.Lachnospiraceae.Mediterraneibacter,Mediterraneibacter,53,31,-0.9772990225366949,0.8756689297515655,-1.1160599506641884,0.267737561688413,0.5377710788358808,0.32127052621627095,-0.13085818624467438,"age_years,sex",171
within_project,NAFLD,PRJNA246121,Bacteria.Bacillota.Clostridia.Lachnospirales.Lachnospiraceae.Roseburia,Roseburia,53,31,-0.8843874232274532,1.24065042283201,-0.7128417537703152,0.47801780155199636,0.7364058023909132,0.7596824799720994,0.04077906269020093,"age_years,sex",171
within_project,NAFLD,PRJNA246121,Bacteria.Bacillota.Clostridia.Lachnospirales.Lachnospiraceae.[Eubacterium] eligens group,[Eubacterium] eligens group,53,31,-0.41418451067679934,0.8742741994457673,-0.4737466929017981,0.6369708998607648,0.8149154958073035,0.9630327641587505,-0.0066950699939135605,"age_years,sex",171
within_project,NAFLD,PRJNA246121,Bacteria.Bacillota.Clostridia.Lachnospirales.Lachnospiraceae.[Eubacterium] ruminantium group,[Eubacterium] ruminantium group,53,31,-0.5367968392677782,1.1150813744608594,-0.48139700972704247,0.631548544542706,0.8149154958073035,0.7596824799720994,-0.04077906269020082,"age_years,sex",171
within_project,NAFLD,PRJNA246121,Bacteria.Bacillota.Clostridia.NA.NA.NA,Clostridia,53,31,-1.1926147001845926,0.7189871463983123,-1.658742727403217,0.10108356153971626,0.42159241520223123,0.07067224182955396,-0.23797930614729157,"age_years,sex",171
within_project,NAFLD,PRJNA246121,Bacteria.Bacillota.Clostridia.Oscillospirales.Oscillospiraceae.Colidextribacter,Colidextribacter,53,31,-1.49516619300924,0.7104966754802665,-2.1043957623004625,0.03848357137904015,0.2632276282326346,0.045258927402358776,-0.263542300669507,"age_years,sex",171
within_project,NAFLD,PRJNA246121,Bacteria.Bacillota.Clostridia.Oscillospirales.Oscillospiraceae.UCG-002,UCG-002,53,31,-1.286052064071374,0.9427593252194331,-1.3641361370485912,0.1763502880708296,0.4980696913736603,0.014772346310818623,-0.3207547169811321,"age_years,sex",171
within_project,NAFLD,PRJNA246121,Bacteria.Bacillota.Clostridia.Oscillospirales.Ruminococcaceae.CAG-352,CAG-352,53,31,-0.2463823839692485,1.010512297658807,-0.24381928309044482,0.8079949639761728,0.868753382884558,0.3491534497260267,0.12355447352404147,"age_years,sex",171
within_project,NAFLD,PRJNA246121,Bacteria.Bacillota.Clostridia.Oscillospirales.Ruminococcaceae.Faecalibacterium,Faecalibacterium,53,31,0.13311228356894625,0.38388809298594856,0.34674762255212366,0.7296913606539843,0.8183878665141859,0.6698142453812187,-0.05660377358490565,"age_years,sex",171
within_project,NAFLD,PRJNA246121,Bacteria.Bacillota.Clostridia.Oscillospirales.Ruminococcaceae.Gemmiger,Gemmiger,53,31,-0.4891131019045893,0.6729302491934462,-0.7268407126753856,0.46944508644022354,0.7297737252843476,0.15883999044496544,-0.18563603164942177,"age_years,sex",171
within_project,NAFLD,PRJNA246121,Bacteria.Bacillota.Clostridia.Oscillospirales.Ruminococcaceae.NA,Ruminococcaceae,53,31,-1.3346032534661134,0.7655732015845372,-1.7432732111100964,0.08512784730953814,0.3830753128929216,0.019016045399944292,-0.3085818624467438,"age_years,sex",171
within_project,NAFLD,PRJNA246121,Bacteria.Bacillota.Clostridia.Oscillospirales.Ruminococcaceae.Ruminococcus,Ruminococcus,53,31,-0.383168449797967,0.9100908703305507,-0.4210221883214781,0.6748678440853348,0.8149154958073035,0.3835657097543226,-0.11503347534996955,"age_years,sex",171
within_project,NAFLD,PRJNA246121,Bacteria.Bacillota.Clostridia.Oscillospirales.Ruminococcaceae.[Eubacterium] siraeum group,[Eubacterium] siraeum group,53,31,0.6857867760001997,0.8528900875007901,0.8040740372651645,0.4237371414187996,0.6901527967047718,0.9408854316588912,0.010346926354229957,"age_years,sex",171
within_project,NAFLD,PRJNA246121,Bacteria.Bacillota.Clostridia.Oscillospirales.UCG-010.Incertae Sedis,Incertae Sedis,53,31,-1.2929523052668785,0.7760445583918113,-1.6660799837914586,0.0996086508376931,0.42159241520223123,0.1481597539032653,-0.19050517346317708,"age_years,sex",171
within_project,NAFLD,PRJNA246121,Bacteria.Bacillota.NA.NA.NA.NA,Bacteria.Bacillota.NA.NA.NA.NA,53,31,0.10421768497040165,0.3880462430546704,0.2685702718057724,0.7889517537979994,0.8648124993554994,0.409373276856272,0.10894704808277544,"age_years,sex",171
within_project,NAFLD,PRJNA246121,Bacteria.Bacillota.Negativicutes.Acidaminococcales.Acidaminococcaceae.Phascolarctobacterium,Phascolarctobacterium,53,31,-0.9346769307692242,0.6752108682224526,-1.3842741205126587,0.17012391896686577,0.4980696913736603,0.2822507179348057,-0.1418137553256239,"age_years,sex",171
within_project,NAFLD,PRJNA246121,Bacteria.Bacteroidota.Bacteroidia.Bacteroidales.Bacteroidaceae.Bacteroides,Bacteroides,53,31,0.010706233536309081,0.2952405323073073,0.03626274974049049,0.9711631846404802,0.9768759092560125,0.3491534497260267,0.12355447352404147,"age_years,sex",171
within_project,NAFLD,PRJNA246121,Bacteria.Bacteroidota.Bacteroidia.Bacteroidales.Prevotellaceae.Segatella,Segatella,53,31,-2.333727758776598,1.0901870917126217,-2.140667208882876,0.03534592601552305,0.25183972286060174,0.11085178128643733,-0.20998174071819842,"age_years,sex",171
within_project,NAFLD,PRJNA246121,Bacteria.Bacteroidota.Bacteroidia.Bacteroidales.Rikenellaceae.Alistipes,Alistipes,53,31,-1.4190582487249888,0.5839006235670064,-2.430307815148518,0.017324094977664472,0.21160144579861606,0.00021680714626702262,-0.4863055386488131,"age_years,sex",171
within_project,NAFLD,PRJNA246121,Bacteria.Bacteroidota.Bacteroidia.Bacteroidales.Tannerellaceae.Parabacteroides,Parabacteroides,53,31,-0.49109888337448193,0.4727483738992394,-1.0388166527657983,0.302019592523799,0.580284835073816,0.3685706029502309,-0.11868533171028606,"age_years,sex",171
within_project,NAFLD,PRJNA246121,Bacteria.NA.NA.NA.NA.NA,Bacteria.NA.NA.NA.NA.NA,53,31,-0.8842580986513985,0.5485871416892402,-1.6118826553763939,0.11092595580030097,0.43105283962781604,0.044271656023029154,-0.2647595861229458,"age_years,sex",171
within_project,NAFLD,PRJNA246121,Bacteria.Pseudomonadota.Gammaproteobacteria.Burkholderiales.Oxalobacteraceae.Oxalobacter,Oxalobacter,53,31,-0.48080493374273664,0.3631880762405439,-1.3238455918478274,0.18932473648706385,0.4980696913736603,0.8747848467309458,0.02130249543517948,"age_years,sex",171
within_project,NAFLD,PRJNA246121,Bacteria.Pseudomonadota.Gammaproteobacteria.Enterobacterales.Enterobacteriaceae.Enterobacter,Enterobacter,53,31,-0.26218165812519356,0.7138452725755234,-0.36728079346838466,0.7143793865542007,0.8183878665141859,0.4869160516587515,0.09190505173463182,"age_years,sex",171
within_project,NAFLD,PRJNA246121,Bacteria.Pseudomonadota.Gammaproteobacteria.Enterobacterales.Enterobacteriaceae.Klebsiella,Klebsiella,53,31,0.1321357804177751,0.9501946779537763,0.139061798054191,0.8897507923269298,0.9325554753561294,0.14302968098404822,0.19293974437005468,"age_years,sex",171
within_project,NAFLD,PRJNA246121,Bacteria.Pseudomonadota.Gammaproteobacteria.Enterobacterales.Enterobacteriaceae.NA,Enterobacteriaceae,53,31,0.5344080579608131,0.7322461071654549,0.7298202786349,0.46763169364113855,0.7297737252843476,0.06924048387343025,0.23919659160073037,"age_years,sex",171
within_project,NAFLD,PRJNA246121,Bacteria.Pseudomonadota.Gammaproteobacteria.Enterobacterales.Enterobacteriaceae.Pseudocitrobacter,Pseudocitrobacter,53,31,-0.26566656722204435,0.5083558482724055,-0.522599608374497,0.6026971993609349,0.8149154958073035,0.04939555248326201,0.2586731588557516,"age_years,sex",171
within_project,NAFLD,PRJNA246121,Bacteria.Pseudomonadota.Gammaproteobacteria.Enterobacterales.Pasteurellaceae.Haemophilus,Haemophilus,53,31,0.5905047920702973,0.7326932538839774,0.8059372581091134,0.42266822583916297,0.6901527967047718,0.27812249156190205,0.1430310407790627,"age_years,sex",171
within_project,NAFLD,PRJNA246121,Bacteria.Actinomycetota.Actinobacteria.Micrococcales.Micrococcaceae.Rothia,Rothia,53,31,0.6445593727338979,0.48449128419589044,1.3303838350852322,0.18717186566128477,0.4980696913736603,0.0330056301738296,0.28058429701765064,"age_years,sex",171
within_project,NAFLD,PRJNA246121,Bacteria.Actinomycetota.Coriobacteriia.Coriobacteriales.Eggerthellaceae.Eggerthella,Eggerthella,53,31,0.3741984358955806,0.6800518257919588,0.5502498805290397,0.5836811394198624,0.8149154958073035,0.43618657563245666,0.10286062081558134,"age_years,sex",171
within_project,NAFLD,PRJNA246121,Bacteria.Bacillota.Bacilli.Lactobacillales.Enterococcaceae.Enterococcus,Enterococcus,53,31,0.7345017437812988,0.45892709006139676,1.6004758918961066,0.11343495779679369,0.43105283962781604,0.0046951562962629,0.3718807060255629,"age_years,sex",171
within_project,NAFLD,PRJNA246121,Bacteria.Bacillota.Bacilli.Lactobacillales.Lactobacillaceae.Lactobacillus,Lactobacillus,53,31,-0.20315574559531155,0.4372248878677637,-0.46464817358877086,0.6434455641598092,0.8149154958073035,0.6036915279485644,0.06877662811929408,"age_years,sex",171
within_project,NAFLD,PRJNA246121,Bacteria.Bacillota.Bacilli.Staphylococcales.Gemellaceae.Gemella,Gemella,53,31,0.4557695651921571,0.4651609445678405,0.979810473159116,0.33013349786057855,0.5942402961490414,0.5717694901921326,0.07486305538648819,"age_years,sex",171
within_project,NAFLD,PRJNA246121,Bacteria.Bacillota.Clostridia.Lachnospirales.Lachnospiraceae.NA,Lachnospiraceae,53,31,-0.015439681520649054,0.3310194560205346,-0.04664282186389449,0.9629141422440379,0.9768759092560125,0.7952111963535216,0.0346926354230066,"age_years,sex",171
within_project,NAFLD,PRJNA246121,Bacteria.Bacillota.Clostridia.Oscillospirales.Butyricicoccaceae.Agathobaculum,Agathobaculum,53,31,-0.13158295971556785,0.31367499257061277,-0.41948820541040305,0.6759837189236406,0.8149154958073035,0.9926040116152651,-0.0018259281801582539,"age_years,sex",171
within_project,NAFLD,PRJNA246121,Bacteria.Bacillota.Clostridia.Oscillospirales.Oscillospiraceae.Intestinimonas,Intestinimonas,53,31,-1.8015636782419668,0.7636766218673197,-2.359066163157956,0.020760056430779543,0.21726264260609188,0.0075929600861951805,-0.35118685331710287,"age_years,sex",171
within_project,NAFLD,PRJNA246121,Bacteria.Bacillota.Clostridia.Oscillospirales.Oscillospiraceae.NA,Oscillospiraceae,53,31,0.04145883018201276,0.6046541879544223,0.06856618379221059,0.9455060268058502,0.9739851239987976,0.08302091639196489,-0.22824102251978085,"age_years,sex",171
within_project,NAFLD,PRJNA246121,Bacteria.Bacillota.Clostridia.Oscillospirales.Oscillospiraceae.NK4A214 group,NK4A214 group,53,31,-1.1720391026295403,0.8256300599788645,-1.4195693197744563,0.159618082605678,0.4980696913736603,0.039603789509406746,-0.27084601339014003,"age_years,sex",171
within_project,NAFLD,PRJNA246121,Bacteria.Bacillota.Clostridia.Oscillospirales.Ruminococcaceae.Acutalibacter,Acutalibacter,53,31,-0.3603178474721864,0.3101897124530272,-1.1616047631713455,0.24885010169238184,0.5253502146839173,0.07360861488511583,-0.23554473524041386,"age_years,sex",171
within_project,NAFLD,PRJNA246121,Bacteria.Pseudomonadota.Gammaproteobacteria.Enterobacterales.Enterobacteriaceae.Escherichia-Shigella,Escherichia-Shigella,53,31,0.6769870965153302,0.4965885507022273,1.3632756847857261,0.1766201331480353,0.4980696913736603,0.2991776463540825,0.1369446135118686,"age_years,sex",171
within_project,NAFLD,PRJNA246121,Bacteria.Verrucomicrobiota.Verrucomicrobiia.Verrucomicrobiales.Akkermansiaceae.Akkermansia,Akkermansia,53,31,-0.9594966808645026,0.8646543289548897,-1.1096881710223427,0.2704579694730161,0.5377710788358808,0.7952111963535216,-0.03469263542300671,"age_years,sex",171
within_project,NAFLD,PRJNA246121,Bacteria.Bacillota.Bacilli.Erysipelotrichales.Erysipelatoclostridiaceae.Erysipelotrichaceae UCG-003,Erysipelotrichaceae UCG-003,53,31,0.2004789089094559,0.5839042516347659,0.3433420947838142,0.7322417753021664,0.8183878665141859,0.40413073509842423,-0.11016433353621424,"age_years,sex",171
within_project,NAFLD,PRJNA246121,Bacteria.Bacillota.Clostridia.Oscillospirales.Ruminococcaceae.Caproiciproducens,Caproiciproducens,53,31,-0.6823176969844109,0.41463159978579195,-1.6455998465551387,0.10376977780374444,0.4224912382009595,0.5908266355397409,-0.07121119902617168,"age_years,sex",171
within_project,NAFLD,PRJNA246121,Bacteria.Bacillota.Clostridia.Oscillospirales.Ruminococcaceae.Fournierella,Fournierella,53,31,0.6195927912032607,0.6290555214973247,0.9849572414982701,0.3276146403968959,0.5942402961490414,0.021512428699772008,0.3024954351795497,"age_years,sex",171
within_project,NAFLD,PRJNA246121,Bacteria.Bacillota.Clostridia.Oscillospirales.[Eubacterium] coprostanoligenes group.Incertae Sedis,Incertae Sedis,53,31,-0.7673207128714251,0.8192606455059033,-0.9366014553251186,0.3517824640708982,0.6138245036339143,0.06924048387343025,-0.23919659160073037,"age_years,sex",171
within_project,NAFLD,PRJNA246121,Bacteria.Bacillota.Clostridia.Peptococcales.Peptococcaceae.Peptococcus,Peptococcus,53,31,-0.276180523773555,0.5573702611289324,-0.495506386031723,0.6216011262721117,0.8149154958073035,0.9704224002391569,0.005477784540474762,"age_years,sex",171
within_project,NAFLD,PRJNA246121,Bacteria.Bacillota.Clostridia.Peptostreptococcales-Tissierellales.Anaerovoracaceae.Family XIII AD3011 group,Family XIII AD3011 group,53,31,-1.5037676034626342,0.5782401999724287,-2.6005933235605823,0.011081541947262493,0.17630801953913866,0.0022209364297492073,-0.40231284236153375,"age_years,sex",171
within_project,NAFLD,PRJNA246121,Bacteria.Bacillota.Clostridia.Peptostreptococcales-Tissierellales.Family XI.Parvimonas,Parvimonas,53,31,-0.5123047813586078,0.3767017101900214,-1.3599746629771963,0.17765827036005027,0.4980696913736603,0.6630742963177081,0.05782105903834456,"age_years,sex",171
within_project,NAFLD,PRJNA246121,Bacteria.Bacteroidota.Bacteroidia.Bacteroidales.Muribaculaceae.Incertae Sedis,Incertae Sedis,53,31,0.15766229537677978,0.5420232514958947,0.2908773653928275,0.7718978898750436,0.8515776720556932,0.2008235103441568,0.16859403530127826,"age_years,sex",171
within_project,NAFLD,PRJNA246121,Bacteria.Actinomycetota.Actinobacteria.Actinomycetales.Actinomycetaceae.Schaalia,Schaalia,53,31,0.07293729004820974,0.47935097197886356,0.15215842735670063,0.8794450700599408,0.9283031295077153,0.7456071854415633,-0.04321363359707853,"age_years,sex",171
within_project,NAFLD,PRJNA246121,Bacteria.Bacillota.Bacilli.Lactobacillales.P5D1-392.Incertae Sedis,Incertae Sedis,53,31,0.47876431213787457,0.5183067037272584,0.9237085082924343,0.3584158364049762,0.6190818992449589,0.6630742963177081,0.05782105903834456,"age_years,sex",171
within_project,NAFLD,PRJNA246121,Bacteria.Bacillota.Clostridia.Lachnospirales.Lachnospiraceae.Anaerostipes,Anaerostipes,53,31,-1.375730051037212,1.0870315100021466,-1.2655843353009106,0.20933545417079547,0.5067537008739984,0.26598531000198955,-0.1466828971393792,"age_years,sex",171
within_project,NAFLD,PRJNA246121,Bacteria.Bacillota.Clostridia.Lachnospirales.Lachnospiraceae.Fusicatenibacter,Fusicatenibacter,53,31,-0.2779022646626974,0.6966251937249602,-0.3989265205536308,0.6910102157430351,0.8149154958073035,0.4639850311186974,-0.09677419354838712,"age_years,sex",171
within_project,NAFLD,PRJNA246121,Bacteria.Bacillota.Negativicutes.Veillonellales-Selenomonadales.Veillonellaceae.Dialister,Dialister,53,31,0.22419522094417235,0.9351345397876163,0.2397464871686705,0.8111400107156558,0.868753382884558,0.6630742963177081,0.05782105903834456,"age_years,sex",171
within_project,NAFLD,PRJNA246121,Bacteria.Bacillota.Negativicutes.Veillonellales-Selenomonadales.Veillonellaceae.Megasphaera,Megasphaera,53,31,-0.25132264094002643,0.8362490263298559,-0.3005356455158287,0.7645482432252,0.8489464259188909,0.528475552913172,-0.08338405356056,"age_years,sex",171
within_project,NAFLD,PRJNA246121,Bacteria.Patescibacteria.Saccharimonadia.Saccharimonadales.Incertae Sedis.Incertae Sedis,Incertae Sedis,53,31,0.2282287662688548,0.4974213519239065,0.4588238228739491,0.6476048406670221,0.8149154958073035,0.3636544109983416,0.11990261716372497,"age_years,sex",171
within_project,NAFLD,PRJNA246121,Bacteria.Bacillota.Bacilli.Erysipelotrichales.Erysipelotrichaceae.Turicibacter,Turicibacter,53,31,1.3202909281208652,0.6724121648767967,1.9635143399923123,0.05306083413268683,0.3037748626096621,0.06508755440801901,0.24284844796104688,"age_years,sex",171
within_project,NAFLD,PRJNA246121,Bacteria.Bacteroidota.Bacteroidia.Bacteroidales.Prevotellaceae.Leyella,Leyella,53,31,0.43794495345176077,0.7924929590720842,0.5526168383433244,0.582066614041149,0.8149154958073035,0.0075929600861951805,0.35118685331710275,"age_years,sex",171
within_project,NAFLD,PRJNA246121,Bacteria.Bacillota.Bacilli.Lactobacillales.Streptococcaceae.Lactococcus,Lactococcus,53,31,0.4230203502783635,0.36048525175500834,1.1734747766209725,0.24408737398369967,0.521736761890158,0.05987203241941702,0.2477175897748023,"age_years,sex",171
within_project,NAFLD,PRJNA246121,Bacteria.Bacillota.Clostridia.Lachnospirales.Lachnospiraceae.Lachnospira,Lachnospira,53,31,0.5341344931436649,0.9137851487459058,0.5845296280824,0.5605089015821298,0.8077988167620748,0.8894150294826111,0.018867924528301883,"age_years,sex",171
within_project,NAFLD,PRJNA246121,Bacteria.Bacillota.Clostridia.Oscillospirales.Ruminococcaceae.Ruthenibacterium,Ruthenibacterium,53,31,-1.3439831943945377,0.5817481568243426,-2.310249166462508,0.023451630328467223,0.22279048812043864,0.05862375309307977,-0.24893487522824098,"age_years,sex",171
within_project,NAFLD,PRJNA246121,Bacteria.Actinomycetota.Actinobacteria.Bifidobacteriales.Bifidobacteriaceae.Bifidobacterium,Bifidobacterium,53,31,-0.4361155988918068,0.632292357086974,-0.6897372615747396,0.4923553901964769,0.7450687763150226,0.10476370577510331,-0.21363359707851493,"age_years,sex",171
within_project,NAFLD,PRJNA246121,Bacteria.Bacillota.Bacilli.Erysipelotrichales.Erysipelotrichaceae.Solobacterium,Solobacterium,53,31,0.3166137546760873,0.5069390606027655,0.6245597928469434,0.5340372316480356,0.780515953947129,0.7177140808331968,0.048082775410833944,"age_years,sex",171
within_project,NAFLD,PRJNA246121,Bacteria.Bacillota.Bacilli.Lactobacillales.Lactobacillaceae.Ligilactobacillus,Ligilactobacillus,53,31,0.8373722240535864,0.40792093895803344,2.052780683905355,0.043362843492030664,0.2746313421161942,0.0005087415203211911,0.45709068776628126,"age_years,sex",171
within_project,NAFLD,PRJNA246121,Bacteria.Bacillota.Clostridia.Oscillospirales.Ruminococcaceae.Candidatus Soleaferrea,Candidatus Soleaferrea,53,31,0.008826905499130835,0.5114705089087852,0.017257897269508087,0.9862738424647068,0.9862738424647068,0.16159896110409744,0.18441874619598297,"age_years,sex",171
within_project,NAFLD,PRJNA246121,Bacteria.Bacillota.Clostridia.Peptostreptococcales-Tissierellales.Family XI.Anaerococcus,Anaerococcus,53,31,-0.47848501816230654,0.2853070516939789,-1.6770879490056587,0.09742871713274749,0.42159241520223123,0.882094909689371,0.020085209981740793,"age_years,sex",171
within_project,NAFLD,PRJNA246121,Bacteria.Thermodesulfobacteriota.Desulfovibrionia.Desulfovibrionales.Desulfovibrionaceae.Bilophila,Bilophila,53,31,-0.8325157026659213,0.6769425084503581,-1.229817439846846,0.22236994475623784,0.5097526050424974,0.09520990336565066,-0.21972002434570903,"age_years,sex",171
within_project,NAFLD,PRJNA246121,Bacteria.Actinomycetota.Coriobacteriia.Coriobacteriales.Eggerthellaceae.Gordonibacter,Gordonibacter,53,31,-0.1910277231710895,0.46261158201491276,-0.4129332913349574,0.6807601502221579,0.8149154958073035,0.882094909689371,-0.02008520998174068,"age_years,sex",171
within_project,NAFLD,PRJNA246121,Bacteria.Bacillota.Clostridia.Lachnospirales.Lachnospiraceae.Anaerobutyricum,Anaerobutyricum,53,31,-0.17342882696968434,0.7301970574436843,-0.23750962182295543,0.8128686623481244,0.868753382884558,0.9926040116152651,-0.0018259281801582539,"age_years,sex",171
within_project,NAFLD,PRJNA246121,Bacteria.Bacillota.Clostridia.Lachnospirales.Lachnospiraceae.[Eubacterium] ventriosum group,[Eubacterium] ventriosum group,53,31,-1.8462631289250884,0.6466664448215353,-2.855047055108315,0.0054786107781873185,0.17478452836012712,0.0009354367759427611,-0.4351795496043822,"age_years,sex",171
within_project,NAFLD,PRJNA246121,Bacteria.Bacillota.Clostridia.Lachnospirales.Lachnospiraceae.[Ruminococcus] gnavus group,[Ruminococcus] gnavus group,53,31,0.5786350972718741,1.1521057861172386,0.5022412908991258,0.6168774444300908,0.8149154958073035,0.18193308727354263,0.17589774802191105,"age_years,sex",171
within_project,NAFLD,PRJNA246121,Bacteria.Bacillota.Clostridia.Monoglobales.Monoglobaceae.Monoglobus,Monoglobus,53,31,-0.8210655254884406,0.628924549965595,-1.305507195629995,0.19546225093226485,0.4997192232035265,0.2074279042576982,-0.16615946439440044,"age_years,sex",171
within_project,NAFLD,PRJNA246121,Bacteria.Bacillota.Clostridia.Oscillospirales.Oscillospiraceae.UCG-005,UCG-005,53,31,-1.6507664400433637,0.8731453302393969,-1.890597570499244,0.06229881919878502,0.3156732075659024,0.004974232209130675,-0.3694461351186853,"age_years,sex",171
within_project,NAFLD,PRJNA246121,Bacteria.Bacillota.Clostridia.Peptostreptococcales-Tissierellales.Anaerovoracaceae.Family XIII UCG-001,Family XIII UCG-001,53,31,-1.3876313915246188,0.6311871845554223,-2.1984467135561365,0.030806689360460097,0.25085447050660364,0.027371970657631185,-0.29032258064516125,"age_years,sex",171
within_project,NAFLD,PRJNA246121,Bacteria.Actinomycetota.Actinobacteria.Bifidobacteriales.Bifidobacteriaceae.Gardnerella,Gardnerella,53,31,-1.258299437383837,0.40621832243500194,-3.0975939978314853,0.0026909689985347074,0.11503892468735874,0.8747848467309458,-0.02130249543517959,"age_years,sex",171
within_project,NAFLD,PRJNA246121,Bacteria.Bacillota.Clostridia.Oscillospirales.Oscillospiraceae.UCG-003,UCG-003,53,31,-1.6148850931476935,0.855720865625992,-1.8871633940658257,0.06276543308327884,0.3156732075659024,0.019494022387073446,-0.3073645769933049,"age_years,sex",171
within_project,NAFLD,PRJNA246121,Bacteria.Bacillota.Clostridia.Oscillospirales.Ruminococcaceae.Paludicola,Paludicola,53,31,-1.338861789126044,0.5713640922404443,-2.3432725425150056,0.02159921008364656,0.21726264260609188,0.010514968929192514,-0.33657942787583683,"age_years,sex",171
within_project,NAFLD,PRJNA246121,Bacteria.Bacteroidota.Bacteroidia.Bacteroidales.Prevotellaceae.Hoylesella,Hoylesella,53,31,-0.18785839292424283,0.4358204615214674,-0.43104537191397885,0.6675946296306887,0.8149154958073035,0.5530096455055271,0.0785149117468047,"age_years,sex",171
within_project,NAFLD,PRJNA246121,Bacteria.Bacillota.Bacilli.Erysipelotrichales.Erysipelatoclostridiaceae.Thomasclavelia,Thomasclavelia,53,31,-0.026721212131715005,0.6933379818503643,-0.038539951410713216,0.9693531921531575,0.9768759092560125,0.2620218427235411,0.14790018259281812,"age_years,sex",171
within_project,NAFLD,PRJNA246121,Bacteria.Bacillota.Bacilli.Erysipelotrichales.Erysipelotrichaceae.[Clostridium] innocuum group,[Clostridium] innocuum group,53,31,-0.11279239909057065,0.6265883561638025,-0.18001036562684625,0.8575996235018489,0.9108666808622122,0.9187837219380305,-0.013998782714546576,"age_years,sex",171
within_project,NAFLD,PRJNA246121,Bacteria.Bacillota.Negativicutes.Veillonellales-Selenomonadales.Veillonellaceae.Veillonella,Veillonella,53,31,0.08824806599132672,0.678006758262506,0.13015809195984362,0.8967680740498569,0.9325554753561294,0.5717694901921326,0.07486305538648819,"age_years,sex",171
within_project,NAFLD,PRJNA246121,Bacteria.Bacteroidota.Bacteroidia.Bacteroidales.Barnesiellaceae.Barnesiella,Barnesiella,53,31,-1.727795200223557,0.8911570924131174,-1.9388222513552031,0.056049316643007684,0.3037748626096621,0.024880675024936166,-0.29519172245891656,"age_years,sex",171
within_project,NAFLD,PRJNA246121,Bacteria.Bacillota.Clostridia.Lachnospirales.Lachnospiraceae.Hungatella,Hungatella,53,31,-0.3026542205923615,0.6778185152254206,-0.44651217662844234,0.6564336675943869,0.8149154958073035,0.9040829732080998,0.016433353621424285,"age_years,sex",171
within_project,NAFLD,PRJNA246121,Bacteria.Bacillota.Clostridia.Oscillospirales.Ruminococcaceae.DTU089,DTU089,53,31,-0.8175187882760514,0.5254244610533586,-1.5559206867474518,0.12367436497271066,0.44996417894326646,0.49860713199178375,-0.0894704808277541,"age_years,sex",171
within_project,NAFLD,PRJNA246121,Bacteria.Pseudomonadota.Gammaproteobacteria.Pseudomonadales.Moraxellaceae.Acinetobacter,Acinetobacter,53,31,1.1663018726040106,0.4142685253340116,2.8153282262118715,0.00613279046877639,0.17478452836012712,0.00011089114227821142,0.5082166768107121,"age_years,sex",171
within_project,NAFLD,PRJNA246121,Bacteria.Bacillota.Bacilli.Lactobacillales.Lactobacillaceae.Leuconostoc,Leuconostoc,53,31,0.3967304263601344,0.32558303475352457,1.2185230310309945,0.22660649792870355,0.5097526050424974,0.013673761870055917,0.3244065733414485,"age_years,sex",171
within_project,NAFLD,PRJNA246121,Bacteria.Bacillota.Clostridia.Lachnospirales.Lachnospiraceae.GCA-900066575,GCA-900066575,53,31,-0.9781647677732352,0.8724987581789823,-1.1211073466910046,0.2655962380791048,0.5377710788358808,0.09894415097505825,-0.21728545343883143,"age_years,sex",171
within_project,NAFLD,PRJNA246121,Bacteria.Bacillota.Clostridia.Lachnospirales.Lachnospiraceae.Lachnospiraceae UCG-010,Lachnospiraceae UCG-010,53,31,-0.7550544110157217,0.5331823231528225,-1.4161279889230411,0.1606198916240247,0.4980696913736603,0.15342921462511228,-0.18807060255629948,"age_years,sex",171
within_project,NAFLD,PRJNA246121,Bacteria.Bacillota.Clostridia.Oscillospirales.Butyricicoccaceae.UCG-009,UCG-009,53,31,-1.4130340501129197,0.5469654806500363,-2.5834062662119224,0.01160326183540466,0.17630801953913866,0.030075600136277005,-0.28545343883140595,"age_years,sex",171
within_project,NAFLD,PRJNA246121,Bacteria.Thermodesulfobacteriota.Desulfovibrionia.Desulfovibrionales.Desulfovibrionaceae.Desulfovibrio,Desulfovibrio,53,31,-0.337045417958593,0.7120526634564026,-0.47334338491555905,0.6372573083441568,0.8149154958073035,0.45834768490010114,0.09799147900182592,"age_years,sex",171
within_project,NAFLD,PRJNA246121,Bacteria.Actinomycetota.Coriobacteriia.Coriobacteriales.Coriobacteriales Incertae Sedis.Incertae Sedis,Incertae Sedis,53,31,-0.7914992700479109,0.5024528490550385,-1.5752707374164183,0.11914053706001909,0.4428919964622449,0.03225110825665705,-0.28180158247108944,"age_years,sex",171
within_project,NAFLD,PRJNA246121,Bacteria.Bacillota.Clostridia.Clostridia vadinBB60 group.Incertae Sedis.Incertae Sedis,Incertae Sedis,53,31,-0.7510293649067525,0.7142499950932713,-1.0514936927772445,0.2961977512771237,0.5755660848680473,0.3491534497260267,-0.12355447352404136,"age_years,sex",171
within_project,NAFLD,PRJNA246121,Bacteria.Bacillota.Clostridia.Peptostreptococcales-Tissierellales.NA.NA,Peptostreptococcales-Tissierellales,53,31,0.052065635494449314,0.41233251010241695,0.12627099299426336,0.8998342306067915,0.9325554753561294,0.3989285790647774,0.11138161898965304,"age_years,sex",171
within_project,NAFLD,PRJNA246121,Bacteria.Pseudomonadota.Alphaproteobacteria.Rhodospirillales.Incertae Sedis.Incertae Sedis,Incertae Sedis,53,31,1.034537284940608,0.8056347562793181,1.284126928334666,0.2028040407663015,0.5067537008739984,0.014397803446247557,0.3219720024345709,"age_years,sex",171
within_project,NAFLD,PRJNA246121,Bacteria.Pseudomonadota.Gammaproteobacteria.Burkholderiales.Sutterellaceae.Sutterella,Sutterella,53,31,-0.32990978807126564,0.9182951097997349,-0.35926336158232786,0.7203446099034965,0.8183878665141859,0.9261448400980989,0.012781497261107777,"age_years,sex",171
within_project,NAFLD,PRJNA246121,Bacteria.Bacillota.Negativicutes.Veillonellales-Selenomonadales.Selenomonadaceae.Megamonas,Megamonas,53,31,0.8053446914520159,1.0587517604261656,0.7606548782765197,0.4490993980333534,0.7177195987262003,0.2740355594597623,0.1442483262325016,"age_years,sex",171
within_project,NAFLD,PRJNA246121,Bacteria.Patescibacteria.Saccharimonadia.Saccharimonadales.Saccharimonadaceae.TM7x,TM7x,53,31,0.5633785606275288,0.4407595597129298,1.2781992998506073,0.20487532823717322,0.5067537008739984,0.2740355594597623,0.1442483262325016,"age_years,sex",171
within_project,NAFLD,PRJNA246121,Bacteria.Bacillota.Bacilli.Izemoplasmatales.Incertae Sedis.Incertae Sedis,Incertae Sedis,53,31,-0.24438167051039228,0.5173334424109596,-0.47238715009701665,0.6379365974503975,0.8149154958073035,0.12386326342435296,0.2026780279975655,"age_years,sex",171
within_project,NAFLD,PRJNA246121,Bacteria.Bacillota.Clostridia.Lachnospirales.Lachnospiraceae.Lachnospiraceae ND3007 group,Lachnospiraceae ND3007 group,53,31,-1.003879615878133,0.8403817755375725,-1.1945518633313705,0.23579182440937335,0.5169282304359339,0.028696377104635944,-0.28788800973828366,"age_years,sex",171
within_project,NAFLD,PRJNA246121,Bacteria.Bacillota.Clostridia.Oscillospirales.Oscillospiraceae.Oscillibacter,Oscillibacter,53,31,-0.835229196773078,0.8509478128925423,-0.981528107974056,0.3292914611772675,0.5942402961490414,0.17891725332338548,-0.17711503347534996,"age_years,sex",171
within_project,NAFLD,PRJNA246121,Bacteria.Bacillota.Clostridia.Peptococcales.Peptococcaceae.Incertae Sedis,Incertae Sedis,53,31,-0.8513155602468983,0.3134154278614203,-2.716252885366306,0.008088682961714349,0.17630801953913866,0.2141884686956046,-0.16372489348752284,"age_years,sex",171
within_project,NAFLD,PRJNA246121,Bacteria.Bacteroidota.Bacteroidia.Bacteroidales.Prevotellaceae.Paraprevotella,Paraprevotella,53,31,-0.9717915971327666,0.9559536652849246,-1.0165676773080017,0.31242372876303526,0.5857915047986605,0.46966077442617216,0.09555690809494832,"age_years,sex",171
within_project,NAFLD,PRJNA246121,Bacteria.Pseudomonadota.Gammaproteobacteria.Burkholderiales.Comamonadaceae.Comamonas,Comamonas,53,31,0.43709447305123933,0.4045845747709094,1.0803537759657253,0.2832308869252463,0.5566951915427254,0.03785724670579961,0.2732805842970176,"age_years,sex",171
within_project,NAFLD,PRJNA246121,Bacteria.Bacillota.Clostridia.Lachnospirales.Defluviitaleaceae.Defluviitaleaceae UCG-011,Defluviitaleaceae UCG-011,53,31,-0.5133877863601769,0.5079056474735433,-1.0107936167158276,0.31516268094430855,0.5857915047986605,0.46966077442617216,-0.09555690809494821,"age_years,sex",171
within_project,NAFLD,PRJNA246121,Bacteria.Bacillota.Clostridia.Peptostreptococcales-Tissierellales.Family XI.Peptoniphilus,Peptoniphilus,53,31,-1.1995996005628724,0.3866153474622184,-3.1028245734091096,0.002648936192074161,0.11503892468735874,0.11085178128643733,-0.20998174071819842,"age_years,sex",171
within_project,NAFLD,PRJNA246121,Bacteria.Bacteroidota.Bacteroidia.Bacteroidales.Marinifilaceae.Odoribacter,Odoribacter,53,31,-2.667793645019804,0.7022348055345868,-3.7990051532534133,0.00028187983300329526,0.024100725721781745,6.988672617014547e-05,-0.5228241022519781,"age_years,sex",171
within_project,NAFLD,PRJNA246121,Bacteria.Bacteroidota.Bacteroidia.Bacteroidales.Porphyromonadaceae.Porphyromonas,Porphyromonas,53,31,-0.3869905455684724,0.2798112502481063,-1.3830414081825912,0.17050016808747354,0.4980696913736603,0.3258138311433819,0.12964090079123558,"age_years,sex",171
within_project,NAFLD,PRJNA246121,Bacteria.Bacteroidota.Bacteroidia.Bacteroidales.Prevotellaceae.Prevotella,Prevotella,53,31,-0.24740220979450098,0.5095109838397267,-0.48556796151881304,0.6286007379773003,0.8149154958073035,0.8239471612578428,-0.029823493609251406,"age_years,sex",171
within_project,NAFLD,PRJNA246121,Bacteria.Bacillota.Clostridia.Lachnospirales.Lachnospiraceae.Enterocloster,Enterocloster,53,31,-0.21354963773915553,0.8552807578073004,-0.2496836691224491,0.8034719969392402,0.868753382884558,0.8674854540209392,0.02251978088861839,"age_years,sex",171
within_project,NAFLD,PRJNA246121,Bacteria.Bacteroidota.Bacteroidia.Bacteroidales.Tannerellaceae.Incertae Sedis,Incertae Sedis,53,31,-1.234990066314703,0.6297885674726046,-1.9609598047656278,0.05336358603719842,0.3037748626096621,0.03617665735931768,-0.27571515520389533,"age_years,sex",171
within_project,NAFLD,PRJNA246121,Bacteria.Pseudomonadota.Alphaproteobacteria.Rickettsiales.Mitochondria.Incertae Sedis,Incertae Sedis,53,31,0.7480353058103547,0.33596802463699293,2.2265074380771583,0.02879231203242939,0.25085447050660364,0.028027431453720615,0.28910529519172257,"age_years,sex",171
within_project,NAFLD,PRJNA246121,Bacteria.Bacillota.Clostridia.Peptostreptococcales-Tissierellales.Peptostreptococcaceae.Peptostreptococcus,Peptostreptococcus,53,31,-0.2777883918914851,0.3175890538396159,-0.874678735091952,0.3843671206039124,0.6507601744878121,0.3167688010880295,0.13207547169811318,"age_years,sex",171
within_project,NAFLD,PRJNA246121,Bacteria.Pseudomonadota.Gammaproteobacteria.Enterobacterales.Enterobacteriaceae.Citrobacter,Citrobacter,53,31,-0.8523262796657421,0.44106616366168927,-1.9324227290296099,0.0568467579152584,0.3037748626096621,0.258099370037816,0.1491174680462568,"age_years,sex",171
within_project,NAFLD,PRJNA246121,Bacteria.Bacillota.Bacilli.Erysipelotrichales.Erysipelotrichaceae.Holdemania,Holdemania,53,31,-0.7154527475922632,0.570380519485577,-1.2543428871615847,0.21336997931536775,0.5067537008739984,0.3636544109983416,-0.11990261716372486,"age_years,sex",171
within_project,NAFLD,PRJNA246121,Bacteria.Bacillota.Negativicutes.Veillonellales-Selenomonadales.Veillonellaceae.Allisonella,Allisonella,53,31,0.8511378480062545,0.7239504736447808,1.1756851870282503,0.2432077191361085,0.521736761890158,0.12614329470130964,0.2014607425441266,"age_years,sex",171
within_project,NAFLD,PRJNA246121,Bacteria.Pseudomonadota.Gammaproteobacteria.Enterobacterales.Pasteurellaceae.Actinobacillus,Actinobacillus,53,31,0.9216420218129245,0.4453095248923988,2.0696660868316776,0.04171104586128716,0.27433034008769636,0.0007657819722342238,0.4424832623250152,"age_years,sex",171
within_project,NAFLD,PRJNA246121,Bacteria.Bacillota.Clostridia.Oscillospirales.UCG-011.Incertae Sedis,Incertae Sedis,53,31,-0.5955539386068601,0.4402217435301573,-1.352849892945058,0.17991470480204758,0.4980696913736603,0.4811265263396092,-0.09312233718807061,"age_years,sex",171
within_project,NAFLD,PRJNA246121,Bacteria.Bacillota.Negativicutes.Acidaminococcales.Acidaminococcaceae.Acidaminococcus,Acidaminococcus,53,31,-0.18778722770268969,0.46571754541867955,-0.40322128627099324,0.6878610853887173,0.8149154958073035,0.22462498968008715,0.16007303712720633,"age_years,sex",171
within_project,NAFLD,PRJNA246121,Bacteria.Bacteroidota.Bacteroidia.Bacteroidales.Marinifilaceae.Butyricimonas,Butyricimonas,53,31,-1.6006385015500717,0.7451051318630044,-2.1482049084106514,0.03472253606397574,0.25183972286060174,0.004832871898042444,-0.3706634205721242,"age_years,sex",171
within_project,NAFLD,PRJNA246121,Bacteria.Fusobacteriota.Fusobacteriia.Fusobacteriales.Fusobacteriaceae.Fusobacterium,Fusobacterium,53,31,1.1249631245670153,0.8623571303740838,1.304521160599687,0.19579642078734663,0.4997192232035265,0.2281832893840855,0.15885575167376742,"age_years,sex",171
within_project,NAFLD,PRJNA246121,Bacteria.Bacteroidota.Bacteroidia.Bacteroidales.NA.NA,Bacteroidales,53,31,-1.4750237907204937,0.8376821941697145,-1.760839374391255,0.08208704419544587,0.37937525830868224,0.028696377104635944,-0.28788800973828366,"age_years,sex",171
within_project,NAFLD,PRJNA246121,Bacteria.Bacillota.Clostridia.Christensenellales.Christensenellaceae.Incertae Sedis,Incertae Sedis,53,31,-1.5018532938305407,0.5669492930527334,-2.6490081427632175,0.00972405766440142,0.17630801953913866,0.005421029164549852,-0.3657942787583688,"age_years,sex",171
within_project,NAFLD,PRJNA246121,Bacteria.Bacillota.Clostridia.Lachnospirales.Lachnospiraceae.Faecalicatena,Faecalicatena,53,31,-1.192967591013508,0.8154358152647625,-1.4629815966890851,0.14739028115968458,0.4980696913736603,0.780944126674885,-0.03712720632988431,"age_years,sex",171
within_project,NAFLD,PRJNA246121,Bacteria.Bacillota.Clostridia.Oscillospirales.Ruminococcaceae.Anaerotruncus,Anaerotruncus,53,31,-1.1583766149217278,0.5222956536625148,-2.217856125737974,0.029400675416771983,0.25085447050660364,0.1027943896747463,-0.21485088253195372,"age_years,sex",171
within_project,NAFLD,PRJNA246121,Bacteria.Bacillota.Clostridia.Lachnospirales.Lachnospiraceae.Sellimonas,Sellimonas,53,31,0.48557481967201244,0.5044558774561901,0.9625714385975859,0.33866317531221135,0.6032437810248765,0.013323949981674379,0.3256238587948874,"age_years,sex",171
within_project,NAFLD,PRJNA246121,Bacteria.Bacillota.Clostridia.Oscillospirales.Oscillospiraceae.Oscillospira,Oscillospira,53,31,-0.8764742827779236,0.696464844103336,-1.258461629755829,0.21188518704154144,0.5067537008739984,0.112942104213325,-0.20876445526475962,"age_years,sex",171
within_project,NAFLD,PRJNA246121,Bacteria.Pseudomonadota.Gammaproteobacteria.Burkholderiales.Sutterellaceae.Parasutterella,Parasutterella,53,31,-1.3162301660228028,0.8582565498484022,-1.5336092293793677,0.12907121782065378,0.45981621348607915,0.16722522013275143,-0.18198417528910527,"age_years,sex",171
within_project,NAFLD,PRJNA246121,NA.NA.NA.NA.NA.NA,NA.NA.NA.NA.NA.NA,53,31,0.248626824369334,0.3370318655742582,0.7376953035159047,0.46285796944838087,0.7297737252843476,0.04050240624814717,0.2696287279367011,"age_years,sex",171
within_project,NAFLD,PRJNA246121,Bacteria.Verrucomicrobiota.Lentisphaeria.Victivallales.vadinBE97.Incertae Sedis,Incertae Sedis,53,31,0.1261180715849743,0.3645152948888836,0.34598842175722494,0.7302596668072285,0.8183878665141859,0.12614329470130964,0.2014607425441266,"age_years,sex",171
within_project,NAFLD,PRJNA246121,Bacteria.Pseudomonadota.Gammaproteobacteria.Enterobacterales.Enterobacteriaceae.Salmonella,Salmonella,53,31,0.7865038789725023,0.40040365876110245,1.9642774529234843,0.05297067755705248,0.3037748626096621,0.0032010389215340663,0.38770541692026783,"age_years,sex",171
within_project,NAFLD,PRJNA246121,Bacteria.Bacteroidota.Bacteroidia.NA.NA.NA,Bacteroidia,53,31,0.39549300230755585,0.32271394362125294,1.2255218905933567,0.22397435414503483,0.5097526050424974,0.01809074573245457,0.3110164333536214,"age_years,sex",171
within_project,NAFLD,PRJNA246121,Bacteria.Pseudomonadota.Gammaproteobacteria.Burkholderiales.Neisseriaceae.Neisseria,Neisseria,53,31,0.16361526241537885,0.39231300541053793,0.41705286380746626,0.6777567644492852,0.8149154958073035,0.15077693927495386,0.1892878880097384,"age_years,sex",171
within_project,NAFLD,PRJNA246121,Bacteria.Bacillota.Bacilli.Erysipelotrichales.Erysipelotrichaceae.Faecalitalea,Faecalitalea,53,31,-0.17851347884947363,0.49115814479408776,-0.36345417609701514,0.7172243200931168,0.8183878665141859,0.1759387611008265,0.17833231892878887,"age_years,sex",171
within_project,NAFLD,PRJNA246121,Bacteria.Bacteroidota.Bacteroidia.Bacteroidales.Prevotellaceae.NA,Prevotellaceae,53,31,-0.4264526393710828,0.4812250961274402,-0.8861812129144397,0.37817603240522213,0.6466810154129299,0.9482636473372242,0.00912964090079127,"age_years,sex",171
within_project,NAFLD,PRJNA246121,Bacteria.Bacillota.Clostridia.Lachnospirales.Lachnospiraceae.Anaerotignum,Anaerotignum,53,31,0.8762103418597219,0.6380016812245212,1.3733668227613525,0.17347513502820427,0.4980696913736603,0.026729778066693632,0.29153986609860016,"age_years,sex",171
within_project,NAFLD,PRJNA246121,Bacteria.Campylobacterota.Campylobacteria.Campylobacterales.Campylobacteraceae.Campylobacter,Campylobacter,53,31,0.1894485689190575,0.41671829832562646,0.45462023069364027,0.6506136932313753,0.8149154958073035,0.5592292859759955,0.07729762629336578,"age_years,sex",171
within_project,NAFLD,PRJNA246121,Bacteria.Patescibacteria.Saccharimonadia.Saccharimonadales.Saccharimonadaceae.Incertae Sedis,Incertae Sedis,53,31,0.2812553516329948,0.34981886431509907,0.8040028149529818,0.4237780330643336,0.6901527967047718,0.013673761870055917,0.3244065733414485,"age_years,sex",171
within_project,NAFLD,PRJNA246121,Bacteria.Bacillota.Clostridia.Peptostreptococcales-Tissierellales.Anaerovoracaceae.NA,Anaerovoracaceae,53,31,-0.5403294261277802,0.47746753190653296,-1.1316568981564863,0.26115953990908186,0.5377710788358808,0.7952111963535216,0.0346926354230066,"age_years,sex",171
within_project,NAFLD,PRJNA246121,Bacteria.Actinomycetota.Coriobacteriia.Coriobacteriales.Eggerthellaceae.Asaccharobacter,Asaccharobacter,53,31,-0.5388922802694313,0.3326788675827432,-1.6198572641089057,0.10919853996231015,0.43105283962781604,0.9778145765863242,-0.004260499087035963,"age_years,sex",171
within_project,NAFLD,PRJNA246121,Bacteria.Bacillota.Clostridia.Oscillospirales.Ruminococcaceae.Negativibacillus,Negativibacillus,53,31,-0.23846771469770772,0.613974737149775,-0.38839988075850607,0.6987518355591209,0.8183878665141859,0.34440254094799816,0.12477175897748016,"age_years,sex",171
within_project,NAFLD,PRJNA246121,Bacteria.Bacillota.Clostridia.Lachnospirales.Lachnospiraceae.Tyzzerella,Tyzzerella,53,31,1.117021763499705,0.9225499796840864,1.2107981010223563,0.22953772273843448,0.5097526050424974,0.07664401018649801,0.23311016433353626,"age_years,sex",171
within_project,NAFLD,PRJNA246121,Bacteria.Actinomycetota.Coriobacteriia.Coriobacteriales.Eggerthellaceae.NA,Eggerthellaceae,53,31,-0.5534519844229779,0.40440272520464954,-1.3685664065268142,0.17496587252342957,0.4980696913736603,0.5224297958424672,0.0846013390139988,"age_years,sex",171
within_project,NAFLD,PRJNA246121,Bacteria.Bacillota.Bacilli.Erysipelotrichales.Erysipelatoclostridiaceae.Coprobacillus,Coprobacillus,53,31,0.36468970049170535,0.4226595262220844,0.8628450983974295,0.3908019722478554,0.6551680122978752,0.06508755440801901,0.24284844796104688,"age_years,sex",171
within_project,NAFLD,PRJNA246121,Bacteria.Bacillota.Clostridia.Oscillospirales.Oscillospiraceae.Flavonifractor,Flavonifractor,53,31,-0.8498440304487739,0.6853974774287384,-1.2399287397977523,0.21862645378696127,0.5097526050424974,0.24281752557662317,-0.15398660986001222,"age_years,sex",171
within_project,NAFLD,PRJNA246121,Bacteria.Pseudomonadota.Gammaproteobacteria.Enterobacterales.Enterobacteriaceae.Raoultella,Raoultella,53,31,0.315737284380607,0.5424332149484498,0.5820758679215711,0.5621523929513854,0.8077988167620748,0.012321515792597205,0.32927571515520393,"age_years,sex",171
within_project,NAFLD,PRJNA246121,Bacteria.Bacteroidota.Bacteroidia.Bacteroidales.Barnesiellaceae.Coprobacter,Coprobacter,53,31,-0.6336998883148994,0.8166637052523881,-0.7759618607258368,0.4400595002469391,0.7099073070021376,0.20410627115387214,-0.16737674984783935,"age_years,sex",171
within_project,NAFLD,PRJNA246121,Bacteria.Bacillota.Clostridia.Oscillospirales.NA.NA,Oscillospirales,53,31,-0.9994962363412797,0.6849956319073478,-1.4591278977330342,0.14844534616946686,0.4980696913736603,0.023710405070723993,-0.29762629336579427,"age_years,sex",171
within_project,NAFLD,PRJNA246121,Bacteria.Bacillota.Clostridia.Oscillospirales.Ruminococcaceae.Phocea,Phocea,53,31,0.3482395563757088,0.5529013046517418,0.6298403592935196,0.5305938437281288,0.780515953947129,0.24657698465999156,0.15276932440657331,"age_years,sex",171
within_project,NAFLD,PRJNA246121,Bacteria.Bacillota.Bacilli.Erysipelotrichales.Erysipelotrichaceae.Absiella,Absiella,53,31,-0.018854721858962586,0.4592472331609174,-0.04105571138488712,0.9673537732863375,0.9768759092560125,0.112942104213325,0.20876445526475962,"age_years,sex",171
within_project,NAFLD,PRJNA246121,Bacteria.Bacillota.Clostridia.Christensenellales.Christensenellaceae.Christensenella,Christensenella,53,31,-0.26927802717246363,0.41974421577937004,-0.6415288574554273,0.5230129768082569,0.7776975568192341,0.9408854316588912,0.010346926354229957,"age_years,sex",171
within_project,NAFLD,PRJNA246121,Bacteria.Bacillota.Clostridia.Christensenellales.Christensenellaceae.NA,Christensenellaceae,53,31,-0.27781105674050743,0.5082505688084914,-0.546602549588462,0.58617317289374,0.8149154958073035,0.9778145765863242,-0.004260499087035963,"age_years,sex",171
within_project,NAFLD,PRJNA246121,Bacteria.Bacillota.Clostridia.Oscillospirales.Ruminococcaceae.Anaerofilum,Anaerofilum,53,31,-0.23163318801367955,0.34981527677957336,-0.6621585830845145,0.5097726105964298,0.7646589158946446,0.3587794429684469,0.12111990261716366,"age_years,sex",171
within_project,NAFLD,PRJNA246121,Bacteria.Verrucomicrobiota.Lentisphaeria.Victivallales.Victivallaceae.Victivallis,Victivallis,53,31,-0.5043400044381315,0.43845579883006935,-1.150264190333121,0.2534618915094516,0.528560773757515,0.39376694118035804,-0.11259890444309195,"age_years,sex",171
within_project,NAFLD,PRJNA246121,Bacteria.Bacillota.Clostridia.Peptostreptococcales-Tissierellales.Anaerovoracaceae.[Eubacterium] sulci group,[Eubacterium] sulci group,53,31,0.169423884584442,0.3362194007376686,0.5039087102431459,0.6157104413390757,0.8149154958073035,0.1759387611008265,0.17833231892878887,"age_years,sex",171
within_project,NAFLD,PRJNA246121,Bacteria.Synergistota.Synergistia.Synergistales.Synergistaceae.Cloacibacillus,Cloacibacillus,53,31,-0.1491047291048255,0.28770564806503285,-0.5182544385472819,0.6057111890014195,0.8149154958073035,0.4639850311186974,0.09677419354838701,"age_years,sex",171
within_project,NAFLD,PRJNA246121,Bacteria.Cyanobacteriota.Cyanobacteriia.Chloroplast.Incertae Sedis.Incertae Sedis,Incertae Sedis,53,31,1.2694290989320598,0.49600667677123256,2.5592984094396454,0.0123724925992378,0.17630801953913866,0.052702259475890426,0.2550213024954351,"age_years,sex",171
within_project,NAFLD,PRJNA246121,Bacteria.Actinomycetota.Coriobacteriia.Coriobacteriales.Atopobiaceae.Lancefieldella,Lancefieldella,53,31,0.6437584639343555,0.3441362700703398,1.8706498556597198,0.06505049491708462,0.3178181323091849,0.0022906386223047605,0.40109555690809495,"age_years,sex",171
within_project,NAFLD,PRJNA246121,Bacteria.Synergistota.Synergistia.Synergistales.Synergistaceae.Pyramidobacter,Pyramidobacter,53,31,0.910516565041976,0.3436325954065183,2.64968043548032,0.009706319438060516,0.17630801953913866,0.00010276257087654894,0.5106512477175897,"age_years,sex",171
within_project,NAFLD,PRJNA246121,Eukaryota.NA.NA.NA.NA.NA,Eukaryota.NA.NA.NA.NA.NA,53,31,1.553110052664214,0.3966638028330379,3.915431762544622,0.00018875547631177773,0.024100725721781745,0.00014437637949148212,0.4996956786366402,"age_years,sex",171
within_project,NAFLD,PRJNA382861,Bacteria.Actinomycetota.Coriobacteriia.Coriobacteriales.Coriobacteriaceae.Collinsella,Collinsella,31,26,1.1850444837184462,0.52456844189767,2.2590845904329453,0.027862589626754034,0.40096522581106114,0.015897132524810294,0.3746898263027296,,104
within_project,NAFLD,PRJNA382861,Bacteria.Bacillota.Bacilli.Erysipelotrichales.Erysipelotrichaceae.Holdemanella,Holdemanella,31,26,-0.7742084645234026,0.5195466550838274,-1.4901615801924204,0.1418946219252076,0.5511936445185469,0.17073155786286454,-0.21339950372208438,,104
within_project,NAFLD,PRJNA382861,Bacteria.Bacillota.Bacilli.Lactobacillales.Streptococcaceae.Streptococcus,Streptococcus,31,26,0.3472780308341863,0.590186816589325,0.5884205154583042,0.5586588279578113,0.8274329059500302,0.4277340801709755,0.12406947890818865,,104
within_project,NAFLD,PRJNA382861,Bacteria.Bacillota.Bacilli.RF39.Incertae Sedis.Incertae Sedis,Incertae Sedis,31,26,-0.6387162373837995,0.5521699445266703,-1.1567385072567071,0.2523787284194487,0.6561846938905666,0.3738927044892538,-0.1389578163771712,,104
within_project,NAFLD,PRJNA382861,Bacteria.Bacillota.Clostridia.Christensenellales.Christensenellaceae.Christensenellaceae R-7 group,Christensenellaceae R-7 group,31,26,-0.5664045078213097,0.6592292865349374,-0.8591919676361219,0.39396399016915484,0.8120841965551894,0.5479635750433208,-0.09429280397022333,,104
within_project,NAFLD,PRJNA382861,Bacteria.Bacillota.Clostridia.Clostridia UCG-014.Incertae Sedis.Incertae Sedis,Incertae Sedis,31,26,-0.986068520482361,0.7593597423823539,-1.298552537679637,0.1995159485872289,0.5982189551573434,0.2586738256736846,-0.1761786600496278,,104
within_project,NAFLD,PRJNA382861,Bacteria.Bacillota.Clostridia.Clostridiales.Clostridiaceae.Clostridium,Clostridium,31,26,-0.2802913251423065,0.4856796629022541,-0.5771115131059477,0.5662190089215025,0.8274329059500302,0.9936083273254147,0.002481389578163684,,104
within_project,NAFLD,PRJNA382861,Bacteria.Bacillota.Clostridia.Lachnospirales.Lachnospiraceae.Agathobacter,Agathobacter,31,26,0.07880112177533062,0.6585637094078943,0.1196560342600409,0.905191640045246,0.9659502308788467,0.6364695367494011,0.07444168734491319,,104
within_project,NAFLD,PRJNA382861,Bacteria.Bacillota.Clostridia.Lachnospirales.Lachnospiraceae.Blautia,Blautia,31,26,-0.20097585861795128,0.4425579845142121,-0.4541232237365661,0.651527221450712,0.857706721909798,0.7065374912055111,0.05955334987593042,,104
within_project,NAFLD,PRJNA382861,Bacteria.Bacillota.Clostridia.Lachnospirales.Lachnospiraceae.Coprococcus,Coprococcus,31,26,-0.47690082224959346,0.6743506163397299,-0.7072000984267455,0.48242794849604487,0.8120841965551894,0.3166540392173647,-0.15632754342431765,,104
within_project,NAFLD,PRJNA382861,Bacteria.Bacillota.Clostridia.Lachnospirales.Lachnospiraceae.Dorea,Dorea,31,26,-0.42139177120500937,0.581996100625103,-0.7240456950697887,0.4721063377951178,0.8120841965551894,0.591455802129973,-0.08436724565756826,,104
within_project,NAFLD,PRJNA382861,Bacteria.Bacillota.Clostridia.Lachnospirales.Lachnospiraceae.Lachnospiraceae NK4A136 group,Lachnospiraceae NK4A136 group,31,26,-0.04617270842083467,0.6574353205684111,-0.07023156039276118,0.9442640974933177,0.9659502308788467,0.5479635750433208,-0.09429280397022333,,104
within_project,NAFLD,PRJNA382861,Bacteria.Bacillota.Clostridia.Lachnospirales.Lachnospiraceae.Lachnospiraceae UCG-003,Lachnospiraceae UCG-003,31,26,-0.15687180449146187,0.4971591922796521,-0.31553636526793105,0.7535486490926616,0.905866680057827,0.9552812504602757,0.00992555831265518,,104
within_project,NAFLD,PRJNA382861,Bacteria.Bacillota.Clostridia.Lachnospirales.Lachnospiraceae.Mediterraneibacter,Mediterraneibacter,31,26,-0.9708106731140869,0.6668008125916279,-1.4559230504547167,0.15109876206339232,0.5511936445185469,0.16094499227952108,-0.21836228287841186,,104
within_project,NAFLD,PRJNA382861,Bacteria.Bacillota.Clostridia.Lachnospirales.Lachnospiraceae.Roseburia,Roseburia,31,26,0.9987425299421433,0.7791171588522571,1.2818900451549848,0.20525867958041516,0.5982189551573434,0.05157804927033383,0.3027295285359801,,104
within_project,NAFLD,PRJNA382861,Bacteria.Bacillota.Clostridia.Lachnospirales.Lachnospiraceae.[Eubacterium] eligens group,[Eubacterium] eligens group,31,26,1.319225669313897,0.7506268512048808,1.7574986388993687,0.08439755989930432,0.5443190584749998,0.1562135051046568,0.22084367245657566,,104
within_project,NAFLD,PRJNA382861,Bacteria.Bacillota.Clostridia.Lachnospirales.Lachnospiraceae.[Eubacterium] ruminantium group,[Eubacterium] ruminantium group,31,26,-0.8487966278424622,0.6722923627149551,-1.262540934445128,0.2120812156348875,0.5982189551573434,0.30897309942395546,-0.15880893300248144,,104
within_project,NAFLD,PRJNA382861,Bacteria.Bacillota.Clostridia.NA.NA.NA,Clostridia,31,26,0.006425354638998928,0.37749190029311497,0.017021172200012154,0.9864813221695672,0.9864813221695672,0.9680498382292352,0.007444168734491274,,104
within_project,NAFLD,PRJNA382861,Bacteria.Bacillota.Clostridia.Oscillospirales.Oscillospiraceae.Colidextribacter,Colidextribacter,31,26,0.04985233908403629,0.6108090721716748,0.08161689365023826,0.9352476586101214,0.9659502308788467,0.779185918895086,0.04466501240694787,,104
within_project,NAFLD,PRJNA382861,Bacteria.Bacillota.Clostridia.Oscillospirales.Oscillospiraceae.UCG-002,UCG-002,31,26,-1.5159197086214116,0.6840603760659371,-2.216061274210233,0.030843478908543165,0.40096522581106114,0.013919511579923037,-0.3821339950372209,,104
within_project,NAFLD,PRJNA382861,Bacteria.Bacillota.Clostridia.Oscillospirales.Ruminococcaceae.CAG-352,CAG-352,31,26,0.11753965999293312,0.7733989063168809,0.15197805302400333,0.8797603720823133,0.9659502308788467,0.779185918895086,0.04466501240694787,,104
within_project,NAFLD,PRJNA382861,Bacteria.Bacillota.Clostridia.Oscillospirales.Ruminococcaceae.Faecalibacterium,Faecalibacterium,31,26,0.27957616776006183,0.41521672300197005,0.6733258856694347,0.5035596617263036,0.8120841965551894,0.4277340801709755,0.12406947890818865,,104
within_project,NAFLD,PRJNA382861,Bacteria.Bacillota.Clostridia.Oscillospirales.Ruminococcaceae.Gemmiger,Gemmiger,31,26,0.8928814900498251,0.5992000125634988,1.4901226157020553,0.1419048392986486,0.5511936445185469,0.16578395285173964,0.21588089330024807,,104
within_project,NAFLD,PRJNA382861,Bacteria.Bacillota.Clostridia.Oscillospirales.Ruminococcaceae.NA,Ruminococcaceae,31,26,-0.2011938885261045,0.5100910458710262,-0.39442740693977074,0.6947908215297947,0.8647685105930814,0.6946650901899941,-0.06203473945409432,,104
within_project,NAFLD,PRJNA382861,Bacteria.Bacillota.Clostridia.Oscillospirales.Ruminococcaceae.Ruminococcus,Ruminococcus,31,26,-1.7918345079232667,0.6069245093309654,-2.9523185839017607,0.004630230409921377,0.2407719813159116,0.0005229789643620632,-0.5384615384615384,,104
within_project,NAFLD,PRJNA382861,Bacteria.Bacillota.Clostridia.Oscillospirales.Ruminococcaceae.[Eubacterium] siraeum group,[Eubacterium] siraeum group,31,26,-1.0908290360760742,0.668492209469856,-1.6317752407932324,0.10844020106432914,0.5511936445185469,0.23895757267914952,-0.18362282878411906,,104
within_project,NAFLD,PRJNA382861,Bacteria.Bacillota.Clostridia.Oscillospirales.UCG-010.Incertae Sedis,Incertae Sedis,31,26,-0.7748372714883335,0.5750362411667095,-1.3474581531004746,0.18335763429959823,0.5982189551573434,0.28667491840224435,-0.16625310173697272,,104
within_project,NAFLD,PRJNA382861,Bacteria.Bacillota.Clostridia.Peptostreptococcales-Tissierellales.Peptostreptococcaceae.Romboutsia,Romboutsia,31,26,0.5698040604739272,0.5500022422797428,1.0360031590273275,0.3047343175293205,0.7426395967398647,0.1971380413799929,0.20099255583126552,,104
within_project,NAFLD,PRJNA382861,Bacteria.Bacillota.Negativicutes.Acidaminococcales.Acidaminococcaceae.Phascolarctobacterium,Phascolarctobacterium,31,26,-0.49617134955325537,0.6357378053419328,-0.7804653827160533,0.4384631623799281,0.8120841965551894,0.36534508102965413,-0.141439205955335,,104
within_project,NAFLD,PRJNA382861,Bacteria.Bacteroidota.Bacteroidia.Bacteroidales.Bacteroidaceae.Bacteroides,Bacteroides,31,26,0.023251396846537556,0.18937387417368273,0.12278038323920397,0.902728567773019,0.9659502308788467,0.942524129029783,0.012406947890818865,,104
within_project,NAFLD,PRJNA382861,Bacteria.Bacteroidota.Bacteroidia.Bacteroidales.Prevotellaceae.Incertae Sedis,Incertae Sedis,31,26,0.24636692108202798,0.4839753083925029,0.5090485336954937,0.6127544336185444,0.8463064031705126,0.3486194074895269,0.14640198511166247,,104
within_project,NAFLD,PRJNA382861,Bacteria.Bacteroidota.Bacteroidia.Bacteroidales.Prevotellaceae.Segatella,Segatella,31,26,0.5823528268570934,1.1198685616755362,0.5200189082777562,0.605137283558068,0.8463064031705126,0.7669232524055936,0.04714640198511155,,104
within_project,NAFLD,PRJNA382861,Bacteria.Bacteroidota.Bacteroidia.Bacteroidales.Rikenellaceae.Alistipes,Alistipes,31,26,-0.42176695123647473,0.7770091192991114,-0.5428082383600887,0.5894548559022774,0.8397713015594089,0.044354436772455534,-0.3126550868486352,,104
within_project,NAFLD,PRJNA382861,Bacteria.Bacteroidota.Bacteroidia.Bacteroidales.Tannerellaceae.Parabacteroides,Parabacteroides,31,26,-0.12629639296318523,0.3127146437364418,-0.40387105462713396,0.6878736188905499,0.8647685105930814,0.21435346798660881,-0.19354838709677424,,104
within_project,NAFLD,PRJNA382861,Bacteria.Pseudomonadota.Gammaproteobacteria.Burkholderiales.Oxalobacteraceae.Oxalobacter,Oxalobacter,31,26,0.5218128616327681,0.2684640092132779,1.9436976418623784,0.057055354211365795,0.4955856745206381,0.044354436772455534,0.3126550868486353,,104
within_project,NAFLD,PRJNA382861,Bacteria.Pseudomonadota.Gammaproteobacteria.Enterobacterales.Enterobacteriaceae.Klebsiella,Klebsiella,31,26,0.2352825092248822,0.5472977744726822,0.4298985309260125,0.6689491472277014,0.8647685105930814,0.3486194074895269,0.14640198511166247,,104
within_project,NAFLD,PRJNA382861,Bacteria.Pseudomonadota.Gammaproteobacteria.Enterobacterales.Pasteurellaceae.Haemophilus,Haemophilus,31,26,0.4562276567034332,0.6269859589578484,0.727652111160124,0.4699129741081657,0.8120841965551894,0.4562657201683168,0.11662531017369737,,104
within_project,NAFLD,PRJNA382861,Bacteria.Bacillota.Clostridia.Lachnospirales.Lachnospiraceae.NA,Lachnospiraceae,31,26,0.20222701087926945,0.3298460232829347,0.6130951917095072,0.5423404955438419,0.8174407469066602,0.8412682623464721,0.032258064516129004,,104
within_project,NAFLD,PRJNA382861,Bacteria.Bacillota.Clostridia.Oscillospirales.Butyricicoccaceae.Agathobaculum,Agathobaculum,31,26,0.34709362430548873,0.45338649983135726,0.765557916776513,0.44721231615763646,0.8120841965551894,0.8287592061766414,0.03473945409429291,,104
within_project,NAFLD,PRJNA382861,Bacteria.Bacillota.Clostridia.Oscillospirales.Oscillospiraceae.Intestinimonas,Intestinimonas,31,26,-0.24919904735188914,0.39891279217068387,-0.6246955531204517,0.5347539654177884,0.8174407469066602,0.9297817349056121,-0.01488833746898266,,104
within_project,NAFLD,PRJNA382861,Bacteria.Bacillota.Clostridia.Oscillospirales.Oscillospiraceae.NK4A214 group,NK4A214 group,31,26,0.040431242500878296,0.6097630482951386,0.06630648186032535,0.9473742649004073,0.9659502308788467,0.8412682623464721,0.032258064516129004,,104
within_project,NAFLD,PRJNA382861,Bacteria.Bacillota.Clostridia.Oscillospirales.Ruminococcaceae.Acutalibacter,Acutalibacter,31,26,-0.822859784583595,0.47180892366423394,-1.7440530335733726,0.08673671479980326,0.5443190584749998,0.23895757267914952,-0.18362282878411906,,104
within_project,NAFLD,PRJNA382861,Bacteria.Bacillota.Clostridia.Oscillospirales.Ruminococcaceae.Incertae Sedis,Incertae Sedis,31,26,-0.743175469431332,0.5539450011620042,-1.3416051555161272,0.18523731683701566,0.5982189551573434,0.17073155786286454,-0.21339950372208438,,104
within_project,NAFLD,PRJNA382861,Bacteria.Pseudomonadota.Gammaproteobacteria.Enterobacterales.Enterobacteriaceae.Escherichia-Shigella,Escherichia-Shigella,31,26,-0.7555009712356489,0.7437826093346461,-1.015755089933449,0.3141936755437889,0.7426395967398647,0.4959201825942804,-0.10669975186104219,,104
within_project,NAFLD,PRJNA382861,Bacteria.Verrucomicrobiota.Verrucomicrobiia.Verrucomicrobiales.Akkermansiaceae.Akkermansia,Akkermansia,31,26,-1.0935491681024982,0.5274122691131423,-2.073423832064677,0.042829542513676204,0.47460770562992605,0.22641715054341172,-0.18858560794044665,,104
within_project,NAFLD,PRJNA382861,Bacteria.Bacillota.Bacilli.Erysipelotrichales.Erysipelatoclostridiaceae.Erysipelotrichaceae UCG-003,Erysipelotrichaceae UCG-003,31,26,1.1350342373250442,0.5081197766568741,2.2337926793420526,0.02958244550802051,0.40096522581106114,0.01660917399405824,0.3722084367245657,,104
within_project,NAFLD,PRJNA382861,Bacteria.Bacillota.Clostridia.Oscillospirales.[Eubacterium] coprostanoligenes group.Incertae Sedis,Incertae Sedis,31,26,-1.723353504838777,0.6449760332400266,-2.671965183235629,0.009901883189274931,0.28811249023948327,0.009226937872082215,-0.40446650124069483,,104
within_project,NAFLD,PRJNA382861,Bacteria.Bacillota.Clostridia.Peptococcales.Peptococcaceae.Peptococcus,Peptococcus,31,26,0.43077705430777413,0.28909784011002065,1.4900735825069993,0.14191769773994695,0.5511936445185469,0.08794980904846784,0.2655086848635235,,104
within_project,NAFLD,PRJNA382861,Bacteria.Bacillota.Clostridia.Peptostreptococcales-Tissierellales.Anaerovoracaceae.Family XIII AD3011 group,Family XIII AD3011 group,31,26,-0.46952196855846745,0.3164547891909758,-1.4836936731430468,0.14359861896853976,0.5511936445185469,0.32445919905411025,-0.15384615384615385,,104
within_project,NAFLD,PRJNA382861,Bacteria.Bacillota.Clostridia.Peptostreptococcales-Tissierellales.Peptostreptococcaceae.Intestinibacter,Intestinibacter,31,26,-0.43957077136850226,0.35871659931041283,-1.2253984683550228,0.22564683635859184,0.6175597626656198,0.9552812504602757,0.00992555831265518,,104
within_project,NAFLD,PRJNA382861,Bacteria.Bacteroidota.Bacteroidia.Bacteroidales.Muribaculaceae.Incertae Sedis,Incertae Sedis,31,26,0.19054577904510758,0.7631287704375236,0.24969020488621105,0.8037571631698843,0.9185796150512964,0.4371272879837246,0.12158808933002474,,104
within_project,NAFLD,PRJNA382861,Bacteria.Bacillota.Clostridia.Lachnospirales.Lachnospiraceae.Anaerostipes,Anaerostipes,31,26,-0.4420139767765697,0.6642478085360927,-0.6654353557457802,0.5085531810016579,0.8120841965551894,0.8287592061766414,-0.0347394540942928,,104
within_project,NAFLD,PRJNA382861,Bacteria.Bacillota.Clostridia.Lachnospirales.Lachnospiraceae.Fusicatenibacter,Fusicatenibacter,31,26,0.14917846560182463,0.5746299736134398,0.25960787367868615,0.7961355784094732,0.9185796150512964,0.6828671192842861,0.06451612903225801,,104
within_project,NAFLD,PRJNA382861,Bacteria.Bacillota.Negativicutes.Veillonellales-Selenomonadales.Veillonellaceae.Dialister,Dialister,31,26,0.38690022931944973,0.7724418553024998,0.5008794211027493,0.61845467923999,0.8463064031705126,0.516416193902957,0.1017369727047146,,104
within_project,NAFLD,PRJNA382861,Bacteria.Bacillota.Negativicutes.Veillonellales-Selenomonadales.Veillonellaceae.Megasphaera,Megasphaera,31,26,0.7249283846791268,0.6449793120041157,1.1239560264756228,0.2659134739459033,0.6745122265944865,0.21435346798660881,0.19354838709677424,,104
within_project,NAFLD,PRJNA382861,Bacteria.Bacteroidota.Bacteroidia.Bacteroidales.Prevotellaceae.Leyella,Leyella,31,26,0.40820886823290914,0.5017582806574084,0.8135568140461381,0.4194070594255428,0.8120841965551894,0.28667491840224435,0.1662531017369726,,104
within_project,NAFLD,PRJNA382861,Bacteria.Bacillota.Clostridia.Lachnospirales.Lachnospiraceae.CAG-56,CAG-56,31,26,0.4228152434154422,0.5773379105037737,0.7323531604680211,0.467062577467354,0.8120841965551894,0.35692052900774096,0.14392059553349879,,104
within_project,NAFLD,PRJNA382861,Bacteria.Bacillota.Clostridia.Lachnospirales.Lachnospiraceae.Lachnoclostridium,Lachnoclostridium,31,26,0.5057384602485174,0.6221656600579999,0.8128678464854058,0.4197986420298364,0.8120841965551894,0.18623748904481519,0.2059553349875931,,104
within_project,NAFLD,PRJNA382861,Bacteria.Bacillota.Clostridia.Lachnospirales.Lachnospiraceae.Lachnospira,Lachnospira,31,26,1.0579002912597686,0.6211893623646362,1.7030238367777852,0.09420906781298075,0.5443190584749998,0.022424777132617518,0.35483870967741926,,104
within_project,NAFLD,PRJNA382861,Bacteria.Bacillota.Clostridia.Oscillospirales.Ruminococcaceae.Ruthenibacterium,Ruthenibacterium,31,26,-0.8806687486230879,0.5124808330546007,-1.7184423139767644,0.0913410341794909,0.5443190584749998,0.7304951436694962,-0.05459057071960294,,104
within_project,NAFLD,PRJNA382861,Bacteria.Actinomycetota.Actinobacteria.Bifidobacteriales.Bifidobacteriaceae.Bifidobacterium,Bifidobacterium,31,26,0.060123898772980564,0.6292910771417992,0.09554227122694883,0.9242313809152432,0.9659502308788467,0.8916753413521668,-0.022332506203473934,,104
within_project,NAFLD,PRJNA382861,Bacteria.Thermodesulfobacteriota.Desulfovibrionia.Desulfovibrionales.Desulfovibrionaceae.Bilophila,Bilophila,31,26,-0.6748229944824279,0.5353819432012208,-1.2604515394139821,0.21282789750790101,0.5982189551573434,0.22641715054341172,-0.18858560794044665,,104
within_project,NAFLD,PRJNA382861,Bacteria.Bacillota.Clostridia.Lachnospirales.Lachnospiraceae.Anaerobutyricum,Anaerobutyricum,31,26,-0.24528276879645397,0.5174785740137314,-0.47399598961936024,0.6373791057156126,0.8498388076208169,0.6479449301819562,-0.07196029776674939,,104
within_project,NAFLD,PRJNA382861,Bacteria.Bacillota.Clostridia.Lachnospirales.Lachnospiraceae.Lachnospiraceae UCG-004,Lachnospiraceae UCG-004,31,26,0.5252112511443746,0.5993024039539684,0.8763710068226513,0.3846400685598954,0.8120841965551894,0.11089997432395121,0.24813895781637707,,104
within_project,NAFLD,PRJNA382861,Bacteria.Bacillota.Clostridia.Lachnospirales.Lachnospiraceae.[Eubacterium] ventriosum group,[Eubacterium] ventriosum group,31,26,0.09898567599043412,0.6041761611139487,0.16383578558930473,0.8704610013910489,0.9659502308788467,0.9552812504602757,0.00992555831265518,,104
within_project,NAFLD,PRJNA382861,Bacteria.Bacillota.Clostridia.Lachnospirales.Lachnospiraceae.[Ruminococcus] gnavus group,[Ruminococcus] gnavus group,31,26,0.4251381582938708,0.6123504997188655,0.6942725750841304,0.49043360469511854,0.8120841965551894,0.2454082989230162,0.18114143920595538,,104
within_project,NAFLD,PRJNA382861,Bacteria.Bacillota.Clostridia.Monoglobales.Monoglobaceae.Monoglobus,Monoglobus,31,26,-0.4153794798232776,0.5279892091906997,-0.78671963856983,0.43482286116522695,0.8120841965551894,0.26548968889269675,-0.173697270471464,,104
within_project,NAFLD,PRJNA382861,Bacteria.Bacillota.Clostridia.Oscillospirales.Oscillospiraceae.UCG-005,UCG-005,31,26,-0.40037527210807006,0.7057916844058695,-0.5672711664846309,0.5728381656577132,0.8274329059500302,0.7065374912055111,-0.05955334987593053,,104
within_project,NAFLD,PRJNA382861,Bacteria.Bacillota.Clostridia.Peptostreptococcales-Tissierellales.Anaerovoracaceae.Family XIII UCG-001,Family XIII UCG-001,31,26,-0.2501149243367812,0.33155525357652765,-0.7543687564554036,0.45384571495013803,0.8120841965551894,0.6479449301819562,-0.07196029776674939,,104
within_project,NAFLD,PRJNA382861,Bacteria.Bacillota.Clostridia.Lachnospirales.Lachnospiraceae.[Eubacterium] xylanophilum group,[Eubacterium] xylanophilum group,31,26,-1.1568665870144108,0.6083222858182461,-1.9017330352418786,0.062448897949170426,0.4995911835933634,0.0940776231873827,-0.26054590570719605,,104
within_project,NAFLD,PRJNA382861,Bacteria.Bacillota.Clostridia.Oscillospirales.Oscillospiraceae.UCG-003,UCG-003,31,26,-0.416473117234097,0.6360848066108814,-0.6547446392456758,0.5153611247369471,0.8120841965551894,0.36534508102965413,-0.141439205955335,,104
within_project,NAFLD,PRJNA382861,Bacteria.Bacillota.Clostridia.Oscillospirales.Ruminococcaceae.Paludicola,Paludicola,31,26,-0.5825794091073808,0.29988648636391296,-1.9426664274575525,0.05718296244468902,0.4955856745206381,0.2586738256736846,-0.1761786600496278,,104
within_project,NAFLD,PRJNA382861,Bacteria.Bacillota.Bacilli.Erysipelotrichales.Erysipelotrichaceae.Amedibacillus,Amedibacillus,31,26,0.36347650398243725,0.2512712562375754,1.446550271706257,0.15369822779844097,0.5511936445185469,0.10735796820840046,0.250620347394541,,104
within_project,NAFLD,PRJNA382861,Bacteria.Bacillota.Negativicutes.Veillonellales-Selenomonadales.Veillonellaceae.Veillonella,Veillonella,31,26,0.740727530371758,0.6340733864388002,1.168204731840219,0.2477631749818294,0.6561846938905666,0.22641715054341172,0.18858560794044665,,104
within_project,NAFLD,PRJNA382861,Bacteria.Bacteroidota.Bacteroidia.Bacteroidales.Barnesiellaceae.Barnesiella,Barnesiella,31,26,-1.0841452656475539,0.7604088233394516,-1.4257399866644949,0.1595945727056143,0.553261185379463,0.14706812560101648,-0.22580645161290325,,104
within_project,NAFLD,PRJNA382861,Bacteria.Bacillota.Clostridia.Lachnospirales.Lachnospiraceae.Lachnospiraceae UCG-010,Lachnospiraceae UCG-010,31,26,-0.2677857177724902,0.5562400457788405,-0.4814211414741633,0.6321271641372531,0.8498388076208169,0.9043541133619195,-0.01985111662531014,,104
within_project,NAFLD,PRJNA382861,Bacteria.Thermodesulfobacteriota.Desulfovibrionia.Desulfovibrionales.Desulfovibrionaceae.Desulfovibrio,Desulfovibrio,31,26,0.10025538559587079,0.6872051842570298,0.14588857577415054,0.8845427323843278,0.9659502308788467,0.5586870888886388,0.09181141439205964,,104
within_project,NAFLD,PRJNA382861,Bacteria.Bacillota.Clostridia.Clostridia vadinBB60 group.Incertae Sedis.Incertae Sedis,Incertae Sedis,31,26,-0.2385615883556843,0.3835217481457917,-0.6220288406304345,0.5364930910610036,0.8174407469066602,0.8038739508962865,-0.03970223325062039,,104
within_project,NAFLD,PRJNA382861,Bacteria.Pseudomonadota.Alphaproteobacteria.Rhodospirillales.Incertae Sedis.Incertae Sedis,Incertae Sedis,31,26,0.0864460711961348,0.3353077885718639,0.25781110413308367,0.7975149122074379,0.9185796150512964,0.44663816715331506,0.11910669975186106,,104
within_project,NAFLD,PRJNA382861,Bacteria.Pseudomonadota.Gammaproteobacteria.Burkholderiales.Sutterellaceae.Sutterella,Sutterella,31,26,0.27454314881903413,0.7355847244424748,0.3732311720136928,0.710411091693328,0.8692088651306601,0.6595045815685983,0.0694789081885856,,104
within_project,NAFLD,PRJNA382861,Bacteria.Bacillota.Negativicutes.Veillonellales-Selenomonadales.Selenomonadaceae.Megamonas,Megamonas,31,26,3.142735082036803,0.8198629151126494,3.833244587730853,0.00032731018730864405,0.03404025948009898,0.001831828758292296,0.4838709677419355,,104
within_project,NAFLD,PRJNA382861,Bacteria.Bacillota.Clostridia.Lachnospirales.Lachnospiraceae.Lachnospiraceae ND3007 group,Lachnospiraceae ND3007 group,31,26,0.8494066750219381,0.5161978513022654,1.6455060261856043,0.10556921468151079,0.5511936445185469,0.04607517377629239,0.3101736972704714,,104
within_project,NAFLD,PRJNA382861,Bacteria.Bacillota.Clostridia.Oscillospirales.Oscillospiraceae.Oscillibacter,Oscillibacter,31,26,-0.08827573482511064,0.3210657042670205,-0.27494601152321896,0.7843879390982053,0.9185796150512964,0.6711461209223617,0.06699751861042191,,104
within_project,NAFLD,PRJNA382861,Bacteria.Bacteroidota.Bacteroidia.Bacteroidales.Prevotellaceae.Paraprevotella,Paraprevotella,31,26,-0.30391230983266704,0.7804164297479241,-0.38942325949087364,0.6984668739405657,0.8647685105930814,0.5804350905959135,-0.08684863523573205,,104
within_project,NAFLD,PRJNA382861,Bacteria.Bacteroidota.Bacteroidia.Bacteroidales.Marinifilaceae.Odoribacter,Odoribacter,31,26,-0.6400608385614949,0.6252357654005329,-1.0237111726189636,0.3104533917012016,0.7426395967398647,0.22032608818682142,-0.19106699751861045,,104
within_project,NAFLD,PRJNA382861,Bacteria.Bacillota.Clostridia.Lachnospirales.Lachnospiraceae.Enterocloster,Enterocloster,31,26,0.47820561480877294,0.5792693934570954,0.8255323347136104,0.4126359520623545,0.8120841965551894,0.13833790294710802,0.23076923076923084,,104
within_project,NAFLD,PRJNA382861,Bacteria.Bacteroidota.Bacteroidia.Bacteroidales.Tannerellaceae.Incertae Sedis,Incertae Sedis,31,26,-0.32463604478031455,0.4818737716775338,-0.6736951954246608,0.5033265974505228,0.8120841965551894,0.7669232524055936,0.04714640198511155,,104
within_project,NAFLD,PRJNA382861,Bacteria.Bacillota.Clostridia.Oscillospirales.Oscillospiraceae.Incertae Sedis,Incertae Sedis,31,26,0.6950613270252572,0.43218892852522545,1.608234920309137,0.11350971875965447,0.5511936445185469,0.01891602229413892,0.36476426799007444,,104
within_project,NAFLD,PRJNA382861,Bacteria.Pseudomonadota.Gammaproteobacteria.Enterobacterales.Enterobacteriaceae.Citrobacter,Citrobacter,31,26,-0.93704054462111,0.39317997673801214,-2.383235668294189,0.020641949264091228,0.40096522581106114,0.6946650901899941,-0.06203473945409432,,104
within_project,NAFLD,PRJNA382861,Bacteria.Bacillota.Bacilli.Erysipelotrichales.Erysipelotrichaceae.Holdemania,Holdemania,31,26,0.03027826336861843,0.37259304328006093,0.08126363042656076,0.9355272979057861,0.9659502308788467,0.7669232524055936,0.04714640198511155,,104
within_project,NAFLD,PRJNA382861,Bacteria.Bacillota.Negativicutes.Veillonellales-Selenomonadales.Veillonellaceae.Allisonella,Allisonella,31,26,0.5236594663290467,0.4098978214778765,1.2775365930001905,0.20677924682658294,0.5982189551573434,0.16094499227952108,0.21836228287841197,,104
within_project,NAFLD,PRJNA382861,Bacteria.Bacteroidota.Bacteroidia.Bacteroidales.Marinifilaceae.Butyricimonas,Butyricimonas,31,26,-0.964074588406174,0.652707333107231,-1.4770396156217072,0.14536844419695139,0.5511936445185469,0.05353041954743136,-0.3002481389578163,,104
within_project,NAFLD,PRJNA382861,Bacteria.Fusobacteriota.Fusobacteriia.Fusobacteriales.Fusobacteriaceae.Fusobacterium,Fusobacterium,31,26,1.4710377570121516,0.7192781464272759,2.0451584193388026,0.045635356310569815,0.47460770562992605,0.06424029084367176,0.28784119106699757,,104
within_project,NAFLD,PRJNA382861,Bacteria.Bacillota.Clostridia.Christensenellales.Christensenellaceae.Incertae Sedis,Incertae Sedis,31,26,0.33811939291415655,0.22484906042377995,1.5037616447090885,0.13836370825383873,0.5511936445185469,0.057620551867901916,0.29528535980148884,,104
within_project,NAFLD,PRJNA382861,Bacteria.Bacillota.Clostridia.Oscillospirales.Ruminococcaceae.Anaerotruncus,Anaerotruncus,31,26,-0.228522959440281,0.24229922847106813,-0.9431435703790031,0.34973209972411956,0.8082697415846318,0.6595045815685983,-0.0694789081885856,,104
within_project,NAFLD,PRJNA382861,Bacteria.Bacillota.Clostridia.Oscillospirales.Oscillospiraceae.Oscillospira,Oscillospira,31,26,0.019296123838010618,0.586895151730586,0.03287831528529732,0.973890653631429,0.9833459026958118,1.0,0.0,,104
within_project,NAFLD,PRJNA382861,Bacteria.Pseudomonadota.Gammaproteobacteria.Burkholderiales.Sutterellaceae.Parasutterella,Parasutterella,31,26,1.9885694022214149,0.7564009908008351,2.628988362529812,0.01108124962459551,0.28811249023948327,0.023385753726692236,0.3523573200992556,,104
within_project,NAFLD,PRJNA382861,Bacteria.Bacillota.Clostridia.Lachnospirales.Lachnospiraceae.Shuttleworthia,Shuttleworthia,31,26,-0.15330437443244543,0.36235438193262726,-0.4230785719074025,0.6738876800537226,0.8647685105930814,0.6137807005307377,0.07940446650124078,,104
within_project,NAFLD,PRJNA382861,Bacteria.Bacillota.Clostridia.Lachnospirales.Lachnospiraceae.Anaerotignum,Anaerotignum,31,26,-0.11373604523484818,0.3669840169001456,-0.30992097747350983,0.7577923188945284,0.905866680057827,0.46600887702274074,0.11414392059553347,,104
within_project,NAFLD,PRJNA382861,Bacteria.Bacillota.Clostridia.Lachnospirales.Lachnospiraceae.Lachnospiraceae AC2044 group,Lachnospiraceae AC2044 group,31,26,-0.3397247151982399,0.38627037080748566,-0.8794998034357551,0.3829569580002721,0.8120841965551894,0.7669232524055936,-0.04714640198511166,,104
within_project,NAFLD,PRJNA382861,Bacteria.Bacillota.Clostridia.Oscillospirales.Ruminococcaceae.Negativibacillus,Negativibacillus,31,26,0.25700289794884,0.3778050540795853,0.6802526731013553,0.499198064784555,0.8120841965551894,0.0940776231873827,0.26054590570719594,,104
within_project,NAFLD,PRJNA382861,Bacteria.Bacillota.Clostridia.Lachnospirales.Lachnospiraceae.Tyzzerella,Tyzzerella,31,26,0.5576007255623415,0.32461051978809374,1.717753096622821,0.09146768005865723,0.5443190584749998,0.20276030990566463,0.19851116625310183,,104
within_project,NAFLD,PRJNA382861,Bacteria.Bacillota.Clostridia.Oscillospirales.Oscillospiraceae.Flavonifractor,Flavonifractor,31,26,0.5218632435310571,0.6358459548104771,0.8207384816761252,0.4153384310338012,0.8120841965551894,0.3014163426899117,0.16129032258064524,,104
within_project,NAFLD,PRJNA382861,Bacteria.Bacteroidota.Bacteroidia.Bacteroidales.Barnesiellaceae.Coprobacter,Coprobacter,31,26,0.11718393233662516,0.5512041626604186,0.21259623978714198,0.8324278892751296,0.9410054400501465,0.6250807108899668,0.07692307692307687,,104
within_project,NAFLD,PRJNA480711,Bacteria.Actinomycetota.Coriobacteriia.Coriobacteriales.Coriobacteriaceae.Collinsella,Collinsella,20,54,-1.3351759194765271,0.5379278080092161,-2.48207268632904,0.015464325280323281,0.2338502235707096,0.21218114357772477,-0.19074074074074077,"age_years,sex",196
within_project,NAFLD,PRJNA480711,Bacteria.Actinomycetota.Coriobacteriia.Coriobacteriales.Eggerthellaceae.Senegalimassilia,Senegalimassilia,20,54,-0.6204725080779958,0.4558226351143168,-1.361214780223422,0.1778117294908033,0.5280469542454158,0.8029600773977692,-0.03888888888888886,"age_years,sex",196
within_project,NAFLD,PRJNA480711,Bacteria.Bacillota.Bacilli.Erysipelotrichales.Erysipelotrichaceae.Holdemanella,Holdemanella,20,54,0.6087446722429352,0.7769934345766213,0.78346179665551,0.43599882944667456,0.7824680162894275,0.09909571601473138,0.25185185185185177,"age_years,sex",196
within_project,NAFLD,PRJNA480711,Bacteria.Bacillota.Bacilli.Lactobacillales.Streptococcaceae.Streptococcus,Streptococcus,20,54,-0.6935539645041752,0.3961847237440157,-1.7505822989588482,0.08439921687381768,0.37596014789246057,0.145805605649903,-0.2222222222222222,"age_years,sex",196
within_project,NAFLD,PRJNA480711,Bacteria.Bacillota.Bacilli.RF39.Incertae Sedis.Incertae Sedis,Incertae Sedis,20,54,-1.180620215654958,0.7792551316510873,-1.515062484289911,0.1342593351138815,0.46751089527660794,0.23533326650958586,-0.18148148148148147,"age_years,sex",196
within_project,NAFLD,PRJNA480711,Bacteria.Bacillota.Clostridia.Christensenellales.Christensenellaceae.Christensenellaceae R-7 group,Christensenellaceae R-7 group,20,54,-1.6346001645684136,0.660515449049439,-2.474734189670808,0.015758917424569883,0.2338502235707096,0.010044429425608186,-0.3925925925925926,"age_years,sex",196
within_project,NAFLD,PRJNA480711,Bacteria.Bacillota.Clostridia.Clostridia UCG-014.Incertae Sedis.Incertae Sedis,Incertae Sedis,20,54,-1.6108093113083617,0.7847199781735578,-2.0527186207971075,0.04383971926530167,0.29831456571376547,0.046584477809498225,-0.3037037037037037,"age_years,sex",196
within_project,NAFLD,PRJNA480711,Bacteria.Bacillota.Clostridia.Clostridiales.Clostridiaceae.Clostridium,Clostridium,20,54,-1.122006509200388,0.7027322679852966,-1.5966343945143326,0.11485221457794378,0.4390313326312914,0.17090352023079747,-0.20925925925925926,"age_years,sex",196
within_project,NAFLD,PRJNA480711,Bacteria.Bacillota.Clostridia.Lachnospirales.Lachnospiraceae.Agathobacter,Agathobacter,20,54,-0.3050316935084541,0.7470288656299406,-0.4083265152695708,0.6842803615959714,0.9085568681919148,0.7286732435303448,0.05370370370370381,"age_years,sex",196
within_project,NAFLD,PRJNA480711,Bacteria.Bacillota.Clostridia.Lachnospirales.Lachnospiraceae.Blautia,Blautia,20,54,-0.006885030473742752,0.6183634417100579,-0.011134278014079377,0.9911479874273902,0.9941743486887904,0.5387750367826731,0.09444444444444455,"age_years,sex",196
within_project,NAFLD,PRJNA480711,Bacteria.Bacillota.Clostridia.Lachnospirales.Lachnospiraceae.Coprococcus,Coprococcus,20,54,-0.1266371138414592,0.681286967708567,-0.18587925476893982,0.8530770434785659,0.9609373593206835,0.8983057226047597,0.020370370370370372,"age_years,sex",196
within_project,NAFLD,PRJNA480711,Bacteria.Bacillota.Clostridia.Lachnospirales.Lachnospiraceae.Dorea,Dorea,20,54,0.06145412975841334,0.6508790785676984,0.09441712259925013,0.9250475617810237,0.9695685674282387,0.2305653461003917,0.18333333333333335,"age_years,sex",196
within_project,NAFLD,PRJNA480711,Bacteria.Bacillota.Clostridia.Lachnospirales.Lachnospiraceae.Howardella,Howardella,20,54,1.2128130245059257,0.3692949179009704,3.2841313695823775,0.001599228198941538,0.14260436436255983,0.007017510820683152,0.4111111111111112,"age_years,sex",196
within_project,NAFLD,PRJNA480711,Bacteria.Bacillota.Clostridia.Lachnospirales.Lachnospiraceae.Lachnospiraceae NK4A136 group,Lachnospiraceae NK4A136 group,20,54,-0.7022323610512752,0.681364197564212,-1.0306270325938232,0.30626366977476605,0.6821327190437971,0.38415271338781076,-0.1333333333333333,"age_years,sex",196
within_project,NAFLD,PRJNA480711,Bacteria.Bacillota.Clostridia.Lachnospirales.Lachnospiraceae.Mediterraneibacter,Mediterraneibacter,20,54,0.5076313122409267,0.5758949817808104,0.8814650731478932,0.38108284274888216,0.7544670422099082,0.12662744580681642,0.2333333333333334,"age_years,sex",196
within_project,NAFLD,PRJNA480711,Bacteria.Bacillota.Clostridia.Lachnospirales.Lachnospiraceae.Roseburia,Roseburia,20,54,0.49670673486100675,0.7250989189981966,0.6850192737113184,0.4955938836020898,0.8373827688449104,0.36452043858126937,0.13888888888888884,"age_years,sex",196
within_project,NAFLD,PRJNA480711,Bacteria.Bacillota.Clostridia.Lachnospirales.Lachnospiraceae.[Eubacterium] eligens group,[Eubacterium] eligens group,20,54,-1.1712777794244436,0.683788864355118,-1.7129231557888513,0.09115298795460713,0.3904717039093871,0.16342343710698481,-0.2129629629629629,"age_years,sex",196
within_project,NAFLD,PRJNA480711,Bacteria.Bacillota.Clostridia.Lachnospirales.Lachnospiraceae.[Eubacterium] ruminantium group,[Eubacterium] ruminantium group,20,54,-0.9415813911328986,0.5505389343153255,-1.71029028547071,0.091641318264448,0.3904717039093871,0.5880687689825272,-0.08333333333333337,"age_years,sex",196
within_project,NAFLD,PRJNA480711,Bacteria.Bacillota.Clostridia.NA.NA.NA,Clostridia,20,54,-0.5331033472225586,0.6283382636578834,-0.8484336830278123,0.3990884981250923,0.7682121914702633,0.1016133650110793,-0.25,"age_years,sex",196
within_project,NAFLD,PRJNA480711,Bacteria.Bacillota.Clostridia.Oscillospirales.Oscillospiraceae.Colidextribacter,Colidextribacter,20,54,0.24319924022837938,0.5819766669512144,0.41788486384242984,0.6773104165558752,0.9085568681919148,0.6220477036624746,0.07592592592592595,"age_years,sex",196
within_project,NAFLD,PRJNA480711,Bacteria.Bacillota.Clostridia.Oscillospirales.Oscillospiraceae.UCG-002,UCG-002,20,54,-1.5223700747696784,0.7578814198810765,-2.008718032708286,0.04842567306677804,0.29831456571376547,0.046584477809498225,-0.3037037037037037,"age_years,sex",196
within_project,NAFLD,PRJNA480711,Bacteria.Bacillota.Clostridia.Oscillospirales.Ruminococcaceae.CAG-352,CAG-352,20,54,-0.204615009709455,0.5666171244494078,-0.36111688277738363,0.7190996818009752,0.9087453926198434,0.36452043858126937,0.13888888888888884,"age_years,sex",196
within_project,NAFLD,PRJNA480711,Bacteria.Bacillota.Clostridia.Oscillospirales.Ruminococcaceae.Faecalibacterium,Faecalibacterium,20,54,-0.5819708838934211,0.6322602476540492,-0.9204609748165843,0.3604932277399402,0.743754448810824,0.7748529299868174,-0.0444444444444444,"age_years,sex",196
within_project,NAFLD,PRJNA480711,Bacteria.Bacillota.Clostridia.Oscillospirales.Ruminococcaceae.Gemmiger,Gemmiger,20,54,-0.7176793077447822,0.6608780003518521,-1.0859482496961452,0.2812274744058237,0.6409370346923424,0.8408302496157976,-0.031481481481481444,"age_years,sex",196
within_project,NAFLD,PRJNA480711,Bacteria.Bacillota.Clostridia.Oscillospirales.Ruminococcaceae.NA,Ruminococcaceae,20,54,-1.747553850477993,0.7669935576978072,-2.278446582685018,0.025754745482161296,0.26225979116722736,0.05523425371806383,-0.2925925925925926,"age_years,sex",196
within_project,NAFLD,PRJNA480711,Bacteria.Bacillota.Clostridia.Oscillospirales.Ruminococcaceae.Ruminococcus,Ruminococcus,20,54,-1.7405344155614242,0.7746682671742736,-2.2468125897428353,0.027807668152053436,0.26225979116722736,0.07260387244280944,-0.274074074074074,"age_years,sex",196
within_project,NAFLD,PRJNA480711,Bacteria.Bacillota.Clostridia.Oscillospirales.Ruminococcaceae.[Eubacterium] siraeum group,[Eubacterium] siraeum group,20,54,-1.5628977514736828,0.5950235998612547,-2.62661472895884,0.010586340210916837,0.2143438026224393,0.19072128853304426,-0.19999999999999996,"age_years,sex",196
within_project,NAFLD,PRJNA480711,Bacteria.Bacillota.Clostridia.Oscillospirales.UCG-010.Incertae Sedis,Incertae Sedis,20,54,-1.5575392837147644,0.5783339093950691,-2.6931488166480384,0.008850900379365277,0.2143438026224393,0.04794145433852138,-0.3018518518518518,"age_years,sex",196
within_project,NAFLD,PRJNA480711,Bacteria.Bacillota.Clostridia.Peptostreptococcales-Tissierellales.Peptostreptococcaceae.Romboutsia,Romboutsia,20,54,-0.927245144835288,0.6650484565609579,-1.394252006282639,0.16765129263939219,0.5157898551504684,0.19488016624660764,-0.19814814814814818,"age_years,sex",196
within_project,NAFLD,PRJNA480711,Bacteria.Bacillota.NA.NA.NA.NA,Bacteria.Bacillota.NA.NA.NA.NA,20,54,-0.8956107838241141,0.6290802706296491,-1.4236828360992684,0.15898055964955346,0.5108227818247947,0.145805605649903,-0.2222222222222222,"age_years,sex",196
within_project,NAFLD,PRJNA480711,Bacteria.Bacillota.Negativicutes.Acidaminococcales.Acidaminococcaceae.Phascolarctobacterium,Phascolarctobacterium,20,54,1.3137724431729583,0.6874270245606551,1.9111445960574651,0.06008118589378395,0.3239174162859992,0.03576376659097789,0.3203703703703704,"age_years,sex",196
within_project,NAFLD,PRJNA480711,Bacteria.Bacteroidota.Bacteroidia.Bacteroidales.Bacteroidaceae.Bacteroides,Bacteroides,20,54,1.1614480778077945,0.5494070938654181,2.1140026963181167,0.038079396563238006,0.29831456571376547,0.017914595794459892,0.36111111111111116,"age_years,sex",196
within_project,NAFLD,PRJNA480711,Bacteria.Bacteroidota.Bacteroidia.Bacteroidales.Prevotellaceae.Incertae Sedis,Incertae Sedis,20,54,-1.0088794733306639,0.3269838472645512,-3.085410737474181,0.002910293150256323,0.14260436436255983,0.008716375728165362,-0.4,"age_years,sex",196
within_project,NAFLD,PRJNA480711,Bacteria.Bacteroidota.Bacteroidia.Bacteroidales.Prevotellaceae.Segatella,Segatella,20,54,-0.4382646501730444,1.005316507583916,-0.435946934987001,0.664216730813659,0.9085568681919148,0.6656743745693801,-0.06666666666666665,"age_years,sex",196
within_project,NAFLD,PRJNA480711,Bacteria.Bacteroidota.Bacteroidia.Bacteroidales.Rikenellaceae.Alistipes,Alistipes,20,54,0.08511395211245079,0.7595481972767638,0.1120586585783667,0.9110976148032516,0.9695685674282387,0.8029600773977692,-0.03888888888888886,"age_years,sex",196
within_project,NAFLD,PRJNA480711,Bacteria.Bacteroidota.Bacteroidia.Bacteroidales.Tannerellaceae.Parabacteroides,Parabacteroides,20,54,-0.07679337157357267,0.6524593513653617,-0.1176983231413143,0.9066437668278339,0.9695685674282387,0.4468208767086975,0.1166666666666667,"age_years,sex",196
within_project,NAFLD,PRJNA480711,Bacteria.NA.NA.NA.NA.NA,Bacteria.NA.NA.NA.NA.NA,20,54,-1.385266391629493,0.5989735575304994,-2.312733799703597,0.023681930206151124,0.26225979116722736,0.006521179218620736,-0.41481481481481486,"age_years,sex",196
within_project,NAFLD,PRJNA480711,Bacteria.Pseudomonadota.Gammaproteobacteria.Enterobacterales.Enterobacteriaceae.Klebsiella,Klebsiella,20,54,0.21187581597093624,0.5417959377228855,0.3910620239447148,0.6969391558892767,0.9085568681919148,0.12363131004200904,0.23518518518518516,"age_years,sex",196
within_project,NAFLD,PRJNA480711,Bacteria.Pseudomonadota.Gammaproteobacteria.Enterobacterales.Pasteurellaceae.Haemophilus,Haemophilus,20,54,-0.9843915119581128,0.5175412084247926,-1.902054359988537,0.06127911359828448,0.3239174162859992,0.01418358775049571,-0.3740740740740741,"age_years,sex",196
within_project,NAFLD,PRJNA480711,Archaea.Methanobacteriota.Methanobacteria.Methanobacteriales.Methanobacteriaceae.Methanobrevibacter,Methanobrevibacter,20,54,-1.1599092714680683,0.5335968176199228,-2.1737559767349723,0.033107759539240854,0.28213568998657423,0.012375007077311786,-0.38148148148148153,"age_years,sex",196
within_project,NAFLD,PRJNA480711,Bacteria.Actinomycetota.Actinobacteria.Micrococcales.Micrococcaceae.Rothia,Rothia,20,54,-0.6891953260148648,0.4182172415892294,-1.647936185978168,0.10384759831485864,0.4240443597856728,0.7655470847607164,-0.04629629629629628,"age_years,sex",196
within_project,NAFLD,PRJNA480711,Bacteria.Actinomycetota.Coriobacteriia.Coriobacteriales.Eggerthellaceae.Eggerthella,Eggerthella,20,54,0.08125173206912606,0.4132587483816654,0.19661224931670648,0.8447007007964967,0.9570019500353373,0.5631617800822517,0.0888888888888888,"age_years,sex",196
within_project,NAFLD,PRJNA480711,Bacteria.Bacillota.Bacilli.Erysipelotrichales.Erysipelatoclostridiaceae.Catenibacterium,Catenibacterium,20,54,0.27534507425879284,0.6182430595792657,0.4453670283758204,0.6574288457565922,0.907436998368254,0.02472563479402888,0.34259259259259256,"age_years,sex",196
within_project,NAFLD,PRJNA480711,Bacteria.Bacillota.Bacilli.Lactobacillales.Lactobacillaceae.Lactobacillus,Lactobacillus,20,54,-0.7336916149914146,0.6627347586274034,-1.1070667494654582,0.2720549177450139,0.6409370346923424,0.22586649597560549,-0.18518518518518523,"age_years,sex",196
within_project,NAFLD,PRJNA480711,Bacteria.Bacillota.Bacilli.Staphylococcales.Gemellaceae.Gemella,Gemella,20,54,-1.045281922520836,0.5201928108031968,-2.009412473245992,0.04835021450973415,0.29831456571376547,0.010773750553449469,-0.38888888888888884,"age_years,sex",196
within_project,NAFLD,PRJNA480711,Bacteria.Bacillota.Bacilli.Staphylococcales.Staphylococcaceae.Staphylococcus,Staphylococcus,20,54,-2.3090729224824766,0.7446381410534316,-3.1009329165114425,0.0027796178347911336,0.14260436436255983,0.01851239008930959,-0.3592592592592593,"age_years,sex",196
within_project,NAFLD,PRJNA480711,Bacteria.Bacillota.Clostridia.Lachnospirales.Lachnospiraceae.NA,Lachnospiraceae,20,54,0.6291646924173224,0.6237980440252658,1.0086031824617891,0.3166387643371347,0.6895688645564267,0.22123640153363144,0.1870370370370371,"age_years,sex",196
within_project,NAFLD,PRJNA480711,Bacteria.Bacillota.Clostridia.Oscillospirales.Butyricicoccaceae.Agathobaculum,Agathobaculum,20,54,0.48942582663514406,0.5897968845417586,0.829820976445819,0.4094610708591332,0.7791686396931079,0.18260021733225007,0.20370370370370372,"age_years,sex",196
within_project,NAFLD,PRJNA480711,Bacteria.Bacillota.Clostridia.Oscillospirales.Oscillospiraceae.Intestinimonas,Intestinimonas,20,54,-0.6705961207263148,0.6172360023911209,-1.0864501068124368,0.2810070405671317,0.6409370346923424,0.5549739877756171,-0.09074074074074079,"age_years,sex",196
within_project,NAFLD,PRJNA480711,Bacteria.Bacillota.Clostridia.Oscillospirales.Oscillospiraceae.NA,Oscillospiraceae,20,54,-0.36837346664977866,0.5762122483959391,-0.6393016942546041,0.5247133167163106,0.8409782405818287,0.737836810448791,-0.051851851851851816,"age_years,sex",196
within_project,NAFLD,PRJNA480711,Bacteria.Bacillota.Clostridia.Oscillospirales.Oscillospiraceae.NK4A214 group,NK4A214 group,20,54,-1.143589527627969,0.6528216875745222,-1.7517639952753925,0.08419417009688258,0.37596014789246057,0.152669824338439,-0.21851851851851856,"age_years,sex",196
within_project,NAFLD,PRJNA480711,Bacteria.Bacillota.Clostridia.Oscillospirales.Ruminococcaceae.Acutalibacter,Acutalibacter,20,54,-0.695171727072968,0.6171935672944965,-1.1263431181246644,0.26386694427913143,0.6384928528235773,0.26540682203485644,-0.1703703703703704,"age_years,sex",196
within_project,NAFLD,PRJNA480711,Bacteria.Bacillota.Clostridia.Oscillospirales.Ruminococcaceae.Incertae Sedis,Incertae Sedis,20,54,-1.1044000300136436,0.5841145133060804,-1.8907252000344146,0.06280031540238759,0.3239174162859992,0.15619285421588197,-0.21666666666666667,"age_years,sex",196
within_project,NAFLD,PRJNA480711,Bacteria.Bacillota.Clostridia.Peptostreptococcales-Tissierellales.Anaerovoracaceae.Mogibacterium,Mogibacterium,20,54,-0.8733965480703996,0.7166550999653434,-1.2187125272849324,0.2270446187685289,0.60216786762988,0.04933149480785342,-0.30000000000000004,"age_years,sex",196
within_project,NAFLD,PRJNA480711,Bacteria.Pseudomonadota.Gammaproteobacteria.Enterobacterales.Enterobacteriaceae.Escherichia-Shigella,Escherichia-Shigella,20,54,1.0911467944151632,0.7095107440434403,1.5378862174754566,0.1285847156744561,0.45822916858533447,0.02472563479402888,0.34259259259259256,"age_years,sex",196
within_project,NAFLD,PRJNA480711,Bacteria.Verrucomicrobiota.Verrucomicrobiia.Verrucomicrobiales.Akkermansiaceae.Akkermansia,Akkermansia,20,54,-1.7268270897354632,0.7372913619745824,-2.342123044966576,0.022024338337830074,0.26225979116722736,0.003994619311785179,-0.4388888888888889,"age_years,sex",196
within_project,NAFLD,PRJNA480711,Bacteria.Actinomycetota.Coriobacteriia.Coriobacteriales.Eggerthellaceae.Slackia,Slackia,20,54,-0.3327556104864953,0.4449129747232534,-0.7479116802414615,0.45701878685939534,0.7997828770039419,0.36452043858126937,-0.13888888888888884,"age_years,sex",196
within_project,NAFLD,PRJNA480711,Bacteria.Bacillota.Bacilli.Erysipelotrichales.Erysipelatoclostridiaceae.Erysipelotrichaceae UCG-003,Erysipelotrichaceae UCG-003,20,54,0.22334628540004792,0.6626824259118845,0.337033662983762,0.7370999717896713,0.9087453926198434,0.3455274962591395,0.14444444444444438,"age_years,sex",196
within_project,NAFLD,PRJNA480711,Bacteria.Bacillota.Clostridia.Oscillospirales.Ruminococcaceae.Fournierella,Fournierella,20,54,-0.07369936612674527,0.3310912704999286,-0.2225953164378617,0.8244987030646103,0.950598504709786,0.2305653461003917,0.18333333333333335,"age_years,sex",196
within_project,NAFLD,PRJNA480711,Bacteria.Bacillota.Clostridia.Oscillospirales.[Eubacterium] coprostanoligenes group.Incertae Sedis,Incertae Sedis,20,54,-1.9661517049988466,0.7529354234577512,-2.6113151855302124,0.011026804956113377,0.2143438026224393,0.0048364722139812525,-0.4296296296296296,"age_years,sex",196
within_project,NAFLD,PRJNA480711,Bacteria.Bacillota.Clostridia.Peptococcales.Peptococcaceae.Peptococcus,Peptococcus,20,54,-0.8481444004708726,0.7109769852385952,-1.1929280667028141,0.2369253800591348,0.6110180854156635,0.1391801671196221,-0.22592592592592597,"age_years,sex",196
within_project,NAFLD,PRJNA480711,Bacteria.Bacillota.Clostridia.Peptostreptococcales-Tissierellales.Anaerovoracaceae.Family XIII AD3011 group,Family XIII AD3011 group,20,54,-0.7968389941647,0.5180455061378663,-1.5381640893003696,0.12851682051528437,0.45822916858533447,0.2033967498420275,-0.19444444444444442,"age_years,sex",196
within_project,NAFLD,PRJNA480711,Bacteria.Bacillota.Clostridia.Peptostreptococcales-Tissierellales.Family XI.Parvimonas,Parvimonas,20,54,0.21918895631362015,0.6465263504411175,0.3390255573714359,0.7356054259174731,0.9087453926198434,0.7470377861070524,-0.050000000000000044,"age_years,sex",196
within_project,NAFLD,PRJNA480711,Bacteria.Bacillota.Clostridia.Peptostreptococcales-Tissierellales.Peptostreptococcaceae.Intestinibacter,Intestinibacter,20,54,-1.2340754849966689,0.6310439614259103,-1.9556093718227574,0.054503594309597975,0.31419719072591773,0.09420988683387367,-0.25555555555555554,"age_years,sex",196
within_project,NAFLD,PRJNA480711,Bacteria.Bacteroidota.Bacteroidia.Bacteroidales.Muribaculaceae.Incertae Sedis,Incertae Sedis,20,54,0.8397352002050151,0.7717075945198612,1.0881520489991798,0.2802603782221152,0.6409370346923424,0.27066565444606716,0.1685185185185185,"age_years,sex",196
within_project,NAFLD,PRJNA480711,Bacteria.Actinomycetota.Actinobacteria.Actinomycetales.Actinomycetaceae.Schaalia,Schaalia,20,54,-0.004500745519409862,0.6142216093461481,-0.007327559712855106,0.9941743486887904,0.9941743486887904,0.4614979214682374,-0.11296296296296293,"age_years,sex",196
within_project,NAFLD,PRJNA480711,Bacteria.Bacillota.Clostridia.Lachnospirales.Lachnospiraceae.Anaerostipes,Anaerostipes,20,54,0.07821147317969357,0.6110057601646167,0.1280044776642071,0.8985124656715691,0.9695685674282387,0.5714073926759136,0.08703703703703702,"age_years,sex",196
within_project,NAFLD,PRJNA480711,Bacteria.Bacillota.Clostridia.Lachnospirales.Lachnospiraceae.Fusicatenibacter,Fusicatenibacter,20,54,-0.4381308470249383,0.7080125371588473,-0.6188179220428702,0.5380449594988682,0.8409782405818287,0.8790724503089711,0.024074074074074137,"age_years,sex",196
within_project,NAFLD,PRJNA480711,Bacteria.Bacillota.Clostridia.Lachnospirales.Lachnospiraceae.Marvinbryantia,Marvinbryantia,20,54,-0.29396811985225296,0.49166872779391213,-0.5978987542512011,0.5518370158407176,0.8409782405818287,0.6834579483692078,0.06296296296296289,"age_years,sex",196
within_project,NAFLD,PRJNA480711,Bacteria.Bacillota.Negativicutes.Veillonellales-Selenomonadales.Veillonellaceae.Dialister,Dialister,20,54,-0.8558579875214479,0.5845702014925092,-1.4640807645280138,0.1476484499965742,0.49049315592082277,0.26540682203485644,-0.1703703703703704,"age_years,sex",196
within_project,NAFLD,PRJNA480711,Bacteria.Bacillota.Negativicutes.Veillonellales-Selenomonadales.Veillonellaceae.Megasphaera,Megasphaera,20,54,-0.2886308694088573,0.7443063707881017,-0.387785031455855,0.6993518346858212,0.9085568681919148,0.3271775465123997,0.1499999999999999,"age_years,sex",196
within_project,NAFLD,PRJNA480711,Bacteria.Bacillota.Bacilli.Erysipelotrichales.Erysipelotrichaceae.Turicibacter,Turicibacter,20,54,-1.0411725526841302,0.5856173722662694,-1.7779058511446075,0.07976240773172827,0.3722245694147319,0.2500543534173103,-0.17592592592592593,"age_years,sex",196
within_project,NAFLD,PRJNA480711,Bacteria.Bacillota.Clostridia.Lachnospirales.Lachnospiraceae.Faecalimonas,Faecalimonas,20,54,0.23836100993647366,0.43083667776205187,0.5532514343361425,0.5818539965513945,0.8510700248065173,0.7935607080326965,0.040740740740740744,"age_years,sex",196
within_project,NAFLD,PRJNA480711,Bacteria.Bacillota.Clostridia.Peptostreptococcales-Tissierellales.Peptostreptococcaceae.Terrisporobacter,Terrisporobacter,20,54,-0.16847632578170543,0.4499773239949082,-0.374410702045981,0.7092306164967499,0.9085568681919148,0.9951442591710958,0.0018518518518517713,"age_years,sex",196
within_project,NAFLD,PRJNA480711,Bacteria.Bacillota.Bacilli.Lactobacillales.Streptococcaceae.Lactococcus,Lactococcus,20,54,0.2635382104536034,0.36656025859745295,0.7189492157768644,0.4745654334671705,0.8231400438899594,0.6220477036624746,0.07592592592592595,"age_years,sex",196
within_project,NAFLD,PRJNA480711,Bacteria.Bacillota.Clostridia.Lachnospirales.Lachnospiraceae.CAG-56,CAG-56,20,54,0.22909325394625304,0.6110998013247434,0.3748868080952149,0.7088780758950566,0.9085568681919148,0.27066565444606716,0.1685185185185185,"age_years,sex",196
within_project,NAFLD,PRJNA480711,Bacteria.Bacillota.Clostridia.Lachnospirales.Lachnospiraceae.Lachnoclostridium,Lachnoclostridium,20,54,0.3993789289217581,0.5739959358407223,0.6957870325977037,0.48886588564349864,0.8331975094445715,0.10947284975609706,0.24444444444444446,"age_years,sex",196
within_project,NAFLD,PRJNA480711,Bacteria.Bacillota.Clostridia.Lachnospirales.Lachnospiraceae.Lachnospira,Lachnospira,20,54,-0.939877867974709,0.6533966864604318,-1.4384490883573309,0.15476285475656115,0.505558658871433,0.1866281193631535,-0.20185185185185184,"age_years,sex",196
within_project,NAFLD,PRJNA480711,Bacteria.Bacillota.Clostridia.Lachnospirales.Lachnospiraceae.Lachnospiraceae FCS020 group,Lachnospiraceae FCS020 group,20,54,-0.6058025138736962,0.5679198923994461,-1.0667041637055485,0.28977070087226287,0.6528167513903853,0.49164417648101344,-0.10555555555555551,"age_years,sex",196
within_project,NAFLD,PRJNA480711,Bacteria.Bacillota.Clostridia.Oscillospirales.Ruminococcaceae.Ruthenibacterium,Ruthenibacterium,20,54,-0.19022465410666184,0.52805416765822,-0.36023700930201474,0.7197545955386558,0.9087453926198434,0.7195482851867766,-0.05555555555555558,"age_years,sex",196
within_project,NAFLD,PRJNA480711,Bacteria.Actinomycetota.Actinobacteria.Bifidobacteriales.Bifidobacteriaceae.Bifidobacterium,Bifidobacterium,20,54,-0.5766870901055242,0.6378280969001928,-0.9041418728779583,0.3690213549222775,0.7534185996329833,0.5631617800822517,-0.0888888888888889,"age_years,sex",196
within_project,NAFLD,PRJNA480711,Bacteria.Bacillota.Bacilli.Erysipelotrichales.Erysipelotrichaceae.Solobacterium,Solobacterium,20,54,0.06383547271011679,0.4631892231112284,0.13781726673460967,0.8907805072151259,0.9695685674282387,0.31530245208174557,0.15370370370370368,"age_years,sex",196
within_project,NAFLD,PRJNA480711,Bacteria.Bacillota.Clostridia.Oscillospirales.Ruminococcaceae.Candidatus Soleaferrea,Candidatus Soleaferrea,20,54,0.25646319370480164,0.29011128320999313,0.8840166120638756,0.3797134934090557,0.7544670422099082,0.27066565444606716,0.1685185185185185,"age_years,sex",196
within_project,NAFLD,PRJNA480711,Bacteria.Bacillota.Clostridia.Peptostreptococcales-Tissierellales.Family XI.Anaerococcus,Anaerococcus,20,54,-1.3119308475607978,0.6584626716735015,-1.9924149143131964,0.05022643198241969,0.29831456571376547,0.00811311726556578,-0.4037037037037037,"age_years,sex",196
within_project,NAFLD,PRJNA480711,Bacteria.Thermodesulfobacteriota.Desulfovibrionia.Desulfovibrionales.Desulfovibrionaceae.Bilophila,Bilophila,20,54,-0.021006607463551544,0.6838102538182139,-0.03071993633651478,0.975580312926017,0.9941743486887904,0.9757248922032503,-0.005555555555555536,"age_years,sex",196
within_project,NAFLD,PRJNA480711,Bacteria.Actinomycetota.Coriobacteriia.Coriobacteriales.Eggerthellaceae.Gordonibacter,Gordonibacter,20,54,0.1331933001928243,0.25373359976023563,0.5249336324345087,0.6012879806962074,0.8729810682700492,0.24017055581533664,0.17962962962962958,"age_years,sex",196
within_project,NAFLD,PRJNA480711,Bacteria.Bacillota.Bacilli.Lactobacillales.Carnobacteriaceae.Granulicatella,Granulicatella,20,54,0.24845691191471503,0.4379072019137323,0.5673734316972048,0.5722756610225128,0.8433536057173873,0.10680130162451855,0.24629629629629624,"age_years,sex",196
within_project,NAFLD,PRJNA480711,Bacteria.Bacillota.Clostridia.Lachnospirales.Lachnospiraceae.Anaerobutyricum,Anaerobutyricum,20,54,0.4218493336339319,0.6507245578516349,0.6482763383430098,0.5189271738310066,0.8409782405818287,0.27599546806328723,0.16666666666666674,"age_years,sex",196
within_project,NAFLD,PRJNA480711,Bacteria.Bacillota.Clostridia.Lachnospirales.Lachnospiraceae.Extibacter,Extibacter,20,54,-0.060581376988276585,0.43848529314862617,-0.13816056760595233,0.8905101918193672,0.9695685674282387,0.5071045797026397,0.10185185185185186,"age_years,sex",196
within_project,NAFLD,PRJNA480711,Bacteria.Bacillota.Clostridia.Lachnospirales.Lachnospiraceae.Lachnospiraceae UCG-004,Lachnospiraceae UCG-004,20,54,0.15591014558914312,0.6183559267314706,0.25213657514897436,0.8016743452881536,0.9408872555477731,0.21667473255500624,0.18888888888888888,"age_years,sex",196
within_project,NAFLD,PRJNA480711,Bacteria.Bacillota.Clostridia.Lachnospirales.Lachnospiraceae.[Eubacterium] ventriosum group,[Eubacterium] ventriosum group,20,54,-0.7581756622366962,0.5412192475289226,-1.4008660366355126,0.16567175583559834,0.5157898551504684,0.35811820235996317,-0.14074074074074072,"age_years,sex",196
within_project,NAFLD,PRJNA480711,Bacteria.Bacillota.Clostridia.Lachnospirales.Lachnospiraceae.[Ruminococcus] gnavus group,[Ruminococcus] gnavus group,20,54,1.7832070413345393,0.5984967854197962,2.979476389474283,0.003966761136360549,0.1554970365453335,0.007017510820683152,0.4111111111111112,"age_years,sex",196
within_project,NAFLD,PRJNA480711,Bacteria.Bacillota.Clostridia.Monoglobales.Monoglobaceae.Monoglobus,Monoglobus,20,54,-0.35809415915931875,0.5654402726306129,-0.6333014758452695,0.528600528053183,0.8409782405818287,0.8599102770976077,-0.02777777777777779,"age_years,sex",196
within_project,NAFLD,PRJNA480711,Bacteria.Bacillota.Clostridia.Oscillospirales.Oscillospiraceae.UCG-005,UCG-005,20,54,-2.012205453073371,0.7457941296531032,-2.6980709193961117,0.0087334455447294,0.2143438026224393,0.01568925775912542,-0.36851851851851847,"age_years,sex",196
within_project,NAFLD,PRJNA480711,Bacteria.Bacillota.Clostridia.Peptostreptococcales-Tissierellales.Anaerovoracaceae.Family XIII UCG-001,Family XIII UCG-001,20,54,-0.4004248012281307,0.49884388077115144,-0.8027056493288502,0.4248619225678718,0.7824680162894275,0.4253113041453028,-0.12222222222222223,"age_years,sex",196
within_project,NAFLD,PRJNA480711,Bacteria.Bacillota.Clostridia.Peptostreptococcales-Tissierellales.Family XI.Fenollaria,Fenollaria,20,54,-1.608085539447485,0.8562025383405321,-1.878160210274816,0.06452463543588151,0.3242776550110968,0.023956004506396424,-0.34444444444444444,"age_years,sex",196
within_project,NAFLD,PRJNA480711,Bacteria.Bacteroidota.Bacteroidia.Bacteroidales.Rikenellaceae.Rikenellaceae RC9 gut group,Rikenellaceae RC9 gut group,20,54,-0.06691518802625522,0.6625179764193206,-0.10100131680638849,0.9198381545336569,0.9695685674282387,0.49934259894546407,-0.10370370370370374,"age_years,sex",196
within_project,NAFLD,PRJNA480711,Bacteria.Actinomycetota.Actinobacteria.Bifidobacteriales.Bifidobacteriaceae.Gardnerella,Gardnerella,20,54,-0.41553376138704806,0.6989616631531581,-0.5945015060089145,0.5540934656197718,0.8409782405818287,0.6924168101972057,0.061111111111111116,"age_years,sex",196
within_project,NAFLD,PRJNA480711,Bacteria.Bacillota.Clostridia.Lachnospirales.Lachnospiraceae.Butyribacter,Butyribacter,20,54,-0.12713810250530963,0.43317760606283867,-0.2935010968384788,0.7700075834198443,0.9202529655505456,0.49934259894546407,0.10370370370370363,"age_years,sex",196
within_project,NAFLD,PRJNA480711,Bacteria.Bacillota.Clostridia.Lachnospirales.Lachnospiraceae.[Eubacterium] xylanophilum group,[Eubacterium] xylanophilum group,20,54,-0.6175696160009231,0.5336611265588391,-1.1572317811176238,0.25111135212098307,0.630997756611701,0.49934259894546407,-0.10370370370370374,"age_years,sex",196
within_project,NAFLD,PRJNA480711,Bacteria.Bacillota.Clostridia.Lachnospirales.Lachnospiraceae.[Ruminococcus] gauvreauii group,[Ruminococcus] gauvreauii group,20,54,0.4100241183310886,0.6805298448533038,0.6025071808856144,0.5487834903725792,0.8409782405818287,0.3517871764644994,0.1425925925925926,"age_years,sex",196
within_project,NAFLD,PRJNA480711,Bacteria.Bacillota.Clostridia.Oscillospirales.Oscillospiraceae.UCG-003,UCG-003,20,54,-0.9640691875841011,0.6391455862871109,-1.5083718142911982,0.13595980117738088,0.46751089527660794,0.2033967498420275,-0.19444444444444442,"age_years,sex",196
within_project,NAFLD,PRJNA480711,Bacteria.Bacteroidota.Bacteroidia.Bacteroidales.Prevotellaceae.Hoylesella,Hoylesella,20,54,-0.2291580455060036,0.7006015659322318,-0.32708754397527245,0.7445777845933252,0.9087453926198434,0.6924168101972057,-0.061111111111111116,"age_years,sex",196
within_project,NAFLD,PRJNA480711,Bacteria.Bacillota.Bacilli.Erysipelotrichales.Erysipelatoclostridiaceae.Thomasclavelia,Thomasclavelia,20,54,-0.1888535159871955,0.48903821074402337,-0.3861733333677005,0.7005395844919793,0.9085568681919148,0.5964828214814786,-0.08148148148148149,"age_years,sex",196
within_project,NAFLD,PRJNA480711,Bacteria.Bacillota.Bacilli.Erysipelotrichales.Erysipelotrichaceae.[Clostridium] innocuum group,[Clostridium] innocuum group,20,54,-0.07080100496922054,0.5021727816528073,-0.1409893318713777,0.8882833182609577,0.9695685674282387,0.9272644735252321,0.014814814814814836,"age_years,sex",196
within_project,NAFLD,PRJNA480711,Bacteria.Bacillota.Clostridia.Lachnospirales.Lachnospiraceae.Lachnospiraceae NC2004 group,Lachnospiraceae NC2004 group,20,54,-0.39560777816893317,0.31437190653940655,-1.2584069057689278,0.21242574660751523,0.58226813381653,0.7104631187834285,-0.05740740740740746,"age_years,sex",196
within_project,NAFLD,PRJNA480711,Bacteria.Bacillota.Negativicutes.Veillonellales-Selenomonadales.Veillonellaceae.Veillonella,Veillonella,20,54,0.34249383701352104,0.5646474755506279,0.6065622389961648,0.5461036894120452,0.8409782405818287,0.3517871764644994,0.1425925925925926,"age_years,sex",196
within_project,NAFLD,PRJNA480711,Bacteria.Bacteroidota.Bacteroidia.Bacteroidales.Barnesiellaceae.Barnesiella,Barnesiella,20,54,-0.5249917154856542,0.6876398104472394,-0.7634690538702241,0.44774928313814555,0.7906203558115003,0.7286732435303448,0.05370370370370381,"age_years,sex",196
within_project,NAFLD,PRJNA480711,Bacteria.Bacillota.Clostridia.Lachnospirales.Lachnospiraceae.Hungatella,Hungatella,20,54,0.2761051416524232,0.5931532516338569,0.46548702361806843,0.6430277371894563,0.9002388320652388,0.8983057226047597,-0.020370370370370372,"age_years,sex",196
within_project,NAFLD,PRJNA480711,Bacteria.Bacillota.Clostridia.Oscillospirales.Ruminococcaceae.DTU089,DTU089,20,54,-0.304657756990493,0.37747139849573236,-0.8071015663824856,0.4223419151559554,0.7824680162894275,0.6393505178317399,-0.07222222222222219,"age_years,sex",196
within_project,NAFLD,PRJNA480711,Bacteria.Pseudomonadota.Gammaproteobacteria.Pseudomonadales.Moraxellaceae.Acinetobacter,Acinetobacter,20,54,0.08749211453211346,0.41028416774890014,0.21324760107648097,0.8317536957046249,0.953355113205301,0.5228166539190886,0.0981481481481481,"age_years,sex",196
within_project,NAFLD,PRJNA480711,Bacteria.Bacillota.Clostridia.Lachnospirales.Lachnospiraceae.GCA-900066575,GCA-900066575,20,54,-0.009811714189686169,0.4506303478700003,-0.02177330984489463,0.9826907316289752,0.9941743486887904,0.3908379798141651,0.13148148148148153,"age_years,sex",196
within_project,NAFLD,PRJNA480711,Bacteria.Bacillota.Clostridia.Lachnospirales.Lachnospiraceae.Lachnospiraceae UCG-010,Lachnospiraceae UCG-010,20,54,-0.35976152395900046,0.5816039155840904,-0.6185679193677726,0.5382087377164813,0.8409782405818287,0.9757248922032503,0.005555555555555536,"age_years,sex",196
within_project,NAFLD,PRJNA480711,Bacteria.Bacillota.Clostridia.Oscillospirales.Butyricicoccaceae.UCG-009,UCG-009,20,54,-0.7799380467034099,0.31808171229233284,-2.4520053073236987,0.016703587397907827,0.2338502235707096,0.152669824338439,-0.21851851851851856,"age_years,sex",196
within_project,NAFLD,PRJNA480711,Bacteria.Thermodesulfobacteriota.Desulfovibrionia.Desulfovibrionales.Desulfovibrionaceae.Desulfovibrio,Desulfovibrio,20,54,0.16201004069638467,0.6806907163253185,0.23800830070224752,0.812569970094199,0.9479982984432321,0.656851832484264,0.06851851851851842,"age_years,sex",196
within_project,NAFLD,PRJNA480711,Bacteria.Actinomycetota.Coriobacteriia.Coriobacteriales.Coriobacteriales Incertae Sedis.Incertae Sedis,Incertae Sedis,20,54,-0.4784102616698782,0.3648818010769226,-1.3111376348666457,0.19409607601616655,0.5594533955760095,0.8408302496157976,-0.031481481481481444,"age_years,sex",196
within_project,NAFLD,PRJNA480711,Bacteria.Actinomycetota.Coriobacteriia.Coriobacteriales.Incertae Sedis.Incertae Sedis,Incertae Sedis,20,54,-0.5139292982437457,0.37043437548967617,-1.3873693486582717,0.16973044369744628,0.5157898551504684,0.1391801671196221,-0.22592592592592597,"age_years,sex",196
within_project,NAFLD,PRJNA480711,Bacteria.Bacillota.Clostridia.Clostridia vadinBB60 group.Incertae Sedis.Incertae Sedis,Incertae Sedis,20,54,-1.2118290741742381,0.5376913719382854,-2.253763287675236,0.02734462910572015,0.26225979116722736,0.22123640153363144,-0.187037037037037,"age_years,sex",196
within_project,NAFLD,PRJNA480711,Bacteria.Bacillota.Clostridia.Clostridiales.Clostridiaceae.Sarcina,Sarcina,20,54,0.26256042959526976,0.4098555817589827,0.6406169423591492,0.5238632423605412,0.8409782405818287,0.1391801671196221,0.22592592592592586,"age_years,sex",196
within_project,NAFLD,PRJNA480711,Bacteria.Pseudomonadota.Alphaproteobacteria.Rhodospirillales.Incertae Sedis.Incertae Sedis,Incertae Sedis,20,54,0.5000679119202811,0.5127902628197983,0.9751899522632159,0.33282411897124287,0.7014357776168129,0.14246331844825866,0.2240740740740741,"age_years,sex",196
within_project,NAFLD,PRJNA480711,Bacteria.Pseudomonadota.Gammaproteobacteria.Burkholderiales.Sutterellaceae.Sutterella,Sutterella,20,54,0.011784493337456006,0.8522357446839727,0.013827738875029173,0.9890067477166012,0.9941743486887904,0.7470377861070524,-0.050000000000000044,"age_years,sex",196
within_project,NAFLD,PRJNA480711,Bacteria.Actinomycetota.Actinobacteria.Mycobacteriales.Corynebacteriaceae.Corynebacterium,Corynebacterium,20,54,-2.944176868896872,0.6765355446123932,-4.351843583597187,4.507804063011105e-05,0.008835295963501766,0.00014259175908008356,-0.5796296296296296,"age_years,sex",196
within_project,NAFLD,PRJNA480711,Bacteria.Bacillota.Clostridia.Lachnospirales.Lachnospiraceae.Lachnospiraceae ND3007 group,Lachnospiraceae ND3007 group,20,54,-0.7286043754866303,0.607270503054998,-1.199802018739981,0.23426137521016685,0.6110180854156635,0.6656743745693801,-0.06666666666666665,"age_years,sex",196
within_project,NAFLD,PRJNA480711,Bacteria.Bacillota.Clostridia.Oscillospirales.Oscillospiraceae.Oscillibacter,Oscillibacter,20,54,-0.5441342591967978,0.5774781226733103,-0.9422595208937885,0.34930043615444484,0.728328569002885,0.4689362449655917,-0.11111111111111116,"age_years,sex",196
within_project,NAFLD,PRJNA480711,Bacteria.Bacillota.Clostridia.Peptococcales.Peptococcaceae.Incertae Sedis,Incertae Sedis,20,54,-0.21602617003814173,0.2751359110053863,-0.7851616651884915,0.43500820061956125,0.7824680162894275,0.9757248922032503,-0.005555555555555536,"age_years,sex",196
within_project,NAFLD,PRJNA480711,Bacteria.Bacillota.Negativicutes.Veillonellales-Selenomonadales.Veillonellaceae.Incertae Sedis,Incertae Sedis,20,54,0.8766356007800338,0.7197892517806529,1.2179059337318057,0.22734909288066896,0.60216786762988,0.3517871764644994,0.1425925925925926,"age_years,sex",196
within_project,NAFLD,PRJNA480711,Bacteria.Bacteroidota.Bacteroidia.Bacteroidales.Prevotellaceae.Paraprevotella,Paraprevotella,20,54,0.07198885648631143,0.7431972319843981,0.09686373063324687,0.9231114124877795,0.9695685674282387,0.3271775465123997,0.1499999999999999,"age_years,sex",196
within_project,NAFLD,PRJNA480711,Bacteria.Bacillota.Clostridia.Lachnospirales.Defluviitaleaceae.Defluviitaleaceae UCG-011,Defluviitaleaceae UCG-011,20,54,-0.32740542115393223,0.32103591814584215,-1.0198404684587241,0.31131595950891,0.6855946973454647,0.737836810448791,-0.051851851851851816,"age_years,sex",196
within_project,NAFLD,PRJNA480711,Bacteria.Bacillota.Clostridia.Oscillospirales.Oscillospiraceae.Fastidiosipila,Fastidiosipila,20,54,-1.6380597424960763,0.7869273434634012,-2.081589559827336,0.041038474426357184,0.29831456571376547,0.012375007077311786,-0.38148148148148153,"age_years,sex",196
within_project,NAFLD,PRJNA480711,Bacteria.Bacillota.Clostridia.Peptostreptococcales-Tissierellales.Family XI.Ezakiella,Ezakiella,20,54,-2.3643494114951786,0.8807853388993588,-2.6843650854244476,0.009064091330587018,0.2143438026224393,0.00165315366076242,-0.47962962962962963,"age_years,sex",196
within_project,NAFLD,PRJNA480711,Bacteria.Bacillota.Clostridia.Peptostreptococcales-Tissierellales.Family XI.Peptoniphilus,Peptoniphilus,20,54,-1.2866056871714016,0.6773451162186277,-1.8994832270350672,0.06162158577211168,0.3239174162859992,0.03684914480250549,-0.31851851851851853,"age_years,sex",196
within_project,NAFLD,PRJNA480711,Bacteria.Bacillota.Clostridia.Peptostreptococcales-Tissierellales.Family XI.W5053,W5053,20,54,-0.9751585409062659,0.8394722512099235,-1.1616328467090828,0.24933030018664895,0.630997756611701,0.09909571601473138,-0.2518518518518519,"age_years,sex",196
within_project,NAFLD,PRJNA480711,Bacteria.Bacteroidota.Bacteroidia.Bacteroidales.Marinifilaceae.Odoribacter,Odoribacter,20,54,-0.20613837117465217,0.5802796142682539,-0.35523972599760795,0.7234781831670238,0.9087453926198434,0.7562749546662035,0.04814814814814805,"age_years,sex",196
within_project,NAFLD,PRJNA480711,Bacteria.Bacteroidota.Bacteroidia.Bacteroidales.Porphyromonadaceae.Porphyromonas,Porphyromonas,20,54,-0.9912711596159058,0.7717906007138678,-1.2843783776312245,0.20324406617165192,0.5773309705745475,0.08951910025548054,-0.2592592592592593,"age_years,sex",196
within_project,NAFLD,PRJNA480711,Bacteria.Bacteroidota.Bacteroidia.Bacteroidales.Prevotellaceae.Prevotella,Prevotella,20,54,0.1997122678459736,0.7086733779423815,0.2818114438358529,0.7789195669522039,0.9252620310462543,0.4614979214682374,0.11296296296296293,"age_years,sex",196
within_project,NAFLD,PRJNA480711,Bacteria.Bacillota.Clostridia.Lachnospirales.Lachnospiraceae.Enterocloster,Enterocloster,20,54,1.3284716393094052,0.5916967440100495,2.2451900449985276,0.027916747368897675,0.26225979116722736,0.011549775873470112,0.3851851851851851,"age_years,sex",196
within_project,NAFLD,PRJNA480711,Bacteria.Pseudomonadota.Alphaproteobacteria.Rickettsiales.Mitochondria.Incertae Sedis,Incertae Sedis,20,54,-0.424141355155214,0.5181996327333549,-0.8184902658421227,0.4158549754703579,0.7824680162894275,0.47644042492389393,-0.10925925925925928,"age_years,sex",196
within_project,NAFLD,PRJNA480711,Bacteria.Bacillota.Clostridia.Oscillospirales.Oscillospiraceae.Incertae Sedis,Incertae Sedis,20,54,-0.7103617022341676,0.719729750716067,-0.9869839360224042,0.3270498512865696,0.7014357776168129,0.38415271338781076,-0.1333333333333333,"age_years,sex",196
within_project,NAFLD,PRJNA480711,Bacteria.Bacillota.Clostridia.Peptostreptococcales-Tissierellales.Peptostreptococcaceae.Peptostreptococcus,Peptostreptococcus,20,54,0.30408346096450317,0.7408527319850181,0.4104506170204047,0.6827290649200222,0.9085568681919148,0.6306737977555651,0.07407407407407418,"age_years,sex",196
within_project,NAFLD,PRJNA480711,Bacteria.Pseudomonadota.Gammaproteobacteria.Enterobacterales.Enterobacteriaceae.Citrobacter,Citrobacter,20,54,-0.8652966703806403,0.42781635852450595,-2.0225890224603806,0.046937442751107276,0.29831456571376547,0.02472563479402888,-0.34259259259259256,"age_years,sex",196
within_project,NAFLD,PRJNA480711,Bacteria.Bacillota.Clostridia.Oscillospirales.Ethanoligenenaceae.Acetanaerobacterium,Acetanaerobacterium,20,54,-0.11117425829111204,0.275873733088695,-0.4029896469170875,0.6881840375384809,0.9085568681919148,0.7195482851867766,0.05555555555555558,"age_years,sex",196
within_project,NAFLD,PRJNA480711,Bacteria.Bacillota.Clostridia.Oscillospirales.Ruminococcaceae.Angelakisella,Angelakisella,20,54,-0.48738227410851265,0.3016995429689968,-1.615455791918773,0.11071068611654719,0.43398588957686496,0.4541259686860524,-0.11481481481481481,"age_years,sex",196
within_project,NAFLD,PRJNA480711,Bacteria.Pseudomonadota.Gammaproteobacteria.Pseudomonadales.Pseudomonadaceae.Pseudomonas,Pseudomonas,20,54,-0.15236534749987665,0.3095478481295048,-0.49221904923768656,0.6241047242799098,0.8872001606746175,0.4253113041453028,0.12222222222222223,"age_years,sex",196
within_project,NAFLD,PRJNA480711,Bacteria.Bacillota.Bacilli.Erysipelotrichales.Erysipelotrichaceae.Holdemania,Holdemania,20,54,0.04889408918589786,0.34929081527930345,0.13998103313080443,0.8890769737450268,0.9695685674282387,0.5549739877756171,0.09074074074074079,"age_years,sex",196
within_project,NAFLD,PRJNA480711,Bacteria.Bacillota.Negativicutes.Veillonellales-Selenomonadales.Veillonellaceae.Allisonella,Allisonella,20,54,1.0870038819122974,0.48895115424463925,2.223133890728953,0.029437323498362252,0.26225979116722736,0.010773750553449469,0.38888888888888884,"age_years,sex",196
within_project,NAFLD,PRJNA480711,Bacteria.Bacillota.Clostridia.Peptostreptococcales-Tissierellales.Anaerovoracaceae.[Eubacterium] brachy group,[Eubacterium] brachy group,20,54,-0.3790993212852274,0.3859441917705284,-0.982264610709906,0.3293523834141565,0.7014357776168129,0.13278899078970624,-0.22962962962962963,"age_years,sex",196
within_project,NAFLD,PRJNA480711,Bacteria.Bacteroidota.Bacteroidia.Bacteroidales.Marinifilaceae.Butyricimonas,Butyricimonas,20,54,-1.010323660798293,0.5482966098086344,-1.8426589599941439,0.06961352742132289,0.3327866188921777,0.37099372702541944,-0.13703703703703707,"age_years,sex",196
within_project,NAFLD,PRJNA480711,Bacteria.Fusobacteriota.Fusobacteriia.Fusobacteriales.Fusobacteriaceae.Fusobacterium,Fusobacterium,20,54,1.3636675312064985,0.674907135953126,2.020526171027489,0.047156249026815554,0.29831456571376547,0.8790724503089711,0.024074074074074137,"age_years,sex",196
within_project,NAFLD,PRJNA480711,Bacteria.Actinomycetota.Actinobacteria.Mycobacteriales.Corynebacteriaceae.Lawsonella,Lawsonella,20,54,-0.9839578413719245,0.5838391160618916,-1.6853236008044674,0.09637953668929901,0.4019231742787789,0.05679861802980858,-0.29074074074074074,"age_years,sex",196
within_project,NAFLD,PRJNA480711,Bacteria.Bacillota.Clostridia.Christensenellales.Christensenellaceae.Incertae Sedis,Incertae Sedis,20,54,-0.26779162707588255,0.3441669886734614,-0.7780863240488116,0.43914021322365826,0.7824680162894275,0.7935607080326965,-0.040740740740740744,"age_years,sex",196
within_project,NAFLD,PRJNA480711,Bacteria.Bacillota.Clostridia.Lachnospirales.Lachnospiraceae.Faecalicatena,Faecalicatena,20,54,0.012801921957968825,0.3149269228465965,0.04065045262644866,0.9676902836828827,0.9930224900620157,0.28139642076636984,0.16481481481481475,"age_years,sex",196
within_project,NAFLD,PRJNA480711,Bacteria.Bacillota.Clostridia.Oscillospirales.Ruminococcaceae.Anaerotruncus,Anaerotruncus,20,54,-0.03583530142780939,0.34164000150773544,-0.10489199528644191,0.9167614903085317,0.9695685674282387,0.49164417648101344,0.10555555555555562,"age_years,sex",196
within_project,NAFLD,PRJNA480711,Bacteria.Bacillota.Clostridia.Lachnospirales.Lachnospiraceae.Sellimonas,Sellimonas,20,54,0.5028154071219577,0.44467186774642714,1.130756055403727,0.2620171500069209,0.6384928528235773,0.11219695322000828,0.2425925925925927,"age_years,sex",196
within_project,NAFLD,PRJNA480711,Bacteria.Bacillota.Clostridia.Oscillospirales.Oscillospiraceae.Oscillospira,Oscillospira,20,54,-0.2402465759209341,0.34039708627749155,-0.7057832913560406,0.4826652116512965,0.829845451611001,0.7014189107617657,0.059259259259259345,"age_years,sex",196
within_project,NAFLD,PRJNA480711,Bacteria.Pseudomonadota.Gammaproteobacteria.Burkholderiales.Sutterellaceae.Parasutterella,Parasutterella,20,54,0.450627992046422,0.7681886054432898,0.5866111380113264,0.559351977556712,0.8409782405818287,0.41131379177625893,0.125925925925926,"age_years,sex",196
within_project,NAFLD,PRJNA480711,Bacteria.Verrucomicrobiota.Lentisphaeria.Victivallales.vadinBE97.Incertae Sedis,Incertae Sedis,20,54,-0.5352787527206082,0.3388797615617628,-1.5795536158716594,0.11871765627274718,0.4390313326312914,0.9757248922032503,-0.005555555555555536,"age_years,sex",196
within_project,NAFLD,PRJNA480711,Bacteria.Bacillota.Clostridia.Lachnospirales.Lachnospiraceae.Moryella,Moryella,20,54,1.208242854964799,0.811209706586812,1.4894334290556202,0.14086525366544192,0.47602740893838996,0.22123640153363144,0.1870370370370371,"age_years,sex",196
within_project,NAFLD,PRJNA480711,Bacteria.Bacillota.Clostridia.Peptostreptococcales-Tissierellales.Anaerovoracaceae.S5-A14a,S5-A14a,20,54,-1.750393452380897,0.6788533045233947,-2.5784561122668515,0.012029499126769552,0.2143438026224393,0.005215956453623029,-0.42592592592592593,"age_years,sex",196
within_project,NAFLD,PRJNA480711,Bacteria.Bacteroidota.Bacteroidia.NA.NA.NA,Bacteroidia,20,54,-0.09866650821566092,0.30985172523123294,-0.3184313662995715,0.7511058857368094,0.9087453926198434,0.3455274962591395,0.14444444444444438,"age_years,sex",196
within_project,NAFLD,PRJNA480711,Bacteria.Pseudomonadota.Gammaproteobacteria.Burkholderiales.Neisseriaceae.Neisseria,Neisseria,20,54,-0.8158466467104307,0.4400194501459522,-1.8541149634176821,0.0679357845831795,0.3327866188921777,0.01568925775912542,-0.36851851851851847,"age_years,sex",196
within_project,NAFLD,PRJNA480711,Bacteria.Bacillota.Bacilli.Erysipelotrichales.Erysipelotrichaceae.Faecalitalea,Faecalitalea,20,54,0.27447915994188943,0.4713833803109084,0.5822843388344586,0.5622460270612829,0.8409782405818287,0.6834579483692078,0.06296296296296289,"age_years,sex",196
within_project,NAFLD,PRJNA480711,Bacteria.Bacteroidota.Bacteroidia.Bacteroidales.Prevotellaceae.NA,Prevotellaceae,20,54,-1.09103397772406,0.8698141307627796,-1.2543300219407596,0.21389441650403143,0.58226813381653,0.06342920400604882,-0.2833333333333333,"age_years,sex",196
within_project,NAFLD,PRJNA480711,Bacteria.Campylobacterota.Campylobacteria.Campylobacterales.Campylobacteraceae.Campylobacter,Campylobacter,20,54,-0.1488292068927378,0.7401220749158403,-0.20108737725416614,0.8412134137969238,0.9570019500353373,0.5307654067366383,-0.09629629629629632,"age_years,sex",196
within_project,NAFLD,PRJNA480711,Bacteria.Actinomycetota.Actinobacteria.Actinomycetales.Actinomycetaceae.Actinomyces,Actinomyces,20,54,0.09459341478061577,0.30363052007926017,0.31154119406679853,0.7563152112358662,0.909434241731471,0.37753788666728016,0.13518518518518507,"age_years,sex",196
within_project,NAFLD,PRJNA480711,Bacteria.Bacillota.Clostridia.Peptostreptococcales-Tissierellales.Anaerovoracaceae.NA,Anaerovoracaceae,20,54,-0.10439297238959044,0.6709682046313566,-0.155585572712713,0.8768074930646116,0.9695685674282387,0.8790724503089711,-0.024074074074074026,"age_years,sex",196
within_project,NAFLD,PRJNA480711,Bacteria.Actinomycetota.Coriobacteriia.Coriobacteriales.Eggerthellaceae.Asaccharobacter,Asaccharobacter,20,54,-0.12245191209297818,0.3207086821641839,-0.3818166420274523,0.7037540108317972,0.9085568681919148,0.7195482851867766,0.05555555555555558,"age_years,sex",196
within_project,NAFLD,PRJNA480711,Bacteria.Pseudomonadota.NA.NA.NA.NA,Bacteria.Pseudomonadota.NA.NA.NA.NA,20,54,-1.2192777963684014,0.5774520033278261,-2.111479030883548,0.03830294585711594,0.29831456571376547,0.1391801671196221,-0.22592592592592597,"age_years,sex",196
within_project,NAFLD,PRJNA480711,Bacteria.Bacillota.Clostridia.Oscillospirales.Ruminococcaceae.Negativibacillus,Negativibacillus,20,54,-0.22746714143350533,0.45549992171012965,-0.4993791010534147,0.6190783086391549,0.8872001606746175,0.8694817827381617,-0.025925925925925908,"age_years,sex",196
within_project,NAFLD,PRJNA480711,Bacteria.Spirochaetota.Spirochaetia.Spirochaetales.Spirochaetaceae.Treponema,Treponema,20,54,-0.4357008075568522,0.5122927793182825,-0.8504917991166053,0.3979515427403262,0.7682121914702633,0.8029600773977692,-0.03888888888888886,"age_years,sex",196
within_project,NAFLD,PRJNA480711,Bacteria.Actinomycetota.Actinobacteria.Actinomycetales.Actinomycetaceae.Varibaculum,Varibaculum,20,54,-1.09797149918461,0.6745772776528266,-1.6276437638175008,0.10809366025641473,0.4323746410256589,0.02177046381533214,-0.35,"age_years,sex",196
within_project,NAFLD,PRJNA480711,Bacteria.Bacillota.Bacilli.Erysipelotrichales.Erysipelatoclostridiaceae.Coprobacillus,Coprobacillus,20,54,-0.33639603915912836,0.5138458903827365,-0.6546632861237146,0.5148299698994399,0.8409782405818287,0.9466263896195858,0.011111111111111072,"age_years,sex",196
within_project,NAFLD,PRJNA480711,Bacteria.Bacillota.Clostridia.Lachnospirales.Lachnospiraceae.Eisenbergiella,Eisenbergiella,20,54,0.2116212478559193,0.4306253650536395,0.4914277351719849,0.6246613376178429,0.8872001606746175,0.41827807331069333,0.124074074074074,"age_years,sex",196
within_project,NAFLD,PRJNA480711,Bacteria.Bacillota.Clostridia.Oscillospirales.Oscillospiraceae.Flavonifractor,Flavonifractor,20,54,-0.05710008191780114,0.5383737823665177,-0.10606029451658582,0.9158378710047114,0.9695685674282387,0.9466263896195858,0.011111111111111072,"age_years,sex",196
within_project,NAFLD,PRJNA480711,Bacteria.Bacteroidota.Bacteroidia.Bacteroidales.Barnesiellaceae.Coprobacter,Coprobacter,20,54,0.20264559432363252,0.4316751938496788,0.46943997989886654,0.6402141753459477,0.9002388320652388,0.28139642076636984,0.16481481481481475,"age_years,sex",196
within_project,NAFLD,PRJNA480711,Bacteria.Bacillota.Clostridia.Oscillospirales.NA.NA,Oscillospirales,20,54,-0.028989487065658685,0.46947546719424543,-0.061748672915563206,0.9509389500709584,0.9839045946133744,0.6656743745693801,0.06666666666666665,"age_years,sex",196
within_project,NAFLD,PRJNA480711,Bacteria.Bacillota.Clostridia.Oscillospirales.Ruminococcaceae.Hydrogenoanaerobacterium,Hydrogenoanaerobacterium,20,54,-0.08750000198374279,0.3209253973914246,-0.2726490414749608,0.7859257047506332,0.9279604706694222,0.6480768681391461,0.07037037037037042,"age_years,sex",196
within_project,NAFLD,PRJNA480711,Bacteria.Bacillota.Clostridia.Oscillospirales.Ruminococcaceae.Phocea,Phocea,20,54,0.07893809031348477,0.24520841544862487,0.3219224355292307,0.7484708569432414,0.9087453926198434,0.1991051813707212,0.1962962962962962,"age_years,sex",196
within_project,NAFLD,PRJNA480711,Bacteria.Bacillota.Clostridia.Peptostreptococcales-Tissierellales.Anaerovoracaceae.Incertae Sedis,Incertae Sedis,20,54,-0.0288280715702439,0.4128056156102864,-0.06983449468734784,0.9445245106877658,0.9839045946133744,0.43241311472196553,0.12037037037037046,"age_years,sex",196
within_project,NAFLD,PRJNA480711,Bacteria.Bacillota.Clostridia.Christensenellales.Christensenellaceae.Christensenella,Christensenella,20,54,0.14686834173329935,0.18762645766393876,0.7827698905681947,0.43640243027946446,0.7824680162894275,0.27599546806328723,0.16666666666666674,"age_years,sex",196
within_project,NAFLD,PRJNA480711,Bacteria.Bacillota.Clostridia.Christensenellales.Christensenellaceae.NA,Christensenellaceae,20,54,-0.2621555493762002,0.45502606526883144,-0.5761330380520455,0.566373100800007,0.8409782405818287,0.35811820235996317,0.14074074074074083,"age_years,sex",196
within_project,NAFLD,PRJNA480711,Bacteria.Verrucomicrobiota.Lentisphaeria.Victivallales.Victivallaceae.Victivallis,Victivallis,20,54,-0.5331300115027903,0.38548094393049526,-1.3830255941235765,0.17105275808561451,0.5157898551504684,0.7562749546662035,-0.04814814814814816,"age_years,sex",196
within_project,NAFLD,PRJNA480711,Bacteria.Bacillota.Clostridia.Lachnospirales.Lachnospiraceae.Catenibacillus,Catenibacillus,20,54,0.31158484170014333,0.2312315939485493,1.3475011627064821,0.18216430542137244,0.5328985651132686,0.12967980788589037,0.2314814814814814,"age_years,sex",196
within_project,NAFLD,PRJNA480711,Bacteria.Synergistota.Synergistia.Synergistales.Synergistaceae.Cloacibacillus,Cloacibacillus,20,54,-0.23675559115848724,0.38162085433540005,-0.6203947935990071,0.5370125309425484,0.8409782405818287,0.9757248922032503,0.005555555555555536,"age_years,sex",196
within_project,NAFLD,PRJNA480711,Bacteria.Cyanobacteriota.Cyanobacteriia.Chloroplast.Incertae Sedis.Incertae Sedis,Incertae Sedis,20,54,0.2795054802975045,0.3299258540956937,0.8471766514437363,0.3997838955610554,0.7682121914702633,0.19488016624660764,0.19814814814814818,"age_years,sex",196
within_project,NAFLD,PRJNA480711,Bacteria.Actinomycetota.Coriobacteriia.Coriobacteriales.Atopobiaceae.Lancefieldella,Lancefieldella,20,54,0.2578407044271605,0.22521340247427063,1.1448728254821219,0.25616128985322495,0.6355394026738239,0.3455274962591395,0.14444444444444438,"age_years,sex",196
within_project,NAFLD,PRJNA480711,Bacteria.Bacillota.Bacilli.Erysipelotrichales.Erysipelotrichaceae.Dielma,Dielma,20,54,0.3873735805272034,0.24432071464848223,1.5855126368819739,0.11735743954090035,0.4390313326312914,0.05679861802980858,0.29074074074074074,"age_years,sex",196
within_project,NAFLD,PRJNA480711,Bacteria.Actinomycetota.Coriobacteriia.Coriobacteriales.Atopobiaceae.Atopobium,Atopobium,20,54,0.6863636539526201,0.630215015327588,1.0890944158095723,0.27984754340214296,0.6409370346923424,0.5307654067366383,0.09629629629629632,"age_years,sex",196
within_project,NAFLD,PRJNA480711,Bacteria.Fusobacteriota.Fusobacteriia.Fusobacteriales.Leptotrichiaceae.Leptotrichia,Leptotrichia,20,54,-0.017504375721633946,0.30095742146378995,-0.05816229962529768,0.9537850662068426,0.9839045946133744,0.25510137570554636,0.17407407407407405,"age_years,sex",196
within_project,NAFLD,PRJNA480711,Bacteria.Bacillota.Clostridia.Peptostreptococcales-Tissierellales.Family XI.Finegoldia,Finegoldia,20,54,-0.8008277592022202,0.6380437196867935,-1.2551299142875898,0.21360567217426324,0.58226813381653,0.37753788666728016,-0.13518518518518519,"age_years,sex",196
within_project,NAFLD,PRJNA480711,Bacteria.Bacillota.Negativicutes.Acidaminococcales.Acidaminococcaceae.Succiniclasticum,Succiniclasticum,20,54,0.1821446991716818,0.4031990073651197,0.45174887795975993,0.6528465459296132,0.907436998368254,0.24017055581533664,0.17962962962962958,"age_years,sex",196
within_project,NAFLD,PRJNA480711,Bacteria.Actinomycetota.Actinobacteria.Actinomycetales.Actinomycetaceae.Mobiluncus,Mobiluncus,20,54,-1.4425104687883876,0.6452158218412413,-2.235702256451059,0.02856215970904102,0.26225979116722736,0.014670670692128341,-0.37222222222222223,"age_years,sex",196
within_project,NAFLD,PRJNA480711,Bacteria.Bacillota.Clostridia.Peptostreptococcales-Tissierellales.Family XI.Murdochiella,Murdochiella,20,54,-1.601004327989932,0.8033351289398498,-1.9929469910058024,0.05016676868641282,0.29831456571376547,0.030736984216337065,-0.3296296296296296,"age_years,sex",196
within_project,NAFLD,PRJNA480711,Bacteria.Bacillota.Negativicutes.Veillonellales-Selenomonadales.Veillonellaceae.Negativicoccus,Negativicoccus,20,54,-0.6755515136467233,0.7637213675570264,-0.8845523280403444,0.37942638061358,0.7544670422099082,0.21667473255500624,-0.18888888888888888,"age_years,sex",196
within_project,NAFLD,PRJNA480711,Bacteria.Bacillota.Clostridia.Peptostreptococcales-Tissierellales.Family XI.Incertae Sedis,Incertae Sedis,20,54,-0.591252633087986,0.9599430921990979,-0.6159246708401301,0.5399419073185157,0.8409782405818287,0.4044188051496824,-0.12777777777777777,"age_years,sex",196
within_project,NAFLD,PRJNA480711,Bacteria.Bacteroidota.Bacteroidia.Flavobacteriales.Weeksellaceae.Bergeyella,Bergeyella,20,54,0.05470110713604078,0.23902147337080182,0.22885436343696688,0.8196494081411608,0.950598504709786,0.35811820235996317,0.14074074074074083,"age_years,sex",196
within_project,NAFLD,PRJNA480711,Bacteria.Pseudomonadota.Gammaproteobacteria.Enterobacterales.Pasteurellaceae.Mannheimia,Mannheimia,20,54,-0.12607324748801196,0.39180305217680594,-0.32177709384234165,0.7485804999898258,0.9087453926198434,0.47644042492389393,0.10925925925925917,"age_years,sex",196
within_project,T1D,PRJNA311147,Bacteria.Actinomycetota.Coriobacteriia.Coriobacteriales.Coriobacteriaceae.Collinsella,Collinsella,45,46,-0.8809144905928907,0.42950823805079325,-2.0509839219631325,0.04324243180190628,0.8369683186174756,0.10117189106542823,-0.19999999999999996,sex,70
within_project,T1D,PRJNA311147,Bacteria.Bacillota.Bacilli.Lactobacillales.Streptococcaceae.Streptococcus,Streptococcus,45,46,0.3617222347393123,0.4208989297242713,0.8594040259885543,0.39245273708330997,0.952293298346454,0.6198058655810953,0.0608695652173914,sex,70
within_project,T1D,PRJNA311147,Bacteria.Bacillota.Clostridia.Clostridiales.Clostridiaceae.Clostridium,Clostridium,45,46,-0.1320820359320469,0.5454047776106633,-0.24217249528080506,0.80920999531568,0.9966242479632462,0.9083649744275163,-0.01449275362318836,sex,70
within_project,T1D,PRJNA311147,Bacteria.Bacillota.Clostridia.Lachnospirales.Lachnospiraceae.Agathobacter,Agathobacter,45,46,0.6834095742617707,0.5915374091408279,1.1553108285313376,0.25109049558524266,0.8369683186174756,0.32301455546456637,0.12077294685990347,sex,70
within_project,T1D,PRJNA311147,Bacteria.Bacillota.Clostridia.Lachnospirales.Lachnospiraceae.Blautia,Blautia,45,46,1.1769996635744298,0.6654010927234696,1.768857425161417,0.08038258178010425,0.8369683186174756,0.16358337973945392,0.17004830917874392,sex,70
within_project,T1D,PRJNA311147,Bacteria.Bacillota.Clostridia.Lachnospirales.Lachnospiraceae.Dorea,Dorea,45,46,-0.2860395491123199,0.3865159007076946,-0.7400460073921754,0.4612419016690721,0.952293298346454,0.17591817821626454,-0.16521739130434787,sex,70
within_project,T1D,PRJNA311147,Bacteria.Bacillota.Clostridia.Lachnospirales.Lachnospiraceae.Lachnospiraceae NK4A136 group,Lachnospiraceae NK4A136 group,45,46,0.8913586587998376,0.475317584821883,1.8752907261654514,0.06406895333197864,0.8369683186174756,0.07218353218989464,0.21932367149758458,sex,70
within_project,T1D,PRJNA311147,Bacteria.Bacillota.Clostridia.Lachnospirales.Lachnospiraceae.Mediterraneibacter,Mediterraneibacter,45,46,-0.009604014192932456,0.5664104783392088,-0.016955926064596668,0.986510161049865,0.9966242479632462,0.9398876463277235,-0.009661835748792313,sex,70
within_project,T1D,PRJNA311147,Bacteria.Bacillota.Clostridia.Lachnospirales.Lachnospiraceae.Roseburia,Roseburia,45,46,0.8242767504191605,0.6037838265840774,1.3651852105455151,0.175674816114961,0.8369683186174756,0.2260693617736248,0.14782608695652177,sex,70
within_project,T1D,PRJNA311147,Bacteria.Bacillota.Clostridia.Lachnospirales.Lachnospiraceae.[Eubacterium] eligens group,[Eubacterium] eligens group,45,46,-0.2095419168857664,0.4904052380163739,-0.42728319488049615,0.6702167572000395,0.9966242479632462,0.20264559156008444,-0.15555555555555556,sex,70
within_project,T1D,PRJNA311147,Bacteria.Bacillota.Clostridia.Oscillospirales.Ruminococcaceae.Faecalibacterium,Faecalibacterium,45,46,-0.036716984186706256,0.720979401503684,-0.05092653702745021,0.9594994781363736,0.9966242479632462,0.36760750499380035,-0.11014492753623184,sex,70
within_project,T1D,PRJNA311147,Bacteria.Bacillota.Clostridia.Oscillospirales.Ruminococcaceae.Gemmiger,Gemmiger,45,46,0.6626075097969897,0.48951502610004516,1.3535999396708378,0.17933059745118657,0.8369683186174756,0.688516274159136,0.049275362318840665,sex,70
within_project,T1D,PRJNA311147,Bacteria.Bacillota.Clostridia.Oscillospirales.Ruminococcaceae.NA,Ruminococcaceae,45,46,0.106418799673175,0.2758168212768905,0.38583143399489017,0.700552694351779,0.9966242479632462,0.4627867894404524,-0.08985507246376812,sex,70
within_project,T1D,PRJNA311147,Bacteria.Bacillota.Clostridia.Oscillospirales.Ruminococcaceae.Ruminococcus,Ruminococcus,45,46,0.4252704521705367,0.5941042388789153,0.7158179059166944,0.4759989394959019,0.952293298346454,0.8769859624366686,0.019323671497584627,sex,70
within_project,T1D,PRJNA311147,Bacteria.Bacillota.Clostridia.Peptostreptococcales-Tissierellales.Peptostreptococcaceae.Romboutsia,Romboutsia,45,46,-0.2723742194024136,0.5611308244711604,-0.48540234741000654,0.6285972751353988,0.9966242479632462,0.46763787801282763,-0.0888888888888889,sex,70
within_project,T1D,PRJNA311147,Bacteria.Bacteroidota.Bacteroidia.Bacteroidales.Bacteroidaceae.Bacteroides,Bacteroides,45,46,0.8496078417604342,0.6865565227623266,1.2374914717029832,0.2191964832416846,0.8369683186174756,0.6254170398757252,0.05990338164251208,sex,70
within_project,T1D,PRJNA311147,Bacteria.Bacteroidota.Bacteroidia.Bacteroidales.Rikenellaceae.Alistipes,Alistipes,45,46,0.4963606636328948,0.5957632606716402,0.8331508443023445,0.40701525749728107,0.952293298346454,0.8957933965245071,0.01642512077294689,sex,70
within_project,T1D,PRJNA311147,Bacteria.Bacteroidota.Bacteroidia.Bacteroidales.Tannerellaceae.Parabacteroides,Parabacteroides,45,46,0.872774905229694,0.537966986044285,1.6223577428928846,0.10830419199077926,0.8369683186174756,0.3269163434075464,0.11980676328502415,sex,70
within_project,T1D,PRJNA311147,Bacteria.Pseudomonadota.Gammaproteobacteria.Enterobacterales.Enterobacteriaceae.Klebsiella,Klebsiella,45,46,-1.0796746152613697,0.6126156878558818,-1.7624011866887805,0.0814737650643767,0.8369683186174756,0.07345056411193365,-0.21835748792270526,sex,70
within_project,T1D,PRJNA311147,Bacteria.Pseudomonadota.Gammaproteobacteria.Enterobacterales.Enterobacteriaceae.NA,Enterobacteriaceae,45,46,0.06261166694477747,0.6112396661489582,0.10243390671821861,0.9186453302913474,0.9966242479632462,0.7780974178059281,-0.034782608695652195,sex,70
within_project,T1D,PRJNA311147,Bacteria.Pseudomonadota.Gammaproteobacteria.Enterobacterales.Pasteurellaceae.Haemophilus,Haemophilus,45,46,0.17413830086588902,0.5653276837780566,0.30803073308232753,0.7587868659575836,0.9966242479632462,0.9778352022092145,-0.0038647342995169476,sex,70
within_project,T1D,PRJNA311147,Bacteria.Actinomycetota.Actinobacteria.Micrococcales.Micrococcaceae.Rothia,Rothia,45,46,0.03690377289493536,0.19467987383568391,0.18956131503394819,0.8500894538702982,0.9966242479632462,0.48732124079963024,-0.08502415458937196,sex,70
within_project,T1D,PRJNA311147,Bacteria.Actinomycetota.Coriobacteriia.Coriobacteriales.Eggerthellaceae.Eggerthella,Eggerthella,45,46,0.21137551477114705,0.3314709209403961,0.6376894666098202,0.5253316408153672,0.952293298346454,0.9715047966660794,-0.004830917874396157,sex,70
within_project,T1D,PRJNA311147,Bacteria.Bacillota.Bacilli.Lactobacillales.Enterococcaceae.Enterococcus,Enterococcus,45,46,-0.16128865369948836,0.47049668901649183,-0.34280507698500484,0.7325626189130294,0.9966242479632462,0.18627528250867664,-0.16135265700483092,sex,70
within_project,T1D,PRJNA311147,Bacteria.Bacillota.Bacilli.Staphylococcales.Staphylococcaceae.Staphylococcus,Staphylococcus,45,46,-0.09204401531866913,0.21461843646883585,-0.42887282580699715,0.6690638354850122,0.9966242479632462,0.15191201172284607,-0.17487922705314007,sex,70
within_project,T1D,PRJNA311147,Bacteria.Bacillota.Clostridia.Lachnospirales.Lachnospiraceae.NA,Lachnospiraceae,45,46,0.9502480753793805,0.5641785616613819,1.6843037647178736,0.09566685347133991,0.8369683186174756,0.1345717122723708,0.18260869565217397,sex,70
within_project,T1D,PRJNA311147,Bacteria.Bacillota.Clostridia.Oscillospirales.Butyricicoccaceae.Agathobaculum,Agathobaculum,45,46,-0.007303645628793434,0.3113689386746063,-0.023456564613935537,0.9813391927434979,0.9966242479632462,0.6031057229805855,-0.06376811594202902,sex,70
within_project,T1D,PRJNA311147,Bacteria.Bacillota.Clostridia.Oscillospirales.Ruminococcaceae.Acutalibacter,Acutalibacter,45,46,-0.08585281909025913,0.395765244410484,-0.21692864722909674,0.8287660854811503,0.9966242479632462,0.659531965627233,-0.05410628019323671,sex,70
within_project,T1D,PRJNA311147,Bacteria.Pseudomonadota.Gammaproteobacteria.Enterobacterales.Enterobacteriaceae.Escherichia-Shigella,Escherichia-Shigella,45,46,-0.7653175909842899,0.5068238477231312,-1.510026796139177,0.13461902298411973,0.8369683186174756,0.1304853971215504,-0.1845410628019324,sex,70
within_project,T1D,PRJNA311147,Bacteria.Verrucomicrobiota.Verrucomicrobiia.Verrucomicrobiales.Akkermansiaceae.Akkermansia,Akkermansia,45,46,-0.0758445582834294,0.6017618796818524,-0.1260374923109585,0.8999897610589801,0.9966242479632462,0.5542647648019075,-0.07246376811594202,sex,70
within_project,T1D,PRJNA311147,Bacteria.Bacillota.Bacilli.Erysipelotrichales.Erysipelatoclostridiaceae.Erysipelotrichaceae UCG-003,Erysipelotrichaceae UCG-003,45,46,0.20305541666417287,0.4384126101057006,0.463160529564185,0.6443927206892291,0.9966242479632462,0.6198058655810953,-0.060869565217391286,sex,70
within_project,T1D,PRJNA311147,Bacteria.Bacillota.Clostridia.Oscillospirales.[Eubacterium] coprostanoligenes group.Incertae Sedis,Incertae Sedis,45,46,0.26153933927416817,0.394344459852286,0.663225595643301,0.5089197212977459,0.952293298346454,0.575732131339737,-0.06859903381642507,sex,70
within_project,T1D,PRJNA311147,Bacteria.Bacillota.Clostridia.Peptostreptococcales-Tissierellales.Peptostreptococcaceae.Intestinibacter,Intestinibacter,45,46,-0.14077309332145654,0.5164367990732924,-0.2725853261697529,0.785810595560689,0.9966242479632462,0.8644854756609149,-0.021256038647343045,sex,70
within_project,T1D,PRJNA311147,Bacteria.Actinomycetota.Actinobacteria.Actinomycetales.Actinomycetaceae.Schaalia,Schaalia,45,46,0.1387291207331522,0.2668079112819498,0.5199587975730972,0.6043978610642217,0.9966242479632462,0.24809854476597204,-0.1410628019323672,sex,70
within_project,T1D,PRJNA311147,Bacteria.Bacillota.Clostridia.Lachnospirales.Lachnospiraceae.Anaerostipes,Anaerostipes,45,46,-0.1738062907010314,0.5799951653847272,-0.2996685163500299,0.7651366848557863,0.9966242479632462,0.7780974178059281,-0.034782608695652195,sex,70
within_project,T1D,PRJNA311147,Bacteria.Bacillota.Clostridia.Lachnospirales.Lachnospiraceae.Fusicatenibacter,Fusicatenibacter,45,46,-0.6422096016977368,0.5546029612726076,-1.1579628068052585,0.2500123322794221,0.8369683186174756,0.03576376659097789,-0.2560386473429952,sex,70
within_project,T1D,PRJNA311147,Bacteria.Bacillota.Negativicutes.Veillonellales-Selenomonadales.Veillonellaceae.Dialister,Dialister,45,46,0.13809599655455573,0.5169389358331263,0.26714179757420065,0.7899850447050514,0.9966242479632462,0.5279936818940263,-0.07729468599033817,sex,70
within_project,T1D,PRJNA311147,Bacteria.Bacillota.Negativicutes.Veillonellales-Selenomonadales.Veillonellaceae.Megasphaera,Megasphaera,45,46,0.6273141299149603,0.5670637555488229,1.1062497360774275,0.27163348761592615,0.8642883696870378,0.41584787606496565,0.09951690821256043,sex,70
within_project,T1D,PRJNA311147,Bacteria.Bacillota.Bacilli.Erysipelotrichales.Erysipelotrichaceae.Turicibacter,Turicibacter,45,46,-0.005119407960566938,0.2837608039707828,-0.0180412794470869,0.985646764729939,0.9966242479632462,0.9209595454870434,-0.01256038647342994,sex,70
within_project,T1D,PRJNA311147,Bacteria.Bacillota.Clostridia.Lachnospirales.Lachnospiraceae.Faecalimonas,Faecalimonas,45,46,-0.22328795712955035,0.3424448902172457,-0.6520405574978716,0.5160744938898754,0.952293298346454,0.19984674884495723,-0.15652173913043477,sex,70
within_project,T1D,PRJNA311147,Bacteria.Bacillota.Clostridia.Peptostreptococcales-Tissierellales.Peptostreptococcaceae.Terrisporobacter,Terrisporobacter,45,46,-0.1577866769813255,0.48233175588266686,-0.3271330884954402,0.7443441139250668,0.9966242479632462,0.5866110745471853,-0.06666666666666665,sex,70
within_project,T1D,PRJNA311147,Bacteria.Bacillota.Clostridia.Lachnospirales.Lachnospiraceae.Lachnoclostridium,Lachnoclostridium,45,46,0.4940165648686476,0.4244015545920965,1.1640309973498093,0.2475576904717923,0.8369683186174756,0.6198058655810953,0.0608695652173914,sex,70
within_project,T1D,PRJNA311147,Bacteria.Bacillota.Clostridia.Lachnospirales.Lachnospiraceae.Lachnospira,Lachnospira,45,46,-0.30679184290869443,0.5600301267854079,-0.5478131054657543,0.5852071045351037,0.9966242479632462,0.31530245208174557,-0.12270531400966178,sex,70
within_project,T1D,PRJNA311147,Bacteria.Bacillota.Clostridia.Oscillospirales.Ruminococcaceae.Ruthenibacterium,Ruthenibacterium,45,46,1.2645867914346787,0.38514531446030315,3.283401729050554,0.0014724947282674739,0.10307463097872317,0.012264486819065393,0.30531400966183564,sex,70
within_project,T1D,PRJNA311147,Bacteria.Actinomycetota.Actinobacteria.Bifidobacteriales.Bifidobacteriaceae.Bifidobacterium,Bifidobacterium,45,46,0.4414910714431073,0.46614120326673775,0.9471187450264399,0.34617183686957176,0.952293298346454,0.6652898107061469,0.0531400966183575,sex,70
within_project,T1D,PRJNA311147,Bacteria.Thermodesulfobacteriota.Desulfovibrionia.Desulfovibrionales.Desulfovibrionaceae.Bilophila,Bilophila,45,46,-0.08220459280599808,0.288973614762002,-0.28447092954732767,0.7767178424490433,0.9966242479632462,0.4725170166370988,-0.0879227053140097,sex,70
within_project,T1D,PRJNA311147,Bacteria.Bacillota.Bacilli.Lactobacillales.Carnobacteriaceae.Granulicatella,Granulicatella,45,46,0.3096206511402953,0.2247757640683014,1.3774645697398789,0.17186202831427272,0.8369683186174756,0.8086955136946985,-0.02995169082125604,sex,70
within_project,T1D,PRJNA311147,Bacteria.Bacillota.Clostridia.Lachnospirales.Lachnospiraceae.Anaerobutyricum,Anaerobutyricum,45,46,0.2948290581590144,0.42180040753798376,0.6989776512543189,0.48640930372750946,0.952293298346454,0.8148520427608376,-0.02898550724637683,sex,70
within_project,T1D,PRJNA311147,Bacteria.Bacillota.Clostridia.Lachnospirales.Lachnospiraceae.Lachnospiraceae UCG-004,Lachnospiraceae UCG-004,45,46,-0.4705826843350098,0.369327873729186,-1.2741596771005432,0.20596149834163446,0.8369683186174756,0.06970315596461087,-0.221256038647343,sex,70
within_project,T1D,PRJNA311147,Bacteria.Bacillota.Clostridia.Lachnospirales.Lachnospiraceae.[Ruminococcus] gnavus group,[Ruminococcus] gnavus group,45,46,-0.06364777408026347,0.5913250669095071,-0.10763584641001485,0.9145295857581844,0.9966242479632462,0.23848013449771455,-0.14396135265700483,sex,70
within_project,T1D,PRJNA311147,Bacteria.Bacillota.Clostridia.Monoglobales.Monoglobaceae.Monoglobus,Monoglobus,45,46,0.2594840472756789,0.42742663957094285,0.6070844052587664,0.5453581278824186,0.9543767237942326,0.9398876463277235,0.009661835748792313,sex,70
within_project,T1D,PRJNA311147,Bacteria.Bacteroidota.Bacteroidia.Bacteroidales.Prevotellaceae.Hoylesella,Hoylesella,45,46,-0.190625996951913,0.26417606035941854,-0.721586947328086,0.4724613865065096,0.952293298346454,0.17090352023079747,-0.1671497584541063,sex,70
within_project,T1D,PRJNA311147,Bacteria.Bacillota.Bacilli.Erysipelotrichales.Erysipelatoclostridiaceae.Thomasclavelia,Thomasclavelia,45,46,-0.3828098932088448,0.5040008867697937,-0.7595421025195461,0.44955826027796986,0.952293298346454,0.3191432570994246,-0.12173913043478257,sex,70
within_project,T1D,PRJNA311147,Bacteria.Bacillota.Bacilli.Erysipelotrichales.Erysipelotrichaceae.[Clostridium] innocuum group,[Clostridium] innocuum group,45,46,-0.07607015208822893,0.42075349605064244,-0.18079505649329894,0.8569441763961163,0.9966242479632462,0.5489597733929326,-0.07342995169082123,sex,70
within_project,T1D,PRJNA311147,Bacteria.Bacillota.Negativicutes.Veillonellales-Selenomonadales.Veillonellaceae.Veillonella,Veillonella,45,46,-0.6437575162099339,0.46320312753573767,-1.3897952711043944,0.1680970102492275,0.8369683186174756,0.14742515934872288,-0.1768115942028986,sex,70
within_project,T1D,PRJNA311147,Bacteria.Bacillota.Clostridia.Lachnospirales.Lachnospiraceae.Hungatella,Hungatella,45,46,0.44491735365370244,0.45184756701761103,0.9846624971123537,0.3274894315696192,0.952293298346454,0.42500408269875234,0.09758454106280201,sex,70
within_project,T1D,PRJNA311147,Bacteria.Pseudomonadota.Gammaproteobacteria.Burkholderiales.Sutterellaceae.Sutterella,Sutterella,45,46,0.23431438151746994,0.3721419612067085,0.6296370899902862,0.5305634090787387,0.952293298346454,0.5542647648019075,-0.07246376811594202,sex,70
within_project,T1D,PRJNA311147,Bacteria.Bacillota.Clostridia.Lachnospirales.Lachnospiraceae.Lachnospiraceae ND3007 group,Lachnospiraceae ND3007 group,45,46,0.014085529924466704,0.2968661709796343,0.04744740661418442,0.9622641619167476,0.9966242479632462,0.3077123179112483,-0.12463768115942031,sex,70
within_project,T1D,PRJNA311147,Bacteria.Bacillota.Clostridia.Oscillospirales.Oscillospiraceae.Oscillibacter,Oscillibacter,45,46,-0.2893067622493051,0.3347315224300245,-0.8642949434491476,0.38977569846119686,0.952293298346454,0.11693794795677369,-0.19130434782608696,sex,70
within_project,T1D,PRJNA311147,Bacteria.Bacillota.Clostridia.Lachnospirales.Lachnospiraceae.Enterocloster,Enterocloster,45,46,0.8708487066857779,0.5450278535795929,1.5978058753626685,0.11367093964074443,0.8369683186174756,0.08569110389337796,0.20966183574879227,sex,70
within_project,T1D,PRJNA311147,Bacteria.Pseudomonadota.Gammaproteobacteria.Enterobacterales.Enterobacteriaceae.Citrobacter,Citrobacter,45,46,0.48095663324769217,0.541239127134995,0.8886213304525796,0.3766291957377591,0.952293298346454,0.5649494140267903,0.07053140096618349,sex,70
within_project,T1D,PRJNA311147,Bacteria.Bacillota.Clostridia.Eubacteriales.Eubacteriaceae.Eubacterium,Eubacterium,45,46,-0.32052066262554507,0.26857962303361854,-1.1933915872144365,0.2359234774390753,0.8369683186174756,0.2647261113536369,-0.13623188405797104,sex,70
within_project,T1D,PRJNA311147,Bacteria.Pseudomonadota.Gammaproteobacteria.Pseudomonadales.Pseudomonadaceae.Pseudomonas,Pseudomonas,45,46,0.17135399120121167,0.21017945433773308,0.81527469819132,0.41711618194675926,0.952293298346454,0.784191229401619,-0.033816425120772986,sex,70
within_project,T1D,PRJNA311147,Bacteria.Bacillota.Clostridia.Lachnospirales.Lachnospiraceae.Sellimonas,Sellimonas,45,46,0.07595671327977367,0.4229400463536002,0.17959215244486412,0.8578856491106052,0.9966242479632462,0.3804052280097413,-0.10724637681159421,sex,70
within_project,T1D,PRJNA311147,Bacteria.Bacillota.Bacilli.Lactobacillales.Lactobacillaceae.Lacticaseibacillus,Lacticaseibacillus,45,46,0.002102373521132948,0.4955007529344136,0.004242926995937837,0.9966242479632462,0.9966242479632462,0.36760750499380035,-0.11014492753623184,sex,70
within_project,T1D,PRJNA311147,Bacteria.Bacillota.Clostridia.Lachnospirales.Lachnospiraceae.Tyzzerella,Tyzzerella,45,46,0.10581493874176827,0.28960900080066093,0.36537171997151124,0.7157106848030448,0.9966242479632462,0.6710674629900768,-0.05217391304347829,sex,70
within_project,T1D,PRJNA311147,Bacteria.Bacillota.Clostridia.Lachnospirales.Lachnospiraceae.Eisenbergiella,Eisenbergiella,45,46,0.30708904387108216,0.315788179395681,0.9724526246003057,0.3334908744348921,0.952293298346454,0.7002423114309086,-0.047342995169082136,sex,70
within_project,T1D,PRJNA311147,Bacteria.Bacillota.Clostridia.Oscillospirales.Oscillospiraceae.Flavonifractor,Flavonifractor,45,46,-0.02294639596908237,0.47612429560969444,-0.048194129517584644,0.9616707400511775,0.9966242479632462,0.9083649744275163,-0.01449275362318836,sex,70
within_project,T1D,PRJNA311147,Bacteria.Bacillota.Clostridia.Lachnospirales.Lachnospiraceae.Epulopiscium,Epulopiscium,45,46,0.2672494295984507,0.22362922068811347,1.1950559447290323,0.2352759537095549,0.8369683186174756,0.4531693286761811,-0.09178743961352653,sex,70
within_project,T1D,PRJNA311147,Bacteria.Bacillota.Clostridia.Peptostreptococcales-Tissierellales.Peptostreptococcaceae.Clostridioides,Clostridioides,45,46,-0.6203636668172889,0.49299773573035227,-1.2583499311578992,0.21159363110710827,0.8369683186174756,0.3804052280097413,-0.10724637681159421,sex,70
within_project,T1D,PRJNA445932,Bacteria.Actinomycetota.Coriobacteriia.Coriobacteriales.Coriobacteriaceae.Collinsella,Collinsella,54,77,-0.9882723739972324,0.42833217248341354,-2.307256931617719,0.022646125471351395,0.373661070277298,0.016770456126381922,-0.2462722462722463,sex,132
within_project,T1D,PRJNA445932,Bacteria.Actinomycetota.Coriobacteriia.Coriobacteriales.Eggerthellaceae.Adlercreutzia,Adlercreutzia,54,77,-0.7756285822241338,0.3796993121303777,-2.0427442385194667,0.04313088886647415,0.5693277330374588,0.2607822682424379,-0.11592111592111587,sex,132
within_project,T1D,PRJNA445932,Bacteria.Actinomycetota.Coriobacteriia.Coriobacteriales.Eggerthellaceae.Senegalimassilia,Senegalimassilia,54,77,-0.5657222916813922,0.37188125724673154,-1.5212444312729996,0.13066503969694948,0.7786082302423312,0.4473579404961109,-0.07840307840307836,sex,132
within_project,T1D,PRJNA445932,Bacteria.Bacillota.Bacilli.Erysipelotrichales.Erysipelotrichaceae.Holdemanella,Holdemanella,54,77,-0.2782029753194739,0.3837723947996325,-0.7249165888148981,0.4698263148105245,0.8734799092252006,0.8902895417579145,-0.01443001443001446,sex,132
within_project,T1D,PRJNA445932,Bacteria.Bacillota.Bacilli.Lactobacillales.Lactobacillaceae.Limosilactobacillus,Limosilactobacillus,54,77,0.23181062929757346,0.2900667236464075,0.7991631248958827,0.4256762860483436,0.8361728244934896,0.1865246413317141,0.1361231361231361,sex,132
within_project,T1D,PRJNA445932,Bacteria.Bacillota.Bacilli.Lactobacillales.Lactobacillaceae.Pediococcus,Pediococcus,54,77,-0.2765921828548017,0.41849260797266385,-0.6609248946946008,0.5098482993687006,0.8864535616657722,0.9869427976372134,0.0019240019240018835,sex,132
within_project,T1D,PRJNA445932,Bacteria.Bacillota.Bacilli.Lactobacillales.Lactobacillaceae.Weissella,Weissella,54,77,-0.5295845894364519,0.41687232317464673,-1.2703759880326353,0.20625501133333982,0.7786082302423312,0.5052130260312897,-0.06878306878306883,sex,132
within_project,T1D,PRJNA445932,Bacteria.Bacillota.Bacilli.Lactobacillales.Streptococcaceae.Streptococcus,Streptococcus,54,77,0.32385513924734394,0.4779996307731325,0.6775217351601922,0.49929776883729127,0.8864535616657722,0.3781016615231666,0.09090909090909083,sex,132
within_project,T1D,PRJNA445932,Bacteria.Bacillota.Bacilli.RF39.Incertae Sedis.Incertae Sedis,Incertae Sedis,54,77,-0.47015077410765044,0.384233094311496,-1.2236082239352901,0.22334775684264419,0.7786082302423312,0.47291491963632826,-0.07407407407407407,sex,132
within_project,T1D,PRJNA445932,Bacteria.Bacillota.Clostridia.Christensenellales.Christensenellaceae.Christensenellaceae R-7 group,Christensenellaceae R-7 group,54,77,-0.0487822252969293,0.4155950517519345,-0.11737922550157559,0.9067435298321513,0.9891747598168924,0.7487436915978782,0.03318903318903321,sex,132
within_project,T1D,PRJNA445932,Bacteria.Bacillota.Clostridia.Clostridia UCG-014.Incertae Sedis.Incertae Sedis,Incertae Sedis,54,77,-0.33671882658721464,0.5026338534855421,-0.6699087700763078,0.504122680348142,0.8864535616657722,0.5263556702239068,-0.06541606541606537,sex,132
within_project,T1D,PRJNA445932,Bacteria.Bacillota.Clostridia.Clostridiales.Clostridiaceae.Clostridium,Clostridium,54,77,-0.7063916258504314,0.4259304295251597,-1.6584671506986208,0.09967179717026392,0.7786082302423312,0.17734167255127775,-0.13900913900913903,sex,132
within_project,T1D,PRJNA445932,Bacteria.Bacillota.Clostridia.Lachnospirales.Lachnospiraceae.Agathobacter,Agathobacter,54,77,-0.2953913896809385,0.48523329017648503,-0.6087615908906439,0.5437613356975117,0.8965261270989421,0.8681624607629376,-0.017316017316017285,sex,132
within_project,T1D,PRJNA445932,Bacteria.Bacillota.Clostridia.Lachnospirales.Lachnospiraceae.Blautia,Blautia,54,77,-0.21380258849050904,0.2780970958826724,-0.7688055418626563,0.44342498268594144,0.8361728244934896,0.6619715128514689,-0.04521404521404526,sex,132
within_project,T1D,PRJNA445932,Bacteria.Bacillota.Clostridia.Lachnospirales.Lachnospiraceae.Coprococcus,Coprococcus,54,77,-0.41792112752049276,0.3694573542945439,-1.1311755542625141,0.26009612330447734,0.7786082302423312,0.9533915915546983,-0.006253006253006288,sex,132
within_project,T1D,PRJNA445932,Bacteria.Bacillota.Clostridia.Lachnospirales.Lachnospiraceae.Dorea,Dorea,54,77,-0.9515735144573277,0.3482465859814289,-2.7324704756992872,0.007175153882294693,0.2423172509700263,0.02406424323968345,-0.23232323232323238,sex,132
within_project,T1D,PRJNA445932,Bacteria.Bacillota.Clostridia.Lachnospirales.Lachnospiraceae.Howardella,Howardella,54,77,-0.16460751922597172,0.14404919651823297,-1.1427173715969778,0.25528885971363285,0.7786082302423312,0.5510603061495709,-0.061568061568061605,sex,132
within_project,T1D,PRJNA445932,Bacteria.Bacillota.Clostridia.Lachnospirales.Lachnospiraceae.Lachnospiraceae NK4A136 group,Lachnospiraceae NK4A136 group,54,77,-0.07406782273135416,0.43223109657574,-0.17136162418238973,0.8642100350030851,0.977663919917577,0.8829034714723979,0.01539201539201529,sex,132
within_project,T1D,PRJNA445932,Bacteria.Bacillota.Clostridia.Lachnospirales.Lachnospiraceae.Mediterraneibacter,Mediterraneibacter,54,77,-0.9353111922457714,0.3698802240980488,-2.5286866701958,0.01266406041504883,0.2786093291310742,0.04767810313602188,-0.20394420394420398,sex,132
within_project,T1D,PRJNA445932,Bacteria.Bacillota.Clostridia.Lachnospirales.Lachnospiraceae.Roseburia,Roseburia,54,77,-0.054188753309760744,0.4334042645605166,-0.12503050325245316,0.9006955547958871,0.9891747598168924,0.886595275282758,0.014911014911014986,sex,132
within_project,T1D,PRJNA445932,Bacteria.Bacillota.Clostridia.Lachnospirales.Lachnospiraceae.[Eubacterium] eligens group,[Eubacterium] eligens group,54,77,0.10335031738465349,0.38826556376269883,0.26618460927382015,0.7905253336844211,0.9434631850111935,0.6119227933904543,0.05242905242905249,sex,132
within_project,T1D,PRJNA445932,Bacteria.Bacillota.Clostridia.Lachnospirales.Lachnospiraceae.[Eubacterium] ruminantium group,[Eubacterium] ruminantium group,54,77,0.4283702261948735,0.3141398645293605,1.3636289900253544,0.17507778110216354,0.7786082302423312,0.022917603330961208,0.23424723424723415,sex,132
within_project,T1D,PRJNA445932,Bacteria.Bacillota.Clostridia.NA.NA.NA,Clostridia,54,77,-0.20477348118553923,0.2530958121287371,-0.80907494858659,0.41997339529256206,0.8361728244934896,0.8829034714723979,0.01539201539201529,sex,132
within_project,T1D,PRJNA445932,Bacteria.Bacillota.Clostridia.Oscillospirales.Oscillospiraceae.Colidextribacter,Colidextribacter,54,77,0.11372680781212446,0.2545973580983324,0.4466928041264281,0.6558517242950708,0.9401501401301587,0.336607960628748,0.09908609908609911,sex,132
within_project,T1D,PRJNA445932,Bacteria.Bacillota.Clostridia.Oscillospirales.Oscillospiraceae.UCG-002,UCG-002,54,77,-0.16482354349763154,0.4575905867288529,-0.36019871972431633,0.7192922007078416,0.9434631850111935,0.94966768536266,-0.006734006734006703,sex,132
within_project,T1D,PRJNA445932,Bacteria.Bacillota.Clostridia.Oscillospirales.Ruminococcaceae.CAG-352,CAG-352,54,77,0.09045043297861464,0.316281241384106,0.2859810230375554,0.77535496638292,0.9434631850111935,0.3249835926658031,0.10149110149110152,sex,132
within_project,T1D,PRJNA445932,Bacteria.Bacillota.Clostridia.Oscillospirales.Ruminococcaceae.Faecalibacterium,Faecalibacterium,54,77,-0.11149342281929694,0.42363525755137826,-0.26318258651022475,0.7928330277806364,0.9434631850111935,0.7772615629718961,0.029341029341029445,sex,132
within_project,T1D,PRJNA445932,Bacteria.Bacillota.Clostridia.Oscillospirales.Ruminococcaceae.Gemmiger,Gemmiger,54,77,-0.1458490455620205,0.38642301447477756,-0.377433641627834,0.7064764512384801,0.9434631850111935,0.9906732229739862,0.0014430014430013571,sex,132
within_project,T1D,PRJNA445932,Bacteria.Bacillota.Clostridia.Oscillospirales.Ruminococcaceae.NA,Ruminococcaceae,54,77,-0.20745774858708957,0.31934950804527446,-0.649626015887515,0.5170979109717004,0.8864535616657722,0.6086464112106648,-0.05291005291005291,sex,132
within_project,T1D,PRJNA445932,Bacteria.Bacillota.Clostridia.Oscillospirales.Ruminococcaceae.Ruminococcus,Ruminococcus,54,77,-0.48177139549418857,0.4121341247884497,-1.168967495087877,0.24458910519486454,0.7786082302423312,0.33192649748031355,-0.10004810004810005,sex,132
within_project,T1D,PRJNA445932,Bacteria.Bacillota.Clostridia.Oscillospirales.Ruminococcaceae.[Eubacterium] siraeum group,[Eubacterium] siraeum group,54,77,0.4626560922017909,0.32772070302043194,1.4117389836459198,0.16045315533591545,0.7786082302423312,0.12684359027657918,0.15728715728715725,sex,132
within_project,T1D,PRJNA445932,Bacteria.Bacillota.Clostridia.Oscillospirales.UCG-010.Incertae Sedis,Incertae Sedis,54,77,-0.19648490470326604,0.3239912039420116,-0.6064513551992393,0.545289149430551,0.8965261270989421,0.411866586445339,-0.08465608465608465,sex,132
within_project,T1D,PRJNA445932,Bacteria.Bacillota.Clostridia.Peptostreptococcales-Tissierellales.Peptostreptococcaceae.Romboutsia,Romboutsia,54,77,-0.6236534744538434,0.48921499409427127,-1.2748044969645105,0.20468768791413858,0.7786082302423312,0.3113834056334883,-0.10437710437710435,sex,132
within_project,T1D,PRJNA445932,Bacteria.Bacillota.Negativicutes.Acidaminococcales.Acidaminococcaceae.Phascolarctobacterium,Phascolarctobacterium,54,77,-0.7937833271121804,0.4870120248615858,-1.6299049850725602,0.10558003561774645,0.7786082302423312,0.21272164737400512,-0.12842712842712845,sex,132
within_project,T1D,PRJNA445932,Bacteria.Bacteroidota.Bacteroidia.Bacteroidales.Bacteroidaceae.Bacteroides,Bacteroides,54,77,0.32165102293080505,0.5398327269055742,0.5958346111666313,0.5523378512220836,0.8965261270989421,0.7772615629718961,0.029341029341029445,sex,132
within_project,T1D,PRJNA445932,Bacteria.Bacteroidota.Bacteroidia.Bacteroidales.Prevotellaceae.Incertae Sedis,Incertae Sedis,54,77,0.2862125077090952,0.4399338525366441,0.6505807772209465,0.5164832323230609,0.8864535616657722,0.3857382943891098,0.08946608946608947,sex,132
within_project,T1D,PRJNA445932,Bacteria.Bacteroidota.Bacteroidia.Bacteroidales.Prevotellaceae.Segatella,Segatella,54,77,0.10263303437645022,0.6170880129739262,0.16631830827799074,0.8681688908892045,0.977663919917577,0.7487436915978782,0.03318903318903321,sex,132
within_project,T1D,PRJNA445932,Bacteria.Bacteroidota.Bacteroidia.Bacteroidales.Rikenellaceae.Alistipes,Alistipes,54,77,-0.26781611233557745,0.45473504189997477,-0.5889498007819843,0.5569328971372216,0.8965261270989421,0.8169613217153913,-0.0240500240500241,sex,132
within_project,T1D,PRJNA445932,Bacteria.Bacteroidota.Bacteroidia.Bacteroidales.Tannerellaceae.Parabacteroides,Parabacteroides,54,77,-0.597187586903875,0.41070387235551736,-1.4540588173148068,0.14837762882405567,0.7786082302423312,0.2749152609689721,-0.11255411255411252,sex,132
within_project,T1D,PRJNA445932,Bacteria.Pseudomonadota.Gammaproteobacteria.Burkholderiales.Oxalobacteraceae.Oxalobacter,Oxalobacter,54,77,0.1823317871431324,0.20651314846506397,0.8829064323426246,0.3789419947603383,0.8361728244934896,0.2687954862687779,0.1139971139971141,sex,132
within_project,T1D,PRJNA445932,Bacteria.Pseudomonadota.Gammaproteobacteria.Enterobacterales.Enterobacteriaceae.Klebsiella,Klebsiella,54,77,1.061130077298638,0.4107843445811662,2.5831804237344085,0.010912839805549548,0.2786093291310742,0.03557091651006565,0.21645021645021645,sex,132
within_project,T1D,PRJNA445932,Bacteria.Pseudomonadota.Gammaproteobacteria.Enterobacterales.Pasteurellaceae.Haemophilus,Haemophilus,54,77,0.013597428154306937,0.28663003344824095,0.04743895114802173,0.9622373227379802,0.9922880159586422,0.853467143277882,0.01924001924001928,sex,132
within_project,T1D,PRJNA445932,Bacteria.Pseudomonadota.Gammaproteobacteria.Enterobacterales.Succinivibrionaceae.Succinivibrio,Succinivibrio,54,77,0.002216073790634224,0.3056392649361398,0.007250618768165308,0.9942261822060485,0.999996226258243,0.5082057728798139,0.06830206830206831,sex,132
within_project,T1D,PRJNA445932,Archaea.Methanobacteriota.Methanobacteria.Methanobacteriales.Methanobacteriaceae.Methanobrevibacter,Methanobrevibacter,54,77,-0.21978338843085887,0.39861690020554363,-0.5513649529599205,0.5823447343375057,0.9006923632777685,0.8388225010943424,-0.021164021164021163,sex,132
within_project,T1D,PRJNA445932,Bacteria.Actinomycetota.Coriobacteriia.Coriobacteriales.Eggerthellaceae.Eggerthella,Eggerthella,54,77,-0.05435148900422592,0.24227802842850873,-0.22433519604219468,0.8228541918746362,0.952778537960105,0.7240679281660506,0.03655603655603645,sex,132
within_project,T1D,PRJNA445932,Bacteria.Bacillota.Bacilli.Erysipelotrichales.Erysipelatoclostridiaceae.Catenibacterium,Catenibacterium,54,77,-0.1508521980093548,0.4444987920924845,-0.3393759458810133,0.7348827175735863,0.9434631850111935,0.8498010384265374,0.019721019721019806,sex,132
within_project,T1D,PRJNA445932,Bacteria.Bacillota.Bacilli.Lactobacillales.Enterococcaceae.Enterococcus,Enterococcus,54,77,-0.5135495954735279,0.6108621303278653,-0.8406964026365371,0.4020857456329353,0.8361728244934896,0.5386369634562962,-0.06349206349206349,sex,132
within_project,T1D,PRJNA445932,Bacteria.Bacillota.Bacilli.Lactobacillales.Lactobacillaceae.Lactobacillus,Lactobacillus,54,77,0.4268804827861934,0.3543890857450357,1.2045531308865178,0.23059838205990446,0.7786082302423312,0.27082493176212497,0.11351611351611357,sex,132
within_project,T1D,PRJNA445932,Bacteria.Bacillota.Bacilli.Staphylococcales.Staphylococcaceae.Staphylococcus,Staphylococcus,54,77,0.18558814724140033,0.36240998535536395,0.5120944641175392,0.6094673346401107,0.9039290805898272,0.8718436253959635,0.01683501683501687,sex,132
within_project,T1D,PRJNA445932,Bacteria.Bacillota.Clostridia.Lachnospirales.Lachnospiraceae.NA,Lachnospiraceae,54,77,0.028296057583592524,0.3736174720587796,0.07573537026432434,0.939747878862152,0.9922880159586422,0.5923830617739215,0.055315055315055206,sex,132
within_project,T1D,PRJNA445932,Bacteria.Bacillota.Clostridia.Oscillospirales.Butyricicoccaceae.Agathobaculum,Agathobaculum,54,77,0.7693485974914231,0.3980897881622202,1.9326006854963993,0.05549423116389546,0.6154051767325655,0.022089055886676173,0.23569023569023573,sex,132
within_project,T1D,PRJNA445932,Bacteria.Bacillota.Clostridia.Oscillospirales.Oscillospiraceae.Intestinimonas,Intestinimonas,54,77,0.7203940292742463,0.30885670912638014,2.3324538790558393,0.021237432668423054,0.373661070277298,0.004245933357910559,0.2943722943722944,sex,132
within_project,T1D,PRJNA445932,Bacteria.Bacillota.Clostridia.Oscillospirales.Oscillospiraceae.NK4A214 group,NK4A214 group,54,77,-0.1688533149104451,0.38649023034924446,-0.43688896031825714,0.6629280142233265,0.9401501401301587,1.0,0.0,sex,132
within_project,T1D,PRJNA445932,Bacteria.Bacillota.Clostridia.Oscillospirales.Ruminococcaceae.Acutalibacter,Acutalibacter,54,77,-0.28753656712925146,0.2805710235209394,-1.0248263114305254,0.3073780279064621,0.8280387690541429,0.4335059186706114,-0.08080808080808077,sex,132
within_project,T1D,PRJNA445932,Bacteria.Bacillota.Clostridia.Oscillospirales.Ruminococcaceae.Incertae Sedis,Incertae Sedis,54,77,0.042565266850192504,0.3379301887829305,0.12595875794196743,0.8999622025284804,0.9891747598168924,0.731090230625931,0.03559403559403562,sex,132
within_project,T1D,PRJNA445932,Bacteria.Bacillota.Clostridia.Peptostreptococcales-Tissierellales.Anaerovoracaceae.Mogibacterium,Mogibacterium,54,77,-0.07895961399587538,0.32022131081369487,-0.24657826112583173,0.8056296403117685,0.9434631850111935,0.9981346038112447,-0.0004810004810005264,sex,132
within_project,T1D,PRJNA445932,Bacteria.Bacteroidota.Bacteroidia.Bacteroidales.Prevotellaceae.Massiliprevotella,Massiliprevotella,54,77,0.2967446030204943,0.325549577485551,0.9115189315018074,0.3637354878770551,0.8361728244934896,0.23588688611430608,0.12217412217412216,sex,132
within_project,T1D,PRJNA445932,Bacteria.Pseudomonadota.Gammaproteobacteria.Enterobacterales.Enterobacteriaceae.Escherichia-Shigella,Escherichia-Shigella,54,77,0.47655607251977156,0.41367589230572605,1.1520034920661368,0.25146673949881443,0.7786082302423312,0.19283888112170378,0.1341991341991342,sex,132
within_project,T1D,PRJNA445932,Bacteria.Verrucomicrobiota.Verrucomicrobiia.Verrucomicrobiales.Akkermansiaceae.Akkermansia,Akkermansia,54,77,-0.29310969978130713,0.4836209238612321,-0.6060732390176953,0.5455394117671197,0.8965261270989421,0.8718436253959635,0.01683501683501687,sex,132
within_project,T1D,PRJNA445932,Bacteria.Actinomycetota.Coriobacteriia.Coriobacteriales.Eggerthellaceae.Incertae Sedis,Incertae Sedis,54,77,-1.1819357899147402,0.2977533283583558,-3.969513276077446,0.00011936410322960019,0.015756061626307227,0.007124739750272788,-0.2770562770562771,sex,132
within_project,T1D,PRJNA445932,Bacteria.Actinomycetota.Coriobacteriia.Coriobacteriales.Eggerthellaceae.Slackia,Slackia,54,77,-0.19996473526286349,0.23821164958540633,-0.8394414614519928,0.40278671321224924,0.8361728244934896,0.9087950374663961,0.01202501202501205,sex,132
within_project,T1D,PRJNA445932,Bacteria.Bacillota.Bacilli.Erysipelotrichales.Erysipelatoclostridiaceae.Erysipelotrichaceae UCG-003,Erysipelotrichaceae UCG-003,54,77,-0.8456445515078947,0.39329846152615566,-2.1501343997798896,0.03342466582220352,0.490228432058985,0.09368032912007657,-0.17267917267917265,sex,132
within_project,T1D,PRJNA445932,Bacteria.Bacillota.Clostridia.Oscillospirales.Ruminococcaceae.Fournierella,Fournierella,54,77,0.25023853586296935,0.23974235133707222,1.0437811027853803,0.2985539610063743,0.8225917540281226,0.22677444192278584,0.12457912457912457,sex,132
within_project,T1D,PRJNA445932,Bacteria.Bacillota.Clostridia.Oscillospirales.[Eubacterium] coprostanoligenes group.Incertae Sedis,Incertae Sedis,54,77,0.3836506572741079,0.4680555270183619,0.8196691100264633,0.41392841443990347,0.8361728244934896,0.23588688611430608,0.12217412217412216,sex,132
within_project,T1D,PRJNA445932,Bacteria.Bacillota.Clostridia.Peptococcales.Peptococcaceae.Peptococcus,Peptococcus,54,77,-0.19357802303962593,0.215009507344745,-0.9003230853845177,0.3696391058274412,0.8361728244934896,0.9608423763499466,0.005291005291005346,sex,132
within_project,T1D,PRJNA445932,Bacteria.Bacillota.Clostridia.Peptostreptococcales-Tissierellales.Anaerovoracaceae.Family XIII AD3011 group,Family XIII AD3011 group,54,77,-0.3252916602775479,0.312016989543203,-1.0425447048693701,0.29912427419204457,0.8225917540281226,0.7629624124918053,-0.03126503126503122,sex,132
within_project,T1D,PRJNA445932,Bacteria.Bacillota.Clostridia.Peptostreptococcales-Tissierellales.Peptostreptococcaceae.Intestinibacter,Intestinibacter,54,77,-0.5159671424522967,0.41403683426807514,-1.2461865702466102,0.21497186853063988,0.7786082302423312,0.2832219168004272,-0.11063011063011063,sex,132
within_project,T1D,PRJNA445932,Bacteria.Actinomycetota.Actinobacteria.Actinomycetales.Actinomycetaceae.Schaalia,Schaalia,54,77,-0.3332928711760789,0.2554984685631062,-1.3044808959148735,0.19441031489541635,0.7786082302423312,0.9869427976372134,-0.0019240019240018835,sex,132
within_project,T1D,PRJNA445932,Bacteria.Bacillota.Clostridia.Lachnospirales.Lachnospiraceae.Anaerostipes,Anaerostipes,54,77,-1.0111311526130606,0.3711398058303102,-2.7243942490915742,0.0073429469990917064,0.2423172509700263,0.02526030163201243,-0.23039923039923038,sex,132
within_project,T1D,PRJNA445932,Bacteria.Bacillota.Clostridia.Lachnospirales.Lachnospiraceae.Fusicatenibacter,Fusicatenibacter,54,77,0.21081690515746196,0.4604671642819895,0.45783265672415663,0.6478489128193105,0.9397368845291096,0.47870145421678023,0.07311207311207313,sex,132
within_project,T1D,PRJNA445932,Bacteria.Bacillota.Clostridia.Lachnospirales.Lachnospiraceae.Marvinbryantia,Marvinbryantia,54,77,0.2891282092550586,0.30364679351981366,0.9521859457283955,0.3427972757308153,0.8361728244934896,0.1834254048247026,0.13708513708513714,sex,132
within_project,T1D,PRJNA445932,Bacteria.Bacillota.Negativicutes.Veillonellales-Selenomonadales.Veillonellaceae.Dialister,Dialister,54,77,-0.16993323551290745,0.5641952718764949,-0.3011957809354111,0.7637539420102744,0.9434631850111935,0.7665298371609404,-0.030784030784030803,sex,132
within_project,T1D,PRJNA445932,Bacteria.Bacillota.Negativicutes.Veillonellales-Selenomonadales.Veillonellaceae.Megasphaera,Megasphaera,54,77,0.6419424153429406,0.4284039991989735,1.498451033471302,0.13647828272591003,0.7786082302423312,0.15315519920380874,0.1471861471861471,sex,132
within_project,T1D,PRJNA445932,Bacteria.Bacillota.Bacilli.Erysipelotrichales.Erysipelotrichaceae.Turicibacter,Turicibacter,54,77,-0.15250826145051397,0.41179326964629737,-0.37035151541332445,0.7117327254306729,0.9434631850111935,0.7988510663208459,-0.02645502645502651,sex,132
within_project,T1D,PRJNA445932,Bacteria.Bacillota.Clostridia.Lachnospirales.Lachnospiraceae.Faecalimonas,Faecalimonas,54,77,-0.014662866757023059,0.29412811341714895,-0.049851972960596805,0.9603180569681025,0.9922880159586422,0.7772615629718961,0.029341029341029445,sex,132
within_project,T1D,PRJNA445932,Bacteria.Bacillota.Clostridia.Peptostreptococcales-Tissierellales.Peptostreptococcaceae.Terrisporobacter,Terrisporobacter,54,77,-0.6341760443291556,0.4758878913340204,-1.3326164751774165,0.18502510524621987,0.7786082302423312,0.21791588849047183,-0.12698412698412698,sex,132
within_project,T1D,PRJNA445932,Bacteria.Bacteroidota.Bacteroidia.Bacteroidales.Prevotellaceae.Leyella,Leyella,54,77,0.1504836617721335,0.35998004869828953,0.41803333911502,0.6766232069118567,0.9401501401301587,0.5294125307644086,0.06493506493506485,sex,132
within_project,T1D,PRJNA445932,Bacteria.Cyanobacteriota.Vampirivibrionia.Gastranaerophilales.Gastranaerophilaceae.Zag_111,Zag_111,54,77,-0.4073706727824143,0.36111624322809815,-1.1280873691552546,0.26139305993309364,0.7786082302423312,0.8278752426493866,-0.02260702260702263,sex,132
within_project,T1D,PRJNA445932,Bacteria.Bacillota.Clostridia.Lachnospirales.Lachnospiraceae.CAG-56,CAG-56,54,77,-0.02147938858242493,0.35948292074231597,-0.05975079021298415,0.9524473065337794,0.9922880159586422,0.8205954649010456,-0.023569023569023573,sex,132
within_project,T1D,PRJNA445932,Bacteria.Bacillota.Clostridia.Lachnospirales.Lachnospiraceae.Lachnoclostridium,Lachnoclostridium,54,77,-0.29716821944100175,0.3861175910365039,-0.7696313929735131,0.4429365521716194,0.8361728244934896,0.6053778635248651,-0.053391053391053434,sex,132
within_project,T1D,PRJNA445932,Bacteria.Bacillota.Clostridia.Lachnospirales.Lachnospiraceae.Lachnospira,Lachnospira,54,77,-0.4658956240115189,0.38115129821023586,-1.2223377598324214,0.22382598527388411,0.7786082302423312,0.2687954862687779,-0.11399711399711399,sex,132
within_project,T1D,PRJNA445932,Bacteria.Bacillota.Clostridia.Lachnospirales.Lachnospiraceae.Lachnospiraceae FCS020 group,Lachnospiraceae FCS020 group,54,77,-0.07691504306707836,0.297673669394299,-0.25838712313246814,0.796523166523718,0.9434631850111935,0.9794828848425403,-0.0028860028860029363,sex,132
within_project,T1D,PRJNA445932,Bacteria.Bacillota.Clostridia.Oscillospirales.Ruminococcaceae.Ruthenibacterium,Ruthenibacterium,54,77,0.08946971550818207,0.268401996465999,0.3333422131214141,0.7394213900559614,0.9434631850111935,0.38063679624544466,0.09042809042809052,sex,132
within_project,T1D,PRJNA445932,Bacteria.Actinomycetota.Actinobacteria.Bifidobacteriales.Bifidobacteriaceae.Bifidobacterium,Bifidobacterium,54,77,-0.5666194397426874,0.42926492807484745,-1.3199760862920777,0.1891987559364623,0.7786082302423312,0.10927026157734512,-0.164983164983165,sex,132
within_project,T1D,PRJNA445932,Bacteria.Actinomycetota.Coriobacteriia.Coriobacteriales.Atopobiaceae.Parolsenella,Parolsenella,54,77,-0.2904546209033969,0.230569962379904,-1.2597244580576483,0.21006084182885035,0.7786082302423312,0.6021172028898112,-0.05387205387205385,sex,132
within_project,T1D,PRJNA445932,Bacteria.Bacillota.Bacilli.Lactobacillales.Lactobacillaceae.Ligilactobacillus,Ligilactobacillus,54,77,-0.7000115220040841,0.48465678858491423,-1.4443448198630537,0.15108538214139067,0.7786082302423312,0.5891544654500582,-0.05579605579605584,sex,132
within_project,T1D,PRJNA445932,Bacteria.Bacillota.Clostridia.Peptostreptococcales-Tissierellales.Family XI.Anaerococcus,Anaerococcus,54,77,-0.414650798151737,0.4304204049651694,-0.9633623159322371,0.33718219209095535,0.8361728244934896,0.6384094321572334,-0.048581048581048614,sex,132
within_project,T1D,PRJNA445932,Bacteria.Bacillota.Negativicutes.Veillonellales-Selenomonadales.Selenomonadaceae.Mitsuokella,Mitsuokella,54,77,0.29435180617505485,0.2578551253758205,1.1415394816994269,0.2557765780613699,0.7786082302423312,0.06928278798168604,0.187109187109187,sex,132
within_project,T1D,PRJNA445932,Bacteria.Bacteroidota.Bacteroidia.Bacteroidales.Incertae Sedis.Incertae Sedis,Incertae Sedis,54,77,0.1703387758614077,0.25815532835431765,0.6598305638209337,0.510548085327746,0.8864535616657722,0.2232006816046469,0.12554112554112562,sex,132
within_project,T1D,PRJNA445932,Bacteria.Thermodesulfobacteriota.Desulfovibrionia.Desulfovibrionales.Desulfovibrionaceae.Bilophila,Bilophila,54,77,-0.18466328468422513,0.2396993789844939,-0.7703953404742486,0.44248501031249976,0.8361728244934896,0.8060827775486252,-0.025493025493025456,sex,132
within_project,T1D,PRJNA445932,Bacteria.Bacillota.Clostridia.Lachnospirales.Lachnospiraceae.Anaerobutyricum,Anaerobutyricum,54,77,-1.3235590957369978,0.3642584729232014,-3.6335711977139127,0.0004033064345871008,0.026618224682748652,0.001980902014928177,-0.3184223184223184,sex,132
within_project,T1D,PRJNA445932,Bacteria.Bacillota.Clostridia.Lachnospirales.Lachnospiraceae.Lachnospiraceae UCG-004,Lachnospiraceae UCG-004,54,77,0.2732430042002126,0.2937154000934602,0.9302985274632065,0.3539677515834546,0.8361728244934896,0.12453354611703046,0.1582491582491583,sex,132
within_project,T1D,PRJNA445932,Bacteria.Bacillota.Clostridia.Lachnospirales.Lachnospiraceae.[Eubacterium] ventriosum group,[Eubacterium] ventriosum group,54,77,0.22211490983378845,0.2652126512128915,0.8374974150667208,0.4038740535752998,0.8361728244934896,0.21966739859805284,0.12650312650312645,sex,132
within_project,T1D,PRJNA445932,Bacteria.Bacillota.Clostridia.Lachnospirales.Lachnospiraceae.[Ruminococcus] gnavus group,[Ruminococcus] gnavus group,54,77,0.38970396988152306,0.34840663361186763,1.118532003370698,0.2654346239462492,0.7786082302423312,0.5172395025062739,0.06685906685906695,sex,132
within_project,T1D,PRJNA445932,Bacteria.Bacillota.Clostridia.Monoglobales.Monoglobaceae.Monoglobus,Monoglobus,54,77,0.5953258389925896,0.3535316131116171,1.6839394750382142,0.09463051555074585,0.7786082302423312,0.04820571359063387,0.20346320346320357,sex,132
within_project,T1D,PRJNA445932,Bacteria.Bacillota.Clostridia.Oscillospirales.Oscillospiraceae.UCG-005,UCG-005,54,77,-0.44007838968567775,0.3856959386932861,-1.1409982463819452,0.2560009020498797,0.7786082302423312,0.336607960628748,-0.09908609908609911,sex,132
within_project,T1D,PRJNA445932,Bacteria.Bacillota.Clostridia.Peptostreptococcales-Tissierellales.Anaerovoracaceae.Family XIII UCG-001,Family XIII UCG-001,54,77,0.051473741027030104,0.18679493000199787,0.27556283795539616,0.7833282152570626,0.9434631850111935,0.5479413016418394,0.06204906204906213,sex,132
within_project,T1D,PRJNA445932,Bacteria.Bacillota.Clostridia.Peptostreptococcales-Tissierellales.Family XI.Fenollaria,Fenollaria,54,77,-0.07757375905792939,0.21833718585399278,-0.355293390608253,0.722954598336337,0.9434631850111935,0.6552039445374536,0.04617604617604609,sex,132
within_project,T1D,PRJNA445932,Bacteria.Bacillota.Clostridia.Lachnospirales.Lachnospiraceae.Butyribacter,Butyribacter,54,77,-0.24544732918365736,0.20982519289053098,-1.169770539954709,0.24426687465114344,0.7786082302423312,0.6755893433879259,-0.04329004329004327,sex,132
within_project,T1D,PRJNA445932,Bacteria.Bacillota.Clostridia.Lachnospirales.Lachnospiraceae.[Eubacterium] xylanophilum group,[Eubacterium] xylanophilum group,54,77,0.013973178853075014,0.27697332547693615,0.050449547186588464,0.9598427947596917,0.9922880159586422,0.6350723218363112,0.04906204906204903,sex,132
within_project,T1D,PRJNA445932,Bacteria.Bacillota.Clostridia.Lachnospirales.Lachnospiraceae.[Ruminococcus] gauvreauii group,[Ruminococcus] gauvreauii group,54,77,-0.12361366240044018,0.3988293126778513,-0.3099412667801761,0.7571096598479272,0.9434631850111935,0.9273501605777523,-0.00962000962000964,sex,132
within_project,T1D,PRJNA445932,Bacteria.Bacillota.Clostridia.Oscillospirales.Oscillospiraceae.UCG-003,UCG-003,54,77,-0.1582552029193488,0.3014138230820366,-0.525042950257381,0.6004615755185123,0.9006923632777685,0.8571364155923,-0.018759018759018753,sex,132
within_project,T1D,PRJNA445932,Bacteria.Bacteroidota.Bacteroidia.Bacteroidales.Prevotellaceae.Hoylesella,Hoylesella,54,77,0.20341156038655206,0.22859117492175862,0.8898487024102092,0.375216526943011,0.8361728244934896,0.4039199560659962,0.08609908609908601,sex,132
within_project,T1D,PRJNA445932,Bacteria.Bacillota.Bacilli.Erysipelotrichales.Erysipelatoclostridiaceae.Thomasclavelia,Thomasclavelia,54,77,0.2853870116589437,0.1838537035417088,1.5522505457400328,0.12307134902033576,0.7786082302423312,0.40129161060408025,0.08658008658008653,sex,132
within_project,T1D,PRJNA445932,Bacteria.Bacillota.Negativicutes.Veillonellales-Selenomonadales.Veillonellaceae.Veillonella,Veillonella,54,77,0.8643667821214713,0.449086723668373,1.924721298952852,0.05648312784564613,0.6154051767325655,0.053756704975859264,0.19865319865319875,sex,132
within_project,T1D,PRJNA445932,Bacteria.Bacteroidota.Bacteroidia.Bacteroidales.Barnesiellaceae.Barnesiella,Barnesiella,54,77,-0.2753506988046568,0.3346825747294789,-0.8227219448972521,0.41219619622948334,0.8361728244934896,0.46430777390089595,-0.07551707551707554,sex,132
within_project,T1D,PRJNA445932,Bacteria.Bacillota.Clostridia.Oscillospirales.Butyricicoccaceae.UCG-008,UCG-008,54,77,-0.03469838885238956,0.2183210974668527,-0.15893282534299166,0.8739722920475309,0.977663919917577,0.9013863245978051,0.01298701298701288,sex,132
within_project,T1D,PRJNA445932,Bacteria.Bacillota.Clostridia.Lachnospirales.Lachnospiraceae.GCA-900066575,GCA-900066575,54,77,0.11813885255599178,0.2127490225478845,0.5552968053209348,0.5796608464377371,0.9006923632777685,0.1993087948362412,0.13227513227513232,sex,132
within_project,T1D,PRJNA445932,Bacteria.Bacillota.Clostridia.Lachnospirales.Lachnospiraceae.Lachnospiraceae UCG-010,Lachnospiraceae UCG-010,54,77,0.2171438602925822,0.24785716571356098,0.8760846581435012,0.3826251506957338,0.8361728244934896,0.3249835926658031,0.10149110149110152,sex,132
within_project,T1D,PRJNA445932,Bacteria.Thermodesulfobacteriota.Desulfovibrionia.Desulfovibrionales.Desulfovibrionaceae.Desulfovibrio,Desulfovibrio,54,77,-0.004805818985099433,0.28463639125836876,-0.016884063783457397,0.9865553956000335,0.999996226258243,0.731090230625931,0.03559403559403562,sex,132
within_project,T1D,PRJNA445932,Bacteria.Bacillota.Clostridia.Clostridia vadinBB60 group.Incertae Sedis.Incertae Sedis,Incertae Sedis,54,77,0.05872186313936014,0.17165828270776645,0.34208581265681826,0.7328473447918553,0.9434631850111935,0.6790106748239786,0.04280904280904285,sex,132
within_project,T1D,PRJNA445932,Bacteria.Bacillota.Clostridia.Clostridiales.Clostridiaceae.Sarcina,Sarcina,54,77,-0.21288856457968397,0.5033803126786524,-0.4229179394141059,0.6730647992873467,0.9401501401301587,0.9571165156116179,0.005772005772005873,sex,132
within_project,T1D,PRJNA445932,Bacteria.Pseudomonadota.Gammaproteobacteria.Burkholderiales.Sutterellaceae.Sutterella,Sutterella,54,77,0.3608254799162592,0.28469737723052946,1.2674000843502191,0.2073131761272921,0.7786082302423312,0.06307619929906422,0.19143819143819152,sex,132
within_project,T1D,PRJNA445932,Bacteria.Bacillota.Clostridia.Lachnospirales.Lachnospiraceae.Lachnospiraceae ND3007 group,Lachnospiraceae ND3007 group,54,77,0.0863090374890498,0.35380096219610463,0.24394800102666334,0.8076616659565521,0.9434631850111935,0.48745329036403495,0.07166907166907177,sex,132
within_project,T1D,PRJNA445932,Bacteria.Bacillota.Clostridia.Oscillospirales.Oscillospiraceae.Oscillibacter,Oscillibacter,54,77,0.29076083932705726,0.2757781367470657,1.0543288266311452,0.2937184852497236,0.8225917540281226,0.16849972610402963,0.14189514189514196,sex,132
within_project,T1D,PRJNA445932,Bacteria.Bacillota.Clostridia.Peptococcales.Peptococcaceae.Incertae Sedis,Incertae Sedis,54,77,0.11256826147900882,0.14233770422715292,0.7908534291052226,0.4304924284264583,0.8361728244934896,0.40655857909765614,0.0856180856180857,sex,132
within_project,T1D,PRJNA445932,Bacteria.Bacteroidota.Bacteroidia.Bacteroidales.Prevotellaceae.Paraprevotella,Paraprevotella,54,77,-0.15923046710377103,0.27979010134320326,-0.5691068638216464,0.5702809047027371,0.9006923632777685,0.8681624607629376,-0.017316017316017285,sex,132
within_project,T1D,PRJNA445932,Bacteria.Bacillota.Clostridia.Lachnospirales.Defluviitaleaceae.Defluviitaleaceae UCG-011,Defluviitaleaceae UCG-011,54,77,-0.12796759184142137,0.15011058588588344,-0.8524887907552666,0.3955351472841886,0.8361728244934896,0.6721747002462318,-0.043771043771043794,sex,132
within_project,T1D,PRJNA445932,Bacteria.Bacillota.Clostridia.Peptostreptococcales-Tissierellales.Family XI.Peptoniphilus,Peptoniphilus,54,77,-0.30734549646325043,0.3048466043196855,-1.0081972116735287,0.3152618772037253,0.8322913558178348,0.9310662588325899,0.009139009139009113,sex,132
within_project,T1D,PRJNA445932,Bacteria.Bacteroidota.Bacteroidia.Bacteroidales.Marinifilaceae.Odoribacter,Odoribacter,54,77,1.5975401598265786e-06,0.33710985268484794,4.738930491361409e-06,0.999996226258243,0.999996226258243,0.9869427976372134,0.0019240019240018835,sex,132
within_project,T1D,PRJNA445932,Bacteria.Bacteroidota.Bacteroidia.Bacteroidales.Porphyromonadaceae.Porphyromonas,Porphyromonas,54,77,-0.017946277493653198,0.18236846343958008,-0.09840669354325576,0.9217632978936443,0.9922880159586422,0.731090230625931,0.03559403559403562,sex,132
within_project,T1D,PRJNA445932,Bacteria.Bacillota.Clostridia.Lachnospirales.Lachnospiraceae.Enterocloster,Enterocloster,54,77,0.5784815881104226,0.35419867703499935,1.6332121648587108,0.10488185686658309,0.7786082302423312,0.04314443361755676,0.20827320827320817,sex,132
within_project,T1D,PRJNA445932,Bacteria.Cyanobacteriota.Vampirivibrionia.Gastranaerophilales.Gastranaerophilaceae.CAG-196,CAG-196,54,77,0.12597611827425995,0.2366419255860878,0.5323491091540801,0.5954071026360437,0.9006923632777685,0.8351698374678186,0.02164502164502169,sex,132
within_project,T1D,PRJNA445932,Bacteria.Bacillota.Negativicutes.Veillonellales-Selenomonadales.Veillonellaceae.Allisonella,Allisonella,54,77,-0.061063359005156435,0.21085552044214315,-0.28959810431859984,0.7725922869502626,0.9434631850111935,0.6484645781777467,0.047138047138047146,sex,132
within_project,T1D,PRJNA445932,Bacteria.Bacteroidota.Bacteroidia.Bacteroidales.Marinifilaceae.Butyricimonas,Butyricimonas,54,77,-0.04912019474668232,0.1980970851627929,-0.2479602095422866,0.8045625374728826,0.9434631850111935,0.9162116916269187,0.011063011063010997,sex,132
within_project,T1D,PRJNA445932,Bacteria.Bacillota.Clostridia.Lachnospirales.Lachnospiraceae.Sellimonas,Sellimonas,54,77,-0.011919959894951943,0.24366694803205496,-0.04891906756834269,0.9610600429269858,0.9922880159586422,0.8976851458261728,-0.013468013468013518,sex,132
within_project,T1D,PRJNA445932,Bacteria.Pseudomonadota.Gammaproteobacteria.Burkholderiales.Sutterellaceae.Parasutterella,Parasutterella,54,77,-0.1585917698177361,0.2954170462586722,-0.5368402799575432,0.5923098459332543,0.9006923632777685,0.8461381783882349,-0.02020202020202022,sex,132
within_project,T1D,PRJNA445932,Bacteria.Bacillota.Clostridia.Lachnospirales.Lachnospiraceae.Lachnospiraceae AC2044 group,Lachnospiraceae AC2044 group,54,77,0.40789678506796034,0.21546994564162145,1.8930565181762806,0.060608085587298105,0.6154051767325655,0.036398553279762734,0.2154882154882154,sex,132
within_project,T1D,PRJNA445932,Bacteria.Bacillota.Clostridia.Oscillospirales.Oscillospiraceae.Flavonifractor,Flavonifractor,54,77,0.3877435410229987,0.25960669293564803,1.493580680214256,0.1377462247499567,0.7786082302423312,0.272864853578641,0.11303511303511304,sex,132
within_project,T1D,PRJNA445932,Bacteria.Bacillota.Clostridia.Christensenellales.Christensenellaceae.NA,Christensenellaceae,54,77,0.05540425411758867,0.3485336075761541,0.1589638786999412,0.8739478761920458,0.977663919917577,0.4145359337520441,0.08417508417508412,sex,132
within_project,T1D,PRJNA445932,Archaea.Methanobacteriota.Methanobacteria.Methanobacteriales.Methanobacteriaceae.Methanosphaera,Methanosphaera,54,77,0.014426569024644226,0.3795101453753486,0.03801365839739502,0.9697360155959458,0.9922880159586422,0.8097049031371912,0.02501202501202493,sex,132
within_project,T1D,PRJNA445932,Bacteria.Bacillota.Clostridia.Peptostreptococcales-Tissierellales.Family XI.Finegoldia,Finegoldia,54,77,0.15661273191785668,0.3387730182384578,0.4622939947585173,0.6446553544223902,0.9397368845291096,0.8571364155923,0.018759018759018753,sex,132
